id,title,original_title,original_language,release_date,release_year,genres_clean,primary_genre,budget,revenue,profit,roi,runtime,runtime_category,popularity,vote_average,rating_category,vote_count,vote_count_category,status
19995,Avatar,Avatar,en,2009-12-10,2009.0,Action | Adventure | Fantasy | Science Fiction,Action,237000000,2787965087,2550965087,11.763565767932489,162.0,Very Long (150+ min),150.437577,7.2,Good (7-7.9),11800,Very High (5K+),Released
285,Pirates of the Caribbean: At World's End,Pirates of the Caribbean: At World's End,en,2007-05-19,2007.0,Adventure | Fantasy | Action,Adventure,300000000,961000000,661000000,3.203333333333333,169.0,Very Long (150+ min),139.082615,6.9,Medium (5-6.9),4500,High (1K-4.9K),Released
206647,Spectre,Spectre,en,2015-10-26,2015.0,Action | Adventure | Crime,Action,245000000,880674609,635674609,3.5945902408163266,148.0,Long (120-149 min),107.376788,6.3,Medium (5-6.9),4466,High (1K-4.9K),Released
49026,The Dark Knight Rises,The Dark Knight Rises,en,2012-07-16,2012.0,Action | Crime | Drama | Thriller,Action,250000000,1084939099,834939099,4.339756396,165.0,Very Long (150+ min),112.31295,7.6,Good (7-7.9),9106,Very High (5K+),Released
49529,John Carter,John Carter,en,2012-03-07,2012.0,Action | Adventure | Science Fiction,Action,260000000,284139100,24139100,1.0928426923076924,132.0,Long (120-149 min),43.926995,6.1,Medium (5-6.9),2124,High (1K-4.9K),Released
559,Spider-Man 3,Spider-Man 3,en,2007-05-01,2007.0,Fantasy | Action | Adventure,Fantasy,258000000,890871626,632871626,3.4529907984496124,139.0,Long (120-149 min),115.699814,5.9,Medium (5-6.9),3576,High (1K-4.9K),Released
38757,Tangled,Tangled,en,2010-11-24,2010.0,Animation | Family,Animation,260000000,591794936,331794936,2.2761343692307694,100.0,Standard (90-119 min),48.681969,7.4,Good (7-7.9),3330,High (1K-4.9K),Released
99861,Avengers: Age of Ultron,Avengers: Age of Ultron,en,2015-04-22,2015.0,Action | Adventure | Science Fiction,Action,280000000,1405403694,1125403694,5.019298907142857,141.0,Long (120-149 min),134.279229,7.3,Good (7-7.9),6767,Very High (5K+),Released
767,Harry Potter and the Half-Blood Prince,Harry Potter and the Half-Blood Prince,en,2009-07-07,2009.0,Adventure | Fantasy | Family,Adventure,250000000,933959197,683959197,3.735836788,153.0,Very Long (150+ min),98.885637,7.4,Good (7-7.9),5293,Very High (5K+),Released
209112,Batman v Superman: Dawn of Justice,Batman v Superman: Dawn of Justice,en,2016-03-23,2016.0,Action | Adventure | Fantasy,Action,250000000,873260194,623260194,3.493040776,151.0,Very Long (150+ min),155.790452,5.7,Medium (5-6.9),7004,Very High (5K+),Released
1452,Superman Returns,Superman Returns,en,2006-06-28,2006.0,Adventure | Fantasy | Action | Science Fiction,Adventure,270000000,391081192,121081192,1.4484488592592593,154.0,Very Long (150+ min),57.925623,5.4,Medium (5-6.9),1400,High (1K-4.9K),Released
10764,Quantum of Solace,Quantum of Solace,en,2008-10-30,2008.0,Adventure | Action | Thriller | Crime,Adventure,200000000,586090727,386090727,2.930453635,106.0,Standard (90-119 min),107.928811,6.1,Medium (5-6.9),2965,High (1K-4.9K),Released
58,Pirates of the Caribbean: Dead Man's Chest,Pirates of the Caribbean: Dead Man's Chest,en,2006-06-20,2006.0,Adventure | Fantasy | Action,Adventure,200000000,1065659812,865659812,5.32829906,151.0,Very Long (150+ min),145.847379,7.0,Good (7-7.9),5246,Very High (5K+),Released
57201,The Lone Ranger,The Lone Ranger,en,2013-07-03,2013.0,Action | Adventure | Western,Action,255000000,89289910,-165710090,0.35015650980392155,149.0,Long (120-149 min),49.046956,5.9,Medium (5-6.9),2311,High (1K-4.9K),Released
49521,Man of Steel,Man of Steel,en,2013-06-12,2013.0,Action | Adventure | Fantasy | Science Fiction,Action,225000000,662845518,437845518,2.94598008,143.0,Long (120-149 min),99.398009,6.5,Medium (5-6.9),6359,Very High (5K+),Released
2454,The Chronicles of Narnia: Prince Caspian,The Chronicles of Narnia: Prince Caspian,en,2008-05-15,2008.0,Adventure | Family | Fantasy,Adventure,225000000,419651413,194651413,1.8651173911111112,150.0,Very Long (150+ min),53.978602,6.3,Medium (5-6.9),1630,High (1K-4.9K),Released
24428,The Avengers,The Avengers,en,2012-04-25,2012.0,Science Fiction | Action | Adventure,Science Fiction,220000000,1519557910,1299557910,6.907081409090909,143.0,Long (120-149 min),144.448633,7.4,Good (7-7.9),11776,Very High (5K+),Released
1865,Pirates of the Caribbean: On Stranger Tides,Pirates of the Caribbean: On Stranger Tides,en,2011-05-14,2011.0,Adventure | Action | Fantasy,Adventure,380000000,1045713802,665713802,2.7518784263157894,136.0,Long (120-149 min),135.413856,6.4,Medium (5-6.9),4948,High (1K-4.9K),Released
41154,Men in Black 3,Men in Black 3,en,2012-05-23,2012.0,Action | Comedy | Science Fiction,Action,225000000,624026776,399026776,2.773452337777778,106.0,Standard (90-119 min),52.035179,6.2,Medium (5-6.9),4160,High (1K-4.9K),Released
122917,The Hobbit: The Battle of the Five Armies,The Hobbit: The Battle of the Five Armies,en,2014-12-10,2014.0,Action | Adventure | Fantasy,Action,250000000,956019788,706019788,3.824079152,144.0,Long (120-149 min),120.965743,7.1,Good (7-7.9),4760,High (1K-4.9K),Released
1930,The Amazing Spider-Man,The Amazing Spider-Man,en,2012-06-27,2012.0,Action | Adventure | Fantasy,Action,215000000,752215857,537215857,3.4986784046511628,136.0,Long (120-149 min),89.866276,6.5,Medium (5-6.9),6586,Very High (5K+),Released
20662,Robin Hood,Robin Hood,en,2010-05-12,2010.0,Action | Adventure,Action,200000000,310669540,110669540,1.5533477,140.0,Long (120-149 min),37.668301,6.2,Medium (5-6.9),1398,High (1K-4.9K),Released
57158,The Hobbit: The Desolation of Smaug,The Hobbit: The Desolation of Smaug,en,2013-12-11,2013.0,Adventure | Fantasy,Adventure,250000000,958400000,708400000,3.8336,161.0,Very Long (150+ min),94.370564,7.6,Good (7-7.9),4524,High (1K-4.9K),Released
2268,The Golden Compass,The Golden Compass,en,2007-12-04,2007.0,Adventure | Fantasy,Adventure,180000000,372234864,192234864,2.0679714666666666,113.0,Standard (90-119 min),42.990906,5.8,Medium (5-6.9),1303,High (1K-4.9K),Released
254,King Kong,King Kong,en,2005-12-14,2005.0,Adventure | Drama | Action,Adventure,207000000,550000000,343000000,2.657004830917874,187.0,Very Long (150+ min),61.22601,6.6,Medium (5-6.9),2337,High (1K-4.9K),Released
597,Titanic,Titanic,en,1997-11-18,1997.0,Drama | Romance | Thriller,Drama,200000000,1845034188,1645034188,9.22517094,194.0,Very Long (150+ min),100.025899,7.5,Good (7-7.9),7562,Very High (5K+),Released
271110,Captain America: Civil War,Captain America: Civil War,en,2016-04-27,2016.0,Adventure | Action | Science Fiction,Adventure,250000000,1153304495,903304495,4.61321798,147.0,Long (120-149 min),198.372395,7.1,Good (7-7.9),7241,Very High (5K+),Released
44833,Battleship,Battleship,en,2012-04-11,2012.0,Thriller | Action | Adventure | Science Fiction,Thriller,209000000,303025485,94025485,1.4498827033492823,131.0,Long (120-149 min),64.928382,5.5,Medium (5-6.9),2114,High (1K-4.9K),Released
135397,Jurassic World,Jurassic World,en,2015-06-09,2015.0,Action | Adventure | Science Fiction | Thriller,Action,150000000,1513528810,1363528810,10.090192066666667,124.0,Long (120-149 min),418.708552,6.5,Medium (5-6.9),8662,Very High (5K+),Released
37724,Skyfall,Skyfall,en,2012-10-25,2012.0,Action | Adventure | Thriller,Action,200000000,1108561013,908561013,5.542805065,143.0,Long (120-149 min),93.004993,6.9,Medium (5-6.9),7604,Very High (5K+),Released
558,Spider-Man 2,Spider-Man 2,en,2004-06-25,2004.0,Action | Adventure | Fantasy,Action,200000000,783766341,583766341,3.918831705,127.0,Long (120-149 min),35.149586,6.7,Medium (5-6.9),4321,High (1K-4.9K),Released
68721,Iron Man 3,Iron Man 3,en,2013-04-18,2013.0,Action | Adventure | Science Fiction,Action,200000000,1215439994,1015439994,6.07719997,130.0,Long (120-149 min),77.68208,6.8,Medium (5-6.9),8806,Very High (5K+),Released
12155,Alice in Wonderland,Alice in Wonderland,en,2010-03-03,2010.0,Family | Fantasy | Adventure,Family,200000000,1025491110,825491110,5.12745555,108.0,Standard (90-119 min),78.530105,6.4,Medium (5-6.9),4645,High (1K-4.9K),Released
36668,X-Men: The Last Stand,X-Men: The Last Stand,en,2006-05-24,2006.0,Adventure | Action | Science Fiction | Thriller,Adventure,210000000,459359555,249359555,2.1874264523809526,104.0,Standard (90-119 min),3.857526,6.3,Medium (5-6.9),3525,High (1K-4.9K),Released
62211,Monsters University,Monsters University,en,2013-06-20,2013.0,Animation | Family,Animation,200000000,743559607,543559607,3.717798035,104.0,Standard (90-119 min),89.186492,7.0,Good (7-7.9),3528,High (1K-4.9K),Released
8373,Transformers: Revenge of the Fallen,Transformers: Revenge of the Fallen,en,2009-06-19,2009.0,Science Fiction | Action | Adventure,Science Fiction,150000000,836297228,686297228,5.575314853333333,150.0,Very Long (150+ min),21.939663,6.0,Medium (5-6.9),3138,High (1K-4.9K),Released
91314,Transformers: Age of Extinction,Transformers: Age of Extinction,en,2014-06-25,2014.0,Science Fiction | Action | Adventure,Science Fiction,210000000,1091405097,881405097,5.1971671285714285,165.0,Very Long (150+ min),116.840296,5.8,Medium (5-6.9),3095,High (1K-4.9K),Released
68728,Oz: The Great and Powerful,Oz: The Great and Powerful,en,2013-03-07,2013.0,Fantasy | Adventure | Family,Fantasy,200000000,491868548,291868548,2.45934274,130.0,Long (120-149 min),46.985445,5.7,Medium (5-6.9),3530,High (1K-4.9K),Released
102382,The Amazing Spider-Man 2,The Amazing Spider-Man 2,en,2014-04-16,2014.0,Action | Adventure | Fantasy,Action,200000000,705717432,505717432,3.52858716,142.0,Long (120-149 min),89.270217,6.5,Medium (5-6.9),4179,High (1K-4.9K),Released
20526,TRON: Legacy,TRON: Legacy,en,2010-12-10,2010.0,Adventure | Action | Science Fiction,Adventure,170000000,400062763,230062763,2.3533103705882352,125.0,Long (120-149 min),73.79505,6.3,Medium (5-6.9),2841,High (1K-4.9K),Released
49013,Cars 2,Cars 2,en,2011-06-11,2011.0,Animation | Family | Adventure | Comedy,Animation,200000000,559852396,359852396,2.79926198,106.0,Standard (90-119 min),49.98659,5.8,Medium (5-6.9),2033,High (1K-4.9K),Released
44912,Green Lantern,Green Lantern,en,2011-06-16,2011.0,Adventure | Action | Thriller | Science Fiction,Adventure,200000000,219851172,19851172,1.09925586,114.0,Standard (90-119 min),51.872839,5.1,Medium (5-6.9),2487,High (1K-4.9K),Released
10193,Toy Story 3,Toy Story 3,en,2010-06-16,2010.0,Animation | Family | Comedy,Animation,200000000,1066969703,866969703,5.334848515,103.0,Standard (90-119 min),59.995418,7.6,Good (7-7.9),4597,High (1K-4.9K),Released
534,Terminator Salvation,Terminator Salvation,en,2009-05-20,2009.0,Action | Science Fiction | Thriller,Action,200000000,371353001,171353001,1.856765005,115.0,Standard (90-119 min),71.862892,5.9,Medium (5-6.9),2463,High (1K-4.9K),Released
168259,Furious 7,Furious 7,en,2015-04-01,2015.0,Action,Action,190000000,1506249360,1316249360,7.927628210526316,137.0,Long (120-149 min),102.322217,7.3,Good (7-7.9),4176,High (1K-4.9K),Released
72190,World War Z,World War Z,en,2013-06-20,2013.0,Action | Drama | Horror | Science Fiction | Thriller,Action,200000000,531865000,331865000,2.659325,116.0,Standard (90-119 min),81.834855,6.7,Medium (5-6.9),5560,Very High (5K+),Released
127585,X-Men: Days of Future Past,X-Men: Days of Future Past,en,2014-05-15,2014.0,Action | Adventure | Fantasy | Science Fiction,Action,250000000,747862775,497862775,2.9914511,131.0,Long (120-149 min),118.078691,7.5,Good (7-7.9),6032,Very High (5K+),Released
54138,Star Trek Into Darkness,Star Trek Into Darkness,en,2013-05-05,2013.0,Action | Adventure | Science Fiction,Action,190000000,467365246,277365246,2.4598170842105263,132.0,Long (120-149 min),78.291018,7.4,Good (7-7.9),4418,High (1K-4.9K),Released
81005,Jack the Giant Slayer,Jack the Giant Slayer,en,2013-02-27,2013.0,Action | Family | Fantasy,Action,195000000,197687603,2687603,1.0137825794871795,114.0,Standard (90-119 min),43.349855,5.5,Medium (5-6.9),2598,High (1K-4.9K),Released
64682,The Great Gatsby,The Great Gatsby,en,2013-05-10,2013.0,Drama | Romance,Drama,105000000,351040419,246040419,3.3432420857142855,143.0,Long (120-149 min),61.196071,7.3,Good (7-7.9),3769,High (1K-4.9K),Released
9543,Prince of Persia: The Sands of Time,Prince of Persia: The Sands of Time,en,2010-05-19,2010.0,Adventure | Fantasy | Action | Romance,Adventure,150000000,335154643,185154643,2.2343642866666666,116.0,Standard (90-119 min),62.169881,6.2,Medium (5-6.9),2317,High (1K-4.9K),Released
68726,Pacific Rim,Pacific Rim,en,2013-07-11,2013.0,Action | Science Fiction | Adventure,Action,180000000,407602906,227602906,2.264460588888889,131.0,Long (120-149 min),56.523205,6.7,Medium (5-6.9),4794,High (1K-4.9K),Released
38356,Transformers: Dark of the Moon,Transformers: Dark of the Moon,en,2011-06-28,2011.0,Action | Science Fiction | Adventure,Action,195000000,1123746996,928746996,5.762805107692308,154.0,Very Long (150+ min),28.529607,6.1,Medium (5-6.9),3299,High (1K-4.9K),Released
217,Indiana Jones and the Kingdom of the Crystal Skull,Indiana Jones and the Kingdom of the Crystal Skull,en,2008-05-21,2008.0,Adventure | Action,Adventure,185000000,786636033,601636033,4.252086664864865,122.0,Long (120-149 min),75.674458,5.7,Medium (5-6.9),2495,High (1K-4.9K),Released
105864,The Good Dinosaur,The Good Dinosaur,en,2015-11-14,2015.0,Adventure | Animation | Family,Adventure,175000000,331926147,156926147,1.89672084,93.0,Standard (90-119 min),51.692953,6.6,Medium (5-6.9),1736,High (1K-4.9K),Released
62177,Brave,Brave,en,2012-06-21,2012.0,Animation | Adventure | Comedy | Family | Action | Fantasy,Animation,185000000,538983207,353983207,2.9134227405405406,93.0,Standard (90-119 min),125.114374,6.7,Medium (5-6.9),4641,High (1K-4.9K),Released
188927,Star Trek Beyond,Star Trek Beyond,en,2016-07-07,2016.0,Action | Adventure | Science Fiction,Action,185000000,343471816,158471816,1.8566044108108108,122.0,Long (120-149 min),65.352913,6.6,Medium (5-6.9),2568,High (1K-4.9K),Released
10681,WALL·E,WALL·E,en,2008-06-22,2008.0,Animation | Family,Animation,180000000,521311860,341311860,2.896177,98.0,Standard (90-119 min),66.390712,7.8,Good (7-7.9),6296,Very High (5K+),Released
5174,Rush Hour 3,Rush Hour 3,en,2007-08-08,2007.0,Action | Comedy | Crime | Thriller,Action,140000000,258022233,118022233,1.84301595,91.0,Standard (90-119 min),22.57178,6.1,Medium (5-6.9),783,Medium (100-999),Released
14161,2012,2012,en,2009-10-10,2009.0,Action | Adventure | Science Fiction,Action,200000000,769653595,569653595,3.848267975,158.0,Very Long (150+ min),45.274225,5.6,Medium (5-6.9),4903,High (1K-4.9K),Released
17979,A Christmas Carol,A Christmas Carol,en,2009-11-04,2009.0,Animation | Drama,Animation,200000000,325233863,125233863,1.626169315,96.0,Standard (90-119 min),39.744242,6.6,Medium (5-6.9),1095,High (1K-4.9K),Released
76757,Jupiter Ascending,Jupiter Ascending,en,2015-02-04,2015.0,Science Fiction | Fantasy | Action | Adventure,Science Fiction,176000003,183987723,7987720,1.0453847719536686,124.0,Long (120-149 min),85.36908,5.2,Medium (5-6.9),2768,High (1K-4.9K),Released
258489,The Legend of Tarzan,The Legend of Tarzan,en,2016-06-29,2016.0,Action | Adventure,Action,180000000,356743061,176743061,1.9819058944444445,109.0,Standard (90-119 min),42.741719,5.5,Medium (5-6.9),2430,High (1K-4.9K),Released
411,"The Chronicles of Narnia: The Lion, the Witch and the Wardrobe","The Chronicles of Narnia: The Lion, the Witch and the Wardrobe",en,2005-12-07,2005.0,Adventure | Family | Fantasy,Adventure,180000000,748806957,568806957,4.16003865,143.0,Long (120-149 min),67.391328,6.7,Medium (5-6.9),2629,High (1K-4.9K),Released
246655,X-Men: Apocalypse,X-Men: Apocalypse,en,2016-05-18,2016.0,Science Fiction,Science Fiction,178000000,543934787,365934787,3.0558134101123597,144.0,Long (120-149 min),139.272042,6.4,Medium (5-6.9),4721,High (1K-4.9K),Released
155,The Dark Knight,The Dark Knight,en,2008-07-16,2008.0,Drama | Action | Crime | Thriller,Drama,185000000,1004558444,819558444,5.430045643243243,152.0,Very Long (150+ min),187.322927,8.2,Excellent (8+),12002,Very High (5K+),Released
14160,Up,Up,en,2009-05-13,2009.0,Animation | Comedy | Family | Adventure,Animation,175000000,735099082,560099082,4.200566182857143,96.0,Standard (90-119 min),92.201962,7.7,Good (7-7.9),6870,Very High (5K+),Released
15512,Monsters vs Aliens,Monsters vs Aliens,en,2009-03-19,2009.0,Animation | Family | Adventure | Science Fiction,Animation,175000000,381509870,206509870,2.1800564,94.0,Standard (90-119 min),36.167578,6.0,Medium (5-6.9),1423,High (1K-4.9K),Released
1726,Iron Man,Iron Man,en,2008-04-30,2008.0,Action | Science Fiction | Adventure,Action,140000000,585174222,445174222,4.179815871428572,126.0,Long (120-149 min),120.725053,7.4,Good (7-7.9),8776,Very High (5K+),Released
44826,Hugo,Hugo,en,2011-11-22,2011.0,Adventure | Drama | Family,Adventure,170000000,185770160,15770160,1.0927656470588236,126.0,Long (120-149 min),32.319043,7.0,Good (7-7.9),2141,High (1K-4.9K),Released
8487,Wild Wild West,Wild Wild West,en,1999-06-29,1999.0,Action | Adventure | Comedy | Science Fiction | Western,Action,170000000,222104681,52104681,1.3064981235294117,106.0,Standard (90-119 min),40.748915,5.1,Medium (5-6.9),1020,High (1K-4.9K),Released
1735,The Mummy: Tomb of the Dragon Emperor,The Mummy: Tomb of the Dragon Emperor,en,2008-07-01,2008.0,Adventure | Action | Fantasy,Adventure,145000000,401128639,256128639,2.7664044068965516,112.0,Standard (90-119 min),60.034162,5.2,Medium (5-6.9),1387,High (1K-4.9K),Released
297761,Suicide Squad,Suicide Squad,en,2016-08-02,2016.0,Action | Adventure | Crime | Fantasy | Science Fiction,Action,175000000,745000000,570000000,4.257142857142857,123.0,Long (120-149 min),90.23792,5.9,Medium (5-6.9),7458,Very High (5K+),Released
2698,Evan Almighty,Evan Almighty,en,2007-06-09,2007.0,Fantasy | Comedy | Family,Fantasy,175000000,173000000,-2000000,0.9885714285714285,96.0,Standard (90-119 min),27.082182,5.3,Medium (5-6.9),1151,High (1K-4.9K),Released
137113,Edge of Tomorrow,Edge of Tomorrow,en,2014-05-27,2014.0,Action | Science Fiction,Action,178000000,370541256,192541256,2.081692449438202,113.0,Standard (90-119 min),79.456485,7.6,Good (7-7.9),4858,High (1K-4.9K),Released
9804,Waterworld,Waterworld,en,1995-07-28,1995.0,Adventure | Action,Adventure,175000000,264218220,89218220,1.5098184,135.0,Long (120-149 min),44.640292,5.9,Medium (5-6.9),992,Medium (100-999),Released
14869,G.I. Joe: The Rise of Cobra,G.I. Joe: The Rise of Cobra,en,2009-08-04,2009.0,Adventure | Action | Thriller | Science Fiction,Adventure,175000000,302469017,127469017,1.7283943828571429,118.0,Standard (90-119 min),32.852443,5.6,Medium (5-6.9),1962,High (1K-4.9K),Released
150540,Inside Out,Inside Out,en,2015-06-09,2015.0,Drama | Comedy | Animation | Family,Drama,175000000,857611174,682611174,4.90063528,94.0,Standard (90-119 min),128.655964,8.0,Excellent (8+),6560,Very High (5K+),Released
278927,The Jungle Book,The Jungle Book,en,2016-04-07,2016.0,Family | Adventure | Drama | Fantasy,Family,175000000,966550600,791550600,5.523146285714286,106.0,Standard (90-119 min),94.199316,6.7,Medium (5-6.9),2892,High (1K-4.9K),Released
10138,Iron Man 2,Iron Man 2,en,2010-04-28,2010.0,Adventure | Action | Science Fiction,Adventure,200000000,623933331,423933331,3.119666655,124.0,Long (120-149 min),77.300194,6.6,Medium (5-6.9),6849,Very High (5K+),Released
58595,Snow White and the Huntsman,Snow White and the Huntsman,en,2012-05-30,2012.0,Adventure | Fantasy | Drama,Adventure,170000000,396600000,226600000,2.3329411764705883,127.0,Long (120-149 min),77.178973,5.8,Medium (5-6.9),3118,High (1K-4.9K),Released
102651,Maleficent,Maleficent,en,2014-05-28,2014.0,Fantasy | Adventure | Action | Family | Romance,Fantasy,180000000,758539785,578539785,4.214109916666667,97.0,Standard (90-119 min),110.620647,7.0,Good (7-7.9),4496,High (1K-4.9K),Released
119450,Dawn of the Planet of the Apes,Dawn of the Planet of the Apes,en,2014-06-26,2014.0,Science Fiction | Action | Drama | Thriller,Science Fiction,170000000,710644566,540644566,4.180262152941176,130.0,Long (120-149 min),243.791743,7.3,Good (7-7.9),4410,High (1K-4.9K),Released
79698,The Lovers,The Lovers,en,2015-02-13,2015.0,Action | Adventure | Science Fiction | Romance,Action,27000000,0,-27000000,0.0,109.0,Standard (90-119 min),2.418535,4.8,Low (<5),34,Low (<100),Released
64686,47 Ronin,47 Ronin,en,2013-12-06,2013.0,Drama | Action | Adventure | Fantasy,Drama,175000000,150962475,-24037525,0.8626427142857143,119.0,Standard (90-119 min),41.796339,5.9,Medium (5-6.9),1326,High (1K-4.9K),Released
100402,Captain America: The Winter Soldier,Captain America: The Winter Soldier,en,2014-03-20,2014.0,Action | Adventure | Science Fiction,Action,170000000,714766572,544766572,4.204509247058824,136.0,Long (120-149 min),72.225265,7.6,Good (7-7.9),5764,Very High (5K+),Released
10192,Shrek Forever After,Shrek Forever After,en,2010-05-16,2010.0,Comedy | Adventure | Fantasy | Animation | Family,Comedy,165000000,752600867,587600867,4.561217375757575,93.0,Standard (90-119 min),44.041186,6.0,Medium (5-6.9),1959,High (1K-4.9K),Released
158852,Tomorrowland,Tomorrowland,en,2015-05-19,2015.0,Adventure | Family | Mystery | Science Fiction,Adventure,190000000,209154322,19154322,1.1008122210526317,130.0,Long (120-149 min),130.311355,6.2,Medium (5-6.9),2846,High (1K-4.9K),Released
177572,Big Hero 6,Big Hero 6,en,2014-10-24,2014.0,Adventure | Family | Animation | Action | Comedy,Adventure,165000000,652105443,487105443,3.9521542,102.0,Standard (90-119 min),203.73459,7.8,Good (7-7.9),6135,Very High (5K+),Released
82690,Wreck-It Ralph,Wreck-It Ralph,en,2012-11-01,2012.0,Family | Animation | Comedy | Adventure,Family,165000000,471222889,306222889,2.855896296969697,108.0,Standard (90-119 min),62.341073,7.1,Good (7-7.9),4570,High (1K-4.9K),Released
5255,The Polar Express,The Polar Express,en,2004-11-10,2004.0,Adventure | Animation | Family | Fantasy,Adventure,165000000,305875730,140875730,1.853792303030303,100.0,Standard (90-119 min),47.323228,6.4,Medium (5-6.9),1474,High (1K-4.9K),Released
47933,Independence Day: Resurgence,Independence Day: Resurgence,en,2016-06-22,2016.0,Action | Adventure | Science Fiction,Action,165000000,389681935,224681935,2.3617086969696968,120.0,Long (120-149 min),48.775723,4.9,Low (<5),2491,High (1K-4.9K),Released
10191,How to Train Your Dragon,How to Train Your Dragon,en,2010-03-05,2010.0,Fantasy | Adventure | Animation | Family,Fantasy,165000000,494878759,329878759,2.999265206060606,98.0,Standard (90-119 min),67.263269,7.5,Good (7-7.9),4227,High (1K-4.9K),Released
296,Terminator 3: Rise of the Machines,Terminator 3: Rise of the Machines,en,2003-07-02,2003.0,Action | Thriller | Science Fiction,Action,200000000,435000000,235000000,2.175,109.0,Standard (90-119 min),69.405188,5.9,Medium (5-6.9),2143,High (1K-4.9K),Released
118340,Guardians of the Galaxy,Guardians of the Galaxy,en,2014-07-30,2014.0,Action | Science Fiction | Adventure,Action,170000000,773328629,603328629,4.548991935294118,121.0,Long (120-149 min),481.098624,7.9,Good (7-7.9),9742,Very High (5K+),Released
157336,Interstellar,Interstellar,en,2014-11-05,2014.0,Adventure | Drama | Science Fiction,Adventure,165000000,675120017,510120017,4.0916364666666665,169.0,Very Long (150+ min),724.247784,8.1,Excellent (8+),10867,Very High (5K+),Released
27205,Inception,Inception,en,2010-07-14,2010.0,Action | Thriller | Science Fiction | Mystery | Adventure,Action,160000000,825532764,665532764,5.159579775,148.0,Long (120-149 min),167.58371,8.1,Excellent (8+),13752,Very High (5K+),Released
315011,Shin Godzilla,シン・ゴジラ,ja,2016-07-29,2016.0,Action | Adventure | Drama | Horror | Science Fiction,Action,15000000,77000000,62000000,5.133333333333334,120.0,Long (120-149 min),9.476999,6.5,Medium (5-6.9),143,Medium (100-999),Released
49051,The Hobbit: An Unexpected Journey,The Hobbit: An Unexpected Journey,en,2012-11-26,2012.0,Adventure | Fantasy | Action,Adventure,250000000,1021103568,771103568,4.084414272,169.0,Very Long (150+ min),108.849621,7.0,Good (7-7.9),8297,Very High (5K+),Released
9799,The Fast and the Furious,The Fast and the Furious,en,2001-06-22,2001.0,Action | Crime | Thriller,Action,38000000,207283925,169283925,5.454840131578948,106.0,Standard (90-119 min),6.909942,6.6,Medium (5-6.9),3428,High (1K-4.9K),Released
4922,The Curious Case of Benjamin Button,The Curious Case of Benjamin Button,en,2008-11-24,2008.0,Fantasy | Drama | Thriller | Mystery | Romance,Fantasy,150000000,333932083,183932083,2.2262138866666668,166.0,Very Long (150+ min),60.269279,7.3,Good (7-7.9),3292,High (1K-4.9K),Released
49538,X-Men: First Class,X-Men: First Class,en,2011-05-24,2011.0,Action | Science Fiction | Adventure,Action,160000000,353624124,193624124,2.210150775,132.0,Long (120-149 min),3.195174,7.1,Good (7-7.9),5181,Very High (5K+),Released
131634,The Hunger Games: Mockingjay - Part 2,The Hunger Games: Mockingjay - Part 2,en,2015-11-18,2015.0,Action | Adventure | Science Fiction,Action,160000000,653428261,493428261,4.08392663125,137.0,Long (120-149 min),127.284427,6.6,Medium (5-6.9),3984,High (1K-4.9K),Released
27022,The Sorcerer's Apprentice,The Sorcerer's Apprentice,en,2010-07-13,2010.0,Fantasy | Adventure | Action | Comedy | Drama,Fantasy,150000000,215283742,65283742,1.4352249466666667,109.0,Standard (90-119 min),35.580815,5.8,Medium (5-6.9),1470,High (1K-4.9K),Released
503,Poseidon,Poseidon,en,2006-05-12,2006.0,Adventure | Action | Drama | Thriller,Adventure,160000000,181674817,21674817,1.13546760625,99.0,Standard (90-119 min),21.133748,5.5,Medium (5-6.9),583,Medium (100-999),Released
241259,Alice Through the Looking Glass,Alice Through the Looking Glass,en,2016-05-25,2016.0,Fantasy,Fantasy,170000000,299370084,129370084,1.7610004941176471,113.0,Standard (90-119 min),56.268916,6.5,Medium (5-6.9),1725,High (1K-4.9K),Released
810,Shrek the Third,Shrek the Third,en,2007-05-17,2007.0,Fantasy | Adventure | Animation | Comedy | Family,Fantasy,160000000,798958165,638958165,4.99348853125,93.0,Standard (90-119 min),42.986467,6.0,Medium (5-6.9),2278,High (1K-4.9K),Released
68735,Warcraft,Warcraft,en,2016-05-25,2016.0,Action | Adventure | Fantasy,Action,160000000,433677183,273677183,2.71048239375,123.0,Long (120-149 min),63.148529,6.3,Medium (5-6.9),2268,High (1K-4.9K),Released
87101,Terminator Genisys,Terminator Genisys,en,2015-06-23,2015.0,Science Fiction | Action | Thriller | Adventure,Science Fiction,155000000,440603537,285603537,2.842603464516129,126.0,Long (120-149 min),202.042635,5.8,Medium (5-6.9),3631,High (1K-4.9K),Released
10140,The Chronicles of Narnia: The Voyage of the Dawn Treader,The Chronicles of Narnia: The Voyage of the Dawn Treader,en,2010-08-13,2010.0,Adventure | Family | Fantasy,Adventure,155000000,415686217,260686217,2.6818465612903224,113.0,Standard (90-119 min),49.661984,6.2,Medium (5-6.9),1514,High (1K-4.9K),Released
676,Pearl Harbor,Pearl Harbor,en,2001-05-21,2001.0,History | Romance | War,History,140000000,449220945,309220945,3.208721035714286,183.0,Very Long (150+ min),34.20669,6.6,Medium (5-6.9),1791,High (1K-4.9K),Released
1858,Transformers,Transformers,en,2007-06-27,2007.0,Adventure | Science Fiction | Action,Adventure,150000000,709709780,559709780,4.7313985333333335,144.0,Long (120-149 min),25.468493,6.6,Medium (5-6.9),4040,High (1K-4.9K),Released
1966,Alexander,Alexander,en,2004-11-21,2004.0,War | History | Action | Adventure | Drama | Romance,War,155000000,167298192,12298192,1.0793431741935484,175.0,Very Long (150+ min),39.019229,5.6,Medium (5-6.9),927,Medium (100-999),Released
675,Harry Potter and the Order of the Phoenix,Harry Potter and the Order of the Phoenix,en,2007-06-28,2007.0,Adventure | Fantasy | Family | Mystery,Adventure,150000000,938212738,788212738,6.254751586666667,138.0,Long (120-149 min),78.144395,7.4,Good (7-7.9),5494,Very High (5K+),Released
674,Harry Potter and the Goblet of Fire,Harry Potter and the Goblet of Fire,en,2005-11-05,2005.0,Adventure | Fantasy | Family,Adventure,150000000,895921036,745921036,5.9728069066666665,157.0,Very Long (150+ min),101.250416,7.5,Good (7-7.9),5608,Very High (5K+),Released
8960,Hancock,Hancock,en,2008-07-01,2008.0,Fantasy | Action,Fantasy,150000000,624029371,474029371,4.160195806666667,92.0,Standard (90-119 min),56.758411,6.2,Medium (5-6.9),2961,High (1K-4.9K),Released
6479,I Am Legend,I Am Legend,en,2007-12-14,2007.0,Drama | Horror | Action | Thriller | Science Fiction,Drama,150000000,585349010,435349010,3.902326733333333,101.0,Standard (90-119 min),70.867401,6.9,Medium (5-6.9),4853,High (1K-4.9K),Released
118,Charlie and the Chocolate Factory,Charlie and the Chocolate Factory,en,2005-07-13,2005.0,Adventure | Comedy | Family | Fantasy,Adventure,150000000,474968763,324968763,3.16645842,115.0,Standard (90-119 min),53.905592,6.7,Medium (5-6.9),3624,High (1K-4.9K),Released
2062,Ratatouille,Ratatouille,en,2007-06-22,2007.0,Animation | Comedy | Family | Fantasy,Animation,150000000,623722818,473722818,4.15815212,111.0,Standard (90-119 min),65.677399,7.5,Good (7-7.9),4369,High (1K-4.9K),Released
272,Batman Begins,Batman Begins,en,2005-06-10,2005.0,Action | Crime | Drama,Action,150000000,374218673,224218673,2.4947911533333333,140.0,Long (120-149 min),115.040024,7.5,Good (7-7.9),7359,Very High (5K+),Released
10527,Madagascar: Escape 2 Africa,Madagascar: Escape 2 Africa,en,2008-10-30,2008.0,Family | Animation,Family,150000000,603900354,453900354,4.02600236,89.0,Short (<90 min),44.141021,6.2,Medium (5-6.9),1810,High (1K-4.9K),Released
18360,Night at the Museum: Battle of the Smithsonian,Night at the Museum: Battle of the Smithsonian,en,2009-05-20,2009.0,Adventure | Fantasy | Action | Comedy | Family,Adventure,150000000,413106170,263106170,2.7540411333333332,105.0,Standard (90-119 min),81.781591,5.9,Medium (5-6.9),1971,High (1K-4.9K),Released
2080,X-Men Origins: Wolverine,X-Men Origins: Wolverine,en,2009-04-28,2009.0,Adventure | Action | Thriller | Science Fiction,Adventure,150000000,373062864,223062864,2.48708576,107.0,Standard (90-119 min),5.954334,6.2,Medium (5-6.9),4021,High (1K-4.9K),Released
605,The Matrix Revolutions,The Matrix Revolutions,en,2003-11-05,2003.0,Adventure | Action | Thriller | Science Fiction,Adventure,150000000,424988211,274988211,2.83325474,129.0,Long (120-149 min),73.313918,6.4,Medium (5-6.9),3096,High (1K-4.9K),Released
109445,Frozen,Frozen,en,2013-11-27,2013.0,Animation | Adventure | Family,Animation,150000000,1274219009,1124219009,8.494793393333333,102.0,Standard (90-119 min),165.125366,7.3,Good (7-7.9),5295,Very High (5K+),Released
604,The Matrix Reloaded,The Matrix Reloaded,en,2003-05-15,2003.0,Adventure | Action | Thriller | Science Fiction,Adventure,150000000,738599701,588599701,4.923998006666666,138.0,Long (120-149 min),70.78591,6.7,Medium (5-6.9),3443,High (1K-4.9K),Released
76338,Thor: The Dark World,Thor: The Dark World,en,2013-10-29,2013.0,Action | Adventure | Fantasy,Action,170000000,644571402,474571402,3.7915964823529413,112.0,Standard (90-119 min),99.499595,6.8,Medium (5-6.9),4755,High (1K-4.9K),Released
76341,Mad Max: Fury Road,Mad Max: Fury Road,en,2015-05-13,2015.0,Action | Adventure | Science Fiction | Thriller,Action,150000000,378858340,228858340,2.5257222666666665,120.0,Long (120-149 min),434.278564,7.2,Good (7-7.9),9427,Very High (5K+),Released
13448,Angels & Demons,Angels & Demons,en,2009-05-13,2009.0,Thriller | Mystery,Thriller,150000000,356613439,206613439,2.3774229266666667,138.0,Long (120-149 min),67.447636,6.5,Medium (5-6.9),2129,High (1K-4.9K),Released
10195,Thor,Thor,en,2011-04-21,2011.0,Adventure | Fantasy | Action,Adventure,150000000,449326618,299326618,2.995510786666667,115.0,Standard (90-119 min),86.493424,6.6,Medium (5-6.9),6525,Very High (5K+),Released
13053,Bolt,Bolt,en,2008-11-21,2008.0,Animation | Family | Adventure | Comedy,Animation,150000000,309979994,159979994,2.0665332933333334,98.0,Standard (90-119 min),41.845878,6.3,Medium (5-6.9),1750,High (1K-4.9K),Released
19585,G-Force,G-Force,en,2009-07-21,2009.0,Fantasy | Action | Adventure | Family | Comedy,Fantasy,150000000,292817841,142817841,1.95211894,88.0,Short (<90 min),26.710398,5.1,Medium (5-6.9),510,Medium (100-999),Released
57165,Wrath of the Titans,Wrath of the Titans,en,2012-03-27,2012.0,Adventure,Adventure,150000000,301000000,151000000,2.006666666666667,99.0,Standard (90-119 min),44.927635,5.5,Medium (5-6.9),1431,High (1K-4.9K),Released
62213,Dark Shadows,Dark Shadows,en,2012-05-08,2012.0,Comedy | Fantasy,Comedy,150000000,245527149,95527149,1.63684766,113.0,Standard (90-119 min),50.306728,5.7,Medium (5-6.9),2320,High (1K-4.9K),Released
177677,Mission: Impossible - Rogue Nation,Mission: Impossible - Rogue Nation,en,2015-07-23,2015.0,Action | Adventure | Thriller,Action,150000000,682330139,532330139,4.548867593333333,131.0,Long (120-149 min),114.522237,7.1,Good (7-7.9),3224,High (1K-4.9K),Released
7978,The Wolfman,The Wolfman,en,2010-02-11,2010.0,Drama | Horror | Thriller,Drama,150000000,0,-150000000,0.0,102.0,Standard (90-119 min),21.214571,5.5,Medium (5-6.9),549,Medium (100-999),Released
5559,Bee Movie,Bee Movie,en,2007-10-28,2007.0,Family | Animation | Adventure | Comedy,Family,150000000,287594577,137594577,1.91729718,91.0,Standard (90-119 min),29.332905,5.7,Medium (5-6.9),1171,High (1K-4.9K),Released
49444,Kung Fu Panda 2,Kung Fu Panda 2,en,2011-05-25,2011.0,Animation | Family,Animation,150000000,665692281,515692281,4.43794854,91.0,Standard (90-119 min),51.247321,6.7,Medium (5-6.9),1880,High (1K-4.9K),Released
10196,The Last Airbender,The Last Airbender,en,2010-06-30,2010.0,Action | Adventure | Family | Fantasy,Action,150000000,318502923,168502923,2.12335282,103.0,Standard (90-119 min),33.769336,4.7,Low (<5),1151,High (1K-4.9K),Released
956,Mission: Impossible III,Mission: Impossible III,en,2006-05-03,2006.0,Adventure | Action | Thriller,Adventure,150000000,397850012,247850012,2.6523334133333334,126.0,Long (120-149 min),63.079003,6.5,Medium (5-6.9),2028,High (1K-4.9K),Released
117251,White House Down,White House Down,en,2013-06-27,2013.0,Action | Drama | Thriller,Action,150000000,205366737,55366737,1.36911158,131.0,Long (120-149 min),39.004588,6.4,Medium (5-6.9),1891,High (1K-4.9K),Released
50321,Mars Needs Moms,Mars Needs Moms,en,2011-03-09,2011.0,Adventure | Animation | Family,Adventure,150000000,38992758,-111007242,0.25995172,88.0,Short (<90 min),12.362599,5.5,Medium (5-6.9),199,Medium (100-999),Released
11619,Flushed Away,Flushed Away,en,2006-10-22,2006.0,Adventure | Animation | Comedy | Family,Adventure,149000000,64459316,-84540684,0.4326128590604027,85.0,Short (<90 min),22.550135,6.0,Medium (5-6.9),874,Medium (100-999),Released
266647,Pan,Pan,en,2015-09-24,2015.0,Adventure | Family | Fantasy,Adventure,150000000,128388320,-21611680,0.8559221333333333,111.0,Standard (90-119 min),48.03528,5.9,Medium (5-6.9),954,Medium (100-999),Released
82703,Mr. Peabody & Sherman,Mr. Peabody & Sherman,en,2014-02-07,2014.0,Animation | Adventure | Family,Animation,145000000,272912430,127912430,1.8821546896551724,92.0,Standard (90-119 min),38.73494,6.7,Medium (5-6.9),843,Medium (100-999),Released
652,Troy,Troy,en,2004-05-13,2004.0,Adventure | Drama | War,Adventure,175000000,497409852,322409852,2.8423420114285713,163.0,Very Long (150+ min),66.803149,6.9,Medium (5-6.9),2759,High (1K-4.9K),Released
80321,Madagascar 3: Europe's Most Wanted,Madagascar 3: Europe's Most Wanted,en,2012-06-06,2012.0,Animation | Family,Animation,145000000,746921274,601921274,5.1511812,93.0,Standard (90-119 min),44.989192,6.4,Medium (5-6.9),1808,High (1K-4.9K),Released
36669,Die Another Day,Die Another Day,en,2002-11-17,2002.0,Adventure | Action | Thriller,Adventure,140000000,431971116,291971116,3.0855079714285716,133.0,Long (120-149 min),54.159392,5.8,Medium (5-6.9),1092,High (1K-4.9K),Released
43074,Ghostbusters,Ghostbusters,en,2016-07-14,2016.0,Action | Fantasy | Comedy,Action,144000000,229147509,85147509,1.5913021458333334,116.0,Standard (90-119 min),66.21806,5.3,Medium (5-6.9),2142,High (1K-4.9K),Released
95,Armageddon,Armageddon,en,1998-07-01,1998.0,Action | Thriller | Science Fiction | Adventure,Action,140000000,553799566,413799566,3.9557111857142857,151.0,Very Long (150+ min),58.485967,6.4,Medium (5-6.9),2482,High (1K-4.9K),Released
608,Men in Black II,Men in Black II,en,2002-07-03,2002.0,Action | Adventure | Comedy | Science Fiction,Action,140000000,441818803,301818803,3.1558485928571427,88.0,Short (<90 min),91.332849,6.0,Medium (5-6.9),3114,High (1K-4.9K),Released
2310,Beowulf,Beowulf,en,2007-11-05,2007.0,Adventure | Action | Animation,Adventure,70000000,195735876,125735876,2.7962268,115.0,Standard (90-119 min),35.601665,5.5,Medium (5-6.9),841,Medium (100-999),Released
140300,Kung Fu Panda 3,Kung Fu Panda 3,en,2016-01-23,2016.0,Action | Adventure | Animation | Comedy | Family,Action,145000000,521170825,376170825,3.594281551724138,95.0,Standard (90-119 min),56.747978,6.7,Medium (5-6.9),1603,High (1K-4.9K),Released
56292,Mission: Impossible - Ghost Protocol,Mission: Impossible - Ghost Protocol,en,2011-12-07,2011.0,Action | Thriller | Adventure,Action,145000000,694713380,549713380,4.79112675862069,133.0,Long (120-149 min),77.77477,6.8,Medium (5-6.9),3972,High (1K-4.9K),Released
81188,Rise of the Guardians,Rise of the Guardians,en,2012-11-21,2012.0,Fantasy | Animation | Family,Fantasy,145000000,306941670,161941670,2.116839103448276,97.0,Standard (90-119 min),61.788035,7.1,Good (7-7.9),1922,High (1K-4.9K),Released
7552,Fun with Dick and Jane,Fun with Dick and Jane,en,2005-12-21,2005.0,Comedy,Comedy,100000000,202026112,102026112,2.02026112,90.0,Standard (90-119 min),25.159168,5.9,Medium (5-6.9),627,Medium (100-999),Released
616,The Last Samurai,The Last Samurai,en,2003-12-05,2003.0,Drama | Action | War | History,Drama,140000000,456758981,316758981,3.26256415,154.0,Very Long (150+ min),52.341226,7.3,Good (7-7.9),1895,High (1K-4.9K),Released
147441,Exodus: Gods and Kings,Exodus: Gods and Kings,en,2014-12-03,2014.0,Adventure | Drama | Action,Adventure,140000000,268031828,128031828,1.9145130571428572,150.0,Very Long (150+ min),101.599427,5.6,Medium (5-6.9),1921,High (1K-4.9K),Released
13475,Star Trek,Star Trek,en,2009-05-06,2009.0,Science Fiction | Action | Adventure,Science Fiction,150000000,385680446,235680446,2.5712029733333335,127.0,Long (120-149 min),73.616808,7.4,Good (7-7.9),4518,High (1K-4.9K),Released
557,Spider-Man,Spider-Man,en,2002-05-01,2002.0,Fantasy | Action,Fantasy,139000000,821708551,682708551,5.911572309352518,121.0,Long (120-149 min),82.502566,6.8,Medium (5-6.9),5265,Very High (5K+),Released
82702,How to Train Your Dragon 2,How to Train Your Dragon 2,en,2014-06-12,2014.0,Fantasy | Action | Adventure | Animation | Comedy | Family,Fantasy,145000000,609123048,464123048,4.200848606896551,102.0,Standard (90-119 min),100.21391,7.6,Good (7-7.9),3106,High (1K-4.9K),Released
205584,Gods of Egypt,Gods of Egypt,en,2016-02-25,2016.0,Fantasy,Fantasy,140000000,150680864,10680864,1.0762918857142858,127.0,Long (120-149 min),56.257249,5.3,Medium (5-6.9),1277,High (1K-4.9K),Released
10048,Stealth,Stealth,en,2005-07-28,2005.0,Action,Action,135000000,76932943,-58067057,0.5698736518518519,121.0,Long (120-149 min),17.88953,4.9,Low (<5),331,Medium (100-999),Released
13183,Watchmen,Watchmen,en,2009-03-05,2009.0,Action | Mystery | Science Fiction,Action,130000000,185258983,55258983,1.4250691,163.0,Very Long (150+ min),64.798873,7.0,Good (7-7.9),2811,High (1K-4.9K),Released
944,Lethal Weapon 4,Lethal Weapon 4,en,1998-07-10,1998.0,Action | Adventure | Comedy | Crime | Thriller,Action,140000000,285444603,145444603,2.0388900214285712,127.0,Long (120-149 min),24.855701,6.3,Medium (5-6.9),767,Medium (100-999),Released
1927,Hulk,Hulk,en,2003-06-19,2003.0,Drama | Action | Science Fiction,Drama,137000000,245360480,108360480,1.790952408759124,138.0,Long (120-149 min),34.981698,5.3,Medium (5-6.9),1533,High (1K-4.9K),Released
72559,G.I. Joe: Retaliation,G.I. Joe: Retaliation,en,2013-03-26,2013.0,Adventure | Action | Science Fiction | Thriller,Adventure,130000000,371876278,241876278,2.860586753846154,110.0,Standard (90-119 min),59.325589,5.4,Medium (5-6.9),3025,High (1K-4.9K),Released
7364,Sahara,Sahara,en,2005-04-06,2005.0,Action | Adventure | Comedy | Drama | Mystery,Action,130000000,119269486,-10730514,0.9174575846153846,124.0,Long (120-149 min),21.605568,5.7,Medium (5-6.9),434,Medium (100-999),Released
2114,Final Fantasy: The Spirits Within,Final Fantasy: The Spirits Within,en,2001-07-02,2001.0,Adventure | Action | Animation | Fantasy | Science Fiction | Thriller,Adventure,137000000,85131830,-51868170,0.6214002189781022,106.0,Standard (90-119 min),26.074908,5.9,Medium (5-6.9),433,Medium (100-999),Released
1771,Captain America: The First Avenger,Captain America: The First Avenger,en,2011-07-22,2011.0,Action | Adventure | Science Fiction,Action,140000000,370569774,230569774,2.646926957142857,124.0,Long (120-149 min),74.506246,6.6,Medium (5-6.9),7047,Very High (5K+),Released
36643,The World Is Not Enough,The World Is Not Enough,en,1999-11-08,1999.0,Adventure | Action | Thriller,Adventure,135000000,361832400,226832400,2.68024,128.0,Long (120-149 min),39.604363,6.0,Medium (5-6.9),862,Medium (100-999),Released
8619,Master and Commander: The Far Side of the World,Master and Commander: The Far Side of the World,en,2003-11-14,2003.0,Adventure,Adventure,150000000,212011111,62011111,1.4134074066666666,138.0,Long (120-149 min),36.973031,6.9,Medium (5-6.9),790,Medium (100-999),Released
50620,The Twilight Saga: Breaking Dawn - Part 2,The Twilight Saga: Breaking Dawn - Part 2,en,2012-11-13,2012.0,Adventure | Fantasy | Drama | Romance,Adventure,120000000,829000000,709000000,6.908333333333333,115.0,Standard (90-119 min),99.687084,6.1,Medium (5-6.9),2553,High (1K-4.9K),Released
65759,Happy Feet Two,Happy Feet Two,en,2011-11-17,2011.0,Animation | Comedy | Family,Animation,130000000,150406466,20406466,1.1569728153846155,100.0,Standard (90-119 min),17.7735,5.8,Medium (5-6.9),373,Medium (100-999),Released
1724,The Incredible Hulk,The Incredible Hulk,en,2008-06-12,2008.0,Science Fiction | Action | Adventure,Science Fiction,150000000,163712074,13712074,1.0914138266666666,114.0,Standard (90-119 min),62.898336,6.1,Medium (5-6.9),3021,High (1K-4.9K),Released
267935,The BFG,The BFG,en,2016-06-01,2016.0,Adventure | Family | Fantasy,Adventure,140000000,183345589,43345589,1.30961135,120.0,Long (120-149 min),44.19092,6.0,Medium (5-6.9),1000,High (1K-4.9K),Released
281957,The Revenant,The Revenant,en,2015-12-25,2015.0,Western | Drama | Adventure | Thriller,Western,135000000,532950503,397950503,3.9477815037037036,156.0,Very Long (150+ min),100.635882,7.3,Good (7-7.9),6396,Very High (5K+),Released
77950,Turbo,Turbo,en,2013-07-11,2013.0,Animation | Family,Animation,135000000,282570682,147570682,2.093116162962963,96.0,Standard (90-119 min),44.765377,6.1,Medium (5-6.9),1074,High (1K-4.9K),Released
44896,Rango,Rango,en,2011-03-02,2011.0,Animation | Comedy | Family | Western | Adventure,Animation,135000000,245724603,110724603,1.8201822444444444,107.0,Standard (90-119 min),29.91353,6.6,Medium (5-6.9),2051,High (1K-4.9K),Released
270946,Penguins of Madagascar,Penguins of Madagascar,en,2014-11-22,2014.0,Family | Animation | Adventure | Comedy,Family,132000000,373552094,241552094,2.829940106060606,92.0,Standard (90-119 min),84.366984,6.5,Medium (5-6.9),1346,High (1K-4.9K),Released
2503,The Bourne Ultimatum,The Bourne Ultimatum,en,2007-08-03,2007.0,Action | Drama | Mystery | Thriller,Action,70000000,442824138,372824138,6.326059114285714,115.0,Standard (90-119 min),45.381501,7.3,Good (7-7.9),2888,High (1K-4.9K),Released
9502,Kung Fu Panda,Kung Fu Panda,en,2008-06-04,2008.0,Adventure | Animation | Family | Comedy,Adventure,130000000,631744560,501744560,4.859573538461539,90.0,Standard (90-119 min),84.689648,6.9,Medium (5-6.9),3145,High (1K-4.9K),Released
102899,Ant-Man,Ant-Man,en,2015-07-14,2015.0,Science Fiction | Action | Adventure,Science Fiction,130000000,519311965,389311965,3.9947074230769233,117.0,Standard (90-119 min),120.09361,7.0,Good (7-7.9),5880,Very High (5K+),Released
101299,The Hunger Games: Catching Fire,The Hunger Games: Catching Fire,en,2013-11-15,2013.0,Adventure | Action | Science Fiction,Adventure,130000000,847423452,717423452,6.518641938461538,146.0,Long (120-149 min),76.310119,7.4,Good (7-7.9),6495,Very High (5K+),Released
228161,Home,Home,en,2015-03-18,2015.0,Fantasy | Comedy | Animation | Science Fiction | Family,Fantasy,135000000,368871007,233871007,2.7323778296296295,94.0,Standard (90-119 min),63.473086,6.8,Medium (5-6.9),1519,High (1K-4.9K),Released
74,War of the Worlds,War of the Worlds,en,2005-06-28,2005.0,Adventure | Thriller | Science Fiction,Adventure,132000000,591739379,459739379,4.482874083333333,116.0,Standard (90-119 min),48.572726,6.2,Medium (5-6.9),2322,High (1K-4.9K),Released
8961,Bad Boys II,Bad Boys II,en,2003-07-18,2003.0,Adventure | Action | Comedy | Thriller | Crime,Adventure,130000000,273339556,143339556,2.1026119692307694,147.0,Long (120-149 min),38.068736,6.3,Medium (5-6.9),1564,High (1K-4.9K),Released
417859,Puss in Boots,Puss in Boots,en,2011-10-28,2011.0,Action | Adventure | Animation | Family | Fantasy,Action,130000000,554987477,424987477,4.269134438461538,90.0,Standard (90-119 min),20.678787,6.4,Medium (5-6.9),451,Medium (100-999),Released
27576,Salt,Salt,en,2010-07-21,2010.0,Action | Mystery | Thriller,Action,110000000,293329073,183329073,2.6666279363636365,100.0,Standard (90-119 min),48.829437,6.2,Medium (5-6.9),2093,High (1K-4.9K),Released
86834,Noah,Noah,en,2014-03-20,2014.0,Drama | Adventure,Drama,125000000,362637473,237637473,2.901099784,139.0,Long (120-149 min),46.115758,5.6,Medium (5-6.9),2350,High (1K-4.9K),Released
17578,The Adventures of Tintin,The Adventures of Tintin,en,2011-10-25,2011.0,Adventure | Animation | Mystery,Adventure,130000000,371940071,241940071,2.861077469230769,107.0,Standard (90-119 min),89.938296,6.7,Medium (5-6.9),2061,High (1K-4.9K),Released
673,Harry Potter and the Prisoner of Azkaban,Harry Potter and the Prisoner of Azkaban,en,2004-05-31,2004.0,Adventure | Fantasy | Family,Adventure,130000000,789804554,659804554,6.075419646153846,141.0,Long (120-149 min),79.679601,7.7,Good (7-7.9),5877,Very High (5K+),Released
6972,Australia,Australia,en,2008-11-18,2008.0,Drama,Drama,130000000,49554002,-80445998,0.38118463076923076,165.0,Very Long (150+ min),28.840997,6.3,Medium (5-6.9),694,Medium (100-999),Released
82700,After Earth,After Earth,en,2013-05-30,2013.0,Science Fiction | Action | Adventure,Science Fiction,130000000,243843127,113843127,1.8757163615384616,100.0,Standard (90-119 min),42.840582,5.0,Medium (5-6.9),2532,High (1K-4.9K),Released
10567,Dinosaur,Dinosaur,en,2000-05-19,2000.0,Animation | Family,Animation,127500000,354248063,226748063,2.7784161803921568,82.0,Short (<90 min),26.548594,6.2,Medium (5-6.9),542,Medium (100-999),Released
181533,Night at the Museum: Secret of the Tomb,Night at the Museum: Secret of the Tomb,en,2014-12-17,2014.0,Adventure | Comedy | Fantasy | Family,Adventure,127000000,349424282,222424282,2.7513722992125986,97.0,Standard (90-119 min),115.597753,6.1,Medium (5-6.9),1851,High (1K-4.9K),Released
38055,Megamind,Megamind,en,2010-10-28,2010.0,Animation | Action | Comedy | Family | Science Fiction,Animation,130000000,321887208,191887208,2.476055446153846,95.0,Standard (90-119 min),68.757242,6.7,Medium (5-6.9),1918,High (1K-4.9K),Released
671,Harry Potter and the Philosopher's Stone,Harry Potter and the Philosopher's Stone,en,2001-11-16,2001.0,Adventure | Fantasy | Family,Adventure,125000000,976475550,851475550,7.8118044,152.0,Very Long (150+ min),109.984351,7.5,Good (7-7.9),7006,Very High (5K+),Released
49524,R.I.P.D.,R.I.P.D.,en,2013-07-18,2013.0,Fantasy | Action | Comedy | Crime,Fantasy,130000000,61648500,-68351500,0.4742192307692308,96.0,Standard (90-119 min),39.448066,5.4,Medium (5-6.9),1260,High (1K-4.9K),Released
22,Pirates of the Caribbean: The Curse of the Black Pearl,Pirates of the Caribbean: The Curse of the Black Pearl,en,2003-07-09,2003.0,Adventure | Fantasy | Action,Adventure,140000000,655011224,515011224,4.6786516,143.0,Long (120-149 min),271.972889,7.5,Good (7-7.9),6985,Very High (5K+),Released
131631,The Hunger Games: Mockingjay - Part 1,The Hunger Games: Mockingjay - Part 1,en,2014-11-18,2014.0,Science Fiction | Adventure | Thriller,Science Fiction,125000000,752100229,627100229,6.016801832,123.0,Long (120-149 min),206.227151,6.6,Medium (5-6.9),5584,Very High (5K+),Released
591,The Da Vinci Code,The Da Vinci Code,en,2006-05-17,2006.0,Thriller | Mystery,Thriller,125000000,767820459,642820459,6.142563672,149.0,Long (120-149 min),45.313197,6.5,Medium (5-6.9),2704,High (1K-4.9K),Released
172385,Rio 2,Rio 2,en,2014-03-19,2014.0,Animation | Adventure | Comedy | Family,Animation,103000000,500188435,397188435,4.856198398058252,102.0,Standard (90-119 min),42.40024,6.3,Medium (5-6.9),978,Medium (100-999),Released
36658,X2,X2,en,2003-04-24,2003.0,Adventure | Action | Science Fiction | Thriller,Adventure,110000000,407711549,297711549,3.706468627272727,133.0,Long (120-149 min),2.871739,6.8,Medium (5-6.9),3506,High (1K-4.9K),Released
51497,Fast Five,Fast Five,en,2011-04-20,2011.0,Action | Thriller | Crime,Action,125000000,626137675,501137675,5.0091014,130.0,Long (120-149 min),7.255718,7.1,Good (7-7.9),2438,High (1K-4.9K),Released
58574,Sherlock Holmes: A Game of Shadows,Sherlock Holmes: A Game of Shadows,en,2011-11-22,2011.0,Adventure | Action | Crime | Mystery,Adventure,125000000,334615000,209615000,2.67692,129.0,Long (120-149 min),81.499621,7.0,Good (7-7.9),3886,High (1K-4.9K),Released
18823,Clash of the Titans,Clash of the Titans,en,2010-04-01,2010.0,Adventure | Fantasy | Action,Adventure,125000000,232713139,107713139,1.861705112,106.0,Standard (90-119 min),47.686442,5.6,Medium (5-6.9),2233,High (1K-4.9K),Released
861,Total Recall,Total Recall,en,1990-06-01,1990.0,Action | Adventure | Science Fiction,Action,65000000,261317921,196317921,4.020275707692308,113.0,Standard (90-119 min),43.129703,7.1,Good (7-7.9),1710,High (1K-4.9K),Released
1911,The 13th Warrior,The 13th Warrior,en,1999-08-27,1999.0,Adventure | Fantasy | Action,Adventure,160000000,61698899,-98301101,0.38561811875,102.0,Standard (90-119 min),27.220157,6.4,Medium (5-6.9),510,Medium (100-999),Released
49040,The Bourne Legacy,The Bourne Legacy,en,2012-08-08,2012.0,Action | Thriller,Action,130000000,276572938,146572938,2.1274841384615386,120.0,Long (120-149 min),90.33681,6.0,Medium (5-6.9),2651,High (1K-4.9K),Released
415,Batman & Robin,Batman & Robin,en,1997-06-20,1997.0,Action | Crime | Fantasy,Action,125000000,238207122,113207122,1.905656976,125.0,Long (120-149 min),50.073575,4.2,Low (<5),1418,High (1K-4.9K),Released
8871,How the Grinch Stole Christmas,How the Grinch Stole Christmas,en,2000-11-17,2000.0,Family | Comedy | Fantasy,Family,123000000,345141403,222141403,2.8060276666666666,104.0,Standard (90-119 min),45.419668,6.2,Medium (5-6.9),1386,High (1K-4.9K),Released
435,The Day After Tomorrow,The Day After Tomorrow,en,2004-05-26,2004.0,Action | Adventure | Science Fiction | Thriller,Action,125000000,544272402,419272402,4.354179216,124.0,Long (120-149 min),41.380094,6.2,Medium (5-6.9),2392,High (1K-4.9K),Released
955,Mission: Impossible II,Mission: Impossible II,en,2000-05-24,2000.0,Adventure | Action | Thriller,Adventure,125000000,546388105,421388105,4.37110484,123.0,Long (120-149 min),54.931334,5.9,Medium (5-6.9),1928,High (1K-4.9K),Released
2133,The Perfect Storm,The Perfect Storm,en,2000-03-15,2000.0,Drama,Drama,120000000,325756637,205756637,2.714638641666667,130.0,Long (120-149 min),25.752118,6.2,Medium (5-6.9),597,Medium (100-999),Released
1979,Fantastic 4: Rise of the Silver Surfer,4: Rise of the Silver Surfer,en,2007-06-13,2007.0,Adventure | Fantasy | Action | Thriller,Adventure,130000000,289047763,159047763,2.223444330769231,92.0,Standard (90-119 min),60.810723,5.4,Medium (5-6.9),2589,High (1K-4.9K),Released
87827,Life of Pi,Life of Pi,en,2012-11-20,2012.0,Adventure | Drama | Action,Adventure,120000000,609016565,489016565,5.0751380416666665,127.0,Long (120-149 min),51.328145,7.2,Good (7-7.9),5797,Very High (5K+),Released
1250,Ghost Rider,Ghost Rider,en,2007-02-16,2007.0,Thriller | Action | Fantasy | Horror,Thriller,110000000,228738393,118738393,2.079439936363636,114.0,Standard (90-119 min),46.834704,5.2,Medium (5-6.9),1712,High (1K-4.9K),Released
324668,Jason Bourne,Jason Bourne,en,2016-07-27,2016.0,Action | Thriller,Action,120000000,415484914,295484914,3.4623742833333333,123.0,Long (120-149 min),62.641286,5.9,Medium (5-6.9),2341,High (1K-4.9K),Released
9471,Charlie's Angels: Full Throttle,Charlie's Angels: Full Throttle,en,2003-06-27,2003.0,Action | Adventure | Comedy,Action,120000000,259175788,139175788,2.1597982333333334,106.0,Standard (90-119 min),33.616115,5.2,Medium (5-6.9),914,Medium (100-999),Released
70981,Prometheus,Prometheus,en,2012-05-30,2012.0,Science Fiction | Adventure | Mystery,Science Fiction,130000000,403170142,273170142,3.1013087846153846,124.0,Long (120-149 min),68.889395,6.3,Medium (5-6.9),5080,Very High (5K+),Released
10996,Stuart Little 2,Stuart Little 2,en,2002-07-19,2002.0,Family | Adventure | Animation | Comedy,Family,120000000,169956806,49956806,1.4163067166666667,78.0,Short (<90 min),27.990284,5.4,Medium (5-6.9),613,Medium (100-999),Released
68724,Elysium,Elysium,en,2013-08-07,2013.0,Science Fiction | Action | Drama | Thriller,Science Fiction,115000000,286140700,171140700,2.48818,109.0,Standard (90-119 min),67.33767,6.4,Medium (5-6.9),3439,High (1K-4.9K),Released
2789,The Chronicles of Riddick,The Chronicles of Riddick,en,2004-06-11,2004.0,Action | Science Fiction,Action,105000000,115772733,10772733,1.1025974571428572,119.0,Standard (90-119 min),27.835436,6.3,Medium (5-6.9),1570,High (1K-4.9K),Released
97020,RoboCop,RoboCop,en,2014-01-30,2014.0,Action | Science Fiction,Action,120000000,242688965,122688965,2.0224080416666665,102.0,Standard (90-119 min),66.757869,5.7,Medium (5-6.9),2342,High (1K-4.9K),Released
7459,Speed Racer,Speed Racer,en,2008-05-09,2008.0,Action | Family | Science Fiction,Action,120000000,93945766,-26054234,0.7828813833333333,135.0,Long (120-149 min),17.060695,5.7,Medium (5-6.9),354,Medium (100-999),Released
42888,How Do You Know,How Do You Know,en,2010-12-17,2010.0,Comedy | Drama | Romance,Comedy,120000000,48668907,-71331093,0.405574225,121.0,Long (120-149 min),11.137655,4.9,Low (<5),223,Medium (100-999),Released
37834,Knight and Day,Knight and Day,en,2010-06-15,2010.0,Action | Comedy,Action,117000000,261930431,144930431,2.2387216324786325,109.0,Standard (90-119 min),44.906918,5.9,Medium (5-6.9),1547,High (1K-4.9K),Released
75612,Oblivion,Oblivion,en,2013-04-10,2013.0,Action | Science Fiction | Adventure | Mystery,Action,120000000,286168572,166168572,2.3847381,124.0,Long (120-149 min),67.698004,6.4,Medium (5-6.9),4800,High (1K-4.9K),Released
1895,Star Wars: Episode III - Revenge of the Sith,Star Wars: Episode III - Revenge of the Sith,en,2005-05-17,2005.0,Science Fiction | Adventure | Action,Science Fiction,113000000,850000000,737000000,7.522123893805309,140.0,Long (120-149 min),44.108427,7.1,Good (7-7.9),4116,High (1K-4.9K),Released
1894,Star Wars: Episode II - Attack of the Clones,Star Wars: Episode II - Attack of the Clones,en,2002-05-15,2002.0,Adventure | Action | Science Fiction,Adventure,120000000,649398328,529398328,5.411652733333334,142.0,Long (120-149 min),43.987061,6.4,Medium (5-6.9),3992,High (1K-4.9K),Released
585,"Monsters, Inc.","Monsters, Inc.",en,2001-11-01,2001.0,Animation | Comedy | Family,Animation,115000000,562816256,447816256,4.8940544,92.0,Standard (90-119 min),106.815545,7.5,Good (7-7.9),5996,Very High (5K+),Released
76170,The Wolverine,The Wolverine,en,2013-07-23,2013.0,Action | Science Fiction | Adventure | Fantasy,Action,120000000,415440673,295440673,3.4620056083333335,126.0,Long (120-149 min),15.953444,6.3,Medium (5-6.9),4053,High (1K-4.9K),Released
1893,Star Wars: Episode I - The Phantom Menace,Star Wars: Episode I - The Phantom Menace,en,1999-05-19,1999.0,Adventure | Action | Science Fiction,Adventure,115000000,924317558,809317558,8.037543982608696,136.0,Long (120-149 min),54.035265,6.3,Medium (5-6.9),4432,High (1K-4.9K),Released
49519,The Croods,The Croods,en,2013-03-20,2013.0,Adventure | Animation | Comedy | Family | Fantasy,Adventure,135000000,585178928,450178928,4.334658725925926,98.0,Standard (90-119 min),64.183321,6.8,Medium (5-6.9),2399,High (1K-4.9K),Released
2395,Asterix at the Olympic Games,Astérix aux Jeux Olympiques,fr,2008-01-13,2008.0,Fantasy | Adventure | Comedy | Family,Fantasy,97250400,132900000,35649600,1.366575355988253,116.0,Standard (90-119 min),20.344364,5.0,Medium (5-6.9),471,Medium (100-999),Released
12100,Windtalkers,Windtalkers,en,2002-06-14,2002.0,Drama | Action | History | War,Drama,115000000,77628265,-37371735,0.6750283913043478,134.0,Long (120-149 min),18.714197,5.8,Medium (5-6.9),341,Medium (100-999),Released
290595,The Huntsman: Winter's War,The Huntsman: Winter's War,en,2016-04-06,2016.0,Action | Adventure | Drama,Action,115000000,164602163,49602163,1.431323156521739,114.0,Standard (90-119 min),60.467984,6.0,Medium (5-6.9),1523,High (1K-4.9K),Released
98566,Teenage Mutant Ninja Turtles,Teenage Mutant Ninja Turtles,en,2014-08-07,2014.0,Science Fiction | Action | Adventure | Fantasy | Comedy,Science Fiction,125000000,477200000,352200000,3.8176,101.0,Standard (90-119 min),143.350376,5.8,Medium (5-6.9),2636,High (1K-4.9K),Released
49047,Gravity,Gravity,en,2013-09-27,2013.0,Science Fiction | Thriller | Drama,Science Fiction,105000000,716392705,611392705,6.822787666666667,91.0,Standard (90-119 min),110.153618,7.3,Good (7-7.9),5751,Very High (5K+),Released
9619,Dante's Peak,Dante's Peak,en,1997-02-07,1997.0,Action | Adventure | Thriller,Action,116000000,178127760,62127760,1.5355841379310344,108.0,Standard (90-119 min),16.90444,5.7,Medium (5-6.9),428,Medium (100-999),Released
308531,Teenage Mutant Ninja Turtles: Out of the Shadows,Teenage Mutant Ninja Turtles: Out of the Shadows,en,2016-06-01,2016.0,Fantasy | Action | Adventure | Comedy,Fantasy,135000000,245623848,110623848,1.8194359111111111,112.0,Standard (90-119 min),39.873791,5.8,Medium (5-6.9),963,Medium (100-999),Released
166424,Fantastic Four,Fantastic Four,en,2015-08-05,2015.0,Action | Adventure | Science Fiction,Action,120000000,167977596,47977596,1.3998133,100.0,Standard (90-119 min),38.126095,4.4,Low (<5),2278,High (1K-4.9K),Released
1593,Night at the Museum,Night at the Museum,en,2006-10-20,2006.0,Action | Adventure | Comedy | Family | Fantasy,Action,110000000,574480841,464480841,5.2225531,108.0,Standard (90-119 min),48.780039,6.3,Medium (5-6.9),2862,High (1K-4.9K),Released
254128,San Andreas,San Andreas,en,2015-05-27,2015.0,Action | Drama | Thriller,Action,110000000,470490832,360490832,4.277189381818181,114.0,Standard (90-119 min),100.412364,6.0,Medium (5-6.9),2968,High (1K-4.9K),Released
714,Tomorrow Never Dies,Tomorrow Never Dies,en,1997-12-11,1997.0,Adventure | Action | Thriller,Adventure,110000000,333011068,223011068,3.0273733454545453,119.0,Standard (90-119 min),42.887121,6.0,Medium (5-6.9),925,Medium (100-999),Released
2024,The Patriot,The Patriot,en,2000-06-28,2000.0,Drama | History | War | Action,Drama,110000000,215294342,105294342,1.957221290909091,165.0,Very Long (150+ min),23.657284,6.8,Medium (5-6.9),1099,High (1K-4.9K),Released
163,Ocean's Twelve,Ocean's Twelve,en,2004-12-09,2004.0,Thriller | Crime,Thriller,110000000,362744280,252744280,3.2976752727272727,125.0,Long (120-149 min),76.840712,6.4,Medium (5-6.9),2124,High (1K-4.9K),Released
787,Mr. & Mrs. Smith,Mr. & Mrs. Smith,en,2005-06-07,2005.0,Action | Comedy | Drama | Thriller,Action,110000000,478207520,368207520,4.347341090909091,120.0,Long (120-149 min),44.635452,6.5,Medium (5-6.9),2965,High (1K-4.9K),Released
262500,Insurgent,Insurgent,en,2015-03-18,2015.0,Adventure | Science Fiction | Thriller,Adventure,110000000,295238201,185238201,2.6839836454545454,119.0,Standard (90-119 min),103.718387,6.2,Medium (5-6.9),3829,High (1K-4.9K),Released
2567,The Aviator,The Aviator,en,2004-12-17,2004.0,Drama,Drama,116000000,102000000,-14000000,0.8793103448275862,170.0,Very Long (150+ min),45.616098,7.0,Good (7-7.9),1489,High (1K-4.9K),Released
38745,Gulliver's Travels,Gulliver's Travels,en,2010-12-25,2010.0,Comedy,Comedy,112000000,237382724,125382724,2.1194886071428574,85.0,Short (<90 min),22.845143,4.9,Low (<5),621,Medium (100-999),Released
40805,The Green Hornet,The Green Hornet,en,2011-01-12,2011.0,Action | Crime | Comedy,Action,120000000,227817248,107817248,1.8984770666666666,119.0,Standard (90-119 min),31.703608,5.5,Medium (5-6.9),1251,High (1K-4.9K),Released
53182,300: Rise of an Empire,300: Rise of an Empire,en,2014-03-05,2014.0,Action | War,Action,110000000,337580051,227580051,3.0689095545454546,102.0,Standard (90-119 min),71.510596,6.1,Medium (5-6.9),2397,High (1K-4.9K),Released
41513,The Smurfs,The Smurfs,en,2011-07-29,2011.0,Animation | Family | Adventure | Comedy | Fantasy,Animation,110000000,563749323,453749323,5.124993845454545,103.0,Standard (90-119 min),36.65422,5.5,Medium (5-6.9),1179,High (1K-4.9K),Released
13700,Home on the Range,Home on the Range,en,2004-04-02,2004.0,Animation | Family,Animation,110000000,103951461,-6048539,0.9450132818181818,76.0,Short (<90 min),19.625972,5.7,Medium (5-6.9),389,Medium (100-999),Released
262504,Allegiant,Allegiant,en,2016-03-09,2016.0,Adventure | Science Fiction,Adventure,110000000,179246868,69246868,1.6295169818181818,121.0,Long (120-149 min),86.105615,5.9,Medium (5-6.9),1998,High (1K-4.9K),Released
39254,Real Steel,Real Steel,en,2011-09-28,2011.0,Action | Science Fiction | Drama,Action,110000000,299268508,189268508,2.7206228,127.0,Long (120-149 min),37.195046,6.6,Medium (5-6.9),2692,High (1K-4.9K),Released
77931,The Smurfs 2,The Smurfs 2,en,2013-07-30,2013.0,Fantasy | Family | Comedy | Animation,Fantasy,105000000,347434178,242434178,3.308896933333333,105.0,Standard (90-119 min),32.473628,5.5,Medium (5-6.9),695,Medium (100-999),Released
1639,Speed 2: Cruise Control,Speed 2: Cruise Control,en,1997-06-13,1997.0,Action | Adventure | Thriller,Action,160000000,164508066,4508066,1.0281754125,121.0,Long (120-149 min),23.336875,4.1,Low (<5),434,Medium (100-999),Released
80274,Ender's Game,Ender's Game,en,2013-10-23,2013.0,Science Fiction | Action | Adventure,Science Fiction,110000000,125537191,15537191,1.1412471909090909,114.0,Standard (90-119 min),45.94834,6.6,Medium (5-6.9),2303,High (1K-4.9K),Released
1571,Live Free or Die Hard,Live Free or Die Hard,en,2007-06-20,2007.0,Action | Thriller,Action,110000000,383531464,273531464,3.486649672727273,128.0,Long (120-149 min),48.93337,6.4,Medium (5-6.9),2089,High (1K-4.9K),Released
120,The Lord of the Rings: The Fellowship of the Ring,The Lord of the Rings: The Fellowship of the Ring,en,2001-12-18,2001.0,Adventure | Fantasy | Action,Adventure,93000000,871368364,778368364,9.369552301075268,178.0,Very Long (150+ min),138.049577,8.0,Excellent (8+),8705,Very High (5K+),Released
10204,Around the World in 80 Days,Around the World in 80 Days,en,2004-06-16,2004.0,Action | Adventure | Comedy,Action,110000000,72178895,-37821105,0.6561717727272727,120.0,Long (120-149 min),22.643776,5.7,Medium (5-6.9),672,Medium (100-999),Released
8489,Ali,Ali,en,2001-12-11,2001.0,Drama,Drama,107000000,87713825,-19286175,0.8197553738317757,157.0,Very Long (150+ min),18.866672,6.7,Medium (5-6.9),447,Medium (100-999),Released
10588,The Cat in the Hat,The Cat in the Hat,en,2003-11-21,2003.0,Comedy | Fantasy | Family,Comedy,0,0,0,0.0,82.0,Short (<90 min),18.251129,4.9,Low (<5),366,Medium (100-999),Released
2048,"I, Robot","I, Robot",en,2004-07-15,2004.0,Action | Science Fiction,Action,120000000,347234916,227234916,2.8936243,115.0,Standard (90-119 min),95.914473,6.7,Medium (5-6.9),3793,High (1K-4.9K),Released
1495,Kingdom of Heaven,Kingdom of Heaven,en,2005-05-03,2005.0,Drama | Action | Adventure | History | War,Drama,130000000,211643158,81643158,1.6280242923076924,144.0,Long (120-149 min),44.490453,6.6,Medium (5-6.9),1157,High (1K-4.9K),Released
10137,Stuart Little,Stuart Little,en,1999-12-17,1999.0,Animation | Fantasy | Family | Comedy,Animation,133000000,300135367,167135367,2.256656894736842,84.0,Short (<90 min),30.475297,5.8,Medium (5-6.9),959,Medium (100-999),Released
10198,The Princess and the Frog,The Princess and the Frog,en,2009-12-08,2009.0,Romance | Family | Animation | Music,Romance,105000000,267045765,162045765,2.543293,97.0,Standard (90-119 min),62.479574,6.7,Medium (5-6.9),1247,High (1K-4.9K),Released
286217,The Martian,The Martian,en,2015-09-30,2015.0,Drama | Adventure | Science Fiction,Drama,108000000,630161890,522161890,5.834832314814815,141.0,Long (120-149 min),167.93287,7.6,Good (7-7.9),7268,Very High (5K+),Released
1635,The Island,The Island,en,2005-07-20,2005.0,Action | Thriller | Science Fiction | Adventure,Action,126000000,162949164,36949164,1.2932473333333334,136.0,Long (120-149 min),37.68056,6.5,Medium (5-6.9),1770,High (1K-4.9K),Released
24113,Town & Country,Town & Country,en,2001-04-27,2001.0,Comedy | Romance,Comedy,90000000,10372291,-79627709,0.11524767777777778,104.0,Standard (90-119 min),1.004579,3.7,Low (<5),16,Low (<100),Released
9679,Gone in Sixty Seconds,Gone in Sixty Seconds,en,2000-06-09,2000.0,Action | Crime | Thriller,Action,90000000,237202299,147202299,2.6355811,118.0,Standard (90-119 min),52.995628,6.1,Medium (5-6.9),1485,High (1K-4.9K),Released
98,Gladiator,Gladiator,en,2000-05-01,2000.0,Action | Drama | Adventure,Action,103000000,457640427,354640427,4.443110941747573,155.0,Very Long (150+ min),95.301296,7.9,Good (7-7.9),5439,Very High (5K+),Released
180,Minority Report,Minority Report,en,2002-06-20,2002.0,Action | Thriller | Science Fiction | Mystery,Action,102000000,358372926,256372926,3.5134600588235294,145.0,Long (120-149 min),65.948959,7.1,Good (7-7.9),2608,High (1K-4.9K),Released
672,Harry Potter and the Chamber of Secrets,Harry Potter and the Chamber of Secrets,en,2002-11-13,2002.0,Adventure | Fantasy | Family,Adventure,100000000,876688482,776688482,8.76688482,161.0,Very Long (150+ min),132.397737,7.4,Good (7-7.9),5815,Very High (5K+),Released
36557,Casino Royale,Casino Royale,en,2006-11-14,2006.0,Adventure | Action | Thriller,Adventure,150000000,599045960,449045960,3.9936397333333336,144.0,Long (120-149 min),88.935165,7.3,Good (7-7.9),3855,High (1K-4.9K),Released
869,Planet of the Apes,Planet of the Apes,en,2001-07-25,2001.0,Thriller | Science Fiction | Action | Adventure,Thriller,100000000,362211740,262211740,3.6221174,119.0,Standard (90-119 min),51.188633,5.6,Medium (5-6.9),1243,High (1K-4.9K),Released
280,Terminator 2: Judgment Day,Terminator 2: Judgment Day,en,1991-07-01,1991.0,Action | Thriller | Science Fiction,Action,100000000,520000000,420000000,5.2,137.0,Long (120-149 min),101.74155,7.7,Good (7-7.9),4185,High (1K-4.9K),Released
11322,Public Enemies,Public Enemies,en,2009-07-01,2009.0,History | Crime | Drama,History,80000000,214104620,134104620,2.67630775,140.0,Long (120-149 min),33.691694,6.5,Medium (5-6.9),1344,High (1K-4.9K),Released
4982,American Gangster,American Gangster,en,2007-11-02,2007.0,Drama | Crime,Drama,100000000,266465037,166465037,2.66465037,157.0,Very Long (150+ min),42.361215,7.4,Good (7-7.9),1502,High (1K-4.9K),Released
36955,True Lies,True Lies,en,1994-07-14,1994.0,Action | Thriller,Action,115000000,378882411,263882411,3.2946296608695653,141.0,Long (120-149 min),38.729418,6.8,Medium (5-6.9),1116,High (1K-4.9K),Released
18487,The Taking of Pelham 1 2 3,The Taking of Pelham 1 2 3,en,2009-06-11,2009.0,Thriller | Drama | Crime,Thriller,100000000,150166126,50166126,1.50166126,106.0,Standard (90-119 min),40.597856,6.2,Medium (5-6.9),954,Medium (100-999),Released
39451,Little Fockers,Little Fockers,en,2010-12-21,2010.0,Comedy | Romance,Comedy,100000000,310650585,210650585,3.10650585,98.0,Standard (90-119 min),32.389353,5.4,Medium (5-6.9),1060,High (1K-4.9K),Released
27581,The Other Guys,The Other Guys,en,2010-08-06,2010.0,Action | Comedy | Crime,Action,100000000,170432927,70432927,1.70432927,107.0,Standard (90-119 min),24.399642,6.1,Medium (5-6.9),1383,High (1K-4.9K),Released
9268,Eraser,Eraser,en,1996-06-21,1996.0,Action | Drama | Mystery | Thriller,Action,100000000,242295562,142295562,2.42295562,115.0,Standard (90-119 min),24.507987,5.6,Medium (5-6.9),543,Medium (100-999),Released
68718,Django Unchained,Django Unchained,en,2012-12-25,2012.0,Drama | Western,Drama,100000000,425368238,325368238,4.25368238,165.0,Very Long (150+ min),82.121691,7.8,Good (7-7.9),10099,Very High (5K+),Released
10545,The Hunchback of Notre Dame,The Hunchback of Notre Dame,en,1996-06-21,1996.0,Drama | Animation | Family,Drama,100000000,100138851,138851,1.00138851,91.0,Standard (90-119 min),46.727941,6.8,Medium (5-6.9),1129,High (1K-4.9K),Released
11688,The Emperor's New Groove,The Emperor's New Groove,en,2000-12-09,2000.0,Adventure | Animation | Comedy | Family | Fantasy,Adventure,100000000,169327687,69327687,1.69327687,78.0,Short (<90 min),51.113717,7.2,Good (7-7.9),1490,High (1K-4.9K),Released
76163,The Expendables 2,The Expendables 2,en,2012-08-08,2012.0,Action | Adventure | Thriller,Action,100000000,312573423,212573423,3.12573423,103.0,Standard (90-119 min),53.732892,6.1,Medium (5-6.9),2896,High (1K-4.9K),Released
2059,National Treasure,National Treasure,en,2004-11-19,2004.0,Adventure | Action | Thriller | Mystery,Adventure,100000000,347451894,247451894,3.47451894,131.0,Long (120-149 min),58.849256,6.4,Medium (5-6.9),1926,High (1K-4.9K),Released
2486,Eragon,Eragon,en,2006-12-14,2006.0,Fantasy | Action | Adventure | Family,Fantasy,100000000,249288105,149288105,2.49288105,104.0,Standard (90-119 min),30.863434,4.9,Low (<5),967,Medium (100-999),Released
16523,Where the Wild Things Are,Where the Wild Things Are,en,2009-10-16,2009.0,Family | Fantasy,Family,100000000,100086793,86793,1.00086793,101.0,Standard (90-119 min),31.586215,6.4,Medium (5-6.9),572,Medium (100-999),Released
116711,Epic,Epic,en,2013-05-15,2013.0,Animation | Adventure | Family | Fantasy,Animation,100000000,268426634,168426634,2.68426634,102.0,Standard (90-119 min),36.711378,6.4,Medium (5-6.9),1121,High (1K-4.9K),Released
37710,The Tourist,The Tourist,en,2010-12-08,2010.0,Action | Thriller | Romance,Action,100000000,278731369,178731369,2.78731369,103.0,Standard (90-119 min),41.426678,6.0,Medium (5-6.9),1699,High (1K-4.9K),Released
9946,End of Days,End of Days,en,1999-11-24,1999.0,Action | Fantasy | Horror | Mystery,Action,100000000,211989043,111989043,2.11989043,121.0,Long (120-149 min),20.652943,5.5,Medium (5-6.9),482,Medium (100-999),Released
1372,Blood Diamond,Blood Diamond,en,2006-12-07,2006.0,Drama | Thriller | Action,Drama,100000000,170877916,70877916,1.70877916,143.0,Long (120-149 min),52.792678,7.3,Good (7-7.9),2281,High (1K-4.9K),Released
106646,The Wolf of Wall Street,The Wolf of Wall Street,en,2013-12-25,2013.0,Crime | Drama | Comedy,Crime,100000000,392000694,292000694,3.92000694,180.0,Very Long (150+ min),95.007934,7.9,Good (7-7.9),6571,Very High (5K+),Released
414,Batman Forever,Batman Forever,en,1995-05-31,1995.0,Action | Crime | Fantasy,Action,100000000,336529144,236529144,3.36529144,121.0,Long (120-149 min),48.205606,5.2,Medium (5-6.9),1498,High (1K-4.9K),Released
563,Starship Troopers,Starship Troopers,en,1997-11-06,1997.0,Adventure | Action | Thriller | Science Fiction,Adventure,105000000,121214377,16214377,1.154422638095238,129.0,Long (120-149 min),58.782359,6.7,Medium (5-6.9),1560,High (1K-4.9K),Released
83542,Cloud Atlas,Cloud Atlas,en,2012-10-26,2012.0,Drama | Science Fiction,Drama,102000000,130482868,28482868,1.2792438039215686,172.0,Very Long (150+ min),73.872343,6.6,Medium (5-6.9),2977,High (1K-4.9K),Released
41216,Legend of the Guardians: The Owls of Ga'Hoole,Legend of the Guardians: The Owls of Ga'Hoole,en,2010-07-10,2010.0,Animation | Adventure | Family | Fantasy,Animation,80000000,140073390,60073390,1.750917375,97.0,Standard (90-119 min),37.321848,6.5,Medium (5-6.9),703,Medium (100-999),Released
314,Catwoman,Catwoman,en,2004-07-22,2004.0,Action | Crime,Action,100000000,82102379,-17897621,0.82102379,104.0,Standard (90-119 min),32.271938,4.2,Low (<5),808,Medium (100-999),Released
184315,Hercules,Hercules,en,2014-07-23,2014.0,Action | Adventure,Action,100000000,243400000,143400000,2.434,99.0,Standard (90-119 min),76.842247,5.6,Medium (5-6.9),1680,High (1K-4.9K),Released
9016,Treasure Planet,Treasure Planet,en,2002-11-26,2002.0,Adventure | Animation | Family | Fantasy | Science Fiction,Adventure,140000000,109578115,-30421885,0.7827008214285714,95.0,Standard (90-119 min),38.924136,7.2,Good (7-7.9),948,Medium (100-999),Released
18162,Land of the Lost,Land of the Lost,en,2009-06-05,2009.0,Adventure | Comedy | Science Fiction,Adventure,100000000,68688831,-31311169,0.68688831,102.0,Standard (90-119 min),19.38841,5.3,Medium (5-6.9),381,Medium (100-999),Released
138103,The Expendables 3,The Expendables 3,en,2014-08-04,2014.0,Action | Adventure | Thriller,Action,90000000,206172544,116172544,2.2908060444444445,127.0,Long (120-149 min),61.025639,6.1,Medium (5-6.9),1795,High (1K-4.9K),Released
257088,Point Break,Point Break,en,2015-12-03,2015.0,Action | Crime | Thriller,Action,105000000,133718711,28718711,1.2735115333333333,114.0,Standard (90-119 min),33.507289,5.5,Medium (5-6.9),783,Medium (100-999),Released
10214,Son of the Mask,Son of the Mask,en,2005-02-18,2005.0,Fantasy | Comedy | Family | Adventure,Fantasy,84000000,0,-84000000,0.0,94.0,Standard (90-119 min),17.815595,3.6,Low (<5),338,Medium (100-999),Released
205775,In the Heart of the Sea,In the Heart of the Sea,en,2015-11-20,2015.0,Thriller | Drama | Adventure | Action | History,Thriller,100000000,93820758,-6179242,0.93820758,122.0,Long (120-149 min),50.767332,6.5,Medium (5-6.9),1276,High (1K-4.9K),Released
11692,The Adventures of Pluto Nash,The Adventures of Pluto Nash,en,2002-08-15,2002.0,Action | Comedy | Science Fiction,Action,100000000,7103973,-92896027,0.07103973,95.0,Standard (90-119 min),12.092241,4.4,Low (<5),142,Medium (100-999),Released
22972,Green Zone,Green Zone,en,2010-03-11,2010.0,War | Action | Adventure | Drama | Thriller,War,100000000,94882889,-5117111,0.94882889,115.0,Standard (90-119 min),30.254021,6.4,Medium (5-6.9),717,Medium (100-999),Released
227973,The Peanuts Movie,The Peanuts Movie,en,2015-11-05,2015.0,Animation,Animation,99000000,246233113,147233113,2.4872031616161614,88.0,Short (<90 min),34.308098,6.5,Medium (5-6.9),604,Medium (100-999),Released
29193,The Spanish Prisoner,The Spanish Prisoner,en,1997-09-08,1997.0,Crime | Drama | Mystery | Thriller,Crime,10000000,13835130,3835130,1.383513,110.0,Standard (90-119 min),3.091077,7.1,Good (7-7.9),73,Low (<100),Released
1734,The Mummy Returns,The Mummy Returns,en,2001-04-28,2001.0,Adventure | Action | Fantasy,Adventure,98000000,433013274,335013274,4.418502795918367,130.0,Long (120-149 min),41.862983,6.0,Medium (5-6.9),2206,High (1K-4.9K),Released
3131,Gangs of New York,Gangs of New York,en,2002-12-14,2002.0,Drama | History | Crime,Drama,100000000,193772504,93772504,1.93772504,167.0,Very Long (150+ min),46.160048,7.1,Good (7-7.9),1910,High (1K-4.9K),Released
76758,The Flowers of War,金陵十三釵,zh,2011-12-15,2011.0,Drama | History | War,Drama,94000000,95311434,1311434,1.0139514255319149,145.0,Long (120-149 min),12.516546,7.1,Good (7-7.9),187,Medium (100-999),Released
9408,Surf's Up,Surf's Up,en,2007-06-08,2007.0,Animation | Comedy | Family,Animation,85000000,149044513,64044513,1.7534648588235293,85.0,Short (<90 min),23.230851,5.9,Medium (5-6.9),601,Medium (100-999),Released
9890,The Stepford Wives,The Stepford Wives,en,2004-06-10,2004.0,Action | Comedy | Science Fiction,Action,90000000,102000000,12000000,1.1333333333333333,93.0,Standard (90-119 min),19.224754,5.4,Medium (5-6.9),334,Medium (100-999),Released
855,Black Hawk Down,Black Hawk Down,en,2001-12-28,2001.0,Action | History | War,Action,92000000,172989651,80989651,1.8803222934782609,144.0,Long (120-149 min),44.455166,7.2,Good (7-7.9),1811,High (1K-4.9K),Released
77953,The Campaign,The Campaign,en,2012-08-09,2012.0,Comedy,Comedy,0,104907746,104907746,0.0,85.0,Short (<90 min),16.460356,5.6,Medium (5-6.9),578,Medium (100-999),Released
18,The Fifth Element,The Fifth Element,en,1997-05-07,1997.0,Adventure | Fantasy | Action | Thriller | Science Fiction,Adventure,90000000,263920180,173920180,2.9324464444444445,126.0,Long (120-149 min),109.528572,7.3,Good (7-7.9),3885,High (1K-4.9K),Released
37786,Sex and the City 2,Sex and the City 2,en,2010-05-26,2010.0,Comedy | Drama | Romance,Comedy,100000000,288347692,188347692,2.88347692,146.0,Long (120-149 min),18.325897,5.4,Medium (5-6.9),426,Medium (100-999),Released
10501,The Road to El Dorado,The Road to El Dorado,en,2000-03-31,2000.0,Adventure | Animation | Comedy | Family,Adventure,95000000,76432727,-18567273,0.8045550210526315,89.0,Short (<90 min),37.054554,7.0,Good (7-7.9),858,Medium (100-999),Released
57800,Ice Age: Continental Drift,Ice Age: Continental Drift,en,2012-06-26,2012.0,Animation | Comedy | Adventure | Family,Animation,95000000,877244782,782244782,9.2341556,88.0,Short (<90 min),65.229868,6.2,Medium (5-6.9),2672,High (1K-4.9K),Released
150689,Cinderella,Cinderella,en,2015-03-12,2015.0,Romance | Fantasy | Family | Drama,Romance,95000000,543514353,448514353,5.721203715789474,105.0,Standard (90-119 min),101.187052,6.7,Medium (5-6.9),2374,High (1K-4.9K),Released
7980,The Lovely Bones,The Lovely Bones,en,2009-12-26,2009.0,Fantasy | Drama,Fantasy,65000000,93525586,28525586,1.4388551692307692,136.0,Long (120-149 min),29.257137,6.6,Medium (5-6.9),1065,High (1K-4.9K),Released
12,Finding Nemo,Finding Nemo,en,2003-05-30,2003.0,Animation | Family,Animation,94000000,940335536,846335536,10.003569531914893,100.0,Standard (90-119 min),85.688789,7.6,Good (7-7.9),6122,Very High (5K+),Released
122,The Lord of the Rings: The Return of the King,The Lord of the Rings: The Return of the King,en,2003-12-01,2003.0,Adventure | Fantasy | Action,Adventure,94000000,1118888979,1024888979,11.903074244680852,201.0,Very Long (150+ min),123.630332,8.1,Excellent (8+),8064,Very High (5K+),Released
121,The Lord of the Rings: The Two Towers,The Lord of the Rings: The Two Towers,en,2002-12-18,2002.0,Adventure | Fantasy | Action,Adventure,79000000,926287400,847287400,11.725156962025316,179.0,Very Long (150+ min),106.914973,8.0,Excellent (8+),7487,Very High (5K+),Released
68737,Seventh Son,Seventh Son,en,2014-12-12,2014.0,Adventure | Fantasy,Adventure,95000000,114178613,19178613,1.2018801368421053,102.0,Standard (90-119 min),63.628459,5.2,Medium (5-6.9),957,Medium (100-999),Released
1995,Lara Croft: Tomb Raider,Lara Croft: Tomb Raider,en,2001-06-11,2001.0,Adventure | Fantasy | Action | Thriller,Adventure,115000000,274703340,159703340,2.388724695652174,100.0,Standard (90-119 min),41.498631,5.7,Medium (5-6.9),2192,High (1K-4.9K),Released
157353,Transcendence,Transcendence,en,2014-04-16,2014.0,Thriller | Science Fiction | Drama | Mystery,Thriller,100000000,103039258,3039258,1.03039258,119.0,Standard (90-119 min),58.991388,5.9,Medium (5-6.9),2295,High (1K-4.9K),Released
331,Jurassic Park III,Jurassic Park III,en,2001-07-18,2001.0,Adventure | Action | Thriller | Science Fiction,Adventure,93000000,368780809,275780809,3.9653850430107527,92.0,Standard (90-119 min),1.859364,5.7,Medium (5-6.9),2077,High (1K-4.9K),Released
61791,Rise of the Planet of the Apes,Rise of the Planet of the Apes,en,2011-08-03,2011.0,Thriller | Action | Drama | Science Fiction,Thriller,93000000,482860185,389860185,5.192045,105.0,Standard (90-119 min),138.433168,7.0,Good (7-7.9),4347,High (1K-4.9K),Released
8204,The Spiderwick Chronicles,The Spiderwick Chronicles,en,2008-02-14,2008.0,Adventure | Family | Fantasy,Adventure,90000000,162839667,72839667,1.8093296333333333,95.0,Standard (90-119 min),21.436682,6.3,Medium (5-6.9),572,Medium (100-999),Released
47964,A Good Day to Die Hard,A Good Day to Die Hard,en,2013-02-06,2013.0,Action | Thriller,Action,92000000,304654182,212654182,3.3114585,98.0,Standard (90-119 min),65.402595,5.2,Medium (5-6.9),3493,High (1K-4.9K),Released
10733,The Alamo,The Alamo,en,2004-04-07,2004.0,Western | History | War,Western,145000000,25819961,-119180039,0.17806869655172414,137.0,Long (120-149 min),10.660441,5.8,Medium (5-6.9),106,Medium (100-999),Released
9806,The Incredibles,The Incredibles,en,2004-11-05,2004.0,Action | Adventure | Animation | Family,Action,92000000,631442092,539442092,6.863501,115.0,Standard (90-119 min),77.817571,7.4,Good (7-7.9),5152,Very High (5K+),Released
1408,Cutthroat Island,Cutthroat Island,en,1995-12-22,1995.0,Action | Adventure,Action,98000000,10017322,-87982678,0.10221757142857144,119.0,Standard (90-119 min),7.029308,5.7,Medium (5-6.9),136,Medium (100-999),Released
32657,Percy Jackson & the Olympians: The Lightning Thief,Percy Jackson & the Olympians: The Lightning Thief,en,2010-02-01,2010.0,Adventure | Fantasy | Family,Adventure,95000000,226497209,131497209,2.384181147368421,118.0,Standard (90-119 min),61.121717,6.0,Medium (5-6.9),2010,High (1K-4.9K),Released
607,Men in Black,Men in Black,en,1997-07-02,1997.0,Action | Adventure | Comedy | Science Fiction,Action,90000000,589390539,499390539,6.548783766666666,98.0,Standard (90-119 min),104.121555,6.9,Medium (5-6.9),4412,High (1K-4.9K),Released
863,Toy Story 2,Toy Story 2,en,1999-10-30,1999.0,Animation | Comedy | Family,Animation,90000000,497366869,407366869,5.526298544444445,92.0,Standard (90-119 min),73.575118,7.3,Good (7-7.9),3806,High (1K-4.9K),Released
44048,Unstoppable,Unstoppable,en,2010-11-04,2010.0,Action | Thriller,Action,100000000,167805466,67805466,1.67805466,98.0,Standard (90-119 min),37.698465,6.3,Medium (5-6.9),1165,High (1K-4.9K),Released
5175,Rush Hour 2,Rush Hour 2,en,2001-08-03,2001.0,Action | Comedy | Crime | Thriller,Action,90000000,347325802,257325802,3.8591755777777776,90.0,Standard (90-119 min),35.814765,6.4,Medium (5-6.9),1054,High (1K-4.9K),Released
2655,What Lies Beneath,What Lies Beneath,en,2000-07-21,2000.0,Drama | Horror | Mystery | Thriller,Drama,100000000,155464351,55464351,1.55464351,130.0,Long (120-149 min),15.835672,6.3,Medium (5-6.9),488,Medium (100-999),Released
22794,Cloudy with a Chance of Meatballs,Cloudy with a Chance of Meatballs,en,2009-09-17,2009.0,Animation | Comedy | Family,Animation,100000000,242988466,142988466,2.42988466,90.0,Standard (90-119 min),46.781182,6.5,Medium (5-6.9),1747,High (1K-4.9K),Released
8355,Ice Age: Dawn of the Dinosaurs,Ice Age: Dawn of the Dinosaurs,en,2009-06-29,2009.0,Animation | Comedy | Family | Adventure,Animation,90000000,886686817,796686817,9.852075744444445,94.0,Standard (90-119 min),69.457898,6.5,Medium (5-6.9),2271,High (1K-4.9K),Released
116745,The Secret Life of Walter Mitty,The Secret Life of Walter Mitty,en,2013-12-18,2013.0,Adventure | Comedy | Drama | Fantasy,Adventure,90000000,188133322,98133322,2.0903702444444443,114.0,Standard (90-119 min),43.348022,7.0,Good (7-7.9),3144,High (1K-4.9K),Released
4327,Charlie's Angels,Charlie's Angels,en,2000-11-02,2000.0,Action | Adventure | Comedy | Crime | Thriller,Action,92000000,264105545,172105545,2.870712445652174,98.0,Standard (90-119 min),40.20395,5.6,Medium (5-6.9),1232,High (1K-4.9K),Released
1422,The Departed,The Departed,en,2006-10-05,2006.0,Drama | Thriller | Crime,Drama,90000000,289847354,199847354,3.2205261555555555,151.0,Very Long (150+ min),63.429157,7.9,Good (7-7.9),4339,High (1K-4.9K),Released
10674,Mulan,Mulan,en,1998-06-18,1998.0,Animation | Family | Adventure,Animation,90000000,304320254,214320254,3.3813361555555557,88.0,Short (<90 min),67.427755,7.6,Good (7-7.9),2008,High (1K-4.9K),Released
7446,Tropic Thunder,Tropic Thunder,en,2008-08-09,2008.0,Action | Comedy,Action,92000000,188072649,96072649,2.0442679239130435,107.0,Standard (90-119 min),43.192048,6.5,Medium (5-6.9),1667,High (1K-4.9K),Released
65754,The Girl with the Dragon Tattoo,The Girl with the Dragon Tattoo,en,2011-12-14,2011.0,Thriller | Crime | Mystery | Drama,Thriller,90000000,232617430,142617430,2.584638111111111,158.0,Very Long (150+ min),47.651083,7.2,Good (7-7.9),2434,High (1K-4.9K),Released
1572,Die Hard: With a Vengeance,Die Hard: With a Vengeance,en,1995-05-19,1995.0,Action | Thriller,Action,90000000,366101666,276101666,4.067796288888889,128.0,Long (120-149 min),51.881077,6.9,Medium (5-6.9),2066,High (1K-4.9K),Released
10528,Sherlock Holmes,Sherlock Holmes,en,2009-12-23,2009.0,Action | Adventure | Crime | Mystery,Action,90000000,524028679,434028679,5.822540877777778,128.0,Long (120-149 min),57.834787,7.0,Good (7-7.9),5766,Very High (5K+),Released
271969,Ben-Hur,Ben-Hur,en,2016-08-17,2016.0,Drama,Drama,100000000,94061311,-5938689,0.94061311,125.0,Long (120-149 min),29.608322,5.3,Medium (5-6.9),621,Medium (100-999),Released
10865,Atlantis: The Lost Empire,Atlantis: The Lost Empire,en,2001-06-02,2001.0,Animation | Family | Adventure | Science Fiction,Animation,120000000,186053725,66053725,1.5504477083333332,95.0,Standard (90-119 min),51.548589,6.7,Medium (5-6.9),1224,High (1K-4.9K),Released
258509,Alvin and the Chipmunks: The Road Chip,Alvin and the Chipmunks: The Road Chip,en,2015-12-17,2015.0,Adventure | Animation | Comedy | Family,Adventure,0,233755553,233755553,0.0,92.0,Standard (90-119 min),27.867368,5.8,Medium (5-6.9),428,Medium (100-999),Released
2253,Valkyrie,Valkyrie,en,2008-12-25,2008.0,Drama | Thriller | History | War,Drama,75000000,200276000,125276000,2.6703466666666666,121.0,Long (120-149 min),38.832842,6.7,Medium (5-6.9),1173,High (1K-4.9K),Released
10661,You Don't Mess with the Zohan,You Don't Mess with the Zohan,en,2008-06-05,2008.0,Comedy | Action,Comedy,90000000,201596308,111596308,2.239958977777778,113.0,Standard (90-119 min),40.597344,5.5,Medium (5-6.9),1048,High (1K-4.9K),Released
257344,Pixels,Pixels,en,2015-07-16,2015.0,Action | Comedy | Science Fiction,Action,88000000,243637091,155637091,2.7686033068181817,105.0,Standard (90-119 min),140.849495,5.6,Medium (5-6.9),2513,High (1K-4.9K),Released
644,A.I. Artificial Intelligence,A.I. Artificial Intelligence,en,2001-06-29,2001.0,Drama | Science Fiction | Adventure,Drama,100000000,235926552,135926552,2.35926552,146.0,Long (120-149 min),34.035114,6.8,Medium (5-6.9),1974,High (1K-4.9K),Released
10756,The Haunted Mansion,The Haunted Mansion,en,2003-11-25,2003.0,Thriller | Fantasy | Comedy | Family | Mystery,Thriller,90000000,182290266,92290266,2.0254474,99.0,Standard (90-119 min),16.302378,5.2,Medium (5-6.9),466,Medium (100-999),Released
686,Contact,Contact,en,1997-07-11,1997.0,Drama | Science Fiction | Mystery,Drama,90000000,171120329,81120329,1.901336988888889,150.0,Very Long (150+ min),55.249434,7.2,Good (7-7.9),1308,High (1K-4.9K),Released
9383,Hollow Man,Hollow Man,en,2000-08-04,2000.0,Action | Science Fiction | Thriller,Action,95000000,190213455,95213455,2.002246894736842,112.0,Standard (90-119 min),28.200874,5.6,Medium (5-6.9),634,Medium (100-999),Released
179,The Interpreter,The Interpreter,en,2005-04-08,2005.0,Crime | Thriller,Crime,80000000,162944923,82944923,2.0368115375,128.0,Long (120-149 min),18.69984,6.2,Medium (5-6.9),392,Medium (100-999),Released
76285,Percy Jackson: Sea of Monsters,Percy Jackson: Sea of Monsters,en,2013-08-07,2013.0,Adventure | Family | Fantasy,Adventure,90000000,174578751,84578751,1.9397639,106.0,Standard (90-119 min),40.262261,5.9,Medium (5-6.9),1648,High (1K-4.9K),Released
1996,Lara Croft Tomb Raider: The Cradle of Life,Lara Croft Tomb Raider: The Cradle of Life,en,2003-07-21,2003.0,Action | Adventure | Fantasy | Thriller,Action,95000000,156505388,61505388,1.6474251368421053,117.0,Standard (90-119 min),56.811056,5.5,Medium (5-6.9),1418,High (1K-4.9K),Released
291805,Now You See Me 2,Now You See Me 2,en,2016-06-02,2016.0,Action | Adventure | Comedy | Crime | Mystery | Thriller,Action,90000000,334901337,244901337,3.7211259666666665,129.0,Long (120-149 min),51.535701,6.7,Medium (5-6.9),3235,High (1K-4.9K),Released
10003,The Saint,The Saint,en,1997-04-03,1997.0,Thriller | Action | Romance | Science Fiction | Adventure,Thriller,68000000,118063304,50063304,1.7362250588235295,116.0,Standard (90-119 min),20.913852,5.9,Medium (5-6.9),302,Medium (100-999),Released
1535,Spy Game,Spy Game,en,2001-11-18,2001.0,Action | Crime | Thriller,Action,92000000,143049560,51049560,1.5548865217391303,126.0,Long (120-149 min),27.166757,6.8,Medium (5-6.9),579,Medium (100-999),Released
2067,Mission to Mars,Mission to Mars,en,2000-03-10,2000.0,Science Fiction,Science Fiction,90000000,60874615,-29125385,0.6763846111111111,114.0,Standard (90-119 min),16.058284,5.7,Medium (5-6.9),369,Medium (100-999),Released
46195,Rio,Rio,en,2011-04-03,2011.0,Animation | Adventure | Comedy | Family,Animation,90000000,484635760,394635760,5.384841777777778,96.0,Standard (90-119 min),46.200042,6.5,Medium (5-6.9),2166,High (1K-4.9K),Released
2277,Bicentennial Man,Bicentennial Man,en,1999-12-17,1999.0,Comedy | Science Fiction,Comedy,100000000,93700000,-6300000,0.937,131.0,Long (120-149 min),24.939295,6.9,Medium (5-6.9),963,Medium (100-999),Released
10357,Volcano,Volcano,en,1997-04-25,1997.0,Science Fiction | Action | Drama | Thriller,Science Fiction,90000000,0,-90000000,0.0,104.0,Standard (90-119 min),19.836124,5.2,Medium (5-6.9),376,Medium (100-999),Released
4477,The Devil's Own,The Devil's Own,en,1997-03-12,1997.0,Crime | Thriller | Drama,Crime,90000000,140807547,50807547,1.5645283,107.0,Standard (90-119 min),15.350451,5.9,Medium (5-6.9),290,Medium (100-999),Released
8665,K-19: The Widowmaker,K-19: The Widowmaker,en,2002-07-19,2002.0,Drama | History | Thriller,Drama,100000000,35168966,-64831034,0.35168966,138.0,Long (120-149 min),15.625949,6.1,Medium (5-6.9),264,Medium (100-999),Released
9387,Conan the Barbarian,Conan the Barbarian,en,1982-04-02,1982.0,Adventure | Fantasy | Action,Adventure,20000000,79114085,59114085,3.95570425,129.0,Long (120-149 min),31.802807,6.6,Medium (5-6.9),650,Medium (100-999),Released
921,Cinderella Man,Cinderella Man,en,2005-06-02,2005.0,Romance | Drama | History,Romance,88000000,108539911,20539911,1.2334080795454545,144.0,Long (120-149 min),24.100863,7.3,Good (7-7.9),616,Medium (100-999),Released
49852,The Nutcracker: The Untold Story,The Nutcracker: The Untold Story,en,2010-11-24,2010.0,Fantasy | Action | Family,Fantasy,90000000,16178959,-73821041,0.1797662111111111,110.0,Standard (90-119 min),3.593349,5.4,Medium (5-6.9),50,Low (<100),Released
4464,Seabiscuit,Seabiscuit,en,2003-07-22,2003.0,Drama | History,Drama,87000000,148336445,61336445,1.7050166091954022,141.0,Long (120-149 min),14.824166,6.7,Medium (5-6.9),216,Medium (100-999),Released
664,Twister,Twister,en,1996-05-10,1996.0,Action | Adventure | Drama,Action,92000000,494471524,402471524,5.374690478260869,113.0,Standard (90-119 min),32.079995,6.1,Medium (5-6.9),950,Medium (100-999),Released
8358,Cast Away,Cast Away,en,2000-12-22,2000.0,Adventure | Drama,Adventure,90000000,429632142,339632142,4.773690466666666,143.0,Long (120-149 min),57.739713,7.5,Good (7-7.9),3218,High (1K-4.9K),Released
9836,Happy Feet,Happy Feet,en,2006-11-16,2006.0,Animation | Comedy,Animation,100000000,384335608,284335608,3.84335608,108.0,Standard (90-119 min),37.272385,5.9,Medium (5-6.9),1410,High (1K-4.9K),Released
2502,The Bourne Supremacy,The Bourne Supremacy,en,2004-07-23,2004.0,Action | Drama | Thriller,Action,75000000,288500217,213500217,3.84666956,108.0,Standard (90-119 min),53.213931,7.2,Good (7-7.9),2825,High (1K-4.9K),Released
9772,Air Force One,Air Force One,en,1997-07-25,1997.0,Action | Thriller,Action,85000000,315156409,230156409,3.7077224588235294,124.0,Long (120-149 min),36.38795,6.2,Medium (5-6.9),840,Medium (100-999),Released
161,Ocean's Eleven,Ocean's Eleven,en,2001-12-07,2001.0,Thriller | Crime,Thriller,85000000,450717150,365717150,5.302554705882353,116.0,Standard (90-119 min),60.929352,7.2,Good (7-7.9),3783,High (1K-4.9K),Released
52451,The Three Musketeers,The Three Musketeers,en,2011-08-31,2011.0,Adventure | Action | Thriller,Adventure,75000000,132274484,57274484,1.7636597866666666,110.0,Standard (90-119 min),36.605246,5.6,Medium (5-6.9),924,Medium (100-999),Released
76492,Hotel Transylvania,Hotel Transylvania,en,2012-09-20,2012.0,Animation | Comedy | Family | Fantasy,Animation,85000000,358375603,273375603,4.216183564705882,91.0,Standard (90-119 min),56.257411,6.8,Medium (5-6.9),2566,High (1K-4.9K),Released
4523,Enchanted,Enchanted,en,2007-11-20,2007.0,Comedy | Family | Fantasy | Romance,Comedy,85000000,340487652,255487652,4.005737082352941,107.0,Standard (90-119 min),29.21998,6.6,Medium (5-6.9),1449,High (1K-4.9K),Released
59961,Safe House,Safe House,en,2012-02-09,2012.0,Action | Thriller,Action,85000000,208076205,123076205,2.4479553529411766,115.0,Standard (90-119 min),34.773106,6.3,Medium (5-6.9),1345,High (1K-4.9K),Released
10481,102 Dalmatians,102 Dalmatians,en,2000-10-07,2000.0,Comedy | Family,Comedy,85000000,183611771,98611771,2.160138482352941,100.0,Standard (90-119 min),9.895061,5.1,Medium (5-6.9),313,Medium (100-999),Released
59108,Tower Heist,Tower Heist,en,2011-11-02,2011.0,Action | Comedy,Action,75000000,152930623,77930623,2.0390749733333333,104.0,Standard (90-119 min),36.743324,5.8,Medium (5-6.9),932,Medium (100-999),Released
1581,The Holiday,The Holiday,en,2006-12-08,2006.0,Comedy | Romance,Comedy,85000000,194168700,109168700,2.2843376470588237,136.0,Long (120-149 min),44.967453,6.7,Medium (5-6.9),1225,High (1K-4.9K),Released
9798,Enemy of the State,Enemy of the State,en,1998-11-20,1998.0,Action | Drama | Thriller,Action,90000000,250649836,160649836,2.7849981777777777,132.0,Long (120-149 min),41.207568,6.7,Medium (5-6.9),1240,High (1K-4.9K),Released
22897,It's Complicated,It's Complicated,en,2009-12-23,2009.0,Comedy | Romance,Comedy,85000000,219103655,134103655,2.577690058823529,121.0,Long (120-149 min),16.479851,6.2,Medium (5-6.9),360,Medium (100-999),Released
298,Ocean's Thirteen,Ocean's Thirteen,en,2007-06-07,2007.0,Crime | Thriller,Crime,85000000,311312624,226312624,3.6625014588235296,122.0,Long (120-149 min),42.069993,6.5,Medium (5-6.9),1999,High (1K-4.9K),Released
7484,Open Season,Open Season,en,2006-09-29,2006.0,Adventure | Animation | Family,Adventure,85000000,197309027,112309027,2.3212826705882352,83.0,Short (<90 min),26.61951,6.1,Medium (5-6.9),656,Medium (100-999),Released
157350,Divergent,Divergent,en,2014-03-14,2014.0,Adventure | Action | Science Fiction,Adventure,85000000,288747895,203747895,3.3970340588235293,139.0,Long (120-149 min),80.316463,6.9,Medium (5-6.9),4663,High (1K-4.9K),Released
853,Enemy at the Gates,Enemy at the Gates,en,2001-03-13,2001.0,War,War,68000000,96976270,28976270,1.4261216176470588,131.0,Long (120-149 min),41.273567,7.2,Good (7-7.9),999,Medium (100-999),Released
10159,The Rundown,The Rundown,en,2003-09-26,2003.0,Adventure | Action | Comedy | Thriller,Adventure,85000000,80916492,-4083508,0.9519587294117647,104.0,Standard (90-119 min),24.107835,6.4,Medium (5-6.9),514,Medium (100-999),Released
9593,Last Action Hero,Last Action Hero,en,1993-06-18,1993.0,Adventure | Fantasy | Action | Comedy | Family,Adventure,85000000,137298489,52298489,1.6152763411764706,130.0,Long (120-149 min),32.044191,6.1,Medium (5-6.9),712,Medium (100-999),Released
1904,Memoirs of a Geisha,Memoirs of a Geisha,en,2005-12-06,2005.0,Drama | History | Romance,Drama,85000000,162242962,77242962,1.9087407294117646,145.0,Long (120-149 min),16.595874,7.3,Good (7-7.9),652,Medium (100-999),Released
9615,The Fast and the Furious: Tokyo Drift,The Fast and the Furious: Tokyo Drift,en,2006-06-03,2006.0,Action | Crime | Drama | Thriller,Action,85000000,158468292,73468292,1.8643328470588236,104.0,Standard (90-119 min),8.282876,6.1,Medium (5-6.9),1705,High (1K-4.9K),Released
51052,Arthur Christmas,Arthur Christmas,en,2011-02-22,2011.0,Drama | Animation | Family | Comedy,Drama,0,0,0,0.0,97.0,Standard (90-119 min),19.83683,6.7,Medium (5-6.9),333,Medium (100-999),Released
297,Meet Joe Black,Meet Joe Black,en,1998-11-12,1998.0,Fantasy | Drama | Mystery,Fantasy,90000000,142940100,52940100,1.5882233333333333,178.0,Very Long (150+ min),36.069611,6.9,Medium (5-6.9),1147,High (1K-4.9K),Released
9884,Collateral Damage,Collateral Damage,en,2002-02-06,2002.0,Action | Thriller | Drama,Action,85000000,78382433,-6617567,0.9221462705882353,108.0,Standard (90-119 min),18.827753,5.5,Medium (5-6.9),427,Medium (100-999),Released
16858,All That Jazz,All That Jazz,en,1979-12-20,1979.0,Drama | Music,Drama,0,37823676,37823676,0.0,123.0,Long (120-149 min),5.159407,7.3,Good (7-7.9),85,Low (<100),Released
62764,Mirror Mirror,Mirror Mirror,en,2012-03-15,2012.0,Adventure | Fantasy | Drama | Comedy | Science Fiction | Family,Adventure,85000000,183018522,98018522,2.153159082352941,106.0,Standard (90-119 min),48.126297,5.5,Medium (5-6.9),1114,High (1K-4.9K),Released
22538,Scott Pilgrim vs. the World,Scott Pilgrim vs. the World,en,2010-07-27,2010.0,Action | Adventure | Comedy,Action,60000000,47664559,-12335441,0.7944093166666667,112.0,Standard (90-119 min),38.885195,7.2,Good (7-7.9),2126,High (1K-4.9K),Released
9341,The Core,The Core,en,2003-03-28,2003.0,Action | Thriller | Adventure | Science Fiction,Action,60000000,74208267,14208267,1.23680445,136.0,Long (120-149 min),29.211255,5.4,Medium (5-6.9),516,Medium (100-999),Released
12107,Nutty Professor II: The Klumps,Nutty Professor II: The Klumps,en,2000-07-27,2000.0,Fantasy | Comedy | Romance | Science Fiction,Fantasy,84000000,123307945,39307945,1.4679517261904762,106.0,Standard (90-119 min),17.783361,4.7,Low (<5),332,Medium (100-999),Released
9637,Scooby-Doo,Scooby-Doo,en,2002-06-14,2002.0,Mystery | Adventure | Comedy,Mystery,84000000,275650703,191650703,3.281555988095238,88.0,Short (<90 min),31.435539,5.4,Medium (5-6.9),820,Medium (100-999),Released
49049,Dredd,Dredd,en,2012-09-07,2012.0,Action | Science Fiction,Action,50000000,41037742,-8962258,0.82075484,95.0,Standard (90-119 min),57.673932,6.6,Medium (5-6.9),1940,High (1K-4.9K),Released
9339,Click,Click,en,2006-06-22,2006.0,Comedy | Drama | Fantasy | Romance,Comedy,82500000,237681299,155181299,2.8809854424242425,107.0,Standard (90-119 min),41.176631,6.0,Medium (5-6.9),2104,High (1K-4.9K),Released
16281,Creepshow,Creepshow,en,1982-11-12,1982.0,Horror | Comedy | Fantasy,Horror,8000000,21028755,13028755,2.628594375,120.0,Long (120-149 min),13.661289,6.7,Medium (5-6.9),226,Medium (100-999),Released
39691,Cats & Dogs 2 : The Revenge of Kitty Galore,Cats & Dogs 2 : The Revenge of Kitty Galore,en,2010-07-30,2010.0,Comedy | Family,Comedy,85000000,112483764,27483764,1.3233384,82.0,Short (<90 min),11.77398,4.9,Low (<5),119,Medium (100-999),Released
8247,Jumper,Jumper,en,2008-02-10,2008.0,Adventure | Fantasy | Science Fiction,Adventure,85000000,222231186,137231186,2.6144845411764708,88.0,Short (<90 min),21.218,5.9,Medium (5-6.9),1799,High (1K-4.9K),Released
11253,Hellboy II: The Golden Army,Hellboy II: The Golden Army,en,2008-07-11,2008.0,Adventure | Fantasy | Science Fiction,Adventure,85000000,160388063,75388063,1.886918388235294,120.0,Long (120-149 min),58.57976,6.5,Medium (5-6.9),1527,High (1K-4.9K),Released
1949,Zodiac,Zodiac,en,2007-03-02,2007.0,Crime | Drama | Mystery | Thriller,Crime,65000000,84785914,19785914,1.3043986769230769,157.0,Very Long (150+ min),51.970905,7.3,Good (7-7.9),2023,High (1K-4.9K),Released
8452,The 6th Day,The 6th Day,en,2000-11-17,2000.0,Science Fiction,Science Fiction,82000000,96085477,14085477,1.1717741097560976,123.0,Long (120-149 min),18.447479,5.7,Medium (5-6.9),595,Medium (100-999),Released
310,Bruce Almighty,Bruce Almighty,en,2003-05-23,2003.0,Fantasy | Comedy,Fantasy,80000000,484572835,404572835,6.0571604375,101.0,Standard (90-119 min),109.684788,6.4,Medium (5-6.9),3012,High (1K-4.9K),Released
27578,The Expendables,The Expendables,en,2010-08-03,2010.0,Thriller | Adventure | Action,Thriller,80000000,274470394,194470394,3.430879925,103.0,Standard (90-119 min),77.580661,6.0,Medium (5-6.9),2926,High (1K-4.9K),Released
954,Mission: Impossible,Mission: Impossible,en,1996-05-22,1996.0,Adventure | Action | Thriller,Adventure,80000000,457696359,377696359,5.7212044875,110.0,Standard (90-119 min),75.290998,6.7,Medium (5-6.9),2631,High (1K-4.9K),Released
70160,The Hunger Games,The Hunger Games,en,2012-03-12,2012.0,Science Fiction | Adventure | Fantasy,Science Fiction,75000000,691210692,616210692,9.21614256,142.0,Long (120-149 min),68.550698,6.9,Medium (5-6.9),9455,Very High (5K+),Released
45243,The Hangover Part II,The Hangover Part II,en,2011-05-25,2011.0,Comedy,Comedy,80000000,254455986,174455986,3.180699825,102.0,Standard (90-119 min),58.040149,6.2,Medium (5-6.9),3739,High (1K-4.9K),Released
364,Batman Returns,Batman Returns,en,1992-06-19,1992.0,Action | Fantasy,Action,80000000,280000000,200000000,3.5,126.0,Long (120-149 min),59.113174,6.6,Medium (5-6.9),1673,High (1K-4.9K),Released
7518,Over the Hedge,Over the Hedge,en,2006-04-22,2006.0,Comedy | Animation | Family,Comedy,80000000,343397247,263397247,4.2924655875,83.0,Short (<90 min),36.32705,6.3,Medium (5-6.9),1074,High (1K-4.9K),Released
11544,Lilo & Stitch,Lilo & Stitch,en,2002-06-21,2002.0,Animation | Family,Animation,80000000,145771527,65771527,1.8221440875,85.0,Short (<90 min),55.659988,7.1,Good (7-7.9),1314,High (1K-4.9K),Released
9986,Charlotte's Web,Charlotte's Web,en,2006-12-15,2006.0,Comedy | Family | Fantasy,Comedy,85000000,144000000,59000000,1.6941176470588235,97.0,Standard (90-119 min),14.132583,5.8,Medium (5-6.9),288,Medium (100-999),Released
8656,Deep Impact,Deep Impact,en,1998-05-08,1998.0,Action | Drama | Romance,Action,75000000,140464664,65464664,1.8728621866666666,120.0,Long (120-149 min),34.070054,5.9,Medium (5-6.9),855,Medium (100-999),Released
146216,RED 2,RED 2,en,2013-07-18,2013.0,Action | Comedy | Crime | Thriller,Action,84000000,0,-84000000,0.0,116.0,Standard (90-119 min),44.34333,6.4,Medium (5-6.9),1526,High (1K-4.9K),Released
9291,The Longest Yard,The Longest Yard,en,2005-05-19,2005.0,Comedy | Drama,Comedy,82000000,190320568,108320568,2.320982536585366,113.0,Standard (90-119 min),26.065735,6.2,Medium (5-6.9),785,Medium (100-999),Released
55301,Alvin and the Chipmunks: Chipwrecked,Alvin and the Chipmunks: Chipwrecked,en,2011-12-14,2011.0,Comedy | Fantasy | Family | Music | Animation,Comedy,75000000,342695435,267695435,4.569272466666667,87.0,Short (<90 min),23.473004,5.4,Medium (5-6.9),484,Medium (100-999),Released
109418,Grown Ups 2,Grown Ups 2,en,2013-07-11,2013.0,Comedy,Comedy,80000000,246984278,166984278,3.087303475,100.0,Standard (90-119 min),45.589568,5.8,Medium (5-6.9),1155,High (1K-4.9K),Released
11665,Get Smart,Get Smart,en,2008-06-19,2008.0,Action | Comedy | Thriller,Action,80000000,230685453,150685453,2.8835681625,110.0,Standard (90-119 min),23.496054,6.0,Medium (5-6.9),1051,High (1K-4.9K),Released
6964,Something's Gotta Give,Something's Gotta Give,en,2003-12-12,2003.0,Drama | Comedy | Romance,Drama,80000000,266728738,186728738,3.334109225,128.0,Long (120-149 min),16.939441,6.3,Medium (5-6.9),410,Medium (100-999),Released
11324,Shutter Island,Shutter Island,en,2010-02-18,2010.0,Drama | Thriller | Mystery,Drama,80000000,294804195,214804195,3.6850524375,138.0,Long (120-149 min),81.914696,7.8,Good (7-7.9),6336,Very High (5K+),Released
12193,Four Christmases,Four Christmases,en,2008-11-26,2008.0,Comedy | Romance | Drama,Comedy,80000000,163733697,83733697,2.0466712125,88.0,Short (<90 min),19.500893,5.3,Medium (5-6.9),331,Medium (100-999),Released
9928,Robots,Robots,en,2005-03-10,2005.0,Animation | Comedy | Family | Science Fiction,Animation,75000000,260696994,185696994,3.47595992,91.0,Standard (90-119 min),29.558157,6.0,Medium (5-6.9),1333,High (1K-4.9K),Released
754,Face/Off,Face/Off,en,1997-06-27,1997.0,Action | Crime | Science Fiction | Thriller,Action,80000000,245676146,165676146,3.070951825,138.0,Long (120-149 min),46.075037,6.8,Medium (5-6.9),1583,High (1K-4.9K),Released
10202,Bedtime Stories,Bedtime Stories,en,2008-12-24,2008.0,Fantasy | Comedy | Family | Romance,Fantasy,80000000,212874442,132874442,2.660930525,99.0,Standard (90-119 min),23.531721,5.9,Medium (5-6.9),901,Medium (100-999),Released
4147,Road to Perdition,Road to Perdition,en,2002-07-12,2002.0,Thriller | Crime | Drama,Thriller,80000000,181001478,101001478,2.262518475,117.0,Standard (90-119 min),49.078546,7.3,Good (7-7.9),1077,High (1K-4.9K),Released
50546,Just Go with It,Just Go with It,en,2011-02-10,2011.0,Romance | Comedy,Romance,80000000,214918407,134918407,2.6864800875,117.0,Standard (90-119 min),37.02665,6.3,Medium (5-6.9),1543,High (1K-4.9K),Released
1701,Con Air,Con Air,en,1997-06-01,1997.0,Action | Thriller | Crime,Action,75000000,224012234,149012234,2.9868297866666667,115.0,Standard (90-119 min),45.154631,6.5,Medium (5-6.9),1270,High (1K-4.9K),Released
13027,Eagle Eye,Eagle Eye,en,2008-09-25,2008.0,Mystery | Thriller | Action,Mystery,80000000,178066569,98066569,2.2258321125,118.0,Standard (90-119 min),46.887983,6.3,Medium (5-6.9),1018,High (1K-4.9K),Released
2289,Cold Mountain,Cold Mountain,en,2003-12-24,2003.0,Drama,Drama,79000000,173013509,94013509,2.190044417721519,154.0,Very Long (150+ min),24.598479,6.7,Medium (5-6.9),533,Medium (100-999),Released
20504,The Book of Eli,The Book of Eli,en,2010-01-14,2010.0,Action | Thriller | Science Fiction,Action,80000000,157107755,77107755,1.9638469375,118.0,Standard (90-119 min),32.363538,6.6,Medium (5-6.9),2164,High (1K-4.9K),Released
9574,Flubber,Flubber,en,1997-11-26,1997.0,Comedy | Family | Science Fiction,Comedy,80000000,177977226,97977226,2.224715325,93.0,Standard (90-119 min),11.50396,5.3,Medium (5-6.9),695,Medium (100-999),Released
11618,The Haunting,The Haunting,en,1999-07-23,1999.0,Horror | Thriller | Fantasy | Mystery,Horror,80000000,91188905,11188905,1.1398613125,113.0,Standard (90-119 min),19.375768,5.2,Medium (5-6.9),369,Medium (100-999),Released
2300,Space Jam,Space Jam,en,1996-11-15,1996.0,Animation | Comedy | Drama | Family | Fantasy,Animation,80000000,250200000,170200000,3.1275,88.0,Short (<90 min),36.125715,6.5,Medium (5-6.9),1288,High (1K-4.9K),Released
12096,The Pink Panther,The Pink Panther,en,2006-01-18,2006.0,Action | Comedy | Crime | Mystery | Family,Action,0,0,0,0.0,93.0,Standard (90-119 min),25.450534,5.6,Medium (5-6.9),550,Medium (100-999),Released
10200,The Day the Earth Stood Still,The Day the Earth Stood Still,en,2008-12-10,2008.0,Drama | Science Fiction | Thriller,Drama,80000000,233093859,153093859,2.9136732375,104.0,Standard (90-119 min),41.890722,5.2,Medium (5-6.9),1043,High (1K-4.9K),Released
8834,Conspiracy Theory,Conspiracy Theory,en,1997-08-07,1997.0,Action | Drama | Mystery | Thriller,Action,75000000,136982834,61982834,1.8264377866666666,135.0,Long (120-149 min),22.179658,6.5,Medium (5-6.9),431,Medium (100-999),Released
228150,Fury,Fury,en,2014-10-15,2014.0,War | Drama | Action,War,68000000,211817906,143817906,3.114969205882353,135.0,Long (120-149 min),139.575085,7.4,Good (7-7.9),3946,High (1K-4.9K),Released
6068,Six Days Seven Nights,Six Days Seven Nights,en,1998-06-12,1998.0,Action | Adventure | Comedy | Romance,Action,70000000,164000000,94000000,2.342857142857143,98.0,Standard (90-119 min),18.264635,5.6,Medium (5-6.9),332,Medium (100-999),Released
41515,Yogi Bear,Yogi Bear,en,2010-12-11,2010.0,Comedy | Family | Animation | Adventure,Comedy,80000000,201584141,121584141,2.5198017625,80.0,Short (<90 min),11.187696,5.2,Medium (5-6.9),220,Medium (100-999),Released
9023,Spirit: Stallion of the Cimarron,Spirit: Stallion of the Cimarron,en,2002-05-24,2002.0,Western | Animation | Adventure | Comedy | Family,Western,80000000,122563539,42563539,1.5320442375,83.0,Short (<90 min),41.670544,7.4,Good (7-7.9),831,Medium (100-999),Released
38317,Zookeeper,Zookeeper,en,2011-07-06,2011.0,Comedy | Romance | Family,Comedy,80000000,169852759,89852759,2.1231594875,102.0,Standard (90-119 min),27.46264,5.3,Medium (5-6.9),498,Medium (100-999),Released
2157,Lost in Space,Lost in Space,en,1998-04-03,1998.0,Adventure | Family | Science Fiction,Adventure,80000000,136159423,56159423,1.7019927875,130.0,Long (120-149 min),17.455024,5.0,Medium (5-6.9),388,Medium (100-999),Released
14462,The Manchurian Candidate,The Manchurian Candidate,en,2004-07-30,2004.0,Drama | Thriller | Mystery,Drama,80000000,96105964,16105964,1.20132455,129.0,Long (120-149 min),21.394281,6.2,Medium (5-6.9),393,Medium (100-999),Released
161795,Déjà Vu,Déjà Vu,en,1998-04-22,1998.0,Romance | Drama,Romance,0,0,0,0.0,117.0,Standard (90-119 min),0.605645,8.0,Excellent (8+),1,Low (<100),Released
159824,Hotel Transylvania 2,Hotel Transylvania 2,en,2015-09-21,2015.0,Animation | Comedy | Family,Animation,80000000,473226958,393226958,5.915336975,89.0,Short (<90 min),61.692197,6.7,Medium (5-6.9),1497,High (1K-4.9K),Released
49948,Fantasia 2000,Fantasia 2000,en,1999-12-17,1999.0,Animation | Family | Music,Animation,80000000,90874570,10874570,1.135932125,74.0,Short (<90 min),14.530946,7.0,Good (7-7.9),292,Medium (100-999),Released
2135,The Time Machine,The Time Machine,en,2002-03-04,2002.0,Science Fiction | Adventure | Action,Science Fiction,80000000,123729176,43729176,1.5466147,96.0,Standard (90-119 min),25.978555,5.8,Medium (5-6.9),631,Medium (100-999),Released
9822,Mighty Joe Young,Mighty Joe Young,en,1998-12-25,1998.0,Action | Adventure | Family | Fantasy,Action,90000000,0,-90000000,0.0,114.0,Standard (90-119 min),6.643778,5.9,Medium (5-6.9),208,Medium (100-999),Released
9705,Swordfish,Swordfish,en,2001-06-07,2001.0,Action | Crime | Thriller,Action,102000000,147080413,45080413,1.4419648333333333,99.0,Standard (90-119 min),36.788745,6.1,Medium (5-6.9),932,Medium (100-999),Released
1656,The Legend of Zorro,The Legend of Zorro,en,2005-10-24,2005.0,Action | Adventure,Action,75000000,142400065,67400065,1.8986675333333334,129.0,Long (120-149 min),31.054334,5.9,Medium (5-6.9),893,Medium (100-999),Released
12159,What Dreams May Come,What Dreams May Come,en,1998-10-02,1998.0,Drama | Fantasy | Romance,Drama,85000000,71485043,-13514957,0.841000505882353,113.0,Standard (90-119 min),21.891078,6.8,Medium (5-6.9),577,Medium (100-999),Released
9678,Little Nicky,Little Nicky,en,2000-11-10,2000.0,Comedy | Fantasy | Romance,Comedy,85000000,0,-85000000,0.0,90.0,Standard (90-119 min),18.335992,5.2,Medium (5-6.9),438,Medium (100-999),Released
4442,The Brothers Grimm,The Brothers Grimm,en,2005-08-26,2005.0,Adventure | Fantasy | Action | Comedy | Thriller,Adventure,88000000,105316267,17316267,1.1967757613636363,118.0,Standard (90-119 min),40.138009,5.6,Medium (5-6.9),818,Medium (100-999),Released
75,Mars Attacks!,Mars Attacks!,en,1996-12-12,1996.0,Comedy | Fantasy | Science Fiction,Comedy,70000000,101371017,31371017,1.4481573857142858,106.0,Standard (90-119 min),44.090535,6.1,Medium (5-6.9),1509,High (1K-4.9K),Released
330770,Evolution,Évolution,fr,2015-09-14,2015.0,Mystery | Drama | Horror,Mystery,0,0,0,0.0,81.0,Short (<90 min),3.300061,6.4,Medium (5-6.9),47,Low (<100),Released
9433,The Edge,The Edge,en,1997-09-06,1997.0,Action | Adventure | Drama,Action,0,43312294,43312294,0.0,117.0,Standard (90-119 min),20.632673,6.7,Medium (5-6.9),349,Medium (100-999),Released
19959,Surrogates,Surrogates,en,2009-09-24,2009.0,Action | Science Fiction | Thriller,Action,80000000,122444772,42444772,1.53055965,89.0,Short (<90 min),36.664991,5.9,Medium (5-6.9),1195,High (1K-4.9K),Released
11973,Thirteen Days,Thirteen Days,en,2000-12-24,2000.0,Drama | Thriller,Drama,80000000,34566746,-45433254,0.432084325,145.0,Long (120-149 min),18.26121,6.9,Medium (5-6.9),189,Medium (100-999),Released
11228,Daylight,Daylight,en,1996-12-06,1996.0,Action | Adventure | Thriller,Action,80000000,159212469,79212469,1.9901558625,115.0,Standard (90-119 min),16.681269,5.8,Medium (5-6.9),378,Medium (100-999),Released
77951,Walking With Dinosaurs,Walking With Dinosaurs,en,2013-12-18,2013.0,Animation | Family | Adventure,Animation,80000000,126546518,46546518,1.581831475,87.0,Short (<90 min),10.088006,5.2,Medium (5-6.9),133,Medium (100-999),Released
5491,Battlefield Earth,Battlefield Earth,en,2000-05-10,2000.0,Action | Science Fiction | War,Action,44000000,21400000,-22600000,0.4863636363636364,118.0,Standard (90-119 min),7.89147,3.0,Low (<5),255,Medium (100-999),Released
10715,Looney Tunes: Back in Action,Looney Tunes: Back in Action,en,2003-11-14,2003.0,Animation | Comedy | Family,Animation,80000000,68514844,-11485156,0.85643555,90.0,Standard (90-119 min),16.715631,5.6,Medium (5-6.9),297,Medium (100-999),Released
10197,Nine,Nine,en,2009-12-03,2009.0,Drama | Music | Romance,Drama,80000000,53825515,-26174485,0.6728189375,112.0,Standard (90-119 min),9.357734,5.1,Medium (5-6.9),165,Medium (100-999),Released
9562,Timeline,Timeline,en,2003-11-26,2003.0,Action | Adventure | Science Fiction,Action,80000000,19480739,-60519261,0.2435092375,116.0,Standard (90-119 min),11.22268,5.4,Medium (5-6.9),318,Medium (100-999),Released
9922,The Postman,The Postman,en,1997-12-25,1997.0,Drama | Adventure,Drama,80000000,17626234,-62373766,0.220327925,177.0,Very Long (150+ min),14.564667,6.1,Medium (5-6.9),299,Medium (100-999),Released
9447,Babe: Pig in the City,Babe: Pig in the City,en,1998-11-25,1998.0,Adventure | Comedy | Drama | Family | Fantasy,Adventure,90000000,69131860,-20868140,0.7681317777777777,92.0,Standard (90-119 min),11.356079,5.2,Medium (5-6.9),305,Medium (100-999),Released
274854,The Last Witch Hunter,The Last Witch Hunter,en,2015-10-21,2015.0,Fantasy | Action | Adventure,Fantasy,90000000,146936910,56936910,1.6326323333333332,106.0,Standard (90-119 min),52.612025,5.7,Medium (5-6.9),1316,High (1K-4.9K),Released
8870,Red Planet,Red Planet,en,2000-11-10,2000.0,Thriller | Action | Science Fiction,Thriller,80000000,33463969,-46536031,0.4182996125,106.0,Standard (90-119 min),13.800656,5.4,Medium (5-6.9),267,Medium (100-999),Released
9992,Arthur and the Invisibles,Arthur et les Minimoys,en,2006-12-13,2006.0,Adventure | Fantasy | Animation | Family,Adventure,86000000,107944236,21944236,1.255165534883721,94.0,Standard (90-119 min),27.097932,6.0,Medium (5-6.9),639,Medium (100-999),Released
36970,Oceans,Oceans,en,2009-10-17,2009.0,Documentary | Family,Documentary,0,19406406,19406406,0.0,84.0,Short (<90 min),10.706613,7.3,Good (7-7.9),111,Medium (100-999),Released
10077,A Sound of Thunder,A Sound of Thunder,en,2005-05-15,2005.0,Thriller | Science Fiction | Adventure | Action,Thriller,80000000,5989640,-74010360,0.0748705,110.0,Standard (90-119 min),7.342892,4.8,Low (<5),111,Medium (100-999),Released
76649,Pompeii,Pompeii,en,2014-02-18,2014.0,Action | Adventure | History | Romance | Drama,Action,130000000,117831631,-12168369,0.9063971615384615,105.0,Standard (90-119 min),50.561849,5.2,Medium (5-6.9),1267,High (1K-4.9K),Released
293644,Top Cat Begins,Don Gato: El inicio de la pandilla,es,2015-10-30,2015.0,Comedy | Animation,Comedy,8000000,0,-8000000,0.0,89.0,Short (<90 min),0.719996,5.3,Medium (5-6.9),9,Low (<100),Released
453,A Beautiful Mind,A Beautiful Mind,en,2001-12-11,2001.0,Drama | Romance,Drama,60000000,313542341,253542341,5.2257056833333335,135.0,Long (120-149 min),59.248437,7.7,Good (7-7.9),3009,High (1K-4.9K),Released
8587,The Lion King,The Lion King,en,1994-06-23,1994.0,Family | Animation | Drama,Family,45000000,788241776,743241776,17.516483911111113,89.0,Short (<90 min),90.457886,8.0,Excellent (8+),5376,Very High (5K+),Released
72545,Journey 2: The Mysterious Island,Journey 2: The Mysterious Island,en,2012-01-19,2012.0,Adventure | Action | Science Fiction,Adventure,79000000,355692760,276692760,4.50244,94.0,Standard (90-119 min),40.723459,5.8,Medium (5-6.9),1030,High (1K-4.9K),Released
109451,Cloudy with a Chance of Meatballs 2,Cloudy with a Chance of Meatballs 2,en,2013-09-26,2013.0,Animation | Family | Comedy,Animation,78000000,248384621,170384621,3.184418217948718,95.0,Standard (90-119 min),41.247402,6.4,Medium (5-6.9),915,Medium (100-999),Released
9533,Red Dragon,Red Dragon,en,2002-09-29,2002.0,Crime | Thriller | Horror,Crime,78000000,209196298,131196298,2.6820038205128207,124.0,Long (120-149 min),10.083905,6.7,Medium (5-6.9),1115,High (1K-4.9K),Released
2023,Hidalgo,Hidalgo,en,2004-03-05,2004.0,Western | Adventure,Western,100000000,108103450,8103450,1.0810345,136.0,Long (120-149 min),16.759252,6.5,Medium (5-6.9),318,Medium (100-999),Released
71880,Jack and Jill,Jack and Jill,en,2011-11-11,2011.0,Comedy,Comedy,79000000,149673788,70673788,1.894604911392405,91.0,Standard (90-119 min),22.132418,4.1,Low (<5),604,Medium (100-999),Released
584,2 Fast 2 Furious,2 Fast 2 Furious,en,2003-06-05,2003.0,Action | Crime | Thriller,Action,76000000,236350661,160350661,3.1098771184210525,107.0,Standard (90-119 min),10.520961,6.2,Medium (5-6.9),2028,High (1K-4.9K),Released
309809,The Little Prince,The Little Prince,en,2015-07-29,2015.0,Adventure | Animation | Fantasy,Adventure,64000000,97571250,33571250,1.52455078125,92.0,Standard (90-119 min),35.384423,7.6,Good (7-7.9),756,Medium (100-999),Released
4858,The Invasion,The Invasion,en,2007-08-17,2007.0,Science Fiction | Thriller,Science Fiction,80000000,15071514,-64928486,0.188393925,99.0,Standard (90-119 min),15.673154,5.7,Medium (5-6.9),359,Medium (100-999),Released
17711,The Adventures of Rocky & Bullwinkle,The Adventures of Rocky & Bullwinkle,en,2000-06-30,2000.0,Action | Adventure | Animation | Comedy | Family,Action,76000000,35134820,-40865180,0.46230026315789474,88.0,Short (<90 min),8.981427,3.9,Low (<5),87,Low (<100),Released
328111,The Secret Life of Pets,The Secret Life of Pets,en,2016-06-18,2016.0,Animation | Family,Animation,75000000,875958308,800958308,11.679444106666667,87.0,Short (<90 min),31.482872,5.9,Medium (5-6.9),3462,High (1K-4.9K),Released
8698,The League of Extraordinary Gentlemen,The League of Extraordinary Gentlemen,en,2003-07-11,2003.0,Fantasy | Action | Thriller | Science Fiction,Fantasy,78000000,179265204,101265204,2.2982718461538463,110.0,Standard (90-119 min),47.436675,5.7,Medium (5-6.9),1155,High (1K-4.9K),Released
93456,Despicable Me 2,Despicable Me 2,en,2013-06-25,2013.0,Animation | Comedy | Family,Animation,76000000,970761885,894761885,12.773182697368421,98.0,Standard (90-119 min),136.886704,7.0,Good (7-7.9),4637,High (1K-4.9K),Released
602,Independence Day,Independence Day,en,1996-06-25,1996.0,Action | Adventure | Science Fiction,Action,75000000,816969268,741969268,10.892923573333332,145.0,Long (120-149 min),60.442593,6.7,Medium (5-6.9),3260,High (1K-4.9K),Released
330,The Lost World: Jurassic Park,The Lost World: Jurassic Park,en,1997-05-23,1997.0,Adventure | Action | Science Fiction,Adventure,73000000,229074524,156074524,3.1380071780821917,129.0,Long (120-149 min),2.502487,6.2,Medium (5-6.9),2487,High (1K-4.9K),Released
953,Madagascar,Madagascar,en,2005-05-25,2005.0,Family | Animation,Family,75000000,532680671,457680671,7.1024089466666664,86.0,Short (<90 min),48.110909,6.6,Medium (5-6.9),3237,High (1K-4.9K),Released
9693,Children of Men,Children of Men,en,2006-09-22,2006.0,Drama | Action | Thriller | Science Fiction,Drama,76000000,69959751,-6040249,0.9205230394736842,109.0,Standard (90-119 min),35.387874,7.4,Good (7-7.9),2071,High (1K-4.9K),Released
36657,X-Men,X-Men,en,2000-07-13,2000.0,Adventure | Action | Science Fiction,Adventure,75000000,296339527,221339527,3.9511936933333334,104.0,Standard (90-119 min),4.66891,6.8,Medium (5-6.9),4097,High (1K-4.9K),Released
8909,Wanted,Wanted,en,2008-06-19,2008.0,Action | Thriller | Crime,Action,75000000,258270008,183270008,3.4436001066666666,110.0,Standard (90-119 min),73.82289,6.4,Medium (5-6.9),2528,High (1K-4.9K),Released
9802,The Rock,The Rock,en,1996-06-06,1996.0,Action | Adventure | Thriller,Action,75000000,335062621,260062621,4.467501613333333,136.0,Long (120-149 min),51.469576,6.9,Medium (5-6.9),1456,High (1K-4.9K),Released
950,Ice Age: The Meltdown,Ice Age: The Meltdown,en,2006-03-23,2006.0,Animation | Family | Comedy | Adventure,Animation,80000000,660940780,580940780,8.26175975,91.0,Standard (90-119 min),85.115058,6.5,Medium (5-6.9),2951,High (1K-4.9K),Released
1824,50 First Dates,50 First Dates,en,2004-02-13,2004.0,Comedy | Romance,Comedy,75000000,196482882,121482882,2.61977176,99.0,Standard (90-119 min),61.437586,6.6,Medium (5-6.9),2105,High (1K-4.9K),Released
2976,Hairspray,Hairspray,en,2007-07-13,2007.0,Family | Comedy | Music | Romance,Family,50000000,90450008,40450008,1.80900016,117.0,Standard (90-119 min),31.160542,6.5,Medium (5-6.9),709,Medium (100-999),Released
11026,Exorcist: The Beginning,Exorcist: The Beginning,en,2004-08-20,2004.0,Horror | Mystery | Thriller,Horror,80000000,78000586,-1999414,0.975007325,114.0,Standard (90-119 min),15.761384,4.7,Low (<5),183,Medium (100-999),Released
332,Inspector Gadget,Inspector Gadget,en,1999-07-23,1999.0,Action | Adventure | Comedy | Family,Action,75000000,0,-75000000,0.0,78.0,Short (<90 min),17.561955,4.3,Low (<5),318,Medium (100-999),Released
75656,Now You See Me,Now You See Me,en,2013-05-29,2013.0,Thriller | Crime,Thriller,75000000,117698894,42698894,1.5693185866666666,115.0,Standard (90-119 min),71.124686,7.3,Good (7-7.9),5487,Very High (5K+),Released
38365,Grown Ups,Grown Ups,en,2010-06-24,2010.0,Comedy,Comedy,80000000,271430189,191430189,3.3928773625,102.0,Standard (90-119 min),38.864027,6.0,Medium (5-6.9),1705,High (1K-4.9K),Released
594,The Terminal,The Terminal,en,2004-06-17,2004.0,Comedy | Drama,Comedy,60000000,219417255,159417255,3.65695425,128.0,Long (120-149 min),57.753914,7.0,Good (7-7.9),1910,High (1K-4.9K),Released
15189,Hotel for Dogs,Hotel for Dogs,en,2009-01-16,2009.0,Comedy | Family,Comedy,35000000,73034460,38034460,2.0866988571428573,100.0,Standard (90-119 min),13.25753,5.7,Medium (5-6.9),202,Medium (100-999),Released
11678,Vertical Limit,Vertical Limit,en,2000-12-08,2000.0,Action | Adventure | Thriller,Action,75000000,215663859,140663859,2.87551812,124.0,Long (120-149 min),13.318744,5.9,Medium (5-6.9),283,Medium (100-999),Released
6538,Charlie Wilson's War,Charlie Wilson's War,en,2007-12-19,2007.0,Comedy | Drama | History,Comedy,75000000,119000410,44000410,1.5866721333333333,102.0,Standard (90-119 min),18.70031,6.5,Medium (5-6.9),338,Medium (100-999),Released
10555,Shark Tale,Shark Tale,en,2004-09-20,2004.0,Animation | Action | Comedy | Family,Animation,75000000,367275019,292275019,4.897000253333333,90.0,Standard (90-119 min),47.094369,5.8,Medium (5-6.9),1557,High (1K-4.9K),Released
1125,Dreamgirls,Dreamgirls,en,2006-12-25,2006.0,Drama,Drama,70000000,154937680,84937680,2.213395428571429,134.0,Long (120-149 min),14.486311,6.6,Medium (5-6.9),284,Medium (100-999),Released
4551,Be Cool,Be Cool,en,2005-03-04,2005.0,Comedy | Crime,Comedy,53000000,95226116,42226116,1.7967191698113207,118.0,Standard (90-119 min),18.61472,5.4,Medium (5-6.9),292,Medium (100-999),Released
612,Munich,Munich,en,2005-12-22,2005.0,Drama | Action | History | Thriller,Drama,70000000,130358911,60358911,1.862270157142857,164.0,Very Long (150+ min),29.035222,6.9,Medium (5-6.9),696,Medium (100-999),Released
9567,Tears of the Sun,Tears of the Sun,en,2003-03-07,2003.0,Action | Drama | War,Action,70000000,85632458,15632458,1.2233208285714285,121.0,Long (120-149 min),27.055085,6.4,Medium (5-6.9),573,Medium (100-999),Released
37821,Killers,Killers,en,2010-06-04,2010.0,Action | Comedy | Thriller | Romance,Action,75000000,98159963,23159963,1.3087995066666667,100.0,Standard (90-119 min),23.004607,5.7,Medium (5-6.9),772,Medium (100-999),Released
203801,The Man from U.N.C.L.E.,The Man from U.N.C.L.E.,en,2015-08-13,2015.0,Comedy | Action | Adventure,Comedy,75000000,108145109,33145109,1.4419347866666667,116.0,Standard (90-119 min),48.744209,7.1,Good (7-7.9),2265,High (1K-4.9K),Released
2539,Spanglish,Spanglish,en,2004-12-17,2004.0,Comedy,Comedy,80000000,55041367,-24958633,0.6880170875,130.0,Long (120-149 min),14.209329,5.8,Medium (5-6.9),369,Medium (100-999),Released
9297,Monster House,Monster House,en,2006-07-21,2006.0,Animation | Comedy | Family | Fantasy,Animation,75000000,140175006,65175006,1.86900008,91.0,Standard (90-119 min),36.368839,6.3,Medium (5-6.9),874,Medium (100-999),Released
3172,Bandits,Bandits,en,2001-10-12,2001.0,Action | Comedy | Crime | Romance,Action,75000000,67631903,-7368097,0.9017587066666667,123.0,Long (120-149 min),24.353302,6.2,Medium (5-6.9),302,Medium (100-999),Released
6520,First Knight,First Knight,en,1995-07-07,1995.0,Action | Adventure | Drama | Romance,Action,55000000,127600435,72600435,2.320007909090909,134.0,Long (120-149 min),19.143321,5.9,Medium (5-6.9),311,Medium (100-999),Released
1439,Anna and the King,Anna and the King,en,1999-12-16,1999.0,Drama | History | Romance,Drama,75000000,0,-75000000,0.0,148.0,Long (120-149 min),13.327372,6.4,Medium (5-6.9),197,Medium (100-999),Released
37958,Immortals,Immortals,en,2011-11-10,2011.0,Fantasy | Action | Drama,Fantasy,75000000,226904017,151904017,3.025386893333333,110.0,Standard (90-119 min),37.917002,5.7,Medium (5-6.9),880,Medium (100-999),Released
2026,Hostage,Hostage,en,2005-03-09,2005.0,Mystery | Drama | Thriller | Crime,Mystery,52000000,77944725,25944725,1.4989370192307692,113.0,Standard (90-119 min),23.663713,6.2,Medium (5-6.9),512,Medium (100-999),Released
7450,Titan A.E.,Titan A.E.,en,2000-06-16,2000.0,Animation | Action | Science Fiction | Family | Adventure,Animation,75000000,36754634,-38245366,0.49006178666666667,94.0,Standard (90-119 min),14.44381,6.3,Medium (5-6.9),313,Medium (100-999),Released
11375,Hollywood Homicide,Hollywood Homicide,en,2003-06-09,2003.0,Action | Adventure | Comedy | Thriller,Action,75000000,51142659,-23857341,0.68190212,116.0,Standard (90-119 min),10.605084,5.0,Medium (5-6.9),166,Medium (100-999),Released
9425,Soldier,Soldier,en,1998-10-23,1998.0,Action | War | Science Fiction,Action,75000000,14567883,-60432117,0.19423844,99.0,Standard (90-119 min),11.873856,6.1,Medium (5-6.9),221,Medium (100-999),Released
25769,Carriers,Carriers,en,2009-09-04,2009.0,Action | Drama | Horror | Science Fiction | Thriller,Action,0,5802422,5802422,0.0,84.0,Short (<90 min),12.708963,5.8,Medium (5-6.9),282,Medium (100-999),Released
23685,Monkeybone,Monkeybone,en,2001-02-23,2001.0,Adventure | Fantasy | Animation | Action | Comedy,Adventure,75000000,5409517,-69590483,0.07212689333333333,93.0,Standard (90-119 min),8.098369,4.3,Low (<5),78,Low (<100),Released
11866,Flight of the Phoenix,Flight of the Phoenix,en,2004-12-17,2004.0,Action | Adventure | Drama | Thriller,Action,45000000,21009180,-23990820,0.46687066666666666,113.0,Standard (90-119 min),20.374308,5.7,Medium (5-6.9),276,Medium (100-999),Released
9741,Unbreakable,Unbreakable,en,2000-11-13,2000.0,Science Fiction | Thriller | Drama,Science Fiction,75000000,248118121,173118121,3.308241613333333,106.0,Standard (90-119 min),42.006908,6.9,Medium (5-6.9),1946,High (1K-4.9K),Released
211672,Minions,Minions,en,2015-06-17,2015.0,Family | Animation | Adventure | Comedy,Family,74000000,1156730962,1082730962,15.631499486486486,91.0,Standard (90-119 min),875.581305,6.4,Medium (5-6.9),4571,High (1K-4.9K),Released
23629,Sucker Punch,Sucker Punch,en,2011-03-24,2011.0,Action | Fantasy | Thriller,Action,82000000,89792502,7792502,1.095030512195122,110.0,Standard (90-119 min),39.127082,5.9,Medium (5-6.9),1623,High (1K-4.9K),Released
8688,Snake Eyes,Snake Eyes,en,1998-08-07,1998.0,Crime | Mystery,Crime,73000000,103891409,30891409,1.4231699863013698,98.0,Standard (90-119 min),20.790703,5.8,Medium (5-6.9),327,Medium (100-999),Released
10153,Sphere,Sphere,en,1998-02-13,1998.0,Science Fiction,Science Fiction,75000000,13100000,-61900000,0.17466666666666666,134.0,Long (120-149 min),18.65988,5.8,Medium (5-6.9),476,Medium (100-999),Released
153518,The Angry Birds Movie,The Angry Birds Movie,en,2016-05-11,2016.0,Family | Animation,Family,73000000,349779543,276779543,4.791500589041096,97.0,Standard (90-119 min),45.720894,5.9,Medium (5-6.9),1022,High (1K-4.9K),Released
8676,Fool's Gold,Fool's Gold,en,2008-02-07,2008.0,Romance | Comedy | Adventure,Romance,70000000,111231041,41231041,1.5890148714285715,112.0,Standard (90-119 min),21.789615,5.4,Medium (5-6.9),444,Medium (100-999),Released
20829,Funny People,Funny People,en,2009-07-31,2009.0,Comedy | Drama,Comedy,75000000,61458982,-13541018,0.8194530933333334,146.0,Long (120-149 min),20.199057,5.7,Medium (5-6.9),390,Medium (100-999),Released
4349,The Kingdom,The Kingdom,en,2007-08-22,2007.0,Thriller | Action | Drama,Thriller,70000000,86658558,16658558,1.2379794,110.0,Standard (90-119 min),26.123705,6.5,Medium (5-6.9),513,Medium (100-999),Released
9718,Talladega Nights: The Ballad of Ricky Bobby,Talladega Nights: The Ballad of Ricky Bobby,en,2006-08-04,2006.0,Comedy,Comedy,72500000,162966177,90466177,2.2478093379310344,116.0,Standard (90-119 min),12.599836,6.2,Medium (5-6.9),491,Medium (100-999),Released
10808,Dr. Dolittle 2,Dr. Dolittle 2,en,2001-06-22,2001.0,Comedy | Family | Romance | Fantasy,Comedy,70000000,176104344,106104344,2.515776342857143,87.0,Short (<90 min),13.543053,4.9,Low (<5),410,Medium (100-999),Released
197,Braveheart,Braveheart,en,1995-05-24,1995.0,Action | Drama | History | War,Action,72000000,210000000,138000000,2.9166666666666665,177.0,Very Long (150+ min),60.722162,7.7,Good (7-7.9),3336,High (1K-4.9K),Released
25,Jarhead,Jarhead,en,2005-11-04,2005.0,Drama | War,Drama,72000000,96889998,24889998,1.3456944166666667,125.0,Long (120-149 min),32.227223,6.6,Medium (5-6.9),765,Medium (100-999),Released
35,The Simpsons Movie,The Simpsons Movie,en,2007-07-25,2007.0,Animation | Comedy | Family,Animation,75000000,527068851,452068851,7.02758468,87.0,Short (<90 min),46.875375,6.9,Medium (5-6.9),2264,High (1K-4.9K),Released
11086,The Majestic,The Majestic,en,2001-12-21,2001.0,Drama | Romance,Drama,72000000,37317558,-34682442,0.5182994166666667,152.0,Very Long (150+ min),11.215702,6.6,Medium (5-6.9),188,Medium (100-999),Released
10477,Driven,Driven,en,2001-04-27,2001.0,Action,Action,94000000,54744738,-39255262,0.582390829787234,116.0,Standard (90-119 min),8.468586,4.5,Low (<5),179,Medium (100-999),Released
1997,Two Brothers,Deux frères,en,2004-04-07,2004.0,Adventure | Drama | Family,Adventure,74500000,62172050,-12327950,0.8345241610738255,109.0,Standard (90-119 min),8.884318,6.9,Medium (5-6.9),180,Medium (100-999),Released
6947,The Village,The Village,en,2004-07-30,2004.0,Drama | Mystery | Thriller,Drama,60000000,256697520,196697520,4.278292,108.0,Standard (90-119 min),27.491891,6.2,Medium (5-6.9),1071,High (1K-4.9K),Released
3050,Doctor Dolittle,Doctor Dolittle,en,1998-06-22,1998.0,Comedy | Family | Fantasy,Comedy,71000000,294456605,223456605,4.147276126760564,85.0,Short (<90 min),21.462935,5.4,Medium (5-6.9),686,Medium (100-999),Released
2675,Signs,Signs,en,2002-08-02,2002.0,Drama | Thriller | Science Fiction | Mystery,Drama,72000000,408247917,336247917,5.670109958333334,106.0,Standard (90-119 min),28.848187,6.4,Medium (5-6.9),1599,High (1K-4.9K),Released
809,Shrek 2,Shrek 2,en,2004-05-19,2004.0,Adventure | Animation | Comedy | Family | Fantasy,Adventure,150000000,919838758,769838758,6.132258386666667,93.0,Standard (90-119 min),47.320801,6.7,Medium (5-6.9),2988,High (1K-4.9K),Released
920,Cars,Cars,en,2006-06-08,2006.0,Animation | Adventure | Comedy | Family,Animation,120000000,461983149,341983149,3.849859575,117.0,Standard (90-119 min),82.643036,6.6,Medium (5-6.9),3877,High (1K-4.9K),Released
4806,Runaway Bride,Runaway Bride,en,1999-07-30,1999.0,Comedy | Romance,Comedy,70000000,309457509,239457509,4.420821557142857,116.0,Standard (90-119 min),20.230535,5.7,Medium (5-6.9),455,Medium (100-999),Released
7451,xXx,xXx,en,2002-08-09,2002.0,Action | Adventure | Thriller,Action,70000000,277448382,207448382,3.963548314285714,124.0,Long (120-149 min),46.217769,5.8,Medium (5-6.9),1424,High (1K-4.9K),Released
228165,The SpongeBob Movie: Sponge Out of Water,The SpongeBob Movie: Sponge Out of Water,en,2015-02-05,2015.0,Animation | Adventure | Comedy | Family,Animation,74000000,311594032,237594032,4.210730162162162,93.0,Standard (90-119 min),36.952268,5.8,Medium (5-6.9),719,Medium (100-999),Released
3595,Ransom,Ransom,en,1996-11-08,1996.0,Action | Thriller,Action,80000000,309492681,229492681,3.8686585125,117.0,Standard (90-119 min),16.411345,6.4,Medium (5-6.9),470,Medium (100-999),Released
16869,Inglourious Basterds,Inglourious Basterds,en,2009-08-18,2009.0,Drama | Action | Thriller | War,Drama,70000000,319131050,249131050,4.559015,153.0,Very Long (150+ min),72.595961,7.9,Good (7-7.9),6430,Very High (5K+),Released
879,Hook,Hook,en,1991-12-11,1991.0,Adventure | Fantasy | Comedy | Family,Adventure,70000000,300854823,230854823,4.297926042857143,144.0,Long (120-149 min),33.648404,6.6,Medium (5-6.9),1532,High (1K-4.9K),Released
1573,Die Hard 2,Die Hard 2,en,1990-07-02,1990.0,Action | Thriller,Action,70000000,240031094,170031094,3.4290156285714284,124.0,Long (120-149 min),57.69847,6.6,Medium (5-6.9),1896,High (1K-4.9K),Released
9257,S.W.A.T.,S.W.A.T.,en,2003-08-08,2003.0,Action | Thriller | Crime,Action,80000000,116643346,36643346,1.458041825,117.0,Standard (90-119 min),34.052253,5.8,Medium (5-6.9),770,Medium (100-999),Released
1903,Vanilla Sky,Vanilla Sky,en,2001-12-10,2001.0,Drama | Mystery | Romance | Science Fiction | Thriller,Drama,68000000,203388341,135388341,2.991005014705882,136.0,Long (120-149 min),27.299301,6.5,Medium (5-6.9),1078,High (1K-4.9K),Released
9697,Lady in the Water,Lady in the Water,en,2006-07-21,2006.0,Drama | Thriller | Fantasy | Mystery,Drama,75000000,42285169,-32714831,0.5638022533333333,110.0,Standard (90-119 min),20.219385,5.3,Medium (5-6.9),409,Medium (100-999),Released
395,AVP: Alien vs. Predator,AVP: Alien vs. Predator,en,2004-08-12,2004.0,Adventure | Science Fiction | Action,Adventure,70000000,171183863,101183863,2.445483757142857,101.0,Standard (90-119 min),42.957216,5.5,Medium (5-6.9),1217,High (1K-4.9K),Released
23398,Alvin and the Chipmunks: The Squeakquel,Alvin and the Chipmunks: The Squeakquel,en,2009-12-21,2009.0,Comedy | Family | Animation | Fantasy | Music,Comedy,75000000,443140005,368140005,5.9085334,88.0,Short (<90 min),29.412262,5.4,Medium (5-6.9),666,Medium (100-999),Released
10590,We Were Soldiers,We Were Soldiers,en,2002-03-01,2002.0,Action | History | War,Action,75000000,114660784,39660784,1.5288104533333333,138.0,Long (120-149 min),19.708731,6.7,Medium (5-6.9),521,Medium (100-999),Released
117263,Olympus Has Fallen,Olympus Has Fallen,en,2013-03-20,2013.0,Action | Thriller,Action,70000000,161025640,91025640,2.300366285714286,120.0,Long (120-149 min),59.428223,6.2,Medium (5-6.9),2981,High (1K-4.9K),Released
200,Star Trek: Insurrection,Star Trek: Insurrection,en,1998-12-10,1998.0,Science Fiction | Action | Adventure | Thriller,Science Fiction,70000000,118000000,48000000,1.6857142857142857,103.0,Standard (90-119 min),19.711951,6.3,Medium (5-6.9),391,Medium (100-999),Released
44943,Battle: Los Angeles,Battle: Los Angeles,en,2011-03-08,2011.0,Action | Science Fiction,Action,70000000,202466756,132466756,2.8923822285714285,116.0,Standard (90-119 min),49.199234,5.5,Medium (5-6.9),1448,High (1K-4.9K),Released
587,Big Fish,Big Fish,en,2003-12-25,2003.0,Adventure | Fantasy | Drama,Adventure,70000000,122919055,52919055,1.7559865,125.0,Long (120-149 min),46.199482,7.6,Good (7-7.9),1994,High (1K-4.9K),Released
10395,Wolf,Wolf,en,1994-06-17,1994.0,Fantasy,Fantasy,0,0,0,0.0,125.0,Long (120-149 min),13.758526,6.0,Medium (5-6.9),216,Medium (100-999),Released
57212,War Horse,War Horse,en,2011-12-25,2011.0,Drama | War,Drama,66000000,177584879,111584879,2.690679984848485,146.0,Long (120-149 min),29.505574,7.0,Good (7-7.9),992,Medium (100-999),Released
152760,The Monuments Men,The Monuments Men,en,2014-01-24,2014.0,War | Drama | History | Action,War,70000000,154984035,84984035,2.214057642857143,118.0,Standard (90-119 min),43.873266,5.8,Medium (5-6.9),1523,High (1K-4.9K),Released
2756,The Abyss,The Abyss,en,1989-08-09,1989.0,Adventure | Action | Thriller | Science Fiction,Adventure,70000000,90000098,20000098,1.2857156857142857,139.0,Long (120-149 min),24.961625,7.1,Good (7-7.9),808,Medium (100-999),Released
33909,Wall Street: Money Never Sleeps,Wall Street: Money Never Sleeps,en,2010-09-02,2010.0,Drama | Crime,Drama,70000000,134748021,64748021,1.9249717285714285,133.0,Long (120-149 min),23.25645,5.8,Medium (5-6.9),493,Medium (100-999),Released
49017,Dracula Untold,Dracula Untold,en,2014-10-01,2014.0,Horror | Action | Drama | Fantasy | War,Horror,70000000,215529201,145529201,3.078988585714286,92.0,Standard (90-119 min),64.457947,6.2,Medium (5-6.9),2389,High (1K-4.9K),Released
9882,The Siege,The Siege,en,1998-11-06,1998.0,Drama | Action | Thriller | Crime,Drama,70000000,116672912,46672912,1.6667558857142857,116.0,Standard (90-119 min),20.089933,6.0,Medium (5-6.9),352,Medium (100-999),Released
2270,Stardust,Stardust,en,2007-08-09,2007.0,Adventure | Fantasy | Romance | Family,Adventure,70000000,135560026,65560026,1.9365718,127.0,Long (120-149 min),48.032734,7.1,Good (7-7.9),1184,High (1K-4.9K),Released
978,Seven Years in Tibet,Seven Years in Tibet,en,1997-09-12,1997.0,Adventure | Drama | History,Adventure,70000000,131457682,61457682,1.8779668857142857,136.0,Long (120-149 min),16.92991,7.0,Good (7-7.9),630,Medium (100-999),Released
44564,The Dilemma,The Dilemma,en,2011-01-13,2011.0,Comedy | Drama,Comedy,70000000,67112664,-2887336,0.9587523428571428,111.0,Standard (90-119 min),14.780634,5.2,Medium (5-6.9),304,Medium (100-999),Released
3132,Bad Company,Bad Company,en,2002-06-07,2002.0,Action | Adventure | Comedy | Thriller,Action,70000000,65977295,-4022705,0.9425327857142857,116.0,Standard (90-119 min),14.086292,5.4,Medium (5-6.9),228,Medium (100-999),Released
8814,Doom,Doom,en,2005-10-20,2005.0,Adventure | Action | Horror,Adventure,60000000,55987321,-4012679,0.9331220166666667,105.0,Standard (90-119 min),29.261348,5.0,Medium (5-6.9),609,Medium (100-999),Released
8427,I Spy,I Spy,en,2002-10-31,2002.0,Action | Adventure | Comedy | Thriller,Action,70000000,33561137,-36438863,0.4794448142857143,97.0,Standard (90-119 min),13.267631,5.2,Medium (5-6.9),269,Medium (100-999),Released
52520,Underworld: Awakening,Underworld: Awakening,en,2012-01-19,2012.0,Fantasy | Action | Horror,Fantasy,70000000,160112671,90112671,2.2873238714285713,88.0,Short (<90 min),58.401204,6.1,Medium (5-6.9),1862,High (1K-4.9K),Released
80585,Rock of Ages,Rock of Ages,en,2012-06-13,2012.0,Comedy | Drama | Music | Romance,Comedy,75000000,59418613,-15581387,0.7922481733333333,123.0,Long (120-149 min),23.515938,6.0,Medium (5-6.9),385,Medium (100-999),Released
10592,Hart's War,Hart's War,en,2002-02-15,2002.0,Drama | War,Drama,70000000,32287044,-37712956,0.4612434857142857,125.0,Long (120-149 min),14.244518,5.9,Medium (5-6.9),241,Medium (100-999),Released
49021,Killer Elite,Killer Elite,en,2011-09-23,2011.0,Action | Adventure | Thriller,Action,66000000,57777106,-8222894,0.875410696969697,116.0,Standard (90-119 min),29.501489,6.1,Medium (5-6.9),695,Medium (100-999),Released
11535,Rollerball,Rollerball,en,2002-02-08,2002.0,Action | Science Fiction | Thriller,Action,0,0,0,0.0,98.0,Standard (90-119 min),9.306253,3.4,Low (<5),106,Medium (100-999),Released
10550,Ballistic: Ecks vs. Sever,Ballistic: Ecks vs. Sever,en,2002-09-20,2002.0,Action | Adventure | Thriller,Action,70000000,19924033,-50075967,0.28462904285714286,91.0,Standard (90-119 min),8.37378,4.3,Low (<5),97,Low (<100),Released
11258,Hard Rain,Hard Rain,en,1998-01-16,1998.0,Thriller,Thriller,70000000,19870567,-50129433,0.2838652428571429,97.0,Standard (90-119 min),10.930537,5.5,Medium (5-6.9),179,Medium (100-999),Released
12610,Osmosis Jones,Osmosis Jones,en,2001-08-07,2001.0,Adventure | Animation | Action | Comedy | Family,Adventure,75000000,13596911,-61403089,0.18129214666666665,95.0,Standard (90-119 min),10.54544,5.9,Medium (5-6.9),228,Medium (100-999),Released
59981,Legends of Oz: Dorothy's Return,Legends of Oz: Dorothy's Return,en,2013-06-13,2013.0,Animation | Music | Family,Animation,70000000,18662027,-51337973,0.26660038571428574,88.0,Short (<90 min),6.682006,5.9,Medium (5-6.9),43,Low (<100),Released
201088,Blackhat,Blackhat,en,2015-01-13,2015.0,Crime | Drama | Mystery,Crime,70000000,17752940,-52247060,0.25361342857142855,133.0,Long (120-149 min),46.832372,5.1,Medium (5-6.9),826,Medium (100-999),Released
5137,Sky Captain and the World of Tomorrow,Sky Captain and the World of Tomorrow,en,2004-09-17,2004.0,Mystery | Action | Thriller | Science Fiction | Adventure,Mystery,70000000,57958696,-12041304,0.8279813714285714,107.0,Standard (90-119 min),24.664776,5.7,Medium (5-6.9),439,Medium (100-999),Released
3093,Basic Instinct 2,Basic Instinct 2,en,2006-03-29,2006.0,Crime | Mystery | Thriller,Crime,70000000,38629478,-31370522,0.5518496857142857,114.0,Standard (90-119 min),13.483387,4.6,Low (<5),180,Medium (100-999),Released
107846,Escape Plan,Escape Plan,en,2013-10-09,2013.0,Action | Thriller,Action,50000000,122915111,72915111,2.45830222,115.0,Standard (90-119 min),44.478043,6.7,Medium (5-6.9),1659,High (1K-4.9K),Released
188207,The Legend of Hercules,The Legend of Hercules,en,2014-01-10,2014.0,Action | Adventure,Action,70000000,61279452,-8720548,0.8754207428571429,99.0,Standard (90-119 min),25.020428,4.4,Low (<5),533,Medium (100-999),Released
4614,The Sum of All Fears,The Sum of All Fears,en,2002-05-31,2002.0,Thriller | Action | Drama,Thriller,68000000,193000000,125000000,2.838235294117647,124.0,Long (120-149 min),22.392544,5.9,Medium (5-6.9),437,Medium (100-999),Released
24021,The Twilight Saga: Eclipse,The Twilight Saga: Eclipse,en,2010-06-23,2010.0,Adventure | Fantasy | Drama | Romance,Adventure,68000000,698491347,630491347,10.271931573529411,124.0,Long (120-149 min),107.069763,5.8,Medium (5-6.9),2301,High (1K-4.9K),Released
11371,The Score,The Score,en,2001-07-13,2001.0,Action | Crime | Thriller,Action,68000000,71069884,3069884,1.0451453529411765,124.0,Long (120-149 min),22.572323,6.7,Medium (5-6.9),423,Medium (100-999),Released
20352,Despicable Me,Despicable Me,en,2010-07-08,2010.0,Animation | Family,Animation,69000000,543513985,474513985,7.877014275362319,95.0,Standard (90-119 min),113.858273,7.1,Good (7-7.9),6478,Very High (5K+),Released
11517,Money Train,Money Train,en,1995-11-21,1995.0,Action | Comedy | Crime,Action,60000000,35431113,-24568887,0.59051855,103.0,Standard (90-119 min),10.004564,5.4,Medium (5-6.9),222,Medium (100-999),Released
214756,Ted 2,Ted 2,en,2015-06-25,2015.0,Comedy,Comedy,68000000,217022588,149022588,3.1915086470588236,115.0,Standard (90-119 min),68.734513,6.2,Medium (5-6.9),2463,High (1K-4.9K),Released
26428,Agora,Agora,en,2009-05-17,2009.0,Adventure | Drama | History,Adventure,70000000,39041505,-30958495,0.5577357857142857,127.0,Long (120-149 min),18.888806,6.9,Medium (5-6.9),395,Medium (100-999),Released
9824,Mystery Men,Mystery Men,en,1999-08-06,1999.0,Adventure | Fantasy | Action | Comedy | Science Fiction,Adventure,68000000,29762011,-38237989,0.4376766323529412,121.0,Long (120-149 min),12.948627,5.7,Medium (5-6.9),250,Medium (100-999),Released
48988,Hall Pass,Hall Pass,en,2011-02-25,2011.0,Comedy,Comedy,36000000,83160734,47160734,2.310020388888889,105.0,Standard (90-119 min),27.11589,5.4,Medium (5-6.9),611,Medium (100-999),Released
9008,The Insider,The Insider,en,1999-10-28,1999.0,Drama | Thriller,Drama,90000000,60289912,-29710088,0.6698879111111111,157.0,Very Long (150+ min),26.153669,7.3,Good (7-7.9),481,Medium (100-999),Released
300673,The Finest Hours,The Finest Hours,en,2016-01-25,2016.0,Action | Drama | History | Thriller,Action,80000000,52099090,-27900910,0.651238625,114.0,Standard (90-119 min),28.223664,6.3,Medium (5-6.9),588,Medium (100-999),Released
12113,Body of Lies,Body of Lies,en,2008-10-10,2008.0,Action | Drama | Thriller,Action,70000000,113280098,43280098,1.6182871142857143,128.0,Long (120-149 min),37.507136,6.5,Medium (5-6.9),895,Medium (100-999),Released
38778,Dinner for Schmucks,Dinner for Schmucks,en,2010-07-30,2010.0,Comedy,Comedy,69000000,86387857,17387857,1.2519979275362318,114.0,Standard (90-119 min),11.023691,5.5,Medium (5-6.9),531,Medium (100-999),Released
72331,Abraham Lincoln: Vampire Hunter,Abraham Lincoln: Vampire Hunter,en,2012-06-20,2012.0,Action | Fantasy | Horror,Action,69000000,112265139,43265139,1.627031,94.0,Standard (90-119 min),38.634767,5.5,Medium (5-6.9),1269,High (1K-4.9K),Released
1844,Entrapment,Entrapment,en,1999-04-29,1999.0,Romance | Drama | Mystery,Romance,66000000,212404396,146404396,3.2182484242424243,112.0,Standard (90-119 min),25.877794,6.0,Medium (5-6.9),602,Medium (100-999),Released
846,The X Files,The X Files,en,1998-06-19,1998.0,Mystery | Science Fiction | Thriller,Mystery,66000000,189198313,123198313,2.866641106060606,121.0,Long (120-149 min),18.59991,6.6,Medium (5-6.9),488,Medium (100-999),Released
9703,The Last Legion,The Last Legion,en,2007-04-19,2007.0,Action | Adventure | Fantasy | War,Action,67000000,25303038,-41696962,0.37765728358208955,102.0,Standard (90-119 min),12.282911,5.0,Medium (5-6.9),207,Medium (100-999),Released
857,Saving Private Ryan,Saving Private Ryan,en,1998-07-24,1998.0,Drama | History | War,Drama,70000000,481840909,411840909,6.8834415571428575,169.0,Very Long (150+ min),76.041867,7.9,Good (7-7.9),5048,Very High (5K+),Released
136797,Need for Speed,Need for Speed,en,2014-03-13,2014.0,Action | Crime | Drama | Thriller,Action,66000000,203277636,137277636,3.0799641818181818,130.0,Long (120-149 min),54.81489,6.1,Medium (5-6.9),1520,High (1K-4.9K),Released
3981,What Women Want,What Women Want,en,2000-12-15,2000.0,Comedy | Romance,Comedy,70000000,374111707,304111707,5.344452957142857,127.0,Long (120-149 min),31.39165,6.1,Medium (5-6.9),992,Medium (100-999),Released
425,Ice Age,Ice Age,en,2002-03-10,2002.0,Animation | Comedy | Family | Adventure,Animation,59000000,383257136,324257136,6.495883661016949,81.0,Short (<90 min),99.561972,7.1,Good (7-7.9),3857,High (1K-4.9K),Released
6171,Dreamcatcher,Dreamcatcher,en,2003-03-21,2003.0,Drama | Horror | Science Fiction | Thriller,Drama,68000000,75715436,7715436,1.113462294117647,136.0,Long (120-149 min),26.792794,5.3,Medium (5-6.9),567,Medium (100-999),Released
72976,Lincoln,Lincoln,en,2012-11-09,2012.0,History | Drama,History,65000000,275293450,210293450,4.2352838461538465,149.0,Long (120-149 min),36.307296,6.7,Medium (5-6.9),1429,High (1K-4.9K),Released
603,The Matrix,The Matrix,en,1999-03-30,1999.0,Action | Science Fiction,Action,63000000,463517383,400517383,7.357418777777778,136.0,Long (120-149 min),104.309993,7.9,Good (7-7.9),8907,Very High (5K+),Released
568,Apollo 13,Apollo 13,en,1995-06-30,1995.0,Drama,Drama,52000000,355237933,303237933,6.831498711538462,140.0,Long (120-149 min),68.140214,7.3,Good (7-7.9),1599,High (1K-4.9K),Released
9021,The Santa Clause 2,The Santa Clause 2,en,2002-10-31,2002.0,Fantasy | Comedy | Family,Fantasy,65000000,172855065,107855065,2.6593086923076923,104.0,Standard (90-119 min),14.646884,5.5,Medium (5-6.9),297,Medium (100-999),Released
82695,Les Misérables,Les Misérables,en,2012-12-18,2012.0,Drama | Music | Romance,Drama,61000000,441809770,380809770,7.242783114754098,157.0,Very Long (150+ min),48.356214,7.1,Good (7-7.9),1884,High (1K-4.9K),Released
9489,You've Got Mail,You've Got Mail,en,1998-12-17,1998.0,Comedy | Romance,Comedy,65000000,250821495,185821495,3.8587922307692306,119.0,Standard (90-119 min),28.540267,6.3,Medium (5-6.9),838,Medium (100-999),Released
12133,Step Brothers,Step Brothers,en,2008-07-25,2008.0,Comedy,Comedy,65000000,128107642,63107642,1.9708868,98.0,Standard (90-119 min),22.977983,6.5,Medium (5-6.9),1062,High (1K-4.9K),Released
9342,The Mask of Zorro,The Mask of Zorro,en,1998-07-16,1998.0,Action | Adventure,Action,95000000,250288523,155288523,2.6346160315789473,136.0,Long (120-149 min),31.086791,6.3,Medium (5-6.9),1183,High (1K-4.9K),Released
41733,Due Date,Due Date,en,2010-11-04,2010.0,Comedy | Drama,Comedy,65000000,211780824,146780824,3.2581665230769232,95.0,Standard (90-119 min),43.865294,6.2,Medium (5-6.9),1685,High (1K-4.9K),Released
227306,Unbroken,Unbroken,en,2014-12-25,2014.0,Drama | War,Drama,65000000,163442937,98442937,2.514506723076923,137.0,Long (120-149 min),43.055253,7.3,Good (7-7.9),1400,High (1K-4.9K),Released
5551,Space Cowboys,Space Cowboys,en,2000-07-31,2000.0,Action | Adventure | Thriller,Action,65000000,128884132,63884132,1.9828328,130.0,Long (120-149 min),15.772081,6.3,Medium (5-6.9),403,Medium (100-999),Released
9350,Cliffhanger,Cliffhanger,en,1993-05-28,1993.0,Action | Adventure | Thriller,Action,70000000,255000211,185000211,3.642860157142857,112.0,Standard (90-119 min),26.19909,6.1,Medium (5-6.9),588,Medium (100-999),Released
9208,Broken Arrow,Broken Arrow,en,1996-02-09,1996.0,Action | Adventure | Drama | Thriller,Action,50000000,150270147,100270147,3.00540294,108.0,Standard (90-119 min),22.769108,5.7,Medium (5-6.9),453,Medium (100-999),Released
4244,The Kid,The Kid,en,2000-07-07,2000.0,Fantasy | Comedy | Family,Fantasy,65000000,69700000,4700000,1.0723076923076924,104.0,Standard (90-119 min),18.281798,6.0,Medium (5-6.9),238,Medium (100-999),Released
1852,World Trade Center,World Trade Center,en,2006-08-09,2006.0,Drama | History | Thriller,Drama,63000000,162945894,99945894,2.586442761904762,128.0,Long (120-149 min),24.697533,5.9,Medium (5-6.9),447,Medium (100-999),Released
11820,Mona Lisa Smile,Mona Lisa Smile,en,2003-12-19,2003.0,Drama | Romance,Drama,65000000,0,-65000000,0.0,117.0,Standard (90-119 min),19.718544,6.5,Medium (5-6.9),393,Medium (100-999),Released
76493,The Dictator,The Dictator,en,2012-05-15,2012.0,Comedy,Comedy,65000000,179379533,114379533,2.759685123076923,83.0,Short (<90 min),31.349143,5.9,Medium (5-6.9),1743,High (1K-4.9K),Released
345,Eyes Wide Shut,Eyes Wide Shut,en,1999-07-14,1999.0,Mystery | Drama,Mystery,65000000,162091208,97091208,2.4937108923076923,159.0,Very Long (150+ min),27.870312,7.1,Good (7-7.9),1234,High (1K-4.9K),Released
196867,Annie,Annie,en,2014-12-19,2014.0,Comedy | Drama | Family,Comedy,65000000,133821816,68821816,2.058797169230769,119.0,Standard (90-119 min),33.439187,6.0,Medium (5-6.9),466,Medium (100-999),Released
256591,Focus,Focus,en,2015-02-25,2015.0,Romance | Comedy | Crime | Drama,Romance,50100000,153962963,103862963,3.0731130339321355,105.0,Standard (90-119 min),59.634029,6.7,Medium (5-6.9),2542,High (1K-4.9K),Released
59962,This Means War,This Means War,en,2012-02-14,2012.0,Action | Comedy | Romance,Action,65000000,156974557,91974557,2.4149931846153847,103.0,Standard (90-119 min),38.994297,5.9,Medium (5-6.9),1389,High (1K-4.9K),Released
36648,Blade: Trinity,Blade: Trinity,en,2004-12-08,2004.0,Science Fiction | Action | Horror | Thriller | Adventure | Fantasy,Science Fiction,65000000,128905366,63905366,1.983159476923077,123.0,Long (120-149 min),49.660055,5.7,Medium (5-6.9),1252,High (1K-4.9K),Released
1880,Red Dawn,Red Dawn,en,1984-08-10,1984.0,Action | Thriller,Action,4200000,38376497,34176497,9.13726119047619,114.0,Standard (90-119 min),11.743085,6.4,Medium (5-6.9),215,Medium (100-999),Released
9440,Primary Colors,Primary Colors,en,1998-03-20,1998.0,Comedy | Drama,Comedy,65000000,0,-65000000,0.0,143.0,Long (120-149 min),9.110247,6.1,Medium (5-6.9),94,Low (<100),Released
71679,Resident Evil: Retribution,Resident Evil: Retribution,en,2012-09-12,2012.0,Action | Horror | Science Fiction,Action,65000000,240159255,175159255,3.6947577692307694,95.0,Standard (90-119 min),6.227675,5.6,Medium (5-6.9),1600,High (1K-4.9K),Released
10483,Death Race,Death Race,en,2008-08-22,2008.0,Action | Thriller | Science Fiction,Action,45000000,73762516,28762516,1.6391670222222223,105.0,Standard (90-119 min),42.57877,6.0,Medium (5-6.9),1175,High (1K-4.9K),Released
11412,The Long Kiss Goodnight,The Long Kiss Goodnight,en,1996-10-11,1996.0,Crime | Action | Mystery | Thriller,Crime,65000000,89456761,24456761,1.3762578615384615,120.0,Long (120-149 min),15.858629,6.5,Medium (5-6.9),314,Medium (100-999),Released
11983,Proof of Life,Proof of Life,en,2000-12-08,2000.0,Action | Adventure | Drama | Romance | Thriller,Action,65000000,0,-65000000,0.0,135.0,Long (120-149 min),14.866901,6.0,Medium (5-6.9),208,Medium (100-999),Released
6795,Zathura: A Space Adventure,Zathura: A Space Adventure,en,2005-11-06,2005.0,Family | Fantasy | Science Fiction | Adventure,Family,65000000,64321501,-678499,0.9895615538461539,101.0,Standard (90-119 min),15.194239,6.1,Medium (5-6.9),779,Medium (100-999),Released
550,Fight Club,Fight Club,en,1999-10-15,1999.0,Drama,Drama,63000000,100853753,37853753,1.6008532222222223,139.0,Long (120-149 min),146.757391,8.3,Excellent (8+),9413,Very High (5K+),Released
11170,We Are Marshall,We Are Marshall,en,2006-12-12,2006.0,Drama,Drama,65000000,43545364,-21454636,0.6699286769230769,124.0,Long (120-149 min),8.629665,6.7,Medium (5-6.9),186,Medium (100-999),Released
9292,Hudson Hawk,Hudson Hawk,en,1991-05-23,1991.0,Action | Adventure | Comedy,Action,65000000,17218080,-47781920,0.26489353846153846,100.0,Standard (90-119 min),16.803457,5.4,Medium (5-6.9),269,Medium (100-999),Released
10783,Lucky Numbers,Lucky Numbers,en,2000-10-27,2000.0,Action | Adventure | Comedy | Crime | Romance | Thriller,Action,65000000,0,-65000000,0.0,105.0,Standard (90-119 min),2.952595,4.9,Low (<5),52,Low (<100),Released
100241,"I, Frankenstein","I, Frankenstein",en,2014-01-22,2014.0,Horror | Thriller,Horror,65000000,71154592,6154592,1.0946860307692308,92.0,Standard (90-119 min),31.324734,5.0,Medium (5-6.9),687,Medium (100-999),Released
257,Oliver Twist,Oliver Twist,en,2005-09-23,2005.0,Crime | Drama | Family,Crime,50000000,42093706,-7906294,0.84187412,130.0,Long (120-149 min),20.415572,6.7,Medium (5-6.9),274,Medium (100-999),Released
9947,Elektra,Elektra,en,2005-01-13,2005.0,Action | Fantasy,Action,43000000,56681566,13681566,1.3181759534883721,97.0,Standard (90-119 min),28.613892,4.8,Low (<5),575,Medium (100-999),Released
189,Sin City: A Dame to Kill For,Sin City: A Dame to Kill For,en,2014-08-20,2014.0,Crime | Thriller,Crime,65000000,39407616,-25592384,0.6062710153846154,102.0,Standard (90-119 min),85.428395,6.3,Medium (5-6.9),1286,High (1K-4.9K),Released
12618,Random Hearts,Random Hearts,en,1999-10-08,1999.0,Drama | Romance,Drama,64000000,74608570,10608570,1.16575890625,133.0,Long (120-149 min),4.137237,5.3,Medium (5-6.9),63,Low (<100),Released
253412,Everest,Everest,en,2015-09-10,2015.0,Adventure | Drama,Adventure,55000000,203427584,148427584,3.6986833454545454,121.0,Long (120-149 min),60.246978,6.7,Medium (5-6.9),1772,High (1K-4.9K),Released
1427,Perfume: The Story of a Murderer,Perfume: The Story of a Murderer,en,2006-09-13,2006.0,Crime | Fantasy | Drama,Crime,50000000,132180323,82180323,2.64360646,147.0,Long (120-149 min),42.551902,7.1,Good (7-7.9),1165,High (1K-4.9K),Released
818,Austin Powers in Goldmember,Austin Powers in Goldmember,en,2002-07-26,2002.0,Comedy | Crime | Science Fiction,Comedy,63000000,296655431,233655431,4.7088163650793655,94.0,Standard (90-119 min),40.137264,5.9,Medium (5-6.9),979,Medium (100-999),Released
16577,Astro Boy,Astro Boy,en,2009-10-15,2009.0,Animation | Action | Family | Science Fiction,Animation,65000000,44091067,-20908933,0.6783241076923077,94.0,Standard (90-119 min),24.857079,6.1,Medium (5-6.9),409,Medium (100-999),Released
329,Jurassic Park,Jurassic Park,en,1993-06-11,1993.0,Adventure | Science Fiction,Adventure,63000000,920100000,857100000,14.604761904761904,127.0,Long (120-149 min),40.413191,7.6,Good (7-7.9),4856,High (1K-4.9K),Released
12160,Wyatt Earp,Wyatt Earp,en,1994-06-24,1994.0,Drama | Action | Western,Drama,63000000,25052000,-37948000,0.39765079365079364,191.0,Very Long (150+ min),13.859307,6.5,Medium (5-6.9),202,Medium (100-999),Released
9331,Clear and Present Danger,Clear and Present Danger,en,1994-08-03,1994.0,Action | Drama | Thriller,Action,62000000,215887717,153887717,3.482059951612903,141.0,Long (120-149 min),18.832471,6.4,Medium (5-6.9),386,Medium (100-999),Released
300168,Dragon Blade,天將雄師,zh,2015-02-19,2015.0,Action | Drama | Adventure,Action,65000000,121545703,56545703,1.8699338923076922,127.0,Long (120-149 min),9.568884,5.9,Medium (5-6.9),145,Medium (100-999),Released
9072,Little Man,Little Man,en,2006-08-31,2006.0,Comedy | Crime,Comedy,64000000,101595121,37595121,1.587423765625,98.0,Standard (90-119 min),12.421504,5.3,Medium (5-6.9),261,Medium (100-999),Released
3536,U-571,U-571,en,2000-04-20,2000.0,Action | Drama | Thriller | War,Action,62000000,127666415,65666415,2.0591357258064518,116.0,Standard (90-119 min),18.096884,6.1,Medium (5-6.9),340,Medium (100-999),Released
9087,The American President,The American President,en,1995-11-17,1995.0,Comedy | Drama | Romance,Comedy,62000000,107879496,45879496,1.739991870967742,106.0,Standard (90-119 min),11.056763,6.5,Medium (5-6.9),195,Medium (100-999),Released
12177,The Love Guru,The Love Guru,en,2008-06-20,2008.0,Comedy | Romance,Comedy,62000000,41819064,-20180936,0.6745010322580646,87.0,Short (<90 min),13.218008,4.3,Low (<5),242,Medium (100-999),Released
12138,3000 Miles to Graceland,3000 Miles to Graceland,en,2001-02-23,2001.0,Action | Adventure | Comedy | Thriller | Crime,Action,62000000,18720175,-43279825,0.3019383064516129,125.0,Long (120-149 min),11.262655,5.8,Medium (5-6.9),178,Medium (100-999),Released
273248,The Hateful Eight,The Hateful Eight,en,2015-12-25,2015.0,Crime | Drama | Mystery | Western,Crime,44000000,155760117,111760117,3.5400026590909093,167.0,Very Long (150+ min),68.717016,7.6,Good (7-7.9),4274,High (1K-4.9K),Released
9955,Blades of Glory,Blades of Glory,en,2007-03-30,2007.0,Action | Comedy | Drama,Action,53000000,0,-53000000,0.0,93.0,Standard (90-119 min),19.412028,5.9,Medium (5-6.9),569,Medium (100-999),Released
50359,Hop,Hop,en,2011-03-30,2011.0,Animation | Comedy | Family,Animation,63000000,183953723,120953723,2.919900365079365,95.0,Standard (90-119 min),16.791058,5.5,Medium (5-6.9),331,Medium (100-999),Released
1271,300,300,en,2006-12-09,2006.0,Action | Adventure | War,Action,65000000,422610419,357610419,6.501698753846154,117.0,Standard (90-119 min),65.197968,7.0,Good (7-7.9),4997,High (1K-4.9K),Released
693,Meet the Fockers,Meet the Fockers,en,2004-12-22,2004.0,Comedy | Romance,Comedy,80000000,516642939,436642939,6.4580367375,115.0,Standard (90-119 min),32.829538,6.1,Medium (5-6.9),1373,High (1K-4.9K),Released
14306,Marley & Me,Marley & Me,en,2008-12-25,2008.0,Comedy | Family,Comedy,60000000,244082376,184082376,4.0680396,115.0,Standard (90-119 min),30.951203,6.9,Medium (5-6.9),1343,High (1K-4.9K),Released
497,The Green Mile,The Green Mile,en,1999-12-10,1999.0,Fantasy | Drama | Crime,Fantasy,60000000,284600000,224600000,4.743333333333333,189.0,Very Long (150+ min),103.698022,8.2,Excellent (8+),4048,High (1K-4.9K),Released
11199,Wild Hogs,Wild Hogs,en,2007-03-02,2007.0,Action | Adventure | Comedy,Action,0,253625427,253625427,0.0,100.0,Standard (90-119 min),31.719463,5.6,Medium (5-6.9),648,Medium (100-999),Released
9982,Chicken Little,Chicken Little,en,2005-11-04,2005.0,Animation | Family | Comedy,Animation,150000000,314432665,164432665,2.096217766666667,81.0,Short (<90 min),47.973995,5.6,Medium (5-6.9),944,Medium (100-999),Released
210577,Gone Girl,Gone Girl,en,2014-10-01,2014.0,Mystery | Thriller | Drama,Mystery,61000000,369330363,308330363,6.054596114754099,145.0,Long (120-149 min),143.041543,7.9,Good (7-7.9),5862,Very High (5K+),Released
2501,The Bourne Identity,The Bourne Identity,en,2002-06-14,2002.0,Action | Drama | Mystery | Thriller,Action,60000000,214034224,154034224,3.567237066666667,119.0,Standard (90-119 min),86.476817,7.3,Good (7-7.9),3583,High (1K-4.9K),Released
710,GoldenEye,GoldenEye,en,1995-11-16,1995.0,Adventure | Action | Thriller,Adventure,58000000,352194034,294194034,6.072310931034483,130.0,Long (120-149 min),59.824565,6.6,Medium (5-6.9),1174,High (1K-4.9K),Released
2275,The General's Daughter,The General's Daughter,en,1999-06-18,1999.0,Crime | Drama | Mystery | Thriller,Crime,60000000,149705852,89705852,2.4950975333333334,116.0,Standard (90-119 min),18.345613,6.1,Medium (5-6.9),205,Medium (100-999),Released
37165,The Truman Show,The Truman Show,en,1998-06-04,1998.0,Comedy | Drama,Comedy,60000000,264118201,204118201,4.401970016666667,103.0,Standard (90-119 min),56.488027,7.8,Good (7-7.9),4537,High (1K-4.9K),Released
9837,The Prince of Egypt,The Prince of Egypt,en,1998-12-15,1998.0,Adventure | Animation | Drama | Family | Music,Adventure,70000000,218613188,148613188,3.1230455428571426,99.0,Standard (90-119 min),29.464852,6.8,Medium (5-6.9),817,Medium (100-999),Released
10708,Daddy Day Care,Daddy Day Care,en,2003-05-03,2003.0,Comedy | Family,Comedy,60000000,164433867,104433867,2.74056445,92.0,Standard (90-119 min),18.106021,5.6,Medium (5-6.9),506,Medium (100-999),Released
136400,2 Guns,2 Guns,en,2013-08-02,2013.0,Action | Comedy | Crime,Action,61000000,131940411,70940411,2.162957557377049,109.0,Standard (90-119 min),42.881415,6.6,Medium (5-6.9),1589,High (1K-4.9K),Released
10992,Cats & Dogs,Cats & Dogs,en,2001-07-04,2001.0,Comedy | Family,Comedy,60000000,93375151,33375151,1.5562525166666668,87.0,Short (<90 min),18.735024,5.0,Medium (5-6.9),352,Medium (100-999),Released
9654,The Italian Job,The Italian Job,en,2003-05-30,2003.0,Action | Crime,Action,60000000,176070171,116070171,2.93450285,110.0,Standard (90-119 min),62.766854,6.6,Medium (5-6.9),1919,High (1K-4.9K),Released
2642,Two Weeks Notice,Two Weeks Notice,en,2002-12-19,2002.0,Romance | Comedy,Romance,60000000,93354918,33354918,1.5559153,101.0,Standard (90-119 min),24.153567,5.9,Medium (5-6.9),487,Medium (100-999),Released
8916,Antz,Antz,en,1998-10-02,1998.0,Adventure | Animation | Comedy | Family,Adventure,60000000,171757863,111757863,2.86263105,83.0,Short (<90 min),41.515702,6.0,Medium (5-6.9),1272,High (1K-4.9K),Released
19899,Couples Retreat,Couples Retreat,en,2009-09-19,2009.0,Comedy | Romance,Comedy,70000000,171844840,101844840,2.4549262857142855,113.0,Standard (90-119 min),26.676487,5.3,Medium (5-6.9),588,Medium (100-999),Released
2119,Days of Thunder,Days of Thunder,en,1990-06-27,1990.0,Adventure,Adventure,60000000,157920733,97920733,2.632012216666667,107.0,Standard (90-119 min),16.278022,5.9,Medium (5-6.9),353,Medium (100-999),Released
9641,Cheaper by the Dozen 2,Cheaper by the Dozen 2,en,2005-12-21,2005.0,Comedy,Comedy,60000000,129181830,69181830,2.1530305,94.0,Standard (90-119 min),18.831023,5.7,Medium (5-6.9),526,Medium (100-999),Released
294254,Maze Runner: The Scorch Trials,Maze Runner: The Scorch Trials,en,2015-09-09,2015.0,Action,Action,61000000,311256926,250256926,5.102572557377049,132.0,Long (120-149 min),113.161483,6.4,Medium (5-6.9),3040,High (1K-4.9K),Released
38167,Eat Pray Love,Eat Pray Love,en,2010-08-12,2010.0,Drama,Drama,60000000,204594016,144594016,3.4099002666666665,133.0,Long (120-149 min),28.800112,5.8,Medium (5-6.9),636,Medium (100-999),Released
5994,The Family Man,The Family Man,en,2000-12-12,2000.0,Comedy | Drama | Romance | Fantasy,Comedy,60000000,0,-60000000,0.0,125.0,Long (120-149 min),19.705489,6.5,Medium (5-6.9),521,Medium (100-999),Released
39514,RED,RED,en,2010-10-13,2010.0,Action | Adventure | Comedy | Crime | Thriller,Action,58000000,71664962,13664962,1.2356027931034483,111.0,Standard (90-119 min),41.430245,6.6,Medium (5-6.9),2808,High (1K-4.9K),Released
9563,Any Given Sunday,Any Given Sunday,en,1999-12-16,1999.0,Drama,Drama,55000000,100230832,45230832,1.8223787636363635,163.0,Very Long (150+ min),23.127561,6.8,Medium (5-6.9),422,Medium (100-999),Released
547,The Horse Whisperer,The Horse Whisperer,en,1998-05-14,1998.0,Drama | Romance,Drama,60000000,186883563,126883563,3.11472605,170.0,Very Long (150+ min),12.867352,6.7,Medium (5-6.9),292,Medium (100-999),Released
1538,Collateral,Collateral,en,2004-08-04,2004.0,Drama | Crime | Thriller,Drama,65000000,217764291,152764291,3.3502198615384615,120.0,Long (120-149 min),44.815022,7.0,Good (7-7.9),1451,High (1K-4.9K),Released
9334,The Scorpion King,The Scorpion King,en,2002-04-16,2002.0,Action | Fantasy | Adventure,Action,60000000,165333180,105333180,2.755553,92.0,Standard (90-119 min),37.537093,5.3,Medium (5-6.9),779,Medium (100-999),Released
11128,Ladder 49,Ladder 49,en,2004-10-01,2004.0,Drama | Action | Thriller,Drama,60000000,74541707,14541707,1.2423617833333334,115.0,Standard (90-119 min),10.99991,6.2,Medium (5-6.9),207,Medium (100-999),Released
75780,Jack Reacher,Jack Reacher,en,2012-12-20,2012.0,Crime | Drama | Thriller,Crime,60000000,218340595,158340595,3.6390099166666667,130.0,Long (120-149 min),56.868399,6.3,Medium (5-6.9),2998,High (1K-4.9K),Released
8914,Deep Blue Sea,Deep Blue Sea,en,1999-07-28,1999.0,Action | Science Fiction | Thriller,Action,60000000,73648228,13648228,1.2274704666666667,105.0,Standard (90-119 min),22.991269,5.6,Medium (5-6.9),604,Medium (100-999),Released
13576,This Is It,Michael Jackson's This Is It,en,2009-10-28,2009.0,Music | Documentary,Music,60000000,0,-60000000,0.0,111.0,Standard (90-119 min),15.798622,6.7,Medium (5-6.9),247,Medium (100-999),Released
39538,Contagion,Contagion,en,2011-09-08,2011.0,Drama | Thriller | Science Fiction,Drama,60000000,137551594,77551594,2.2925265666666665,106.0,Standard (90-119 min),38.820858,6.2,Medium (5-6.9),1325,High (1K-4.9K),Released
10628,Kangaroo Jack,Kangaroo Jack,en,2003-01-17,2003.0,Comedy | Adventure | Crime,Comedy,0,0,0,0.0,89.0,Short (<90 min),10.292864,4.3,Low (<5),203,Medium (100-999),Released
14836,Coraline,Coraline,en,2009-02-05,2009.0,Animation | Family,Animation,60000000,124596398,64596398,2.0766066333333333,100.0,Standard (90-119 min),51.146047,7.3,Good (7-7.9),1386,High (1K-4.9K),Released
8645,The Happening,The Happening,en,2008-06-11,2008.0,Thriller | Science Fiction,Thriller,60000000,163403799,103403799,2.72339665,91.0,Standard (90-119 min),20.501582,4.9,Low (<5),950,Medium (100-999),Released
9509,Man on Fire,Man on Fire,en,2004-04-23,2004.0,Action | Drama | Thriller | Crime,Action,70000000,130293714,60293714,1.8613387714285714,146.0,Long (120-149 min),45.299089,7.3,Good (7-7.9),1553,High (1K-4.9K),Released
10067,The Shaggy Dog,The Shaggy Dog,en,2006-03-09,2006.0,Comedy | Family,Comedy,50000000,61112916,11112916,1.22225832,98.0,Standard (90-119 min),4.280619,4.5,Low (<5),137,Medium (100-999),Released
9384,Starsky & Hutch,Starsky & Hutch,en,2004-03-05,2004.0,Comedy | Crime,Comedy,60000000,170268750,110268750,2.8378125,101.0,Standard (90-119 min),28.848842,5.6,Medium (5-6.9),644,Medium (100-999),Released
9279,Jingle All the Way,Jingle All the Way,en,1996-11-15,1996.0,Family | Comedy,Family,60000000,129832389,69832389,2.16387315,89.0,Short (<90 min),22.501041,5.5,Medium (5-6.9),575,Medium (100-999),Released
1487,Hellboy,Hellboy,en,2004-04-02,2004.0,Fantasy | Action | Science Fiction,Fantasy,66000000,99318987,33318987,1.5048331363636365,122.0,Long (120-149 min),47.479755,6.5,Medium (5-6.9),2225,High (1K-4.9K),Released
9422,A Civil Action,A Civil Action,en,1998-03-05,1998.0,Drama,Drama,70000000,56702901,-13297099,0.8100414428571429,115.0,Standard (90-119 min),10.147321,6.1,Medium (5-6.9),109,Medium (100-999),Released
77174,ParaNorman,ParaNorman,en,2012-08-03,2012.0,Family | Animation | Adventure | Comedy,Family,60000000,107139399,47139399,1.78565665,90.0,Standard (90-119 min),39.539045,6.7,Medium (5-6.9),789,Medium (100-999),Released
4824,The Jackal,The Jackal,en,1997-11-14,1997.0,Action | Thriller | Adventure | Crime,Action,60000000,159330280,99330280,2.655504666666667,124.0,Long (120-149 min),19.747459,6.1,Medium (5-6.9),527,Medium (100-999),Released
9620,Paycheck,Paycheck,en,2003-12-25,2003.0,Action | Adventure | Mystery | Science Fiction | Thriller,Action,60000000,96269812,36269812,1.6044968666666666,119.0,Standard (90-119 min),29.018826,5.9,Medium (5-6.9),581,Medium (100-999),Released
9302,Up Close & Personal,Up Close & Personal,en,1996-03-01,1996.0,Drama | Romance,Drama,60000000,0,-60000000,0.0,119.0,Standard (90-119 min),4.801849,5.9,Medium (5-6.9),50,Low (<100),Released
10199,The Tale of Despereaux,The Tale of Despereaux,en,2008-12-19,2008.0,Adventure | Animation | Family,Adventure,60000000,50877145,-9122855,0.8479524166666667,93.0,Standard (90-119 min),16.493576,5.8,Medium (5-6.9),258,Medium (100-999),Released
10771,The Tuxedo,The Tuxedo,en,2002-09-27,2002.0,Thriller | Action | Comedy | Science Fiction,Thriller,0,0,0,0.0,98.0,Standard (90-119 min),21.549232,5.3,Medium (5-6.9),483,Medium (100-999),Released
3512,Under Siege 2: Dark Territory,Under Siege 2: Dark Territory,en,1995-07-13,1995.0,Action | Thriller,Action,60000000,104324083,44324083,1.7387347166666667,100.0,Standard (90-119 min),13.080725,5.6,Medium (5-6.9),210,Medium (100-999),Released
137094,Jack Ryan: Shadow Recruit,Jack Ryan: Shadow Recruit,en,2014-01-15,2014.0,Action | Drama | Thriller,Action,60000000,50549107,-9450893,0.8424851166666667,105.0,Standard (90-119 min),42.538258,5.9,Medium (5-6.9),1173,High (1K-4.9K),Released
274479,Joy,Joy,en,2015-12-24,2015.0,Drama | Comedy,Drama,60000000,101134059,41134059,1.68556765,124.0,Long (120-149 min),29.876507,6.4,Medium (5-6.9),1581,High (1K-4.9K),Released
267860,London Has Fallen,London Has Fallen,en,2016-03-02,2016.0,Action | Crime | Thriller,Action,60000000,205754447,145754447,3.4292407833333334,99.0,Standard (90-119 min),61.849521,5.8,Medium (5-6.9),1621,High (1K-4.9K),Released
8078,Alien: Resurrection,Alien: Resurrection,en,1997-11-12,1997.0,Science Fiction | Horror | Action,Science Fiction,70000000,162000000,92000000,2.3142857142857145,109.0,Standard (90-119 min),37.44963,5.9,Medium (5-6.9),1365,High (1K-4.9K),Released
7485,Shooter,Shooter,en,2007-03-22,2007.0,Action | Drama | Mystery | Thriller | Crime,Action,61000000,95696996,34696996,1.568803213114754,124.0,Long (120-149 min),37.378081,6.9,Medium (5-6.9),1462,High (1K-4.9K),Released
170687,The Boxtrolls,The Boxtrolls,en,2014-09-10,2014.0,Animation | Comedy | Family | Fantasy,Animation,60000000,108255770,48255770,1.8042628333333333,97.0,Standard (90-119 min),30.656345,6.6,Medium (5-6.9),668,Medium (100-999),Released
6435,Practical Magic,Practical Magic,en,1998-10-16,1998.0,Drama | Fantasy | Comedy,Drama,75000000,46683377,-28316623,0.6224450266666667,104.0,Standard (90-119 min),15.142701,6.3,Medium (5-6.9),338,Medium (100-999),Released
137106,The Lego Movie,The Lego Movie,en,2014-02-06,2014.0,Adventure | Animation | Comedy | Family | Fantasy,Adventure,60000000,469160692,409160692,7.8193448666666665,100.0,Standard (90-119 min),59.547928,7.5,Good (7-7.9),3070,High (1K-4.9K),Released
10040,Miss Congeniality 2: Armed and Fabulous,Miss Congeniality 2: Armed and Fabulous,en,2005-03-11,2005.0,Action | Comedy,Action,0,0,0,0.0,115.0,Standard (90-119 min),19.998581,5.3,Medium (5-6.9),425,Medium (100-999),Released
6278,Reign of Fire,Reign of Fire,en,2002-07-12,2002.0,Adventure | Action | Fantasy,Adventure,60000000,43061982,-16938018,0.7176997,101.0,Standard (90-119 min),27.615108,6.0,Medium (5-6.9),669,Medium (100-999),Released
82682,Gangster Squad,Gangster Squad,en,2013-01-10,2013.0,Crime | Drama | Action | Thriller,Crime,60000000,105200903,45200903,1.7533483833333334,113.0,Standard (90-119 min),29.041198,6.2,Medium (5-6.9),1778,High (1K-4.9K),Released
17610,Year One,Year One,en,2009-06-18,2009.0,Comedy | Adventure,Comedy,60000000,62357900,2357900,1.0392983333333334,97.0,Standard (90-119 min),25.293538,4.6,Low (<5),524,Medium (100-999),Released
22954,Invictus,Invictus,en,2009-12-10,2009.0,Drama | History,Drama,60000000,122233971,62233971,2.03723285,134.0,Long (120-149 min),23.85119,7.0,Good (7-7.9),1125,High (1K-4.9K),Released
16995,State of Play,State of Play,en,2009-04-17,2009.0,Action,Action,60000000,87784194,27784194,1.4630699,127.0,Long (120-149 min),21.685719,6.7,Medium (5-6.9),484,Medium (100-999),Released
16558,Duplicity,Duplicity,en,2009-03-19,2009.0,Romance | Comedy | Crime,Romance,78146652,60000000,-18146652,0.7677872111526928,125.0,Long (120-149 min),13.630049,5.7,Medium (5-6.9),201,Medium (100-999),Released
9849,My Favorite Martian,My Favorite Martian,en,1999-02-11,1999.0,Comedy | Drama | Family | Science Fiction,Comedy,65000000,36850101,-28149899,0.5669246307692307,94.0,Standard (90-119 min),6.80692,5.1,Medium (5-6.9),80,Low (<100),Released
5820,The Sentinel,The Sentinel,en,2006-04-19,2006.0,Action | Thriller | Crime,Action,60000000,77920346,17920346,1.2986724333333333,108.0,Standard (90-119 min),15.352807,5.8,Medium (5-6.9),225,Medium (100-999),Released
16866,Planet 51,Planet 51,en,2009-11-19,2009.0,Science Fiction | Animation | Family | Comedy | Adventure,Science Fiction,70000000,104945765,34945765,1.4992252142857143,91.0,Standard (90-119 min),23.661071,5.6,Medium (5-6.9),556,Medium (100-999),Released
201,Star Trek: Nemesis,Star Trek: Nemesis,en,2002-12-13,2002.0,Science Fiction | Action | Adventure | Thriller,Science Fiction,60000000,67312826,7312826,1.1218804333333334,117.0,Standard (90-119 min),21.605533,6.1,Medium (5-6.9),479,Medium (100-999),Released
11775,Intolerable Cruelty,Intolerable Cruelty,en,2003-09-02,2003.0,Crime | Comedy | Romance,Crime,60000000,119940815,59940815,1.9990135833333333,100.0,Standard (90-119 min),22.620125,5.8,Medium (5-6.9),391,Medium (100-999),Released
87825,Trouble with the Curve,Trouble with the Curve,en,2012-09-21,2012.0,Drama | Romance,Drama,0,0,0,0.0,111.0,Standard (90-119 min),18.587114,6.6,Medium (5-6.9),366,Medium (100-999),Released
12201,Edge of Darkness,Edge of Darkness,en,2010-01-29,2010.0,Crime | Drama | Mystery | Thriller,Crime,80000000,74901339,-5098661,0.9362667375,117.0,Standard (90-119 min),24.657931,6.2,Medium (5-6.9),487,Medium (100-999),Released
11015,The Relic,The Relic,en,1997-01-10,1997.0,Horror | Mystery | Thriller,Horror,60000000,33956608,-26043392,0.5659434666666666,110.0,Standard (90-119 min),12.621769,5.8,Medium (5-6.9),130,Medium (100-999),Released
9932,Analyze That,Analyze That,en,2002-12-06,2002.0,Comedy | Crime,Comedy,60000000,55003135,-4996865,0.9167189166666667,96.0,Standard (90-119 min),21.08952,5.7,Medium (5-6.9),380,Medium (100-999),Released
13389,Righteous Kill,Righteous Kill,en,2008-09-11,2008.0,Action | Crime | Drama | Thriller,Action,60000000,73174566,13174566,1.2195761,101.0,Standard (90-119 min),18.380176,5.9,Medium (5-6.9),375,Medium (100-999),Released
8838,Mercury Rising,Mercury Rising,en,1998-04-03,1998.0,Action | Crime | Drama | Thriller,Action,60000000,0,-60000000,0.0,111.0,Standard (90-119 min),18.877795,6.0,Medium (5-6.9),368,Medium (100-999),Released
17332,The Soloist,The Soloist,en,2009-04-24,2009.0,Drama,Drama,60000000,31720158,-28279842,0.5286693,109.0,Standard (90-119 min),17.299333,6.6,Medium (5-6.9),234,Medium (100-999),Released
4958,The Legend of Bagger Vance,The Legend of Bagger Vance,en,2000-11-02,2000.0,Fantasy | Drama,Fantasy,80000000,39459427,-40540573,0.4932428375,126.0,Long (120-149 min),16.848899,6.3,Medium (5-6.9),251,Medium (100-999),Released
786,Almost Famous,Almost Famous,en,2000-09-15,2000.0,Drama | Music,Drama,60000000,47383689,-12616311,0.78972815,122.0,Long (120-149 min),21.547446,7.4,Good (7-7.9),797,Medium (100-999),Released
9513,Garfield: A Tail of Two Kitties,Garfield: A Tail of Two Kitties,en,2006-06-15,2006.0,Animation | Comedy | Family,Animation,0,141702264,141702264,0.0,78.0,Short (<90 min),16.930969,5.1,Medium (5-6.9),464,Medium (100-999),Released
11679,xXx: State of the Union,xXx: State of the Union,en,2005-04-27,2005.0,Action | Adventure | Crime | Drama | Mystery | Thriller,Action,60000000,71073932,11073932,1.1845655333333334,101.0,Standard (90-119 min),36.689223,4.7,Low (<5),549,Medium (100-999),Released
38321,Priest,Priest,en,2011-05-05,2011.0,Action | Science Fiction | Fantasy | Thriller | Horror,Action,60000000,78309131,18309131,1.3051521833333333,87.0,Short (<90 min),28.350927,5.4,Medium (5-6.9),692,Medium (100-999),Released
14411,Sinbad: Legend of the Seven Seas,Sinbad: Legend of the Seven Seas,en,2003-07-02,2003.0,Family | Animation | Adventure,Family,60000000,26288320,-33711680,0.4381386666666667,86.0,Short (<90 min),18.815442,6.6,Medium (5-6.9),372,Medium (100-999),Released
8413,Event Horizon,Event Horizon,en,1997-08-15,1997.0,Horror | Science Fiction | Mystery,Horror,60000000,26673242,-33326758,0.4445540333333333,96.0,Standard (90-119 min),29.787135,6.5,Medium (5-6.9),742,Medium (100-999),Released
10052,Dragonfly,Dragonfly,en,2002-02-22,2002.0,Drama,Drama,60000000,52322400,-7677600,0.87204,104.0,Standard (90-119 min),8.927137,6.1,Medium (5-6.9),204,Medium (100-999),Released
9676,The Black Dahlia,The Black Dahlia,en,2006-09-15,2006.0,Drama,Drama,50000000,49111202,-888798,0.98222404,121.0,Long (120-149 min),15.213484,5.7,Medium (5-6.9),287,Medium (100-999),Released
9664,Flyboys,Flyboys,en,2006-09-22,2006.0,Action | Adventure | Drama | History | Romance | War,Action,60000000,17800000,-42200000,0.2966666666666667,140.0,Long (120-149 min),13.155999,6.3,Medium (5-6.9),271,Medium (100-999),Released
2100,The Last Castle,The Last Castle,en,2001-10-19,2001.0,Action | Drama | Thriller,Action,72000000,27642707,-44357293,0.38392648611111113,131.0,Long (120-149 min),15.433244,7.0,Good (7-7.9),285,Medium (100-999),Released
10384,Supernova,Supernova,en,2000-01-14,2000.0,Horror | Science Fiction | Thriller,Horror,90000000,14828081,-75171919,0.16475645555555554,91.0,Standard (90-119 min),5.762037,4.9,Low (<5),109,Medium (100-999),Released
137321,Winter's Tale,Winter's Tale,en,2014-02-13,2014.0,Drama | Fantasy | Mystery | Romance,Drama,60000000,30800231,-29199769,0.5133371833333333,118.0,Standard (90-119 min),22.736038,6.0,Medium (5-6.9),487,Medium (100-999),Released
123553,The Mortal Instruments: City of Bones,The Mortal Instruments: City of Bones,en,2013-08-21,2013.0,Action | Adventure | Drama | Mystery | Romance | Fantasy,Action,60000000,90565421,30565421,1.5094236833333334,130.0,Long (120-149 min),45.514031,6.2,Medium (5-6.9),1602,High (1K-4.9K),Released
11260,Meet Dave,Meet Dave,en,2008-07-08,2008.0,Comedy | Science Fiction | Adventure | Family,Comedy,60000000,50650079,-9349921,0.8441679833333333,90.0,Standard (90-119 min),18.676291,5.0,Medium (5-6.9),371,Medium (100-999),Released
9009,Dark Water,Dark Water,en,2005-06-27,2005.0,Drama | Horror | Thriller,Drama,30000000,25473093,-4526907,0.8491031,105.0,Standard (90-119 min),14.376463,5.3,Medium (5-6.9),274,Medium (100-999),Released
11374,Edtv,Edtv,en,1999-03-26,1999.0,Comedy,Comedy,80000000,0,-80000000,0.0,122.0,Long (120-149 min),14.298297,5.7,Medium (5-6.9),166,Medium (100-999),Released
2309,Inkheart,Inkheart,en,2008-12-11,2008.0,Adventure | Family | Fantasy,Adventure,60000000,57490374,-2509626,0.9581729,106.0,Standard (90-119 min),27.018886,6.0,Medium (5-6.9),592,Medium (100-999),Released
8285,The Spirit,The Spirit,en,2008-12-25,2008.0,Action | Comedy | Thriller | Crime | Science Fiction,Action,60000000,39031337,-20968663,0.6505222833333333,103.0,Standard (90-119 min),14.84856,4.7,Low (<5),320,Medium (100-999),Released
210860,Mortdecai,Mortdecai,en,2015-01-21,2015.0,Comedy | Adventure,Comedy,60000000,30418560,-29581440,0.506976,106.0,Standard (90-119 min),52.417529,5.4,Medium (5-6.9),1055,High (1K-4.9K),Released
2312,In the Name of the King: A Dungeon Siege Tale,In the Name of the King: A Dungeon Siege Tale,en,2007-11-29,2007.0,Adventure | Fantasy | Action | Drama,Adventure,60000000,0,-60000000,0.0,127.0,Long (120-149 min),15.406173,4.1,Low (<5),224,Medium (100-999),Released
9839,Beyond Borders,Beyond Borders,en,2003-10-23,2003.0,Drama | Romance | Adventure | War,Drama,35000000,0,-35000000,0.0,127.0,Long (120-149 min),6.523472,6.7,Medium (5-6.9),110,Medium (100-999),Released
381902,The Monkey King 2,西游记之孙悟空三打白骨精,zh,2016-01-22,2016.0,Action | Adventure | Fantasy,Action,68490000,193677158,125187158,2.8278165863629727,120.0,Long (120-149 min),4.72629,6.0,Medium (5-6.9),24,Low (<100),Released
13922,The Great Raid,The Great Raid,en,2005-08-12,2005.0,Action | History | War,Action,80000000,10166502,-69833498,0.127081275,132.0,Long (120-149 min),8.923215,6.8,Medium (5-6.9),91,Low (<100),Released
293660,Deadpool,Deadpool,en,2016-02-09,2016.0,Action | Adventure | Comedy,Action,58000000,783112979,725112979,13.501947913793103,108.0,Standard (90-119 min),514.569956,7.4,Good (7-7.9),10995,Very High (5K+),Released
9713,Holy Man,Holy Man,en,1998-10-08,1998.0,Drama | Comedy,Drama,60000000,0,-60000000,0.0,114.0,Standard (90-119 min),9.265672,4.9,Low (<5),111,Medium (100-999),Released
190859,American Sniper,American Sniper,en,2014-12-11,2014.0,War | Action,War,58800000,542307423,483507423,9.222915357142858,133.0,Long (120-149 min),87.53437,7.4,Good (7-7.9),4469,High (1K-4.9K),Released
257445,Goosebumps,Goosebumps,en,2015-08-05,2015.0,Adventure | Horror | Comedy,Adventure,58000000,158162788,100162788,2.7269446206896553,103.0,Standard (90-119 min),45.351617,6.2,Medium (5-6.9),995,Medium (100-999),Released
9007,Just Like Heaven,Just Like Heaven,en,2005-09-16,2005.0,Comedy | Fantasy | Romance,Comedy,58000000,102854431,44854431,1.7733522586206896,95.0,Standard (90-119 min),13.43573,6.5,Medium (5-6.9),579,Medium (100-999),Released
889,The Flintstones in Viva Rock Vegas,The Flintstones in Viva Rock Vegas,en,2000-04-28,2000.0,Science Fiction | Comedy | Family | Romance,Science Fiction,83000000,59468275,-23531725,0.7164852409638555,90.0,Standard (90-119 min),6.248309,4.4,Low (<5),134,Medium (100-999),Released
1370,Rambo III,Rambo III,en,1988-05-24,1988.0,Action | Adventure | Thriller | War,Action,63000000,189015611,126015611,3.000247793650794,102.0,Standard (90-119 min),31.294717,5.7,Medium (5-6.9),690,Medium (100-999),Released
4942,Leatherheads,Leatherheads,en,2008-03-24,2008.0,Comedy | Romance | Drama,Comedy,58000000,41299492,-16700508,0.7120602068965517,114.0,Standard (90-119 min),7.739276,5.7,Medium (5-6.9),130,Medium (100-999),Released
347969,The Ridiculous 6,The Ridiculous 6,en,2015-12-11,2015.0,Comedy | Western,Comedy,60000000,0,-60000000,0.0,119.0,Standard (90-119 min),19.694695,4.9,Low (<5),388,Medium (100-999),Released
24438,Did You Hear About the Morgans?,Did You Hear About the Morgans?,en,2009-12-17,2009.0,Comedy,Comedy,58000000,85280250,27280250,1.4703491379310345,103.0,Standard (90-119 min),14.403696,5.1,Medium (5-6.9),276,Medium (100-999),Released
116741,The Internship,The Internship,en,2013-06-07,2013.0,Comedy,Comedy,58000000,44000000,-14000000,0.7586206896551724,119.0,Standard (90-119 min),1.551497,6.1,Medium (5-6.9),1658,High (1K-4.9K),Released
35791,Resident Evil: Afterlife,Resident Evil: Afterlife,en,2010-09-09,2010.0,Action | Adventure | Horror | Science Fiction,Action,60000000,300228084,240228084,5.0038014,97.0,Standard (90-119 min),2.143764,5.8,Medium (5-6.9),1363,High (1K-4.9K),Released
72431,Red Tails,Red Tails,en,2012-01-19,2012.0,Drama | Action | Adventure | History | War,Drama,58000000,50365377,-7634623,0.8683685689655173,125.0,Long (120-149 min),12.29603,5.9,Medium (5-6.9),178,Medium (100-999),Released
1813,The Devil's Advocate,The Devil's Advocate,en,1997-10-17,1997.0,Drama | Horror | Mystery | Thriller,Drama,57000000,152944660,95944660,2.683239649122807,144.0,Long (120-149 min),33.8473,7.2,Good (7-7.9),1374,High (1K-4.9K),Released
87428,That's My Boy,That's My Boy,en,2012-06-14,2012.0,Comedy,Comedy,70000000,58058367,-11941633,0.8294052428571429,116.0,Standard (90-119 min),21.723897,5.5,Medium (5-6.9),453,Medium (100-999),Released
8840,DragonHeart,DragonHeart,en,1996-05-31,1996.0,Fantasy,Fantasy,57000000,115267375,58267375,2.022234649122807,103.0,Standard (90-119 min),31.791979,6.4,Medium (5-6.9),535,Medium (100-999),Released
10589,After the Sunset,After the Sunset,en,2004-11-12,2004.0,Action | Comedy | Crime | Drama,Action,60000000,61347797,1347797,1.0224632833333334,97.0,Standard (90-119 min),14.113066,6.0,Medium (5-6.9),226,Medium (100-999),Released
71676,Ghost Rider: Spirit of Vengeance,Ghost Rider: Spirit of Vengeance,en,2011-12-10,2011.0,Action | Fantasy | Thriller,Action,57000000,149217355,92217355,2.6178483333333333,95.0,Standard (90-119 min),48.622278,4.7,Low (<5),1135,High (1K-4.9K),Released
1722,Captain Corelli's Mandolin,Captain Corelli's Mandolin,en,2001-08-17,2001.0,Drama | History | Romance,Drama,57000000,62112895,5112895,1.0896999122807018,131.0,Long (120-149 min),9.061866,5.5,Medium (5-6.9),145,Medium (100-999),Released
10022,The Pacifier,The Pacifier,en,2005-03-04,2005.0,Action | Comedy | Drama | Family | Thriller,Action,56000000,113006880,57006880,2.01798,95.0,Standard (90-119 min),35.4763,5.8,Medium (5-6.9),842,Medium (100-999),Released
11358,Walking Tall,Walking Tall,en,2004-04-02,2004.0,Adventure | Drama | Action | Thriller,Adventure,56000000,57223890,1223890,1.0218551785714285,86.0,Short (<90 min),23.438398,6.0,Medium (5-6.9),381,Medium (100-999),Released
13,Forrest Gump,Forrest Gump,en,1994-07-06,1994.0,Comedy | Drama | Romance,Comedy,55000000,677945399,622945399,12.326279981818182,142.0,Long (120-149 min),138.133331,8.2,Excellent (8+),7927,Very High (5K+),Released
6477,Alvin and the Chipmunks,Alvin and the Chipmunks,en,2007-12-13,2007.0,Comedy | Music | Family | Fantasy | Animation,Comedy,60000000,361366633,301366633,6.022777216666666,92.0,Standard (90-119 min),47.336034,5.5,Medium (5-6.9),1177,High (1K-4.9K),Released
1597,Meet the Parents,Meet the Parents,en,2000-10-06,2000.0,Comedy | Romance,Comedy,55000000,330444045,275444045,6.008073545454545,108.0,Standard (90-119 min),29.97224,6.6,Medium (5-6.9),1698,High (1K-4.9K),Released
10530,Pocahontas,Pocahontas,en,1995-06-14,1995.0,Adventure | Animation | Drama | Family,Adventure,55000000,346079773,291079773,6.292359509090909,81.0,Short (<90 min),47.845589,6.7,Medium (5-6.9),1457,High (1K-4.9K),Released
1924,Superman,Superman,en,1978-12-13,1978.0,Action | Adventure | Fantasy | Science Fiction,Action,55000000,300218018,245218018,5.458509418181818,143.0,Long (120-149 min),48.507081,6.9,Medium (5-6.9),1022,High (1K-4.9K),Released
9327,The Nutty Professor,The Nutty Professor,en,1996-06-26,1996.0,Fantasy | Comedy | Romance | Science Fiction,Fantasy,54000000,128769345,74769345,2.3846175,95.0,Standard (90-119 min),20.28119,5.4,Medium (5-6.9),702,Medium (100-999),Released
8488,Hitch,Hitch,en,2005-02-10,2005.0,Comedy | Drama | Romance,Comedy,70000000,368100420,298100420,5.258577428571429,118.0,Standard (90-119 min),34.576913,6.4,Medium (5-6.9),1665,High (1K-4.9K),Released
10603,George of the Jungle,George of the Jungle,en,1997-07-15,1997.0,Adventure | Comedy | Family | Romance,Adventure,55000000,0,-55000000,0.0,92.0,Standard (90-119 min),22.573237,5.4,Medium (5-6.9),496,Medium (100-999),Released
8273,American Wedding,American Wedding,en,2003-08-01,2003.0,Comedy | Romance,Comedy,55000000,231449203,176449203,4.208167327272728,103.0,Standard (90-119 min),36.194802,6.0,Medium (5-6.9),1129,High (1K-4.9K),Released
109424,Captain Phillips,Captain Phillips,en,2013-10-10,2013.0,Action | Drama | Thriller,Action,55000000,95000000,40000000,1.7272727272727273,134.0,Long (120-149 min),52.786917,7.6,Good (7-7.9),2454,High (1K-4.9K),Released
35056,Date Night,Date Night,en,2010-04-08,2010.0,Comedy,Comedy,55000000,152263880,97263880,2.768434181818182,97.0,Standard (90-119 min),38.06168,5.9,Medium (5-6.9),1122,High (1K-4.9K),Released
8839,Casper,Casper,en,1995-05-26,1995.0,Fantasy | Comedy | Family,Fantasy,50000000,287928194,237928194,5.75856388,100.0,Standard (90-119 min),19.830132,6.0,Medium (5-6.9),1019,High (1K-4.9K),Released
156022,The Equalizer,The Equalizer,en,2014-09-24,2014.0,Thriller | Action | Crime,Thriller,55000000,192330738,137330738,3.496922509090909,132.0,Long (120-149 min),79.922059,7.1,Good (7-7.9),2954,High (1K-4.9K),Released
7303,Maid in Manhattan,Maid in Manhattan,en,2002-12-13,2002.0,Comedy | Drama | Romance,Comedy,55000000,154906693,99906693,2.8164853272727273,105.0,Standard (90-119 min),19.738215,5.6,Medium (5-6.9),485,Medium (100-999),Released
8963,Crimson Tide,Crimson Tide,en,1995-05-12,1995.0,Action | Thriller | Drama,Action,53000000,157387195,104387195,2.969569716981132,116.0,Standard (90-119 min),20.334629,7.0,Good (7-7.9),498,Medium (100-999),Released
1402,The Pursuit of Happyness,The Pursuit of Happyness,en,2006-12-14,2006.0,Drama,Drama,55000000,307077295,252077295,5.583223545454546,117.0,Standard (90-119 min),80.581367,7.7,Good (7-7.9),2525,High (1K-4.9K),Released
9315,Flightplan,Flightplan,en,2005-09-22,2005.0,Thriller | Drama | Mystery,Thriller,55000000,223387299,168387299,4.061587254545454,98.0,Standard (90-119 min),32.05145,6.1,Medium (5-6.9),772,Medium (100-999),Released
8984,Disclosure,Disclosure,en,1994-12-09,1994.0,Drama | Thriller | Crime | Mystery | Romance,Drama,55000000,214015089,159015089,3.891183436363636,123.0,Long (120-149 min),15.064058,5.9,Medium (5-6.9),210,Medium (100-999),Released
795,City of Angels,City of Angels,en,1998-04-10,1998.0,Drama | Fantasy | Romance,Drama,55000000,198685114,143685114,3.612456618181818,114.0,Standard (90-119 min),21.272734,6.4,Medium (5-6.9),529,Medium (100-999),Released
24,Kill Bill: Vol. 1,Kill Bill: Vol. 1,en,2003-10-10,2003.0,Action | Crime,Action,30000000,180949000,150949000,6.031633333333334,111.0,Standard (90-119 min),79.754966,7.7,Good (7-7.9),4949,High (1K-4.9K),Released
11353,Bowfinger,Bowfinger,en,1999-08-12,1999.0,Comedy,Comedy,55000000,0,-55000000,0.0,97.0,Standard (90-119 min),13.191829,6.0,Medium (5-6.9),254,Medium (100-999),Released
393,Kill Bill: Vol. 2,Kill Bill: Vol. 2,en,2004-04-16,2004.0,Action | Crime | Thriller,Action,30000000,152159461,122159461,5.071982033333334,136.0,Long (120-149 min),50.622607,7.6,Good (7-7.9),3948,High (1K-4.9K),Released
9618,Tango & Cash,Tango & Cash,en,1989-12-22,1989.0,Action | Adventure | Comedy,Action,55000000,63408614,8408614,1.1528838909090908,104.0,Standard (90-119 min),22.787667,6.1,Medium (5-6.9),458,Medium (100-999),Released
9374,Death Becomes Her,Death Becomes Her,en,1992-07-30,1992.0,Fantasy | Comedy,Fantasy,55000000,149022650,94022650,2.7095027272727275,104.0,Standard (90-119 min),29.498304,6.3,Medium (5-6.9),636,Medium (100-999),Released
8584,Shanghai Noon,Shanghai Noon,en,2000-05-26,2000.0,Adventure | Action | Comedy | Western,Adventure,55000000,56932305,1932305,1.0351328181818182,110.0,Standard (90-119 min),25.400935,6.2,Medium (5-6.9),735,Medium (100-999),Released
2320,Executive Decision,Executive Decision,en,1996-03-15,1996.0,Action | Adventure | Drama | Thriller,Action,55000000,121969216,66969216,2.217622109090909,133.0,Long (120-149 min),17.231675,5.8,Medium (5-6.9),256,Medium (100-999),Released
58224,Mr. Popper's Penguins,Mr. Popper's Penguins,en,2011-06-17,2011.0,Comedy | Family,Comedy,55000000,187361754,132361754,3.4065773454545454,94.0,Standard (90-119 min),32.835777,5.7,Medium (5-6.9),751,Medium (100-999),Released
1729,The Forbidden Kingdom,The Forbidden Kingdom,en,2008-04-18,2008.0,Action | Adventure | Fantasy,Action,55000000,127906624,72906624,2.325574981818182,104.0,Standard (90-119 min),17.097041,6.3,Medium (5-6.9),461,Medium (100-999),Released
175574,Free Birds,Free Birds,en,2013-10-30,2013.0,Animation | Comedy | Family,Animation,55000000,110000000,55000000,2.0,91.0,Standard (90-119 min),14.414937,5.7,Medium (5-6.9),254,Medium (100-999),Released
8077,Alien³,Alien³,en,1992-05-22,1992.0,Science Fiction | Action | Horror,Science Fiction,50000000,159773545,109773545,3.1954709,114.0,Standard (90-119 min),45.856409,6.2,Medium (5-6.9),1633,High (1K-4.9K),Released
8818,Evita,Evita,en,1996-12-14,1996.0,History | Drama | Music,History,55000000,141047179,86047179,2.564494163636364,134.0,Long (120-149 min),7.027139,5.9,Medium (5-6.9),120,Medium (100-999),Released
8195,Ronin,Ronin,en,1998-09-25,1998.0,Action | Thriller | Crime | Adventure,Action,55000000,41610884,-13389116,0.7565615272727273,122.0,Long (120-149 min),32.657488,6.7,Medium (5-6.9),658,Medium (100-999),Released
10586,The Ghost and the Darkness,The Ghost and the Darkness,en,1996-10-11,1996.0,Adventure,Adventure,50000000,75000000,25000000,1.5,109.0,Standard (90-119 min),12.46525,6.4,Medium (5-6.9),236,Medium (100-999),Released
116149,Paddington,Paddington,en,2014-11-27,2014.0,Family | Comedy,Family,55000000,259207227,204207227,4.712858672727273,95.0,Standard (90-119 min),39.882276,7.0,Good (7-7.9),883,Medium (100-999),Released
80035,The Watch,The Watch,en,2012-07-26,2012.0,Comedy,Comedy,68000000,68267862,267862,1.0039391470588235,98.0,Standard (90-119 min),39.395881,5.3,Medium (5-6.9),881,Medium (100-999),Released
10632,The Hunted,The Hunted,en,2003-03-11,2003.0,Drama | Action | Thriller | Crime,Drama,55000000,34234008,-20765992,0.6224365090909091,94.0,Standard (90-119 min),8.634954,6.0,Medium (5-6.9),189,Medium (100-999),Released
12117,Instinct,Instinct,en,1999-06-04,1999.0,Drama | Mystery | Thriller,Drama,80000000,0,-80000000,0.0,126.0,Long (120-149 min),7.386394,6.2,Medium (5-6.9),146,Medium (100-999),Released
1792,Stuck on You,Stuck on You,en,2003-12-10,2003.0,Comedy,Comedy,55000000,33828318,-21171682,0.6150603272727273,118.0,Standard (90-119 min),8.802525,5.1,Medium (5-6.9),188,Medium (100-999),Released
13260,Semi-Pro,Semi-Pro,en,2008-02-28,2008.0,Comedy,Comedy,0,33472850,33472850,0.0,91.0,Standard (90-119 min),10.449975,5.4,Medium (5-6.9),251,Medium (100-999),Released
72197,The Pirates! In an Adventure with Scientists!,The Pirates! In an Adventure with Scientists!,en,2012-03-12,2012.0,Animation | Adventure | Family | Comedy,Animation,60000000,118338361,58338361,1.9723060166666666,88.0,Short (<90 min),23.700759,6.4,Medium (5-6.9),374,Medium (100-999),Released
3580,Changeling,Changeling,en,2008-01-30,2008.0,Crime | Drama | Mystery,Crime,55000000,113020255,58020255,2.0549137272727274,141.0,Long (120-149 min),27.50916,7.3,Good (7-7.9),1131,High (1K-4.9K),Released
12123,Chain Reaction,Chain Reaction,en,1996-08-02,1996.0,Action | Drama | Science Fiction | Thriller,Action,50000000,60209334,10209334,1.20418668,107.0,Standard (90-119 min),20.58862,5.3,Medium (5-6.9),284,Medium (100-999),Released
9566,The Fan,The Fan,en,1996-08-15,1996.0,Drama | Mystery | Thriller,Drama,55000000,18626419,-36373581,0.33866216363636364,116.0,Standard (90-119 min),4.366488,5.7,Medium (5-6.9),194,Medium (100-999),Released
9833,The Phantom of the Opera,The Phantom of the Opera,en,2004-12-08,2004.0,Thriller | Drama | Romance,Thriller,70000000,154648887,84648887,2.2092698142857143,143.0,Long (120-149 min),18.927463,7.0,Good (7-7.9),438,Medium (100-999),Released
4517,Elizabeth: The Golden Age,Elizabeth: The Golden Age,en,2007-09-09,2007.0,Drama | History | Romance,Drama,55000000,74237563,19237563,1.3497738727272728,114.0,Standard (90-119 min),15.274137,6.6,Medium (5-6.9),303,Medium (100-999),Released
8202,Æon Flux,Æon Flux,en,2005-11-30,2005.0,Action | Science Fiction,Action,62000000,52304001,-9695999,0.8436129193548387,93.0,Standard (90-119 min),29.954302,5.4,Medium (5-6.9),703,Medium (100-999),Released
16072,Gods and Generals,Gods and Generals,en,2003-02-21,2003.0,Drama | History | War,Drama,56000000,12923936,-43076064,0.23078457142857142,214.0,Very Long (150+ min),4.362535,6.1,Medium (5-6.9),48,Low (<100),Released
34314,Turbulence,Turbulence,en,1997-01-09,1997.0,Action | Thriller | Crime,Action,55000000,11466088,-43533912,0.20847432727272727,100.0,Standard (90-119 min),4.700024,5.2,Medium (5-6.9),62,Low (<100),Released
19724,Imagine That,Imagine That,en,2009-06-19,2009.0,Comedy,Comedy,55000000,0,-55000000,0.0,107.0,Standard (90-119 min),12.340384,5.7,Medium (5-6.9),134,Medium (100-999),Released
145220,Muppets Most Wanted,Muppets Most Wanted,en,2014-03-20,2014.0,Comedy | Adventure | Crime | Family,Comedy,50000000,80383290,30383290,1.6076658,112.0,Standard (90-119 min),14.808304,6.2,Medium (5-6.9),316,Medium (100-999),Released
14623,Thunderbirds,Thunderbirds,en,2004-07-23,2004.0,Action | Adventure | Comedy | Family | Fantasy | Science Fiction,Action,57000000,28283637,-28716363,0.4962041578947368,95.0,Standard (90-119 min),9.27875,4.2,Low (<5),91,Low (<100),Released
42297,Burlesque,Burlesque,en,2010-11-23,2010.0,Drama | Romance,Drama,55000000,89519773,34519773,1.6276322363636364,119.0,Standard (90-119 min),22.863516,6.9,Medium (5-6.9),573,Medium (100-999),Released
2841,A Very Long Engagement,Un long dimanche de fiançailles,fr,2004-10-26,2004.0,Drama,Drama,47000000,0,-47000000,0.0,133.0,Long (120-149 min),23.05451,7.1,Good (7-7.9),346,Medium (100-999),Released
802,Lolita,Lolita,en,1962-06-13,1962.0,Drama | Romance,Drama,2000000,9250000,7250000,4.625,153.0,Very Long (150+ min),23.962109,7.3,Good (7-7.9),395,Medium (100-999),Released
10375,D-Tox,D-Tox,en,2002-01-04,2002.0,Action | Thriller,Action,55000000,6416302,-48583698,0.11666003636363637,96.0,Standard (90-119 min),12.669778,5.3,Medium (5-6.9),123,Medium (100-999),Released
36586,Blade II,Blade II,en,2002-03-22,2002.0,Fantasy | Horror | Action | Thriller,Fantasy,54000000,155010032,101010032,2.870556148148148,117.0,Standard (90-119 min),67.169587,6.2,Medium (5-6.9),1528,High (1K-4.9K),Released
11321,Seven Pounds,Seven Pounds,en,2008-12-18,2008.0,Drama,Drama,55000000,168167691,113167691,3.057594381818182,123.0,Long (120-149 min),41.472404,7.5,Good (7-7.9),2039,High (1K-4.9K),Released
70074,Bullet to the Head,Bullet to the Head,en,2013-01-31,2013.0,Action | Crime | Thriller,Action,55000000,9489829,-45510171,0.17254234545454544,92.0,Standard (90-119 min),22.503935,5.2,Medium (5-6.9),481,Medium (100-999),Released
242,The Godfather: Part III,The Godfather: Part III,en,1990-12-24,1990.0,Crime | Drama | Thriller,Crime,54000000,136766062,82766062,2.532704851851852,162.0,Very Long (150+ min),59.194915,7.1,Good (7-7.9),1546,High (1K-4.9K),Released
9621,Elizabethtown,Elizabethtown,en,2005-10-06,2005.0,Comedy | Drama | Romance,Comedy,57000000,52034889,-4965111,0.9128927894736842,123.0,Long (120-149 min),22.894898,6.1,Medium (5-6.9),327,Medium (100-999),Released
1819,"You, Me and Dupree","You, Me and Dupree",en,2006-07-14,2006.0,Comedy | Romance,Comedy,54000000,130431368,76431368,2.4153957037037035,108.0,Standard (90-119 min),18.600367,5.4,Medium (5-6.9),407,Medium (100-999),Released
8536,Superman II,Superman II,en,1980-12-04,1980.0,Action | Adventure | Fantasy | Science Fiction,Action,54000000,190458706,136458706,3.527013074074074,127.0,Long (120-149 min),30.515175,6.5,Medium (5-6.9),629,Medium (100-999),Released
8046,Gigli,Gigli,en,2003-08-01,2003.0,Drama,Drama,54000000,7266209,-46733791,0.13455942592592593,121.0,Long (120-149 min),9.053456,3.5,Low (<5),104,Medium (100-999),Released
1717,All the King's Men,All the King's Men,en,2006-09-10,2006.0,Drama | Thriller,Drama,55000000,9450897,-45549103,0.17183449090909092,125.0,Long (120-149 min),7.768223,5.7,Medium (5-6.9),95,Low (<100),Released
479,Shaft,Shaft,en,2000-06-15,2000.0,Action | Adventure | Crime | Thriller,Action,46000000,107196498,61196498,2.330358652173913,99.0,Standard (90-119 min),19.643365,5.5,Medium (5-6.9),308,Medium (100-999),Released
9444,Anastasia,Anastasia,en,1997-11-20,1997.0,Animation | Family,Animation,53000000,139804348,86804348,2.637817886792453,94.0,Standard (90-119 min),45.565918,7.4,Good (7-7.9),1432,High (1K-4.9K),Released
824,Moulin Rouge!,Moulin Rouge!,en,2001-03-09,2001.0,Drama | Music | Romance,Drama,52500000,179213434,126713434,3.413589219047619,127.0,Long (120-149 min),57.374341,7.4,Good (7-7.9),1300,High (1K-4.9K),Released
11456,Domestic Disturbance,Domestic Disturbance,en,2001-10-30,2001.0,Mystery | Thriller | Crime,Mystery,75000000,54249294,-20750706,0.72332392,89.0,Short (<90 min),8.41856,5.4,Medium (5-6.9),113,Medium (100-999),Released
261023,Black Mass,Black Mass,en,2015-09-04,2015.0,Crime | Drama,Crime,53000000,98837872,45837872,1.8648655094339623,122.0,Long (120-149 min),46.049902,6.3,Medium (5-6.9),1242,High (1K-4.9K),Released
3683,Flags of Our Fathers,Flags of Our Fathers,en,2006-10-18,2006.0,War | Drama | History,War,90000000,65900249,-24099751,0.7322249888888889,132.0,Long (120-149 min),23.9366,6.7,Medium (5-6.9),526,Medium (100-999),Released
22803,Law Abiding Citizen,Law Abiding Citizen,en,2009-10-15,2009.0,Drama | Crime | Thriller,Drama,53000000,126690726,73690726,2.3903910566037734,109.0,Standard (90-119 min),49.593978,7.2,Good (7-7.9),1486,High (1K-4.9K),Released
285923,Grindhouse,Grindhouse,en,2007-04-06,2007.0,Thriller | Action | Horror,Thriller,67000000,25037897,-41962103,0.3736999552238806,191.0,Very Long (150+ min),16.637642,6.8,Medium (5-6.9),459,Medium (100-999),Released
39437,Beloved,Beloved,en,1998-10-16,1998.0,Drama | Thriller,Drama,0,0,0,0.0,172.0,Very Long (150+ min),1.453765,5.9,Medium (5-6.9),26,Low (<100),Released
1950,Lucky You,Lucky You,en,2007-05-01,2007.0,Drama | Romance,Drama,0,5761917,5761917,0.0,124.0,Long (120-149 min),6.162872,5.4,Medium (5-6.9),81,Low (<100),Released
640,Catch Me If You Can,Catch Me If You Can,en,2002-12-25,2002.0,Drama | Crime,Drama,52000000,352114312,300114312,6.771429076923077,141.0,Long (120-149 min),73.944049,7.7,Good (7-7.9),3795,High (1K-4.9K),Released
97630,Zero Dark Thirty,Zero Dark Thirty,en,2012-12-19,2012.0,Thriller | Drama | History,Thriller,40000000,132820716,92820716,3.3205179,157.0,Very Long (150+ min),38.306954,6.7,Medium (5-6.9),1702,High (1K-4.9K),Released
9767,The Break-Up,The Break-Up,en,2006-06-01,2006.0,Romance | Comedy,Romance,52000000,204999686,152999686,3.9423016538461537,106.0,Standard (90-119 min),26.251217,5.6,Medium (5-6.9),832,Medium (100-999),Released
11631,Mamma Mia!,Mamma Mia!,en,2008-07-03,2008.0,Comedy | Romance,Comedy,52000000,609841637,557841637,11.727723788461539,108.0,Standard (90-119 min),30.780599,6.4,Medium (5-6.9),1386,High (1K-4.9K),Released
32856,Valentine's Day,Valentine's Day,en,2010-02-10,2010.0,Comedy | Romance,Comedy,52000000,216485654,164485654,4.163185653846154,125.0,Long (120-149 min),25.41929,5.7,Medium (5-6.9),1013,High (1K-4.9K),Released
6519,The Dukes of Hazzard,The Dukes of Hazzard,en,2005-08-05,2005.0,Action | Adventure | Comedy,Action,50000000,110803676,60803676,2.21607352,104.0,Standard (90-119 min),15.98212,5.1,Medium (5-6.9),316,Medium (100-999),Released
8741,The Thin Red Line,The Thin Red Line,en,1998-12-25,1998.0,Drama | History | War,Drama,52000000,98126565,46126565,1.887049326923077,170.0,Very Long (150+ min),40.072583,7.2,Good (7-7.9),771,Medium (100-999),Released
49520,The Change-Up,The Change-Up,en,2011-08-05,2011.0,Comedy,Comedy,52000000,75450437,23450437,1.4509699423076923,112.0,Standard (90-119 min),32.015477,5.9,Medium (5-6.9),736,Medium (100-999),Released
1850,Man on the Moon,Man on the Moon,en,1999-12-22,1999.0,Comedy | Drama | Romance,Comedy,82000000,47434430,-34565570,0.5784686585365854,118.0,Standard (90-119 min),24.444186,6.9,Medium (5-6.9),435,Medium (100-999),Released
524,Casino,Casino,en,1995-11-22,1995.0,Drama | Crime,Drama,52000000,116112375,64112375,2.2329302884615383,178.0,Very Long (150+ min),40.06688,7.8,Good (7-7.9),1307,High (1K-4.9K),Released
26389,From Paris with Love,From Paris with Love,en,2010-02-05,2010.0,Action | Crime | Thriller,Action,52000000,52826594,826594,1.0158960384615385,92.0,Standard (90-119 min),27.916284,6.1,Medium (5-6.9),675,Medium (100-999),Released
11817,Bulletproof Monk,Bulletproof Monk,en,2003-03-28,2003.0,Action | Comedy | Fantasy,Action,52000000,0,-52000000,0.0,104.0,Standard (90-119 min),15.20707,5.1,Medium (5-6.9),278,Medium (100-999),Released
2123,"Me, Myself & Irene","Me, Myself & Irene",en,2000-06-22,2000.0,Comedy,Comedy,51000000,149270999,98270999,2.9268823333333334,116.0,Standard (90-119 min),39.001682,6.1,Medium (5-6.9),927,Medium (100-999),Released
9907,Barnyard,Barnyard,en,2006-08-04,2006.0,Animation | Comedy | Family,Animation,51000000,72779000,21779000,1.4270392156862746,90.0,Standard (90-119 min),10.430832,5.3,Medium (5-6.9),225,Medium (100-999),Released
9969,Deck the Halls,Deck the Halls,en,2006-11-22,2006.0,Comedy | Family,Comedy,0,47231070,47231070,0.0,93.0,Standard (90-119 min),5.952527,5.1,Medium (5-6.9),109,Medium (100-999),Released
18239,The Twilight Saga: New Moon,The Twilight Saga: New Moon,en,2009-03-15,2009.0,Adventure | Fantasy | Drama | Romance,Adventure,50000000,709827462,659827462,14.19654924,130.0,Long (120-149 min),94.815867,5.6,Medium (5-6.9),2436,High (1K-4.9K),Released
808,Shrek,Shrek,en,2001-05-16,2001.0,Adventure | Animation | Comedy | Family | Fantasy,Adventure,60000000,484409218,424409218,8.073486966666668,90.0,Standard (90-119 min),67.298732,7.3,Good (7-7.9),4056,High (1K-4.9K),Released
38050,The Adjustment Bureau,The Adjustment Bureau,en,2011-03-03,2011.0,Science Fiction | Thriller | Romance,Science Fiction,50200000,127869379,77669379,2.5471987848605577,106.0,Standard (90-119 min),26.60772,6.5,Medium (5-6.9),1652,High (1K-4.9K),Released
8367,Robin Hood: Prince of Thieves,Robin Hood: Prince of Thieves,en,1991-06-14,1991.0,Adventure,Adventure,48000000,390493908,342493908,8.13528975,143.0,Long (120-149 min),28.803729,6.6,Medium (5-6.9),909,Medium (100-999),Released
9390,Jerry Maguire,Jerry Maguire,en,1996-12-06,1996.0,Comedy | Drama | Romance,Comedy,50000000,273552592,223552592,5.47105184,139.0,Long (120-149 min),27.039636,6.7,Medium (5-6.9),913,Medium (100-999),Released
72105,Ted,Ted,en,2012-06-29,2012.0,Comedy | Fantasy,Comedy,50000000,549368315,499368315,10.9873663,106.0,Standard (90-119 min),68.87691,6.3,Medium (5-6.9),4697,High (1K-4.9K),Released
2898,As Good as It Gets,As Good as It Gets,en,1997-12-19,1997.0,Comedy | Romance,Comedy,50000000,314178011,264178011,6.28356022,139.0,Long (120-149 min),37.885022,7.2,Good (7-7.9),915,Medium (100-999),Released
10312,Patch Adams,Patch Adams,en,1998-12-25,1998.0,Comedy | Drama,Comedy,50000000,202292902,152292902,4.04585804,115.0,Standard (90-119 min),35.537397,7.0,Good (7-7.9),832,Medium (100-999),Released
109443,Anchorman 2: The Legend Continues,Anchorman 2: The Legend Continues,en,2013-12-18,2013.0,Comedy,Comedy,50000000,173649015,123649015,3.4729803,119.0,Standard (90-119 min),38.125008,6.0,Medium (5-6.9),923,Medium (100-999),Released
2022,Mr. Deeds,Mr. Deeds,en,2002-06-28,2002.0,Comedy | Romance,Comedy,50000000,171269535,121269535,3.4253907,96.0,Standard (90-119 min),18.121404,5.6,Medium (5-6.9),644,Medium (100-999),Released
37686,Super 8,Super 8,en,2011-06-08,2011.0,Thriller | Science Fiction | Mystery,Thriller,50000000,260095987,210095987,5.20191974,112.0,Standard (90-119 min),37.069253,6.6,Medium (5-6.9),2435,High (1K-4.9K),Released
462,Erin Brockovich,Erin Brockovich,en,2000-03-17,2000.0,Drama,Drama,52000000,256271286,204271286,4.928293961538461,131.0,Long (120-149 min),30.347332,7.1,Good (7-7.9),716,Medium (100-999),Released
9919,How to Lose a Guy in 10 Days,How to Lose a Guy in 10 Days,en,2003-02-07,2003.0,Comedy | Romance,Comedy,50000000,177371441,127371441,3.54742882,116.0,Standard (90-119 min),23.854701,6.3,Medium (5-6.9),850,Medium (100-999),Released
187017,22 Jump Street,22 Jump Street,en,2014-06-05,2014.0,Crime | Comedy | Action,Crime,50000000,188441614,138441614,3.76883228,112.0,Standard (90-119 min),52.380982,7.0,Good (7-7.9),3319,High (1K-4.9K),Released
628,Interview with the Vampire,Interview with the Vampire,en,1994-11-11,1994.0,Horror | Romance,Horror,60000000,223664608,163664608,3.7277434666666664,123.0,Long (120-149 min),50.163785,7.2,Good (7-7.9),1516,High (1K-4.9K),Released
10201,Yes Man,Yes Man,en,2008-12-09,2008.0,Comedy,Comedy,70000000,225990978,155990978,3.228442542857143,104.0,Standard (90-119 min),43.849351,6.4,Medium (5-6.9),1813,High (1K-4.9K),Released
302699,Central Intelligence,Central Intelligence,en,2016-06-15,2016.0,Action | Comedy,Action,50000000,216972543,166972543,4.33945086,107.0,Standard (90-119 min),45.318703,6.2,Medium (5-6.9),1650,High (1K-4.9K),Released
9441,Stepmom,Stepmom,en,1998-12-25,1998.0,Drama | Romance,Drama,0,0,0,0.0,124.0,Long (120-149 min),16.368283,6.9,Medium (5-6.9),277,Medium (100-999),Released
274167,Daddy's Home,Daddy's Home,en,2015-12-25,2015.0,Comedy,Comedy,50000000,242786137,192786137,4.85572274,96.0,Standard (90-119 min),38.616744,5.8,Medium (5-6.9),854,Medium (100-999),Released
224141,Into the Woods,Into the Woods,en,2014-12-25,2014.0,Fantasy | Comedy | Music,Fantasy,50000000,212902372,162902372,4.25804744,125.0,Long (120-149 min),65.90161,5.6,Medium (5-6.9),1652,High (1K-4.9K),Released
388,Inside Man,Inside Man,en,2006-03-23,2006.0,Crime | Drama | Thriller,Crime,45000000,184376254,139376254,4.097250088888889,129.0,Long (120-149 min),45.220386,7.3,Good (7-7.9),1630,High (1K-4.9K),Released
2112,Payback,Payback,en,1999-02-05,1999.0,Drama | Action | Thriller | Crime,Drama,90000000,161626121,71626121,1.7958457888888888,100.0,Standard (90-119 min),17.457947,6.7,Medium (5-6.9),548,Medium (100-999),Released
10329,Congo,Congo,en,1995-06-09,1995.0,Action | Adventure | Drama | Mystery | Science Fiction | Thriller,Action,50000000,152022101,102022101,3.04044202,109.0,Standard (90-119 min),10.755847,5.0,Medium (5-6.9),213,Medium (100-999),Released
74465,We Bought a Zoo,We Bought a Zoo,en,2011-12-22,2011.0,Drama | Comedy | Family,Drama,50000000,120081841,70081841,2.40163682,124.0,Long (120-149 min),38.629763,6.5,Medium (5-6.9),909,Medium (100-999),Released
13811,Knowing,Knowing,en,2009-03-19,2009.0,Action | Adventure | Drama | Mystery | Science Fiction | Thriller,Action,50000000,155446362,105446362,3.10892724,121.0,Long (120-149 min),32.693093,5.9,Medium (5-6.9),1486,High (1K-4.9K),Released
6877,Failure to Launch,Failure to Launch,en,2006-03-10,2006.0,Comedy,Comedy,50000000,88715192,38715192,1.77430384,97.0,Standard (90-119 min),18.806031,5.5,Medium (5-6.9),399,Medium (100-999),Released
10320,The Ring Two,The Ring Two,en,2005-03-17,2005.0,Drama | Horror | Thriller,Drama,50000000,161451538,111451538,3.22903076,110.0,Standard (90-119 min),32.233713,5.4,Medium (5-6.9),632,Medium (100-999),Released
50646,"Crazy, Stupid, Love.","Crazy, Stupid, Love.",en,2011-07-29,2011.0,Comedy | Drama | Romance,Comedy,50000000,142851197,92851197,2.85702394,118.0,Standard (90-119 min),37.990705,7.0,Good (7-7.9),2443,High (1K-4.9K),Released
8920,Garfield,Garfield,en,2004-06-10,2004.0,Animation | Comedy | Family,Animation,50000000,200804534,150804534,4.01609068,80.0,Short (<90 min),17.667826,5.2,Medium (5-6.9),820,Medium (100-999),Released
13673,Christmas with the Kranks,Christmas with the Kranks,en,2004-11-24,2004.0,Comedy | Family,Comedy,60000000,0,-60000000,0.0,99.0,Standard (90-119 min),9.225166,5.2,Medium (5-6.9),193,Medium (100-999),Released
60308,Moneyball,Moneyball,en,2011-09-22,2011.0,Drama,Drama,50000000,110206216,60206216,2.20412432,133.0,Long (120-149 min),46.180421,7.0,Good (7-7.9),1381,High (1K-4.9K),Released
6950,Outbreak,Outbreak,en,1995-03-10,1995.0,Action | Drama | Science Fiction | Thriller,Action,50000000,189859560,139859560,3.7971912,127.0,Long (120-149 min),30.397496,6.3,Medium (5-6.9),513,Medium (100-999),Released
225574,Non-Stop,Non-Stop,en,2014-01-26,2014.0,Action | Thriller | Mystery,Action,50000000,222809600,172809600,4.456192,106.0,Standard (90-119 min),83.295796,6.8,Medium (5-6.9),2268,High (1K-4.9K),Released
13836,Race to Witch Mountain,Race to Witch Mountain,en,2009-03-12,2009.0,Adventure | Family | Fantasy | Science Fiction | Thriller | Action,Adventure,50000000,106303988,56303988,2.12607976,98.0,Standard (90-119 min),23.935053,5.5,Medium (5-6.9),509,Medium (100-999),Released
752,V for Vendetta,V for Vendetta,en,2006-03-15,2006.0,Action | Thriller | Fantasy,Action,54000000,132511035,78511035,2.4539080555555555,132.0,Long (120-149 min),84.630969,7.7,Good (7-7.9),4442,High (1K-4.9K),Released
6038,Shanghai Knights,Shanghai Knights,en,2003-02-06,2003.0,Action | Adventure | Comedy | Western,Action,50000000,88323487,38323487,1.76646974,115.0,Standard (90-119 min),16.251204,6.0,Medium (5-6.9),692,Medium (100-999),Released
9975,Curious George,Curious George,en,2006-02-10,2006.0,Adventure | Animation | Comedy | Family,Adventure,50000000,69834815,19834815,1.3966963,86.0,Short (<90 min),9.894346,6.2,Medium (5-6.9),106,Medium (100-999),Released
11451,Herbie Fully Loaded,Herbie Fully Loaded,en,2005-06-22,2005.0,Comedy | Family | Adventure | Fantasy | Romance,Comedy,50000000,66002004,16002004,1.32004008,101.0,Standard (90-119 min),12.050755,5.1,Medium (5-6.9),542,Medium (100-999),Released
12103,Don't Say a Word,Don't Say a Word,en,2001-09-28,2001.0,Thriller,Thriller,50000000,100020092,50020092,2.00040184,113.0,Standard (90-119 min),11.596207,6.0,Medium (5-6.9),220,Medium (100-999),Released
60304,Hansel & Gretel: Witch Hunters,Hansel & Gretel: Witch Hunters,en,2013-01-17,2013.0,Fantasy | Horror | Action,Fantasy,50000000,224803475,174803475,4.4960695,88.0,Short (<90 min),53.02787,5.7,Medium (5-6.9),3239,High (1K-4.9K),Released
2251,Unfaithful,Unfaithful,en,2002-05-10,2002.0,Thriller | Drama,Thriller,50000000,119137784,69137784,2.38275568,124.0,Long (120-149 min),14.382253,6.3,Medium (5-6.9),276,Medium (100-999),Released
46529,I Am Number Four,I Am Number Four,en,2011-02-18,2011.0,Action | Thriller | Science Fiction | Adventure,Action,50000000,144492830,94492830,2.8898566,109.0,Standard (90-119 min),43.450266,5.9,Medium (5-6.9),1567,High (1K-4.9K),Released
231,Syriana,Syriana,en,2005-11-23,2005.0,Drama | Thriller,Drama,50000000,94000000,44000000,1.88,128.0,Long (120-149 min),16.871194,6.3,Medium (5-6.9),451,Medium (100-999),Released
300671,13 Hours: The Secret Soldiers of Benghazi,13 Hours: The Secret Soldiers of Benghazi,en,2016-01-13,2016.0,Action | Drama | History | Thriller | War,Action,50000000,69411370,19411370,1.3882274,144.0,Long (120-149 min),42.526529,7.0,Good (7-7.9),938,Medium (100-999),Released
228326,The Book of Life,The Book of Life,en,2014-10-01,2014.0,Romance | Animation | Adventure | Comedy | Family | Fantasy,Romance,50000000,97437106,47437106,1.94874212,95.0,Standard (90-119 min),34.890999,7.3,Good (7-7.9),755,Medium (100-999),Released
9754,Firewall,Firewall,en,2006-02-10,2006.0,Thriller,Thriller,45000000,82800000,37800000,1.84,105.0,Standard (90-119 min),18.186026,5.6,Medium (5-6.9),267,Medium (100-999),Released
66,Absolute Power,Absolute Power,en,1997-02-14,1997.0,Crime | Drama | Thriller,Crime,50000000,50068310,68310,1.0013662,121.0,Long (120-149 min),13.576765,6.4,Medium (5-6.9),223,Medium (100-999),Released
4421,G.I. Jane,G.I. Jane,en,1997-08-22,1997.0,Action | Drama,Action,50000000,48169156,-1830844,0.96338312,125.0,Long (120-149 min),19.434672,6.0,Medium (5-6.9),395,Medium (100-999),Released
2649,The Game,The Game,en,1997-09-12,1997.0,Drama | Thriller | Mystery,Drama,50000000,109423648,59423648,2.18847296,129.0,Long (120-149 min),62.925175,7.5,Good (7-7.9),1506,High (1K-4.9K),Released
588,Silent Hill,Silent Hill,en,2006-04-21,2006.0,Horror | Mystery,Horror,50000000,97607453,47607453,1.95214906,125.0,Long (120-149 min),32.927994,6.3,Medium (5-6.9),1067,High (1K-4.9K),Released
10393,The Replacements,The Replacements,en,2000-08-07,2000.0,Comedy,Comedy,0,0,0,0.0,118.0,Standard (90-119 min),14.837288,6.1,Medium (5-6.9),203,Medium (100-999),Released
71552,American Reunion,American Reunion,en,2012-04-04,2012.0,Comedy,Comedy,50000000,234989584,184989584,4.69979168,113.0,Standard (90-119 min),39.920035,6.1,Medium (5-6.9),1611,High (1K-4.9K),Released
9631,The Negotiator,The Negotiator,en,1998-07-29,1998.0,Action | Adventure | Crime | Drama | Mystery | Thriller,Action,50000000,44547681,-5452319,0.89095362,140.0,Long (120-149 min),28.725621,6.8,Medium (5-6.9),582,Medium (100-999),Released
216282,Into the Storm,Into the Storm,en,2014-08-06,2014.0,Action | Thriller,Action,50000000,160602194,110602194,3.21204388,89.0,Short (<90 min),20.566554,5.8,Medium (5-6.9),817,Medium (100-999),Released
306,Beverly Hills Cop III,Beverly Hills Cop III,en,1994-05-24,1994.0,Action | Comedy | Crime,Action,50000000,119208989,69208989,2.38417978,104.0,Standard (90-119 min),20.333953,5.5,Medium (5-6.9),434,Medium (100-999),Released
928,Gremlins 2: The New Batch,Gremlins 2: The New Batch,en,1990-06-15,1990.0,Comedy | Horror | Fantasy,Comedy,50000000,41482207,-8517793,0.82964414,106.0,Standard (90-119 min),33.98637,6.2,Medium (5-6.9),652,Medium (100-999),Released
205587,The Judge,The Judge,en,2014-10-08,2014.0,Drama,Drama,50000000,83719388,33719388,1.67438776,141.0,Long (120-149 min),42.472324,7.2,Good (7-7.9),1417,High (1K-4.9K),Released
6623,The Peacemaker,The Peacemaker,en,1997-09-26,1997.0,Action | Thriller,Action,50000000,0,-50000000,0.0,124.0,Long (120-149 min),15.931084,5.8,Medium (5-6.9),255,Medium (100-999),Released
1577,Resident Evil: Apocalypse,Resident Evil: Apocalypse,en,2004-09-10,2004.0,Horror | Action | Science Fiction,Horror,45000000,129394835,84394835,2.875440777777778,94.0,Standard (90-119 min),29.880122,6.1,Medium (5-6.9),1267,High (1K-4.9K),Released
9801,Bridget Jones: The Edge of Reason,Bridget Jones: The Edge of Reason,en,2004-11-10,2004.0,Comedy | Romance,Comedy,50000000,40203020,-9796980,0.8040604,108.0,Standard (90-119 min),28.803802,6.1,Medium (5-6.9),750,Medium (100-999),Released
2116,Out of Time,Out of Time,en,2003-10-03,2003.0,Thriller | Crime | Drama,Thriller,50000000,55495563,5495563,1.10991126,105.0,Standard (90-119 min),14.993459,6.1,Medium (5-6.9),298,Medium (100-999),Released
9624,On Deadly Ground,On Deadly Ground,en,1994-02-18,1994.0,Action | Thriller,Action,50000000,49000000,-1000000,0.98,102.0,Standard (90-119 min),9.114168,4.5,Low (<5),104,Medium (100-999),Released
14199,The Adventures of Sharkboy and Lavagirl,The Adventures of Sharkboy and Lavagirl,en,2005-06-10,2005.0,Adventure | Family | Science Fiction,Adventure,50000000,69425966,19425966,1.38851932,92.0,Standard (90-119 min),12.31101,4.4,Low (<5),269,Medium (100-999),Released
1907,The Beach,The Beach,en,2000-02-11,2000.0,Drama | Adventure | Romance | Thriller,Drama,40000000,144056873,104056873,3.601421825,119.0,Standard (90-119 min),41.362082,6.3,Medium (5-6.9),1233,High (1K-4.9K),Released
4599,Raising Helen,Raising Helen,en,2004-05-27,2004.0,Drama | Comedy | Romance,Drama,50000000,49718611,-281389,0.99437222,119.0,Standard (90-119 min),13.298205,5.9,Medium (5-6.9),189,Medium (100-999),Released
22832,Ninja Assassin,Ninja Assassin,en,2009-09-29,2009.0,Action | Crime | Thriller,Action,40000000,60462347,20462347,1.511558675,99.0,Standard (90-119 min),19.085403,6.2,Medium (5-6.9),371,Medium (100-999),Released
10390,For Love of the Game,For Love of the Game,en,1999-09-17,1999.0,Drama | Romance,Drama,50000000,0,-50000000,0.0,137.0,Long (120-149 min),9.622345,6.3,Medium (5-6.9),88,Low (<100),Released
9879,Striptease,Striptease,en,1996-06-28,1996.0,Drama | Thriller | Crime,Drama,50000000,113309743,63309743,2.26619486,115.0,Standard (90-119 min),11.106006,4.4,Low (<5),205,Medium (100-999),Released
38579,Marmaduke,Marmaduke,en,2010-06-04,2010.0,Family | Comedy,Family,50000000,83761844,33761844,1.67523688,87.0,Short (<90 min),12.25622,5.0,Medium (5-6.9),149,Medium (100-999),Released
44603,Hereafter,Hereafter,en,2010-10-15,2010.0,Drama | Fantasy,Drama,50000000,105197635,55197635,2.1039527,129.0,Long (120-149 min),13.365715,5.8,Medium (5-6.9),510,Medium (100-999),Released
11892,Murder by Numbers,Murder by Numbers,en,2002-04-19,2002.0,Crime | Drama | Thriller,Crime,50000000,56714147,6714147,1.13428294,120.0,Long (120-149 min),16.167093,6.0,Medium (5-6.9),268,Medium (100-999),Released
9691,Assassins,Assassins,en,1995-10-06,1995.0,Action | Adventure | Crime | Thriller,Action,50000000,30303072,-19696928,0.60606144,132.0,Long (120-149 min),23.073933,6.0,Medium (5-6.9),387,Medium (100-999),Released
1248,Hannibal Rising,Hannibal Rising,en,2007-02-06,2007.0,Crime | Drama | Thriller,Crime,50000000,82169884,32169884,1.64339768,121.0,Long (120-149 min),6.567065,6.0,Medium (5-6.9),654,Medium (100-999),Released
12220,The Story of Us,The Story of Us,en,1999-10-13,1999.0,Comedy | Drama | Romance,Comedy,50000000,58900031,8900031,1.17800062,95.0,Standard (90-119 min),6.22577,5.9,Medium (5-6.9),75,Low (<100),Released
72710,The Host,The Host,en,2013-03-22,2013.0,Action | Adventure | Romance | Science Fiction | Thriller,Action,44000000,63327201,19327201,1.439254568181818,125.0,Long (120-149 min),42.933027,6.0,Medium (5-6.9),1817,High (1K-4.9K),Released
10782,Basic,Basic,en,2003-04-18,2003.0,Action | Drama | Mystery | Thriller | Crime,Action,50000000,42792561,-7207439,0.85585122,98.0,Standard (90-119 min),19.226763,6.2,Medium (5-6.9),286,Medium (100-999),Released
9573,Blood Work,Blood Work,en,2002-08-04,2002.0,Crime | Drama | Mystery | Thriller,Crime,50000000,26199517,-23800483,0.52399034,110.0,Standard (90-119 min),10.089065,6.1,Medium (5-6.9),206,Medium (100-999),Released
4959,The International,The International,en,2009-02-03,2009.0,Drama | Thriller | Crime,Drama,50000000,60161391,10161391,1.20322782,118.0,Standard (90-119 min),13.391833,6.0,Medium (5-6.9),368,Medium (100-999),Released
10061,Escape from L.A.,Escape from L.A.,en,1996-08-09,1996.0,Action | Adventure | Science Fiction | Thriller,Action,50000000,42277365,-7722635,0.8455473,97.0,Standard (90-119 min),21.637234,5.6,Medium (5-6.9),373,Medium (100-999),Released
10386,The Iron Giant,The Iron Giant,en,1999-08-06,1999.0,Adventure | Animation | Family | Fantasy | Science Fiction,Adventure,70000000,23159305,-46840695,0.3308472142857143,86.0,Short (<90 min),61.245957,7.6,Good (7-7.9),1436,High (1K-4.9K),Released
421,The Life Aquatic with Steve Zissou,The Life Aquatic with Steve Zissou,en,2004-12-10,2004.0,Adventure | Comedy | Drama,Adventure,50000000,34808403,-15191597,0.69616806,119.0,Standard (90-119 min),25.237969,7.1,Good (7-7.9),775,Medium (100-999),Released
316152,Free State of Jones,Free State of Jones,en,2016-06-24,2016.0,War | Action | Drama | History | Thriller,War,50000000,25035950,-24964050,0.500719,139.0,Long (120-149 min),21.589393,6.6,Medium (5-6.9),428,Medium (100-999),Released
11615,The Life of David Gale,The Life of David Gale,en,2003-02-21,2003.0,Drama | Thriller | Crime,Drama,50000000,38955598,-11044402,0.77911196,130.0,Long (120-149 min),22.442241,7.3,Good (7-7.9),480,Medium (100-999),Released
13498,Man of the House,Man of the House,en,2005-02-25,2005.0,Comedy | Action,Comedy,40000000,0,-40000000,0.0,100.0,Standard (90-119 min),6.004422,5.4,Medium (5-6.9),120,Medium (100-999),Released
241554,Run All Night,Run All Night,en,2015-03-11,2015.0,Action | Crime | Drama | Mystery | Thriller,Action,50000000,71561644,21561644,1.43123288,114.0,Standard (90-119 min),74.64653,6.3,Medium (5-6.9),1148,High (1K-4.9K),Released
2252,Eastern Promises,Eastern Promises,en,2007-09-14,2007.0,Thriller | Crime | Mystery,Thriller,51500000,55112356,3612356,1.0701428349514563,100.0,Standard (90-119 min),35.481169,7.2,Good (7-7.9),848,Medium (100-999),Released
11968,Into the Blue,Into the Blue,en,2005-09-30,2005.0,Action | Thriller | Adventure | Crime,Action,50000000,44434439,-5565561,0.88868878,110.0,Standard (90-119 min),14.723467,5.8,Medium (5-6.9),458,Medium (100-999),Released
10047,The Messenger: The Story of Joan of Arc,Joan of Arc,fr,1999-10-18,1999.0,Adventure | Drama | Action | History | War,Adventure,60000000,66976317,6976317,1.11627195,148.0,Long (120-149 min),21.084542,6.2,Medium (5-6.9),367,Medium (100-999),Released
38319,Your Highness,Your Highness,en,2011-04-08,2011.0,Comedy,Comedy,49900000,26121638,-23778362,0.5234797194388777,102.0,Standard (90-119 min),21.408222,5.2,Medium (5-6.9),501,Medium (100-999),Released
69668,Dream House,Dream House,en,2011-09-30,2011.0,Drama | Thriller | Mystery,Drama,50000000,38502340,-11497660,0.7700468,84.0,Short (<90 min),19.267479,5.8,Medium (5-6.9),391,Medium (100-999),Released
9770,Mad City,Mad City,en,1997-11-07,1997.0,Action | Drama | Thriller,Action,50000000,10541523,-39458477,0.21083046,114.0,Standard (90-119 min),3.314004,5.9,Medium (5-6.9),81,Low (<100),Released
11212,Baby's Day Out,Baby's Day Out,en,1994-07-01,1994.0,Action | Adventure | Comedy | Family,Action,50000000,16671505,-33328495,0.3334301,99.0,Standard (90-119 min),21.312186,5.8,Medium (5-6.9),274,Medium (100-999),Released
10533,The Scarlet Letter,The Scarlet Letter,en,1995-10-13,1995.0,Drama | History | Romance,Drama,50000000,10382407,-39617593,0.20764814,135.0,Long (120-149 min),7.44268,5.5,Medium (5-6.9),108,Medium (100-999),Released
38363,Fair Game,Fair Game,en,2010-05-20,2010.0,Drama | Thriller,Drama,22000000,24188922,2188922,1.0994964545454546,108.0,Standard (90-119 min),12.54949,6.5,Medium (5-6.9),235,Medium (100-999),Released
9923,Domino,Domino,en,2005-09-22,2005.0,Action | Crime,Action,50000000,22944502,-27055498,0.45889004,127.0,Long (120-149 min),18.394571,6.0,Medium (5-6.9),444,Medium (100-999),Released
11863,Jade,Jade,en,1995-10-13,1995.0,Action | Thriller | Mystery | Romance,Action,50000000,9851610,-40148390,0.1970322,95.0,Standard (90-119 min),8.189406,5.2,Medium (5-6.9),44,Low (<100),Released
18501,Gamer,Gamer,en,2009-09-03,2009.0,Action | Thriller | Science Fiction,Action,50000000,40828540,-9171460,0.8165708,95.0,Standard (90-119 min),27.631262,5.6,Medium (5-6.9),760,Medium (100-999),Released
109491,Beautiful Creatures,Beautiful Creatures,en,2013-02-13,2013.0,Fantasy | Drama | Romance,Fantasy,60000000,60052138,52138,1.0008689666666666,124.0,Long (120-149 min),40.721373,5.6,Medium (5-6.9),984,Medium (100-999),Released
9275,Death to Smoochy,Death to Smoochy,en,2002-03-28,2002.0,Comedy | Crime | Drama | Thriller,Comedy,55000000,0,-55000000,0.0,109.0,Standard (90-119 min),11.329727,5.9,Medium (5-6.9),132,Medium (100-999),Released
329833,Zoolander 2,Zoolander 2,en,2016-02-06,2016.0,Comedy,Comedy,50000000,55969000,5969000,1.11938,100.0,Standard (90-119 min),37.253774,4.7,Low (<5),797,Medium (100-999),Released
12634,The Big Bounce,The Big Bounce,en,2004-01-30,2004.0,Comedy | Crime,Comedy,50000000,6808550,-43191450,0.136171,88.0,Short (<90 min),6.397388,5.0,Medium (5-6.9),76,Low (<100),Released
10416,What Planet Are You From?,What Planet Are You From?,en,2000-03-03,2000.0,Comedy | Drama | Romance | Science Fiction,Comedy,60000000,0,-60000000,0.0,105.0,Standard (90-119 min),2.275331,5.4,Medium (5-6.9),37,Low (<100),Released
47327,Drive Angry,Drive Angry,en,2011-02-24,2011.0,Fantasy | Thriller | Action | Crime,Fantasy,50000000,28931401,-21068599,0.57862802,105.0,Standard (90-119 min),30.387148,5.3,Medium (5-6.9),600,Medium (100-999),Released
15268,Street Fighter: The Legend of Chun-Li,Street Fighter: The Legend of Chun-Li,en,2009-02-27,2009.0,Action | Adventure | Science Fiction | Thriller,Action,50000000,12764201,-37235799,0.25528402,97.0,Standard (90-119 min),8.139676,3.9,Low (<5),112,Medium (100-999),Released
10796,The One,The One,en,2001-11-02,2001.0,Action | Science Fiction | Thriller,Action,49000000,72700000,23700000,1.4836734693877551,87.0,Short (<90 min),21.746245,5.7,Medium (5-6.9),437,Medium (100-999),Released
9548,The Adventures of Ford Fairlane,The Adventures of Ford Fairlane,en,1990-07-11,1990.0,Action | Comedy | Thriller | Crime | Mystery,Action,49000000,20423389,-28576611,0.41680385714285717,104.0,Standard (90-119 min),2.808428,6.2,Medium (5-6.9),71,Low (<100),Released
18947,The Boat That Rocked,The Boat That Rocked,en,2009-04-01,2009.0,Drama | Comedy,Drama,50000000,36348784,-13651216,0.72697568,116.0,Standard (90-119 min),31.02233,7.2,Good (7-7.9),666,Medium (100-999),Released
1900,Traffic,Traffic,en,2000-12-27,2000.0,Thriller | Drama | Crime,Thriller,48000000,207515725,159515725,4.323244270833333,147.0,Long (120-149 min),25.170217,6.9,Medium (5-6.9),562,Medium (100-999),Released
89,Indiana Jones and the Last Crusade,Indiana Jones and the Last Crusade,en,1989-05-24,1989.0,Adventure | Action,Adventure,48000000,474171806,426171806,9.878579291666666,127.0,Long (120-149 min),80.972475,7.6,Good (7-7.9),3152,High (1K-4.9K),Released
96724,Anna Karenina,Anna Karenina,en,2012-09-06,2012.0,Drama | Romance,Drama,0,68929150,68929150,0.0,130.0,Long (120-149 min),26.38704,6.5,Medium (5-6.9),639,Medium (100-999),Released
198184,Chappie,Chappie,en,2015-03-04,2015.0,Crime | Action | Science Fiction,Crime,49000000,104399548,55399548,2.1306030204081634,120.0,Long (120-149 min),116.700319,6.6,Medium (5-6.9),3062,High (1K-4.9K),Released
9481,The Bone Collector,The Bone Collector,en,1999-11-04,1999.0,Drama | Mystery | Thriller | Crime,Drama,73000000,151493655,78493655,2.0752555479452055,118.0,Standard (90-119 min),33.884459,6.5,Medium (5-6.9),826,Medium (100-999),Released
4547,Panic Room,Panic Room,en,2002-03-29,2002.0,Crime | Drama | Thriller,Crime,48000000,196397415,148397415,4.0916128125,111.0,Standard (90-119 min),53.043124,6.5,Medium (5-6.9),1267,High (1K-4.9K),Released
53953,The Tooth Fairy,The Tooth Fairy,de,2006-08-08,2006.0,Horror,Horror,0,0,0,0.0,0.0,Short (<90 min),0.716764,4.3,Low (<5),13,Low (<100),Released
6415,Three Kings,Three Kings,en,1999-09-27,1999.0,Action | Adventure | Comedy,Action,75000000,108000000,33000000,1.44,114.0,Standard (90-119 min),34.973086,6.6,Medium (5-6.9),692,Medium (100-999),Released
181283,Child 44,Child 44,en,2015-03-15,2015.0,Crime | Thriller,Crime,50000000,3324330,-46675670,0.0664866,137.0,Long (120-149 min),40.371098,6.1,Medium (5-6.9),547,Medium (100-999),Released
9896,Rat Race,Rat Race,en,2001-07-30,2001.0,Adventure | Comedy,Adventure,48000000,85498534,37498534,1.7812194583333334,112.0,Standard (90-119 min),18.60049,6.0,Medium (5-6.9),518,Medium (100-999),Released
167,K-PAX,K-PAX,en,2001-10-22,2001.0,Drama | Science Fiction,Drama,48000000,50315140,2315140,1.0482320833333334,120.0,Long (120-149 min),30.920075,7.1,Good (7-7.9),695,Medium (100-999),Released
11232,Kate & Leopold,Kate & Leopold,en,2001-12-25,2001.0,Comedy | Fantasy | Romance | Science Fiction,Comedy,0,0,0,0.0,118.0,Standard (90-119 min),11.940711,6.0,Medium (5-6.9),418,Medium (100-999),Released
1636,Bedazzled,Bedazzled,en,2000-10-19,2000.0,Fantasy | Comedy | Romance,Fantasy,48000000,90383208,42383208,1.8829835,93.0,Standard (90-119 min),19.348007,5.6,Medium (5-6.9),512,Medium (100-999),Released
2148,The Cotton Club,The Cotton Club,en,1984-12-14,1984.0,Music | Drama | Crime | Romance,Music,58000000,25928721,-32071279,0.44704691379310346,127.0,Long (120-149 min),8.59075,6.6,Medium (5-6.9),68,Low (<100),Released
5176,3:10 to Yuma,3:10 to Yuma,en,2007-09-06,2007.0,Western,Western,55000000,70016220,15016220,1.2730221818181817,122.0,Long (120-149 min),48.801089,6.9,Medium (5-6.9),1188,High (1K-4.9K),Released
260346,Taken 3,Taken 3,en,2014-12-16,2014.0,Thriller | Action,Thriller,48000000,325771424,277771424,6.786904666666667,109.0,Standard (90-119 min),88.844777,6.1,Medium (5-6.9),2200,High (1K-4.9K),Released
1389,Out of Sight,Out of Sight,en,1998-06-26,1998.0,Romance | Comedy | Crime,Romance,48000000,77745568,29745568,1.6196993333333334,123.0,Long (120-149 min),16.000178,6.5,Medium (5-6.9),333,Medium (100-999),Released
9894,The Cable Guy,The Cable Guy,en,1996-06-10,1996.0,Comedy | Drama | Thriller,Comedy,47000000,102825796,55825796,2.187782893617021,96.0,Standard (90-119 min),19.525659,5.7,Medium (5-6.9),594,Medium (100-999),Released
7504,Earth,1947: Earth,hi,1998-09-16,1998.0,Drama,Drama,0,528972,528972,0.0,101.0,Standard (90-119 min),1.246883,6.6,Medium (5-6.9),9,Low (<100),Released
8592,Dick Tracy,Dick Tracy,en,1990-06-15,1990.0,Adventure | Action | Comedy | Thriller | Crime,Adventure,47000000,103738726,56738726,2.2072069361702127,103.0,Standard (90-119 min),7.859226,5.9,Medium (5-6.9),251,Medium (100-999),Released
913,The Thomas Crown Affair,The Thomas Crown Affair,en,1999-08-06,1999.0,Drama | Crime | Romance,Drama,48000000,124305181,76305181,2.5896912708333333,113.0,Standard (90-119 min),18.102572,6.6,Medium (5-6.9),339,Medium (100-999),Released
11091,Riding in Cars with Boys,Riding in Cars with Boys,en,2001-10-19,2001.0,Comedy | Drama | Romance,Comedy,48000000,35743308,-12256692,0.74465225,132.0,Long (120-149 min),7.226115,6.5,Medium (5-6.9),103,Medium (100-999),Released
1368,First Blood,First Blood,en,1982-10-22,1982.0,Action | Adventure | Thriller | War,Action,15000000,125212904,110212904,8.347526933333333,93.0,Standard (90-119 min),63.071046,7.2,Good (7-7.9),1488,High (1K-4.9K),Released
593,Solaris,Солярис,ru,1972-03-20,1972.0,Drama | Science Fiction | Adventure | Mystery,Drama,0,0,0,0.0,167.0,Very Long (150+ min),24.132271,7.7,Good (7-7.9),357,Medium (100-999),Released
5393,Happily N'Ever After,Happily N'Ever After,en,2006-09-14,2006.0,Animation | Comedy | Family | Fantasy | Science Fiction,Animation,47000000,38085778,-8914222,0.8103357021276596,75.0,Short (<90 min),10.410933,4.6,Low (<5),104,Medium (100-999),Released
9095,Mary Reilly,Mary Reilly,en,1996-02-23,1996.0,Drama | Horror | Thriller | Romance,Drama,47000000,12379402,-34620598,0.2633915319148936,104.0,Standard (90-119 min),6.067212,5.7,Medium (5-6.9),74,Low (<100),Released
8874,My Best Friend's Wedding,My Best Friend's Wedding,en,1997-06-19,1997.0,Comedy | Romance,Comedy,38000000,299288605,261288605,7.876015921052631,105.0,Standard (90-119 min),15.401855,6.3,Medium (5-6.9),584,Medium (100-999),Released
11467,America's Sweethearts,America's Sweethearts,en,2001-07-17,2001.0,Comedy | Romance,Comedy,0,0,0,0.0,102.0,Standard (90-119 min),10.698929,5.5,Medium (5-6.9),252,Medium (100-999),Released
320,Insomnia,Insomnia,en,2002-05-24,2002.0,Crime | Mystery | Thriller,Crime,46000000,113714830,67714830,2.4720615217391306,118.0,Standard (90-119 min),41.322708,6.8,Medium (5-6.9),1148,High (1K-4.9K),Released
199,Star Trek: First Contact,Star Trek: First Contact,en,1996-11-21,1996.0,Science Fiction | Action | Adventure | Thriller,Science Fiction,46000000,150000000,104000000,3.260869565217391,111.0,Standard (90-119 min),25.6713,7.0,Good (7-7.9),661,Medium (100-999),Released
20533,Jonah Hex,Jonah Hex,en,2010-06-18,2010.0,Action | Western | Drama | Fantasy | Thriller,Action,47000000,10539000,-36461000,0.2242340425531915,80.0,Short (<90 min),22.581313,4.4,Low (<5),420,Medium (100-999),Released
10684,Courage Under Fire,Courage Under Fire,en,1996-07-04,1996.0,Drama | Thriller | Mystery | War,Drama,46000000,100860818,54860818,2.1926264782608698,117.0,Standard (90-119 min),12.971122,6.2,Medium (5-6.9),232,Medium (100-999),Released
1624,Liar Liar,Liar Liar,en,1997-03-21,1997.0,Comedy,Comedy,45000000,181000000,136000000,4.022222222222222,86.0,Short (<90 min),26.721386,6.4,Medium (5-6.9),1424,High (1K-4.9K),Released
325789,The Infiltrator,The Infiltrator,en,2016-07-13,2016.0,Crime | Drama | Thriller,Crime,25000000,15436808,-9563192,0.61747232,127.0,Long (120-149 min),24.672234,6.6,Medium (5-6.9),573,Medium (100-999),Released
113464,Inchon,Inchon,en,1981-05-04,1981.0,Drama | History | War,Drama,46000000,5200000,-40800000,0.11304347826086956,140.0,Long (120-149 min),0.146783,6.5,Medium (5-6.9),2,Low (<100),Released
888,The Flintstones,The Flintstones,en,1994-05-26,1994.0,Fantasy | Comedy | Family,Fantasy,46000000,341631208,295631208,7.426765391304348,91.0,Standard (90-119 min),28.964162,5.0,Medium (5-6.9),543,Medium (100-999),Released
82675,Taken 2,Taken 2,en,2012-09-27,2012.0,Action | Crime | Thriller,Action,45000000,376141306,331141306,8.358695688888888,91.0,Standard (90-119 min),49.353524,6.1,Medium (5-6.9),2757,High (1K-4.9K),Released
4256,Scary Movie 3,Scary Movie 3,en,2003-10-24,2003.0,Comedy,Comedy,48000000,220673217,172673217,4.5973586875,84.0,Short (<90 min),36.585509,5.8,Medium (5-6.9),912,Medium (100-999),Released
1493,Miss Congeniality,Miss Congeniality,en,2000-12-14,2000.0,Comedy | Crime | Action,Comedy,45000000,212000000,167000000,4.711111111111111,111.0,Standard (90-119 min),32.624355,6.1,Medium (5-6.9),961,Medium (100-999),Released
88751,Journey to the Center of the Earth,Journey to the Center of the Earth,en,2008-07-10,2008.0,Action | Science Fiction | Adventure | Comedy | Family,Action,45000000,101702060,56702060,2.2600457777777776,93.0,Standard (90-119 min),53.090422,5.8,Medium (5-6.9),1309,High (1K-4.9K),Released
11130,The Princess Diaries 2: Royal Engagement,The Princess Diaries 2: Royal Engagement,en,2004-08-06,2004.0,Comedy | Drama | Family | Romance,Comedy,40000000,95149435,55149435,2.378735875,113.0,Standard (90-119 min),30.002907,6.0,Medium (5-6.9),697,Medium (100-999),Released
9944,The Pelican Brief,The Pelican Brief,en,1993-12-16,1993.0,Drama | Mystery | Thriller | Crime,Drama,45000000,195268056,150268056,4.339290133333333,141.0,Long (120-149 min),17.923254,6.3,Medium (5-6.9),371,Medium (100-999),Released
10731,The Client,The Client,en,1994-07-20,1994.0,Drama | Thriller | Crime | Mystery,Drama,45000000,117615211,72615211,2.6136713555555557,119.0,Standard (90-119 min),17.746719,6.4,Medium (5-6.9),278,Medium (100-999),Released
7350,The Bucket List,The Bucket List,en,2007-12-25,2007.0,Drama | Comedy,Drama,45000000,175372502,130372502,3.8971667111111112,97.0,Standard (90-119 min),31.305336,7.0,Good (7-7.9),1111,High (1K-4.9K),Released
9869,Patriot Games,Patriot Games,en,1992-06-04,1992.0,Drama | Action | Thriller | Crime,Drama,45000000,178051587,133051587,3.9567019333333335,117.0,Standard (90-119 min),19.637704,6.3,Medium (5-6.9),433,Medium (100-999),Released
4379,Monster-in-Law,Monster-in-Law,en,2005-05-13,2005.0,Romance | Comedy,Romance,43000000,154749918,111749918,3.5988353023255812,101.0,Standard (90-119 min),10.411996,5.6,Medium (5-6.9),406,Medium (100-999),Released
146233,Prisoners,Prisoners,en,2013-09-18,2013.0,Drama | Thriller | Crime,Drama,46000000,122126687,76126687,2.6549279782608695,153.0,Very Long (150+ min),88.496873,7.9,Good (7-7.9),3085,High (1K-4.9K),Released
2034,Training Day,Training Day,en,2001-10-05,2001.0,Action | Crime | Drama | Thriller,Action,45000000,104876233,59876233,2.3305829555555557,122.0,Long (120-149 min),52.081131,7.3,Good (7-7.9),1634,High (1K-4.9K),Released
926,Galaxy Quest,Galaxy Quest,en,1999-12-23,1999.0,Comedy | Family | Science Fiction,Comedy,45000000,90683916,45683916,2.0151981333333335,102.0,Standard (90-119 min),30.816341,6.9,Medium (5-6.9),710,Medium (100-999),Released
4248,Scary Movie 2,Scary Movie 2,en,2001-07-04,2001.0,Comedy,Comedy,45000000,141220678,96220678,3.138237288888889,83.0,Short (<90 min),35.376971,5.4,Medium (5-6.9),982,Medium (100-999),Released
64328,The Muppets,The Muppets,en,2011-11-22,2011.0,Comedy | Family | Music,Comedy,45000000,165184237,120184237,3.6707608222222223,103.0,Standard (90-119 min),17.047276,6.5,Medium (5-6.9),501,Medium (100-999),Released
36647,Blade,Blade,en,1998-08-21,1998.0,Horror | Action,Horror,45000000,131183530,86183530,2.9151895555555556,120.0,Long (120-149 min),43.815492,6.5,Medium (5-6.9),1905,High (1K-4.9K),Released
7214,Coach Carter,Coach Carter,en,2005-01-14,2005.0,Drama,Drama,30000000,76669806,46669806,2.5556602,136.0,Long (120-149 min),23.234651,7.3,Good (7-7.9),496,Medium (100-999),Released
1537,Changing Lanes,Changing Lanes,en,2002-04-07,2002.0,Action | Adventure | Crime | Thriller,Action,45000000,94935764,49935764,2.1096836444444445,89.0,Short (<90 min),17.270539,5.9,Medium (5-6.9),299,Medium (100-999),Released
9360,Anaconda,Anaconda,en,1997-04-11,1997.0,Adventure | Horror | Thriller,Adventure,45000000,136885767,91885767,3.041905933333333,89.0,Short (<90 min),27.684779,4.7,Low (<5),610,Medium (100-999),Released
6282,Coyote Ugly,Coyote Ugly,en,2000-07-30,2000.0,Comedy,Comedy,45000000,113916474,68916474,2.5314772,100.0,Standard (90-119 min),26.79781,5.8,Medium (5-6.9),575,Medium (100-999),Released
508,Love Actually,Love Actually,en,2003-09-07,2003.0,Comedy | Romance | Drama,Comedy,40000000,244931766,204931766,6.12329415,135.0,Long (120-149 min),37.073127,7.0,Good (7-7.9),1869,High (1K-4.9K),Released
9487,A Bug's Life,A Bug's Life,en,1998-11-25,1998.0,Adventure | Animation | Comedy | Family,Adventure,120000000,363258859,243258859,3.0271571583333334,95.0,Standard (90-119 min),87.350802,6.8,Medium (5-6.9),2303,High (1K-4.9K),Released
768,From Hell,From Hell,en,2001-10-19,2001.0,Horror | Mystery | Thriller,Horror,35000000,74558115,39558115,2.1302318571428573,122.0,Long (120-149 min),26.134678,6.6,Medium (5-6.9),741,Medium (100-999),Released
2636,The Specialist,The Specialist,en,1994-10-07,1994.0,Action | Thriller,Action,45000000,170362582,125362582,3.7858351555555556,110.0,Standard (90-119 min),16.582709,5.5,Medium (5-6.9),313,Medium (100-999),Released
10478,Tin Cup,Tin Cup,en,1996-08-16,1996.0,Comedy | Drama | Romance,Comedy,45000000,53854588,8854588,1.1967686222222222,135.0,Long (120-149 min),10.731574,5.9,Medium (5-6.9),150,Medium (100-999),Released
27983,"Yours, Mine and Ours","Yours, Mine and Ours",en,1968-04-24,1968.0,Comedy | Drama | Family,Comedy,0,0,0,0.0,111.0,Standard (90-119 min),2.094151,6.2,Medium (5-6.9),26,Low (<100),Released
9981,Kicking & Screaming,Kicking & Screaming,en,2005-05-13,2005.0,Romance | Comedy | Family,Romance,45000000,56070433,11070433,1.2460096222222221,95.0,Standard (90-119 min),8.99269,5.6,Medium (5-6.9),176,Medium (100-999),Released
7453,The Hitchhiker's Guide to the Galaxy,The Hitchhiker's Guide to the Galaxy,en,2005-01-15,2005.0,Adventure | Comedy | Family | Science Fiction,Adventure,50000000,104478416,54478416,2.08956832,109.0,Standard (90-119 min),51.742065,6.6,Medium (5-6.9),1315,High (1K-4.9K),Released
15045,Fat Albert,Fat Albert,en,2004-12-12,2004.0,Comedy | Drama | Family,Comedy,0,0,0,0.0,93.0,Standard (90-119 min),7.157635,4.3,Low (<5),69,Low (<100),Released
7737,Resident Evil: Extinction,Resident Evil: Extinction,en,2007-09-20,2007.0,Horror | Action | Science Fiction,Horror,45000000,148412065,103412065,3.298045888888889,94.0,Standard (90-119 min),12.06538,6.1,Medium (5-6.9),1292,High (1K-4.9K),Released
232672,Blended,Blended,en,2014-05-21,2014.0,Comedy,Comedy,40000000,123494610,83494610,3.08736525,117.0,Standard (90-119 min),44.120328,6.6,Medium (5-6.9),1006,High (1K-4.9K),Released
17379,Last Holiday,Last Holiday,en,2006-01-13,2006.0,Adventure | Comedy | Drama,Adventure,45000000,38399961,-6600039,0.8533324666666666,112.0,Standard (90-119 min),6.156015,6.4,Medium (5-6.9),119,Medium (100-999),Released
8987,The River Wild,The River Wild,en,1994-09-30,1994.0,Action | Adventure | Crime | Thriller,Action,45000000,0,-45000000,0.0,111.0,Standard (90-119 min),12.362876,6.1,Medium (5-6.9),210,Medium (100-999),Released
11359,The Indian in the Cupboard,The Indian in the Cupboard,en,1995-07-14,1995.0,Adventure | Family | Fantasy,Adventure,45000000,0,-45000000,0.0,96.0,Standard (90-119 min),11.095914,5.9,Medium (5-6.9),134,Medium (100-999),Released
82525,Savages,Savages,en,2012-07-06,2012.0,Crime | Drama | Thriller,Crime,45000000,82966152,37966152,1.8436922666666666,131.0,Long (120-149 min),31.856589,6.2,Medium (5-6.9),766,Medium (100-999),Released
9759,Cellular,Cellular,en,2004-09-06,2004.0,Action | Adventure | Crime | Thriller,Action,25000000,56422687,31422687,2.25690748,94.0,Standard (90-119 min),24.459948,6.1,Medium (5-6.9),537,Medium (100-999),Released
9486,Johnny English,Johnny English,en,2003-04-06,2003.0,Adventure | Action | Comedy,Adventure,40000000,160583018,120583018,4.01457545,88.0,Short (<90 min),28.029015,6.0,Medium (5-6.9),852,Medium (100-999),Released
9906,The Ant Bully,The Ant Bully,en,2006-07-27,2006.0,Fantasy | Adventure | Animation | Comedy | Family,Fantasy,50000000,55181129,5181129,1.10362258,88.0,Short (<90 min),20.239061,5.5,Medium (5-6.9),366,Medium (100-999),Released
841,Dune,Dune,en,1984-12-14,1984.0,Action | Science Fiction | Adventure,Action,40000000,30925690,-9074310,0.77314225,137.0,Long (120-149 min),25.876582,6.5,Medium (5-6.9),562,Medium (100-999),Released
4688,Across the Universe,Across the Universe,en,2007-09-14,2007.0,Adventure | Drama | Music | Romance,Adventure,0,0,0,0.0,133.0,Long (120-149 min),11.872841,7.1,Good (7-7.9),410,Medium (100-999),Released
4148,Revolutionary Road,Revolutionary Road,en,2008-12-19,2008.0,Drama | Romance,Drama,35000000,75225693,40225693,2.1493055142857145,119.0,Standard (90-119 min),20.360549,6.7,Medium (5-6.9),796,Medium (100-999),Released
2207,16 Blocks,16 Blocks,en,2006-03-01,2006.0,Action | Adventure | Crime | Thriller,Action,55000000,65664721,10664721,1.1939040181818181,105.0,Standard (90-119 min),32.31022,6.2,Medium (5-6.9),661,Medium (100-999),Released
9381,Babylon A.D.,Babylon A.D.,en,2008-08-20,2008.0,Action | Adventure | Science Fiction | Thriller,Action,70000000,72108608,2108608,1.0301229714285713,101.0,Standard (90-119 min),27.568194,5.4,Medium (5-6.9),676,Medium (100-999),Released
9625,The Glimmer Man,The Glimmer Man,en,1996-10-04,1996.0,Action | Adventure | Crime | Drama | Thriller,Action,45000000,0,-45000000,0.0,92.0,Standard (90-119 min),6.250282,4.7,Low (<5),100,Medium (100-999),Released
9304,Multiplicity,Multiplicity,en,1996-07-19,1996.0,Comedy | Fantasy | Science Fiction,Comedy,45000000,0,-45000000,0.0,117.0,Standard (90-119 min),11.120344,5.5,Medium (5-6.9),154,Medium (100-999),Released
20856,Aliens in the Attic,Aliens in the Attic,en,2009-07-31,2009.0,Adventure | Comedy | Family | Fantasy | Science Fiction,Adventure,45000000,57881056,12881056,1.286245688888889,86.0,Short (<90 min),13.707183,5.3,Medium (5-6.9),244,Medium (100-999),Released
5955,The Pledge,The Pledge,en,2001-01-09,2001.0,Crime | Drama | Mystery | Thriller,Crime,35000000,29400000,-5600000,0.84,123.0,Long (120-149 min),12.495436,6.5,Medium (5-6.9),215,Medium (100-999),Released
9899,The Producers,The Producers,en,2005-12-25,2005.0,Comedy | Music,Comedy,45000000,38058335,-6941665,0.8457407777777778,134.0,Long (120-149 min),6.803965,6.1,Medium (5-6.9),151,Medium (100-999),Released
9826,The Phantom,The Phantom,en,1996-06-06,1996.0,Adventure | Action,Adventure,45000000,17300889,-27699111,0.3844642,100.0,Standard (90-119 min),9.025236,4.7,Low (<5),136,Medium (100-999),Released
21355,All the Pretty Horses,All the Pretty Horses,en,2000-12-11,2000.0,Drama | Romance | Western,Drama,57000000,0,-57000000,0.0,117.0,Standard (90-119 min),7.524671,5.8,Medium (5-6.9),60,Low (<100),Released
10858,Nixon,Nixon,en,1995-12-22,1995.0,History | Drama,History,44000000,13681765,-30318235,0.31094920454545455,192.0,Very Long (150+ min),3.770161,7.1,Good (7-7.9),71,Low (<100),Released
11439,The Ghost Writer,The Ghost Writer,en,2010-02-12,2010.0,Thriller | Mystery,Thriller,45000000,60222298,15222298,1.3382732888888889,128.0,Long (120-149 min),21.118196,6.7,Medium (5-6.9),670,Medium (100-999),Released
9457,Deep Rising,Deep Rising,en,1998-01-30,1998.0,Adventure | Action | Horror | Science Fiction,Adventure,45000000,11203026,-33796974,0.24895613333333333,106.0,Standard (90-119 min),6.513856,6.0,Medium (5-6.9),154,Medium (100-999),Released
12412,Miracle at St. Anna,Miracle at St. Anna,en,2008-09-15,2008.0,Drama | War,Drama,45000000,9323833,-35676167,0.20719628888888889,160.0,Very Long (150+ min),11.387408,6.3,Medium (5-6.9),90,Low (<100),Released
1494,Curse of the Golden Flower,滿城盡帶黃金甲,zh,2006-12-21,2006.0,Action | Drama | Fantasy,Action,110,0,-110,0.0,114.0,Standard (90-119 min),9.950505,6.6,Medium (5-6.9),203,Medium (100-999),Released
13184,Bangkok Dangerous,Bangkok Dangerous,en,2008-08-21,2008.0,Action | Crime | Thriller,Action,45000000,42487390,-2512610,0.9441642222222222,99.0,Standard (90-119 min),14.813057,5.0,Medium (5-6.9),332,Medium (100-999),Released
2185,Big Trouble,Big Trouble,en,2002-04-05,2002.0,Action | Comedy | Thriller,Action,40000000,8493890,-31506110,0.21234725,85.0,Short (<90 min),5.201688,6.3,Medium (5-6.9),80,Low (<100),Released
6639,Love in the Time of Cholera,Love in the Time of Cholera,en,2007-10-04,2007.0,Drama | Romance,Drama,45000000,4607608,-40392392,0.10239128888888889,139.0,Long (120-149 min),5.361699,6.4,Medium (5-6.9),81,Low (<100),Released
38153,Shadow Conspiracy,Shadow Conspiracy,en,1997-01-31,1997.0,Action | Thriller,Action,45000000,2154540,-42845460,0.04787866666666667,103.0,Standard (90-119 min),3.848893,4.0,Low (<5),11,Low (<100),Released
58233,Johnny English Reborn,Johnny English Reborn,en,2011-09-15,2011.0,Crime | Adventure | Action | Comedy | Thriller,Crime,45000000,160078586,115078586,3.5573019111111113,101.0,Standard (90-119 min),35.6585,6.0,Medium (5-6.9),1007,High (1K-4.9K),Released
116977,Foodfight!,Foodfight!,en,2012-06-15,2012.0,Animation | Action | Comedy | Family,Animation,65000000,73706,-64926294,0.0011339384615384614,87.0,Short (<90 min),5.258726,2.3,Low (<5),28,Low (<100),Released
68734,Argo,Argo,en,2012-10-11,2012.0,Drama | Thriller,Drama,44500000,232324128,187824128,5.220766921348314,120.0,Long (120-149 min),62.01056,7.1,Good (7-7.9),3423,High (1K-4.9K),Released
5503,The Fugitive,The Fugitive,en,1993-08-06,1993.0,Adventure | Action | Thriller | Crime | Mystery,Adventure,44000000,368875760,324875760,8.38354,130.0,Long (120-149 min),54.884297,7.2,Good (7-7.9),1220,High (1K-4.9K),Released
27573,The Bounty Hunter,The Bounty Hunter,en,2010-03-16,2010.0,Action,Action,40000000,136000000,96000000,3.4,110.0,Standard (90-119 min),33.747825,5.5,Medium (5-6.9),858,Medium (100-999),Released
819,Sleepers,Sleepers,en,1996-10-18,1996.0,Crime | Drama | Thriller,Crime,44000000,165615285,121615285,3.76398375,147.0,Long (120-149 min),16.245068,7.3,Good (7-7.9),715,Medium (100-999),Released
1369,Rambo: First Blood Part II,Rambo: First Blood Part II,en,1985-05-21,1985.0,Action | Adventure | Thriller | War,Action,44000000,300400432,256400432,6.827282545454546,96.0,Standard (90-119 min),38.653969,6.3,Medium (5-6.9),864,Medium (100-999),Released
9623,The Juror,The Juror,en,1996-02-02,1996.0,Drama | Thriller,Drama,44000000,0,-44000000,0.0,118.0,Standard (90-119 min),3.937352,5.5,Medium (5-6.9),89,Low (<100),Released
10895,Pinocchio,Pinocchio,en,1940-02-23,1940.0,Animation | Family,Animation,2600000,84300000,81700000,32.42307692307692,88.0,Short (<90 min),46.007991,6.9,Medium (5-6.9),1355,High (1K-4.9K),Released
10935,Heaven's Gate,Heaven's Gate,en,1980-11-19,1980.0,Action | Drama | History | Western,Action,44000000,3484331,-40515669,0.07918934090909091,219.0,Very Long (150+ min),5.380124,6.4,Medium (5-6.9),55,Low (<100),Released
834,Underworld: Evolution,Underworld: Evolution,en,2006-01-12,2006.0,Fantasy | Action | Science Fiction | Thriller,Fantasy,50000000,111340801,61340801,2.22681602,106.0,Standard (90-119 min),49.020045,6.4,Medium (5-6.9),1528,High (1K-4.9K),Released
228066,Victor Frankenstein,Victor Frankenstein,en,2015-11-10,2015.0,Drama | Science Fiction | Thriller,Drama,40000000,34227298,-5772702,0.85568245,109.0,Standard (90-119 min),24.821138,5.6,Medium (5-6.9),685,Medium (100-999),Released
711,Finding Forrester,Finding Forrester,en,2000-12-21,2000.0,Drama,Drama,43000000,80049764,37049764,1.861622418604651,136.0,Long (120-149 min),19.043286,7.0,Good (7-7.9),302,Medium (100-999),Released
10468,28 Days,28 Days,en,2000-04-06,2000.0,Comedy | Drama,Comedy,43000000,0,-43000000,0.0,103.0,Standard (90-119 min),5.418921,6.0,Medium (5-6.9),208,Medium (100-999),Released
10027,Unleashed,Unleashed,en,2005-02-02,2005.0,Action | Crime,Action,45000000,50871113,5871113,1.1304691777777778,103.0,Standard (90-119 min),25.999888,6.6,Medium (5-6.9),518,Medium (100-999),Released
11812,The Sweetest Thing,The Sweetest Thing,en,2002-04-12,2002.0,Romance | Comedy,Romance,43000000,68696770,25696770,1.5975993023255814,84.0,Short (<90 min),18.65632,5.3,Medium (5-6.9),280,Medium (100-999),Released
37233,The Firm,The Firm,en,1993-06-30,1993.0,Drama | Mystery | Thriller,Drama,42000000,270248367,228248367,6.434484928571429,154.0,Very Long (150+ min),23.736535,6.6,Medium (5-6.9),501,Medium (100-999),Released
37950,Charlie St. Cloud,Charlie St. Cloud,en,2010-05-01,2010.0,Drama,Drama,44000000,48190704,4190704,1.0952432727272727,99.0,Standard (90-119 min),21.75433,6.8,Medium (5-6.9),566,Medium (100-999),Released
27582,The Mechanic,The Mechanic,en,2011-01-13,2011.0,Action | Thriller | Crime,Action,40000000,51070807,11070807,1.276770175,93.0,Standard (90-119 min),44.094856,6.3,Medium (5-6.9),1045,High (1K-4.9K),Released
64688,21 Jump Street,21 Jump Street,en,2012-03-12,2012.0,Action | Comedy | Crime,Action,42000000,201585328,159585328,4.7996506666666665,109.0,Standard (90-119 min),62.714026,6.7,Medium (5-6.9),4074,High (1K-4.9K),Released
509,Notting Hill,Notting Hill,en,1999-05-13,1999.0,Romance | Comedy | Drama,Romance,42000000,363889678,321889678,8.664039952380952,124.0,Long (120-149 min),28.969151,7.0,Good (7-7.9),1262,High (1K-4.9K),Released
7443,Chicken Run,Chicken Run,en,2000-06-21,2000.0,Animation | Comedy | Family,Animation,45000000,224834564,179834564,4.996323644444445,84.0,Short (<90 min),31.789029,6.5,Medium (5-6.9),1150,High (1K-4.9K),Released
5966,Along Came Polly,Along Came Polly,en,2004-01-16,2004.0,Comedy | Romance,Comedy,42000000,171963386,129963386,4.094366333333333,90.0,Standard (90-119 min),33.238296,5.8,Medium (5-6.9),773,Medium (100-999),Released
11066,Boomerang,Boomerang,en,1992-06-30,1992.0,Comedy | Romance,Comedy,40000000,70100000,30100000,1.7525,117.0,Standard (90-119 min),6.420434,5.4,Medium (5-6.9),134,Medium (100-999),Released
136795,The Heat,The Heat,en,2013-06-27,2013.0,Action | Comedy | Crime,Action,43000000,158674180,115674180,3.6900972093023254,117.0,Standard (90-119 min),37.654688,6.5,Medium (5-6.9),1575,High (1K-4.9K),Released
8095,Cleopatra,Cleopatra,en,1963-06-12,1963.0,Drama | History | Romance,Drama,31115000,71000000,39885000,2.2818576249397395,248.0,Very Long (150+ min),13.244365,6.7,Medium (5-6.9),146,Medium (100-999),Released
87826,Here Comes the Boom,Here Comes the Boom,en,2012-10-11,2012.0,Comedy,Comedy,0,73100172,73100172,0.0,105.0,Standard (90-119 min),26.799913,6.0,Medium (5-6.9),593,Medium (100-999),Released
11560,High Crimes,High Crimes,en,2002-04-03,2002.0,Drama | Mystery | Thriller | Crime,Drama,42000000,63781810,21781810,1.5186145238095239,115.0,Standard (90-119 min),14.046705,6.1,Medium (5-6.9),184,Medium (100-999),Released
25189,The Mirror Has Two Faces,The Mirror Has Two Faces,en,1996-11-15,1996.0,Comedy | Drama | Romance,Comedy,42000000,0,-42000000,0.0,126.0,Long (120-149 min),3.844926,6.5,Medium (5-6.9),47,Low (<100),Released
2637,The Mothman Prophecies,The Mothman Prophecies,en,2002-01-25,2002.0,Drama | Horror | Mystery,Drama,32000000,55157539,23157539,1.72367309375,119.0,Standard (90-119 min),14.733513,6.1,Medium (5-6.9),305,Medium (100-999),Released
18480,Brüno,Brüno,en,2009-07-08,2009.0,Comedy,Comedy,42000000,0,-42000000,0.0,83.0,Short (<90 min),16.122168,5.4,Medium (5-6.9),518,Medium (100-999),Released
709,Licence to Kill,Licence to Kill,en,1989-07-07,1989.0,Adventure | Action | Thriller,Adventure,32000000,156167015,124167015,4.88021921875,133.0,Long (120-149 min),28.22119,5.9,Medium (5-6.9),541,Medium (100-999),Released
49730,Red Riding Hood,Red Riding Hood,en,2011-03-11,2011.0,Fantasy | Thriller | Horror,Fantasy,42000000,89162162,47162162,2.122908619047619,100.0,Standard (90-119 min),45.151657,5.6,Medium (5-6.9),922,Medium (100-999),Released
2749,15 Minutes,15 Minutes,en,2001-03-01,2001.0,Action | Crime | Thriller,Action,60000000,56359980,-3640020,0.939333,120.0,Long (120-149 min),15.205371,5.7,Medium (5-6.9),191,Medium (100-999),Released
9607,Super Mario Bros.,Super Mario Bros.,en,1993-05-28,1993.0,Adventure | Comedy | Family | Fantasy,Adventure,48000000,20915465,-27084535,0.4357388541666667,104.0,Standard (90-119 min),14.587367,4.0,Low (<5),232,Medium (100-999),Released
1830,Lord of War,Lord of War,en,2005-09-16,2005.0,Crime | Drama | Thriller,Crime,42000000,24127895,-17872105,0.5744736904761905,122.0,Long (120-149 min),34.828241,7.0,Good (7-7.9),1335,High (1K-4.9K),Released
79,Hero,英雄,zh,2002-12-19,2002.0,Drama | Adventure | Action | History,Drama,31000000,177394432,146394432,5.722401032258064,99.0,Standard (90-119 min),23.607392,7.2,Good (7-7.9),635,Medium (100-999),Released
54054,One for the Money,One for the Money,en,2012-01-26,2012.0,Action | Comedy | Crime,Action,40000000,36893721,-3106279,0.922343025,91.0,Standard (90-119 min),19.438503,5.3,Medium (5-6.9),388,Medium (100-999),Released
228967,The Interview,The Interview,en,2014-12-25,2014.0,Action | Comedy,Action,44000000,12342632,-31657368,0.2805143636363636,112.0,Standard (90-119 min),74.168016,6.1,Medium (5-6.9),2304,High (1K-4.9K),Released
46528,The Warrior's Way,The Warrior's Way,en,2010-12-02,2010.0,Adventure | Fantasy | Action | Western | Thriller,Adventure,42000000,11087569,-30912431,0.26398973809523807,100.0,Standard (90-119 min),7.349497,6.3,Medium (5-6.9),136,Medium (100-999),Released
27936,Micmacs,Micmacs à tire-larigot,fr,2009-10-28,2009.0,Action | Comedy | Crime,Action,33000000,14000000,-19000000,0.42424242424242425,100.0,Standard (90-119 min),7.663515,6.8,Medium (5-6.9),148,Medium (100-999),Released
65,8 Mile,8 Mile,en,2002-11-08,2002.0,Drama,Drama,41000000,215000000,174000000,5.2439024390243905,110.0,Standard (90-119 min),32.798571,6.8,Medium (5-6.9),1626,High (1K-4.9K),Released
280391,Why I Did (Not) Eat My Father,Pourquoi j'ai pas mangé mon père,fr,2015-04-08,2015.0,Adventure | Comedy | Animation,Adventure,0,0,0,0.0,100.0,Standard (90-119 min),5.794466,5.3,Medium (5-6.9),125,Medium (100-999),Released
9476,A Knight's Tale,A Knight's Tale,en,2001-05-11,2001.0,Adventure | Drama | Romance | Action,Adventure,65000000,117487473,52487473,1.8074995846153845,132.0,Long (120-149 min),36.670399,6.6,Medium (5-6.9),907,Medium (100-999),Released
10610,The Medallion,The Medallion,en,2003-08-15,2003.0,Thriller | Fantasy | Action | Comedy,Thriller,41000000,0,-41000000,0.0,88.0,Short (<90 min),14.653718,5.3,Medium (5-6.9),281,Medium (100-999),Released
745,The Sixth Sense,The Sixth Sense,en,1999-08-06,1999.0,Mystery | Thriller | Drama,Mystery,40000000,672806292,632806292,16.8201573,107.0,Standard (90-119 min),73.085576,7.7,Good (7-7.9),3147,High (1K-4.9K),Released
49527,Man on a Ledge,Man on a Ledge,en,2012-01-13,2012.0,Action | Thriller | Crime,Action,42000000,46221189,4221189,1.1005045,102.0,Standard (90-119 min),34.041407,6.2,Medium (5-6.9),925,Medium (100-999),Released
73937,The Big Year,The Big Year,en,2011-10-13,2011.0,Comedy,Comedy,41000000,7448385,-33551615,0.1816679268292683,100.0,Standard (90-119 min),9.419726,5.6,Medium (5-6.9),248,Medium (100-999),Released
1885,The Karate Kid,The Karate Kid,en,1984-06-22,1984.0,Drama,Drama,8000000,90815558,82815558,11.35194475,126.0,Long (120-149 min),28.456572,6.9,Medium (5-6.9),891,Medium (100-999),Released
168672,American Hustle,American Hustle,en,2013-12-12,2013.0,Drama | Crime,Drama,40000000,251171807,211171807,6.279295175,138.0,Long (120-149 min),49.664128,6.8,Medium (5-6.9),2807,High (1K-4.9K),Released
18240,The Proposal,The Proposal,en,2009-06-01,2009.0,Comedy | Romance | Drama,Comedy,40000000,317375031,277375031,7.934375775,108.0,Standard (90-119 min),36.238968,6.7,Medium (5-6.9),1804,High (1K-4.9K),Released
10398,Double Jeopardy,Double Jeopardy,en,1999-09-24,1999.0,Crime | Drama | Mystery | Thriller,Crime,70000000,177841558,107841558,2.5405936857142857,105.0,Standard (90-119 min),19.439386,6.2,Medium (5-6.9),278,Medium (100-999),Released
165,Back to the Future Part II,Back to the Future Part II,en,1989-11-20,1989.0,Adventure | Comedy | Family | Science Fiction,Adventure,40000000,332000000,292000000,8.3,108.0,Standard (90-119 min),43.345252,7.4,Good (7-7.9),3829,High (1K-4.9K),Released
240832,Lucy,Lucy,en,2014-07-14,2014.0,Action | Science Fiction,Action,40000000,126546825,86546825,3.163670625,89.0,Short (<90 min),115.241998,6.3,Medium (5-6.9),5878,Very High (5K+),Released
216015,Fifty Shades of Grey,Fifty Shades of Grey,en,2015-02-11,2015.0,Drama | Romance | Thriller,Drama,40000000,571006128,531006128,14.2751532,125.0,Long (120-149 min),98.755657,5.2,Medium (5-6.9),3254,High (1K-4.9K),Released
12279,Spy Kids 3-D: Game Over,Spy Kids 3-D: Game Over,en,2003-07-25,2003.0,Action | Adventure | Comedy | Family | Science Fiction,Action,38000000,197011982,159011982,5.184525842105264,84.0,Short (<90 min),21.998734,4.7,Low (<5),511,Medium (100-999),Released
1645,A Time to Kill,A Time to Kill,en,1996-07-24,1996.0,Crime | Drama | Thriller,Crime,40000000,152266007,112266007,3.806650175,149.0,Long (120-149 min),25.219805,7.0,Good (7-7.9),509,Medium (100-999),Released
11007,Cheaper by the Dozen,Cheaper by the Dozen,en,2003-12-24,2003.0,Comedy,Comedy,40000000,190212113,150212113,4.755302825,98.0,Standard (90-119 min),26.516624,6.0,Medium (5-6.9),699,Medium (100-999),Released
193756,Lone Survivor,Lone Survivor,en,2013-12-24,2013.0,Action | Drama | Thriller | War,Action,40000000,149295601,109295601,3.732390025,121.0,Long (120-149 min),37.084384,7.4,Good (7-7.9),1526,High (1K-4.9K),Released
11287,A League of Their Own,A League of Their Own,en,1992-07-01,1992.0,Comedy,Comedy,40000000,107458785,67458785,2.686469625,128.0,Long (120-149 min),21.661028,6.7,Medium (5-6.9),354,Medium (100-999),Released
259693,The Conjuring 2,The Conjuring 2,en,2016-05-13,2016.0,Horror,Horror,40000000,320170008,280170008,8.0042502,134.0,Long (120-149 min),68.794673,7.0,Good (7-7.9),1949,High (1K-4.9K),Released
37799,The Social Network,The Social Network,en,2010-09-30,2010.0,Drama,Drama,40000000,224920315,184920315,5.623007875,120.0,Long (120-149 min),69.27822,7.1,Good (7-7.9),3391,High (1K-4.9K),Released
10184,He's Just Not That Into You,He's Just Not That Into You,en,2009-02-06,2009.0,Comedy | Romance | Drama,Comedy,40000000,177259441,137259441,4.431486025,129.0,Long (120-149 min),26.253357,6.2,Medium (5-6.9),959,Medium (100-999),Released
4257,Scary Movie 4,Scary Movie 4,en,2006-04-13,2006.0,Comedy,Comedy,45000000,178262620,133262620,3.9613915555555557,83.0,Short (<90 min),32.549282,5.3,Medium (5-6.9),750,Medium (100-999),Released
4234,Scream 3,Scream 3,en,2000-02-03,2000.0,Horror | Mystery,Horror,40000000,161834276,121834276,4.0458569,116.0,Standard (90-119 min),24.992057,5.7,Medium (5-6.9),736,Medium (100-999),Released
196,Back to the Future Part III,Back to the Future Part III,en,1990-05-25,1990.0,Adventure | Comedy | Family | Science Fiction,Adventure,40000000,244527583,204527583,6.113189575,118.0,Standard (90-119 min),45.769562,7.1,Good (7-7.9),2900,High (1K-4.9K),Released
257091,Get Hard,Get Hard,en,2015-03-26,2015.0,Comedy,Comedy,40000000,111811453,71811453,2.795286325,100.0,Standard (90-119 min),36.301202,5.9,Medium (5-6.9),944,Medium (100-999),Released
6114,Dracula,Dracula,en,1992-11-13,1992.0,Romance | Horror,Romance,40000000,215862692,175862692,5.3965673,128.0,Long (120-149 min),45.022964,7.1,Good (7-7.9),1056,High (1K-4.9K),Released
24803,Julie & Julia,Julie & Julia,en,2009-08-06,2009.0,Romance | Drama,Romance,40000000,129540499,89540499,3.238512475,123.0,Long (120-149 min),22.853006,6.6,Medium (5-6.9),560,Medium (100-999),Released
109410,42,42,en,2013-04-12,2013.0,Drama,Drama,40000000,95020213,55020213,2.375505325,128.0,Long (120-149 min),31.884559,6.8,Medium (5-6.9),787,Medium (100-999),Released
1213,The Talented Mr. Ripley,The Talented Mr. Ripley,en,1999-12-25,1999.0,Thriller | Crime | Drama,Thriller,40000000,128798265,88798265,3.219956625,139.0,Long (120-149 min),31.385257,7.0,Good (7-7.9),767,Medium (100-999),Released
100042,Dumb and Dumber To,Dumb and Dumber To,en,2014-11-12,2014.0,Comedy,Comedy,40000000,169837010,129837010,4.24592525,110.0,Standard (90-119 min),67.767785,5.4,Medium (5-6.9),1127,High (1K-4.9K),Released
9036,Eight Below,Eight Below,en,2006-02-17,2006.0,Adventure | Drama | Family,Adventure,40000000,120455994,80455994,3.01139985,120.0,Long (120-149 min),24.287306,6.7,Medium (5-6.9),542,Medium (100-999),Released
257211,The Intern,The Intern,en,2015-09-24,2015.0,Comedy,Comedy,35000000,194564672,159564672,5.558990628571428,121.0,Long (120-149 min),53.114573,7.1,Good (7-7.9),1881,High (1K-4.9K),Released
323675,Ride Along 2,Ride Along 2,en,2016-01-14,2016.0,Action | Comedy,Action,40000000,124827316,84827316,3.1206829,102.0,Standard (90-119 min),25.136082,6.1,Medium (5-6.9),555,Medium (100-999),Released
9361,The Last of the Mohicans,The Last of the Mohicans,en,1992-09-25,1992.0,Action | Adventure | Drama | History | Romance | War,Action,40000000,75505856,35505856,1.8876464,112.0,Standard (90-119 min),37.776566,7.1,Good (7-7.9),732,Medium (100-999),Released
1677,Ray,Ray,en,2004-10-29,2004.0,Drama | Music,Drama,40000000,124731534,84731534,3.11828835,152.0,Very Long (150+ min),21.743321,7.2,Good (7-7.9),467,Medium (100-999),Released
187,Sin City,Sin City,en,2005-04-01,2005.0,Action | Thriller | Crime,Action,40000000,158733820,118733820,3.9683455,124.0,Long (120-149 min),66.003433,7.2,Good (7-7.9),2691,High (1K-4.9K),Released
7461,Vantage Point,Vantage Point,en,2008-02-01,2008.0,Drama | Action | Thriller | Crime,Drama,40000000,151161491,111161491,3.779037275,90.0,Standard (90-119 min),24.862767,6.2,Medium (5-6.9),716,Medium (100-999),Released
16538,"I Love You, Man","I Love You, Man",en,2009-03-20,2009.0,Comedy,Comedy,41000000,91636986,50636986,2.23504843902439,105.0,Standard (90-119 min),25.391899,6.5,Medium (5-6.9),515,Medium (100-999),Released
9889,Shallow Hal,Shallow Hal,en,2001-11-01,2001.0,Comedy | Romance,Comedy,40000000,141069860,101069860,3.5267465,114.0,Standard (90-119 min),29.854773,5.7,Medium (5-6.9),731,Medium (100-999),Released
820,JFK,JFK,en,1991-12-20,1991.0,Drama | Thriller | History,Drama,40000000,205405498,165405498,5.13513745,189.0,Very Long (150+ min),26.82041,7.5,Good (7-7.9),502,Medium (100-999),Released
11565,Big Momma's House 2,Big Momma's House 2,en,2006-01-26,2006.0,Comedy | Crime,Comedy,40000000,138259062,98259062,3.45647655,99.0,Standard (90-119 min),17.61292,5.4,Medium (5-6.9),371,Medium (100-999),Released
6073,The Mexican,The Mexican,en,2001-03-01,2001.0,Action | Comedy | Crime | Romance,Action,57000000,147845033,90845033,2.59377250877193,123.0,Long (120-149 min),21.021809,5.8,Medium (5-6.9),441,Medium (100-999),Released
16996,17 Again,17 Again,en,2009-03-11,2009.0,Comedy,Comedy,20000000,136267476,116267476,6.8133738,102.0,Standard (90-119 min),52.571674,6.1,Medium (5-6.9),1350,High (1K-4.9K),Released
193610,The Other Woman,The Other Woman,en,2014-04-16,2014.0,Comedy | Romance,Comedy,40000000,196781193,156781193,4.919529825,109.0,Standard (90-119 min),34.519636,6.2,Medium (5-6.9),1437,High (1K-4.9K),Released
19912,The Final Destination,The Final Destination,en,2009-08-26,2009.0,Horror | Mystery,Horror,40000000,186167139,146167139,4.654178475,82.0,Short (<90 min),32.478077,5.4,Medium (5-6.9),831,Medium (100-999),Released
296098,Bridge of Spies,Bridge of Spies,en,2015-10-15,2015.0,Thriller | Drama,Thriller,40000000,165478348,125478348,4.1369587,141.0,Long (120-149 min),48.445978,7.2,Good (7-7.9),2583,High (1K-4.9K),Released
8007,Behind Enemy Lines,Behind Enemy Lines,en,2001-11-17,2001.0,Action | Drama | Thriller | War,Action,40000000,91753202,51753202,2.29383005,106.0,Standard (90-119 min),24.012986,6.0,Medium (5-6.9),457,Medium (100-999),Released
32823,Get Him to the Greek,Get Him to the Greek,en,2010-06-04,2010.0,Comedy,Comedy,40000000,90029656,50029656,2.2507414,109.0,Standard (90-119 min),17.869443,5.9,Medium (5-6.9),612,Medium (100-999),Released
4380,Shall We Dance?,Shall We Dance?,en,2004-10-15,2004.0,Drama | Romance | Comedy,Drama,50000000,170128460,120128460,3.4025692,107.0,Standard (90-119 min),14.231899,5.9,Medium (5-6.9),297,Medium (100-999),Released
11551,Small Soldiers,Small Soldiers,en,1998-07-10,1998.0,Comedy | Adventure | Fantasy | Science Fiction | Action,Comedy,40000000,54682547,14682547,1.367063675,110.0,Standard (90-119 min),23.088571,6.2,Medium (5-6.9),511,Medium (100-999),Released
10336,Spawn,Spawn,en,1997-07-31,1997.0,Action | Adventure | Fantasy | Horror | Science Fiction | Thriller,Action,40000000,87840042,47840042,2.19600105,96.0,Standard (90-119 min),19.833664,5.0,Medium (5-6.9),336,Medium (100-999),Released
11362,The Count of Monte Cristo,The Count of Monte Cristo,en,2002-01-23,2002.0,Action | Adventure | Drama | Thriller,Action,35000000,75395048,40395048,2.1541442285714285,131.0,Long (120-149 min),26.595983,7.3,Good (7-7.9),453,Medium (100-999),Released
50348,The Lincoln Lawyer,The Lincoln Lawyer,en,2011-03-17,2011.0,Crime | Drama | Thriller,Crime,40000000,85412898,45412898,2.13532245,119.0,Standard (90-119 min),26.072228,7.0,Good (7-7.9),902,Medium (100-999),Released
48138,Unknown,Unknown,en,2011-02-16,2011.0,Action | Mystery | Thriller,Action,30000000,130786397,100786397,4.359546566666666,113.0,Standard (90-119 min),38.643914,6.5,Medium (5-6.9),1265,High (1K-4.9K),Released
1124,The Prestige,The Prestige,en,2006-10-19,2006.0,Drama | Mystery | Thriller,Drama,40000000,109676311,69676311,2.741907775,130.0,Long (120-149 min),74.440708,8.0,Excellent (8+),4391,High (1K-4.9K),Released
227159,Horrible Bosses 2,Horrible Bosses 2,en,2014-11-26,2014.0,Comedy,Comedy,42000000,107670357,65670357,2.5635799285714285,108.0,Standard (90-119 min),82.185281,6.1,Medium (5-6.9),1536,High (1K-4.9K),Released
68179,Escape from Planet Earth,Escape from Planet Earth,en,2013-02-14,2013.0,Animation | Comedy | Adventure | Family | Science Fiction,Animation,40000000,74597643,34597643,1.864941075,89.0,Short (<90 min),18.14218,5.7,Medium (5-6.9),332,Medium (100-999),Released
1579,Apocalypto,Apocalypto,en,2006-12-07,2006.0,Action | Adventure | Drama | Thriller,Action,40000000,120175290,80175290,3.00438225,139.0,Long (120-149 min),41.570047,7.3,Good (7-7.9),1221,High (1K-4.9K),Released
708,The Living Daylights,The Living Daylights,en,1987-06-29,1987.0,Action | Adventure | Thriller,Action,40000000,191185897,151185897,4.779647425,130.0,Long (120-149 min),23.331459,6.2,Medium (5-6.9),440,Medium (100-999),Released
34851,Predators,Predators,en,2010-07-03,2010.0,Action | Science Fiction | Adventure | Thriller,Action,40000000,126248813,86248813,3.156220325,107.0,Standard (90-119 min),47.649554,6.0,Medium (5-6.9),1206,High (1K-4.9K),Released
9930,Legal Eagles,Legal Eagles,en,1986-06-18,1986.0,Comedy | Crime | Drama | Romance | Thriller,Comedy,0,0,0,0.0,116.0,Standard (90-119 min),7.519433,5.8,Medium (5-6.9),51,Low (<100),Released
1586,Secret Window,Secret Window,en,2004-03-12,2004.0,Thriller | Mystery,Thriller,40000000,92913171,52913171,2.322829275,96.0,Standard (90-119 min),32.908414,6.4,Medium (5-6.9),972,Medium (100-999),Released
2044,The Lake House,The Lake House,en,2006-06-16,2006.0,Romance | Drama | Mystery,Romance,40000000,114830111,74830111,2.870752775,99.0,Standard (90-119 min),29.88736,6.5,Medium (5-6.9),670,Medium (100-999),Released
9913,The Skeleton Key,The Skeleton Key,en,2005-07-29,2005.0,Drama | Horror | Mystery | Thriller,Drama,43000000,91974818,48974818,2.1389492558139533,104.0,Standard (90-119 min),29.105407,6.4,Medium (5-6.9),573,Medium (100-999),Released
71864,The Odd Life of Timothy Green,The Odd Life of Timothy Green,en,2012-08-15,2012.0,Fantasy | Drama | Comedy | Family,Fantasy,0,51854875,51854875,0.0,105.0,Standard (90-119 min),16.394452,6.5,Medium (5-6.9),386,Medium (100-999),Released
10761,Made of Honor,Made of Honor,en,2008-05-02,2008.0,Comedy | Romance,Comedy,40000000,84601681,44601681,2.115042025,101.0,Standard (90-119 min),19.574774,6.0,Medium (5-6.9),394,Medium (100-999),Released
209451,Jersey Boys,Jersey Boys,en,2014-06-05,2014.0,Music | Drama,Music,40000000,67347013,27347013,1.683675325,134.0,Long (120-149 min),14.199933,6.8,Medium (5-6.9),255,Medium (100-999),Released
11975,The Rainmaker,The Rainmaker,en,1997-11-18,1997.0,Drama | Crime | Thriller,Drama,40000000,45916769,5916769,1.147919225,135.0,Long (120-149 min),12.229516,6.7,Medium (5-6.9),235,Medium (100-999),Released
4970,Gothika,Gothika,en,2003-11-21,2003.0,Horror | Thriller,Horror,40000000,141591324,101591324,3.5397831,98.0,Standard (90-119 min),27.303608,5.8,Medium (5-6.9),629,Medium (100-999),Released
11831,Amistad,Amistad,en,1997-12-03,1997.0,Drama | History | Mystery,Drama,36000000,74000000,38000000,2.0555555555555554,155.0,Very Long (150+ min),3.698276,6.8,Medium (5-6.9),316,Medium (100-999),Released
9096,Medicine Man,Medicine Man,en,1992-02-07,1992.0,Adventure,Adventure,40000000,0,-40000000,0.0,106.0,Standard (90-119 min),7.021871,5.8,Medium (5-6.9),114,Medium (100-999),Released
440,Aliens vs Predator: Requiem,Aliens vs Predator: Requiem,en,2007-12-25,2007.0,Fantasy | Action | Science Fiction | Thriller | Horror,Fantasy,40000000,41797066,1797066,1.04492665,94.0,Standard (90-119 min),39.381913,4.9,Low (<5),740,Medium (100-999),Released
11011,Ri¢hie Ri¢h,Ri¢hie Ri¢h,en,1994-12-19,1994.0,Comedy | Family,Comedy,40000000,0,-40000000,0.0,95.0,Standard (90-119 min),14.398356,5.4,Medium (5-6.9),415,Medium (100-999),Released
10641,Autumn in New York,Autumn in New York,en,2000-08-11,2000.0,Drama | Romance,Drama,65000000,0,-65000000,0.0,103.0,Standard (90-119 min),8.680334,5.7,Medium (5-6.9),135,Medium (100-999),Released
11172,Music and Lyrics,Music and Lyrics,en,2007-02-09,2007.0,Comedy | Music | Romance,Comedy,40000000,145896422,105896422,3.64741055,96.0,Standard (90-119 min),17.659032,6.2,Medium (5-6.9),554,Medium (100-999),Released
39513,Paul,Paul,en,2011-02-14,2011.0,Adventure | Comedy | Science Fiction,Adventure,40000000,97552050,57552050,2.43880125,104.0,Standard (90-119 min),43.151268,6.5,Medium (5-6.9),1789,High (1K-4.9K),Released
82687,The Guilt Trip,The Guilt Trip,en,2012-12-19,2012.0,Comedy,Comedy,40000000,41863726,1863726,1.04659315,95.0,Standard (90-119 min),15.283444,5.4,Medium (5-6.9),284,Medium (100-999),Released
41446,Scream 4,Scream 4,en,2011-04-11,2011.0,Horror | Mystery,Horror,40000000,97138686,57138686,2.42846715,111.0,Standard (90-119 min),35.21926,6.1,Medium (5-6.9),902,Medium (100-999),Released
8224,8MM,8MM,en,1999-02-26,1999.0,Thriller | Crime | Mystery,Thriller,40000000,96618699,56618699,2.415467475,123.0,Long (120-149 min),25.580272,6.1,Medium (5-6.9),474,Medium (100-999),Released
10537,The Doors,The Doors,en,1991-03-01,1991.0,Drama | Music,Drama,38000000,34416893,-3583107,0.9057077105263158,140.0,Long (120-149 min),10.794175,6.7,Medium (5-6.9),275,Medium (100-999),Released
225886,Sex Tape,Sex Tape,en,2014-07-17,2014.0,Comedy,Comedy,40000000,126069509,86069509,3.151737725,97.0,Standard (90-119 min),72.641296,5.3,Medium (5-6.9),1695,High (1K-4.9K),Released
10385,Hanging Up,Hanging Up,en,2000-02-16,2000.0,Comedy | Drama,Comedy,40000000,36037909,-3962091,0.900947725,94.0,Standard (90-119 min),3.415534,5.0,Medium (5-6.9),40,Low (<100),Released
55779,Final Destination 5,Final Destination 5,en,2011-08-12,2011.0,Horror | Mystery,Horror,47000000,157887643,110887643,3.3593115531914894,92.0,Standard (90-119 min),38.555482,5.9,Medium (5-6.9),866,Medium (100-999),Released
10154,Mickey Blue Eyes,Mickey Blue Eyes,en,1999-08-16,1999.0,Comedy | Crime | Romance,Comedy,0,0,0,0.0,102.0,Standard (90-119 min),6.786117,5.3,Medium (5-6.9),140,Medium (100-999),Released
10647,Pay It Forward,Pay It Forward,en,2000-10-12,2000.0,Drama | Romance,Drama,40000000,55707411,15707411,1.392685275,122.0,Long (120-149 min),24.313684,7.0,Good (7-7.9),432,Medium (100-999),Released
11431,Fever Pitch,Fever Pitch,en,2005-04-06,2005.0,Comedy | Drama | Romance,Comedy,30000000,50451307,20451307,1.6817102333333334,103.0,Standard (90-119 min),9.965073,5.9,Medium (5-6.9),182,Medium (100-999),Released
8457,Drillbit Taylor,Drillbit Taylor,en,2008-03-20,2008.0,Comedy,Comedy,40000000,0,-40000000,0.0,102.0,Standard (90-119 min),15.055732,5.5,Medium (5-6.9),275,Medium (100-999),Released
188161,A Million Ways to Die in the West,A Million Ways to Die in the West,en,2014-05-22,2014.0,Comedy | Western,Comedy,0,0,0,0.0,116.0,Standard (90-119 min),32.808675,5.8,Medium (5-6.9),1468,High (1K-4.9K),Released
8850,The Shadow,The Shadow,en,1994-07-01,1994.0,Adventure | Fantasy | Action | Thriller | Science Fiction,Adventure,25000000,48063435,23063435,1.9225374,108.0,Standard (90-119 min),8.178203,5.4,Medium (5-6.9),138,Medium (100-999),Released
64685,Extremely Loud & Incredibly Close,Extremely Loud & Incredibly Close,en,2011-12-24,2011.0,Drama,Drama,40000000,55247881,15247881,1.381197025,129.0,Long (120-149 min),31.066874,6.9,Medium (5-6.9),708,Medium (100-999),Released
38357,Morning Glory,Morning Glory,en,2010-01-12,2010.0,Comedy | Drama | Romance,Comedy,40000000,58785180,18785180,1.4696295,102.0,Standard (90-119 min),22.491388,6.1,Medium (5-6.9),412,Medium (100-999),Released
10060,Get Rich or Die Tryin',Get Rich or Die Tryin',en,2005-11-09,2005.0,Drama,Drama,40000000,46442528,6442528,1.1610632,117.0,Standard (90-119 min),12.885985,6.3,Medium (5-6.9),186,Medium (100-999),Released
11398,The Art of War,The Art of War,en,2000-08-23,2000.0,Crime | Action | Adventure,Crime,40000000,30199105,-9800895,0.754977625,117.0,Standard (90-119 min),7.832337,5.6,Medium (5-6.9),135,Medium (100-999),Released
1833,Rent,Rent,en,2005-11-23,2005.0,Drama | Romance,Drama,40000000,31670620,-8329380,0.7917655,135.0,Long (120-149 min),10.433667,6.7,Medium (5-6.9),155,Medium (100-999),Released
10391,Bless the Child,Bless the Child,en,2000-08-11,2000.0,Drama | Horror | Thriller | Crime,Drama,40000000,0,-40000000,0.0,107.0,Standard (90-119 min),3.321949,4.9,Low (<5),71,Low (<100),Released
8970,The Out-of-Towners,The Out-of-Towners,en,1999-04-02,1999.0,Comedy,Comedy,75000000,29000000,-46000000,0.38666666666666666,90.0,Standard (90-119 min),4.842626,5.0,Medium (5-6.9),45,Low (<100),Released
9306,The Island of Dr. Moreau,The Island of Dr. Moreau,en,1996-08-23,1996.0,Fantasy | Horror | Science Fiction,Fantasy,40000000,49627779,9627779,1.240694475,96.0,Standard (90-119 min),13.210898,4.6,Low (<5),147,Medium (100-999),Released
11370,The Musketeer,The Musketeer,en,2001-09-07,2001.0,Action | Adventure | Drama,Action,40000000,27053815,-12946185,0.676345375,104.0,Standard (90-119 min),3.296933,5.2,Medium (5-6.9),56,Low (<100),Released
12184,The Other Boleyn Girl,The Other Boleyn Girl,en,2008-02-28,2008.0,Drama,Drama,35000000,0,-35000000,0.0,115.0,Standard (90-119 min),22.939557,6.4,Medium (5-6.9),477,Medium (100-999),Released
1921,Sweet November,Sweet November,en,2001-02-16,2001.0,Drama | Romance,Drama,40000000,65754228,25754228,1.6438557,119.0,Standard (90-119 min),19.372805,6.4,Medium (5-6.9),278,Medium (100-999),Released
1683,The Reaping,The Reaping,en,2007-04-05,2007.0,Horror,Horror,40000000,62771059,22771059,1.569276475,99.0,Standard (90-119 min),13.445697,5.4,Medium (5-6.9),205,Medium (100-999),Released
203,Mean Streets,Mean Streets,en,1973-10-02,1973.0,Drama | Crime,Drama,500000,3000000,2500000,6.0,110.0,Standard (90-119 min),17.002096,7.2,Good (7-7.9),345,Medium (100-999),Released
11858,Renaissance Man,Renaissance Man,en,1994-06-03,1994.0,Comedy | War,Comedy,40000000,24332324,-15667676,0.6083081,128.0,Long (120-149 min),4.516953,5.9,Medium (5-6.9),81,Low (<100),Released
62835,Colombiana,Colombiana,en,2011-07-27,2011.0,Action | Thriller | Crime | Drama,Action,40000000,60965854,20965854,1.52414635,108.0,Standard (90-119 min),33.785969,6.5,Medium (5-6.9),824,Medium (100-999),Released
18937,Quest for Camelot,Quest for Camelot,en,1998-05-15,1998.0,Fantasy | Animation | Drama | Romance | Family,Fantasy,40000000,38172500,-1827500,0.9543125,86.0,Short (<90 min),16.059443,6.9,Medium (5-6.9),190,Medium (100-999),Released
13536,City By The Sea,City By The Sea,en,2002-09-06,2002.0,Crime | Drama | Mystery,Crime,40000000,22433915,-17566085,0.560847875,108.0,Standard (90-119 min),3.476966,5.7,Medium (5-6.9),92,Low (<100),Released
15556,At First Sight,At First Sight,en,1999-01-15,1999.0,Drama | Romance,Drama,0,0,0,0.0,128.0,Long (120-149 min),5.778724,5.9,Medium (5-6.9),48,Low (<100),Released
10718,Torque,Torque,en,2004-01-16,2004.0,Action,Action,40000000,46546197,6546197,1.163654925,84.0,Short (<90 min),7.360793,4.7,Low (<5),119,Medium (100-999),Released
11062,City Hall,City Hall,en,1996-02-16,1996.0,Drama | Thriller,Drama,0,0,0,0.0,111.0,Standard (90-119 min),3.621837,6.0,Medium (5-6.9),67,Low (<100),Released
10802,Showgirls,Showgirls,en,1995-09-22,1995.0,Drama,Drama,45000000,20350754,-24649246,0.4522389777777778,128.0,Long (120-149 min),14.513305,4.9,Low (<5),256,Medium (100-999),Released
1887,Marie Antoinette,Marie Antoinette,en,2006-05-24,2006.0,Drama | History,Drama,40000000,60474340,20474340,1.5118585,123.0,Long (120-149 min),22.364549,6.5,Medium (5-6.9),642,Medium (100-999),Released
6071,Kiss of Death,Kiss of Death,en,1995-04-21,1995.0,Action | Crime | Drama | Thriller,Action,40000000,0,-40000000,0.0,101.0,Standard (90-119 min),6.90894,5.7,Medium (5-6.9),81,Low (<100),Released
10461,Get Carter,Get Carter,en,2000-10-06,2000.0,Action | Drama | Thriller | Crime,Action,63600000,19412993,-44187007,0.3052357389937107,102.0,Standard (90-119 min),4.494788,4.8,Low (<5),145,Medium (100-999),Released
80278,The Impossible,Lo imposible,en,2012-09-09,2012.0,Thriller | Drama,Thriller,42000000,180274123,138274123,4.292241023809524,113.0,Standard (90-119 min),47.559928,7.0,Good (7-7.9),2025,High (1K-4.9K),Released
12704,Ishtar,Ishtar,en,1987-05-15,1987.0,Action | Adventure | Comedy,Action,55000000,14375181,-40624819,0.26136692727272726,107.0,Standard (90-119 min),2.410546,4.2,Low (<5),28,Low (<100),Released
10315,Fantastic Mr. Fox,Fantastic Mr. Fox,en,2009-10-23,2009.0,Adventure | Animation | Comedy | Family,Adventure,40000000,46471023,6471023,1.161775575,87.0,Short (<90 min),41.258956,7.5,Good (7-7.9),1176,High (1K-4.9K),Released
16643,Life or Something Like It,Life or Something Like It,en,2002-04-26,2002.0,Comedy | Drama | Romance,Comedy,40000000,16872671,-23127329,0.421816775,103.0,Standard (90-119 min),8.980846,5.7,Medium (5-6.9),124,Medium (100-999),Released
2687,Memoirs of an Invisible Man,Memoirs of an Invisible Man,en,1992-02-28,1992.0,Comedy | Fantasy | Science Fiction,Comedy,40000000,14358033,-25641967,0.358950825,99.0,Standard (90-119 min),7.222985,5.7,Medium (5-6.9),125,Medium (100-999),Released
194,Amélie,Le fabuleux destin d'Amélie Poulain,fr,2001-04-25,2001.0,Comedy | Romance,Comedy,10000000,173921954,163921954,17.3921954,122.0,Long (120-149 min),73.720244,7.8,Good (7-7.9),3310,High (1K-4.9K),Released
11025,New York Minute,New York Minute,en,2004-05-01,2004.0,Comedy,Comedy,0,0,0,0.0,91.0,Standard (90-119 min),10.0403,5.5,Medium (5-6.9),185,Medium (100-999),Released
8849,Alfie,Alfie,en,2004-10-22,2004.0,Comedy,Comedy,60000000,13395939,-46604061,0.22326565,103.0,Standard (90-119 min),15.219263,5.6,Medium (5-6.9),248,Medium (100-999),Released
78698,Big Miracle,Big Miracle,en,2012-02-02,2012.0,Adventure | Drama | Romance,Adventure,40000000,24719215,-15280785,0.617980375,107.0,Standard (90-119 min),8.303696,6.6,Medium (5-6.9),152,Medium (100-999),Released
30943,The Deep End of the Ocean,The Deep End of the Ocean,en,1999-03-12,1999.0,Drama | Mystery,Drama,38000000,28121100,-9878900,0.7400289473684211,106.0,Standard (90-119 min),4.746085,5.9,Medium (5-6.9),54,Low (<100),Released
9544,FearDotCom,FearDotCom,en,2002-08-09,2002.0,Horror | Thriller,Horror,40000000,18902015,-21097985,0.472550375,101.0,Standard (90-119 min),6.756886,3.2,Low (<5),105,Medium (100-999),Released
24418,Cirque du Freak: The Vampire's Assistant,Cirque du Freak: The Vampire's Assistant,en,2009-10-23,2009.0,Adventure | Fantasy | Action | Thriller,Adventure,40000000,28169671,-11830329,0.704241775,109.0,Standard (90-119 min),16.424807,5.5,Medium (5-6.9),348,Medium (100-999),Released
7288,Duplex,Duplex,en,2003-09-26,2003.0,Action | Comedy | Thriller,Action,40000000,19322135,-20677865,0.483053375,89.0,Short (<90 min),15.590001,5.9,Medium (5-6.9),482,Medium (100-999),Released
14655,Soul Men,Soul Men,en,2008-11-07,2008.0,Comedy | Music,Comedy,0,0,0,0.0,103.0,Standard (90-119 min),5.483671,6.3,Medium (5-6.9),47,Low (<100),Released
24575,Raise the Titanic,Raise the Titanic,en,1980-01-01,1980.0,Action | Drama | Thriller,Action,0,0,0,0.0,115.0,Standard (90-119 min),1.630541,5.2,Medium (5-6.9),21,Low (<100),Released
10366,Universal Soldier: The Return,Universal Soldier: The Return,en,1999-08-05,1999.0,Action | Science Fiction,Action,45000000,10667893,-34332107,0.2370642888888889,82.0,Short (<90 min),14.566664,4.2,Low (<5),135,Medium (100-999),Released
19898,Pandorum,Pandorum,en,2009-09-08,2009.0,Action | Horror | Mystery | Science Fiction | Thriller,Action,33000000,20645327,-12354673,0.6256159696969696,108.0,Standard (90-119 min),28.353517,6.5,Medium (5-6.9),774,Medium (100-999),Released
4965,Impostor,Impostor,en,2001-12-03,2001.0,Action | Science Fiction | Thriller,Action,40000000,0,-40000000,0.0,102.0,Standard (90-119 min),9.579975,6.1,Medium (5-6.9),135,Medium (100-999),Released
15074,Extreme Ops,Extreme Ops,en,2002-11-27,2002.0,Action | Adventure | Drama | Thriller,Action,40000000,10959475,-29040525,0.273986875,93.0,Standard (90-119 min),2.911819,5.0,Medium (5-6.9),28,Low (<100),Released
56715,Just Visiting,Just Visiting,en,2001-04-06,2001.0,Comedy | Fantasy | Science Fiction,Comedy,0,0,0,0.0,88.0,Short (<90 min),10.844882,4.8,Low (<5),171,Medium (100-999),Released
1272,Sunshine,Sunshine,en,2007-04-05,2007.0,Science Fiction | Thriller,Science Fiction,50000000,32017803,-17982197,0.64035606,107.0,Standard (90-119 min),51.502884,7.0,Good (7-7.9),1182,High (1K-4.9K),Released
72358,A Thousand Words,A Thousand Words,en,2012-03-07,2012.0,Drama | Comedy,Drama,40000000,22044277,-17955723,0.551106925,91.0,Standard (90-119 min),13.119133,6.0,Medium (5-6.9),373,Medium (100-999),Released
20542,Delgo,Delgo,en,2008-12-12,2008.0,Adventure | Fantasy | Animation | Comedy | Science Fiction | Family,Adventure,40000000,0,-40000000,0.0,94.0,Standard (90-119 min),4.238482,5.4,Medium (5-6.9),15,Low (<100),Released
266396,The Gunman,The Gunman,en,2015-02-16,2015.0,Action | Drama | Crime,Action,40000000,13644292,-26355708,0.3411073,115.0,Standard (90-119 min),26.935458,5.5,Medium (5-6.9),392,Medium (100-999),Released
9978,Stormbreaker,Stormbreaker,en,2006-07-21,2006.0,Adventure | Action | Family,Adventure,40000000,23937870,-16062130,0.59844675,93.0,Standard (90-119 min),16.282962,5.1,Medium (5-6.9),213,Medium (100-999),Released
8271,Disturbia,Disturbia,en,2007-04-12,2007.0,Thriller | Drama | Mystery,Thriller,20000000,117760134,97760134,5.8880067,105.0,Standard (90-119 min),31.690456,6.6,Medium (5-6.9),1006,High (1K-4.9K),Released
10428,Hackers,Hackers,en,1995-09-14,1995.0,Action | Crime | Thriller | Drama,Action,20000000,7563728,-12436272,0.3781864,107.0,Standard (90-119 min),17.842246,6.2,Medium (5-6.9),398,Medium (100-999),Released
5353,The Hunting Party,The Hunting Party,en,2007-09-03,2007.0,Action | Adventure | Thriller | Drama,Action,0,0,0,0.0,101.0,Standard (90-119 min),8.048305,6.6,Medium (5-6.9),96,Low (<100),Released
11934,The Hudsucker Proxy,The Hudsucker Proxy,en,1994-03-11,1994.0,Comedy | Drama,Comedy,30000000,0,-30000000,0.0,111.0,Standard (90-119 min),14.188982,7.1,Good (7-7.9),275,Medium (100-999),Released
14392,The Warlords,投名狀,zh,2007-12-12,2007.0,Action | Drama | History,Action,40000000,0,-40000000,0.0,126.0,Long (120-149 min),6.884467,6.3,Medium (5-6.9),83,Low (<100),Released
19495,Nomad: The Warrior,Nomad,en,2005-07-17,2005.0,Action | History | War,Action,25000000,0,-25000000,0.0,112.0,Standard (90-119 min),8.212018,4.3,Low (<5),17,Low (<100),Released
110415,Snowpiercer,Snowpiercer,ko,2013-08-01,2013.0,Action | Science Fiction | Drama,Action,39200000,86758912,47558912,2.2132375510204083,126.0,Long (120-149 min),64.238688,6.7,Medium (5-6.9),2854,High (1K-4.9K),Released
77459,A Monster in Paris,Un monstre à Paris,fr,2011-10-12,2011.0,Adventure | Animation | Comedy | Family | Fantasy,Adventure,25000000,0,-25000000,0.0,90.0,Standard (90-119 min),17.375562,6.5,Medium (5-6.9),313,Medium (100-999),Released
26486,The Last Shot,The Last Shot,en,2004-09-24,2004.0,Action | Comedy,Action,0,0,0,0.0,90.0,Standard (90-119 min),6.7698,5.9,Medium (5-6.9),15,Low (<100),Released
9495,The Crow,The Crow,en,1994-05-11,1994.0,Fantasy | Action | Thriller,Fantasy,15000000,94000000,79000000,6.266666666666667,102.0,Standard (90-119 min),44.690107,7.3,Good (7-7.9),953,Medium (100-999),Released
256040,Baahubali: The Beginning,Baahubali: The Beginning,te,2015-07-10,2015.0,Action | Adventure | War | History,Action,40000000,100000000,60000000,2.5,159.0,Very Long (150+ min),16.254032,7.5,Good (7-7.9),135,Medium (100-999),Released
24420,The Time Traveler's Wife,The Time Traveler's Wife,en,2009-08-14,2009.0,Drama | Romance | Fantasy,Drama,39000000,101229792,62229792,2.595635692307692,107.0,Standard (90-119 min),37.492928,6.7,Medium (5-6.9),798,Medium (100-999),Released
1257,Because I Said So,Because I Said So,en,2007-02-02,2007.0,Comedy,Comedy,0,69485490,69485490,0.0,102.0,Standard (90-119 min),18.678415,5.8,Medium (5-6.9),191,Medium (100-999),Released
62214,Frankenweenie,Frankenweenie,en,2012-10-04,2012.0,Animation | Comedy | Family,Animation,39000000,35287788,-3712212,0.9048150769230769,87.0,Short (<90 min),27.908783,6.6,Medium (5-6.9),932,Medium (100-999),Released
16320,Serenity,Serenity,en,2005-08-25,2005.0,Science Fiction | Action | Adventure | Thriller,Science Fiction,39000000,38869464,-130536,0.9966529230769231,119.0,Standard (90-119 min),45.388937,7.4,Good (7-7.9),1264,High (1K-4.9K),Released
8842,Against the Ropes,Against the Ropes,en,2004-02-20,2004.0,Romance | Drama,Romance,39000000,6614280,-32385720,0.1695969230769231,106.0,Standard (90-119 min),2.817364,4.5,Low (<5),32,Low (<100),Released
9531,Superman III,Superman III,en,1983-06-17,1983.0,Comedy | Action | Adventure | Fantasy | Science Fiction,Comedy,39000000,75850624,36850624,1.9448877948717949,125.0,Long (120-149 min),22.164202,5.3,Medium (5-6.9),490,Medium (100-999),Released
64807,Grudge Match,Grudge Match,en,2013-12-25,2013.0,Comedy,Comedy,40000000,44907260,4907260,1.1226815,113.0,Standard (90-119 min),21.362949,6.0,Medium (5-6.9),433,Medium (100-999),Released
12289,Red Cliff,Chi bi,zh,2008-07-10,2008.0,Adventure | Drama | Action,Adventure,80341000,127814609,47473609,1.590901395302523,150.0,Very Long (150+ min),14.8375,7.1,Good (7-7.9),205,Medium (100-999),Released
11529,Sweet Home Alabama,Sweet Home Alabama,en,2002-09-26,2002.0,Comedy | Romance,Comedy,30000000,180622424,150622424,6.020747466666666,108.0,Standard (90-119 min),18.256028,6.0,Medium (5-6.9),394,Medium (100-999),Released
20943,The Ugly Truth,The Ugly Truth,en,2009-07-24,2009.0,Comedy | Romance,Comedy,38000000,205298907,167298907,5.402602815789474,96.0,Standard (90-119 min),22.332927,6.4,Medium (5-6.9),972,Medium (100-999),Released
9099,Sgt. Bilko,Sgt. Bilko,en,1996-03-29,1996.0,Comedy | Family,Comedy,0,0,0,0.0,90.0,Standard (90-119 min),5.417787,5.5,Medium (5-6.9),94,Low (<100),Released
9488,Spy Kids 2: The Island of Lost Dreams,Spy Kids 2: The Island of Lost Dreams,en,2002-08-07,2002.0,Action | Adventure | Family,Action,38000000,119723358,81723358,3.1506146842105265,100.0,Standard (90-119 min),24.085144,5.3,Medium (5-6.9),521,Medium (100-999),Released
193,Star Trek: Generations,Star Trek: Generations,en,1994-11-17,1994.0,Science Fiction | Action | Adventure | Thriller,Science Fiction,38000000,120000000,82000000,3.1578947368421053,118.0,Standard (90-119 min),14.779041,6.4,Medium (5-6.9),452,Medium (100-999),Released
44865,The Grandmaster,一代宗師,zh,2013-01-08,2013.0,Action | Drama | History,Action,3860000,64076736,60216736,16.60019067357513,130.0,Long (120-149 min),19.947265,6.3,Medium (5-6.9),273,Medium (100-999),Released
55787,Water for Elephants,Water for Elephants,en,2011-03-15,2011.0,Drama | Romance,Drama,38000000,114156230,76156230,3.0041113157894737,120.0,Long (120-149 min),16.801218,6.7,Medium (5-6.9),850,Medium (100-999),Released
257932,Dragon Nest: Warriors' Dawn,Dragon Nest: Warriors' Dawn,zh,2014-05-20,2014.0,Adventure | Family | Fantasy | Animation,Adventure,40000000,0,-40000000,0.0,88.0,Short (<90 min),5.057695,6.8,Medium (5-6.9),19,Low (<100),Released
10400,The Hurricane,The Hurricane,en,1999-09-17,1999.0,Drama,Drama,50000000,73956241,23956241,1.47912482,146.0,Long (120-149 min),20.825781,7.2,Good (7-7.9),396,Medium (100-999),Released
1957,Enough,Enough,en,2002-05-24,2002.0,Drama | Thriller,Drama,38000000,51801187,13801187,1.3631891315789473,114.0,Standard (90-119 min),11.500783,6.2,Medium (5-6.9),264,Medium (100-999),Released
10833,Heartbreakers,Heartbreakers,en,2001-03-23,2001.0,Crime | Comedy | Romance,Crime,35000000,0,-35000000,0.0,123.0,Long (120-149 min),13.932203,5.7,Medium (5-6.9),254,Medium (100-999),Released
256961,Paul Blart: Mall Cop 2,Paul Blart: Mall Cop 2,en,2015-04-16,2015.0,Action | Comedy | Family,Action,38000000,107597242,69597242,2.8315063684210524,94.0,Standard (90-119 min),41.258487,5.0,Medium (5-6.9),567,Medium (100-999),Released
5852,Angel Eyes,Angel Eyes,en,2001-05-15,2001.0,Drama | Romance | Thriller,Drama,53000000,29700000,-23300000,0.560377358490566,102.0,Standard (90-119 min),6.454634,5.6,Medium (5-6.9),88,Low (<100),Released
12312,Joe Somebody,Joe Somebody,en,2001-12-21,2001.0,Comedy,Comedy,38000000,0,-38000000,0.0,99.0,Standard (90-119 min),5.257009,5.5,Medium (5-6.9),40,Low (<100),Released
622,The Ninth Gate,The Ninth Gate,en,1999-08-24,1999.0,Horror | Mystery | Thriller,Horror,38000000,58401898,20401898,1.536892052631579,133.0,Long (120-149 min),30.359164,6.3,Medium (5-6.9),756,Medium (100-999),Released
11306,Extreme Measures,Extreme Measures,en,1996-09-27,1996.0,Drama | Thriller,Drama,38000000,17380126,-20619874,0.45737173684210525,118.0,Standard (90-119 min),3.426555,5.7,Medium (5-6.9),80,Low (<100),Released
12508,Rock Star,Rock Star,en,2001-09-04,2001.0,Music | Drama | Comedy,Music,57000000,16991902,-40008098,0.2981035438596491,105.0,Standard (90-119 min),11.60815,6.0,Medium (5-6.9),190,Medium (100-999),Released
25793,Precious,Precious,en,2009-11-06,2009.0,Drama,Drama,10000000,47536959,37536959,4.7536959,110.0,Standard (90-119 min),18.664624,6.9,Medium (5-6.9),417,Medium (100-999),Released
10534,White Squall,White Squall,en,1996-02-02,1996.0,Action | Drama,Action,38000000,10300000,-27700000,0.2710526315789474,129.0,Long (120-149 min),10.047579,6.3,Medium (5-6.9),86,Low (<100),Released
1091,The Thing,The Thing,en,1982-06-25,1982.0,Horror | Mystery | Science Fiction,Horror,15000000,19629760,4629760,1.3086506666666666,109.0,Standard (90-119 min),52.731379,7.8,Good (7-7.9),1588,High (1K-4.9K),Released
87421,Riddick,Riddick,en,2013-09-02,2013.0,Science Fiction | Action | Thriller,Science Fiction,38000000,98337295,60337295,2.587823552631579,119.0,Standard (90-119 min),46.630062,6.2,Medium (5-6.9),2035,High (1K-4.9K),Released
10871,Switchback,Switchback,en,1997-10-31,1997.0,Action | Adventure | Mystery | Thriller,Action,37000000,6482195,-30517805,0.17519445945945947,118.0,Standard (90-119 min),4.131546,5.8,Medium (5-6.9),52,Low (<100),Released
13503,Texas Rangers,Texas Rangers,en,2001-11-30,2001.0,Action | Western,Action,0,0,0,0.0,110.0,Standard (90-119 min),5.641978,5.4,Medium (5-6.9),19,Low (<100),Released
13600,City of Ember,City of Ember,en,2008-10-07,2008.0,Adventure | Family | Fantasy,Adventure,55000000,17869048,-37130952,0.3248917818181818,90.0,Standard (90-119 min),23.465539,6.2,Medium (5-6.9),605,Medium (100-999),Released
68722,The Master,The Master,en,2012-09-07,2012.0,Drama,Drama,32000000,28258060,-3741940,0.883064375,137.0,Long (120-149 min),25.682509,7.0,Good (7-7.9),701,Medium (100-999),Released
14324,Virgin Territory,Virgin Territory,en,2007-12-17,2007.0,Adventure | Action | Comedy | Romance,Adventure,38000000,5410749,-32589251,0.14238813157894736,93.0,Standard (90-119 min),6.760922,4.3,Low (<5),75,Low (<100),Released
14325,The Express,The Express,en,2008-10-10,2008.0,Drama,Drama,40000000,9793496,-30206504,0.2448374,130.0,Long (120-149 min),3.87823,7.1,Good (7-7.9),71,Low (<100),Released
299687,The 5th Wave,The 5th Wave,en,2016-01-14,2016.0,Adventure | Science Fiction,Adventure,38000000,109906372,71906372,2.892272947368421,112.0,Standard (90-119 min),57.889964,5.6,Medium (5-6.9),1945,High (1K-4.9K),Released
312221,Creed,Creed,en,2015-11-25,2015.0,Drama,Drama,37000000,173567581,136567581,4.691015702702702,133.0,Long (120-149 min),57.773583,7.3,Good (7-7.9),1915,High (1K-4.9K),Released
23168,The Town,The Town,en,2010-09-15,2010.0,Crime | Drama | Thriller,Crime,37000000,154026136,117026136,4.162868540540541,125.0,Long (120-149 min),24.218358,7.0,Good (7-7.9),1468,High (1K-4.9K),Released
76494,What to Expect When You're Expecting,What to Expect When You're Expecting,en,2012-05-17,2012.0,Romance | Comedy | Drama,Romance,40000000,79700000,39700000,1.9925,110.0,Standard (90-119 min),27.009723,5.8,Medium (5-6.9),594,Medium (100-999),Released
4944,Burn After Reading,Burn After Reading,en,2008-09-05,2008.0,Comedy | Drama,Comedy,37000000,163720069,126720069,4.42486672972973,96.0,Standard (90-119 min),31.941347,6.5,Medium (5-6.9),1222,High (1K-4.9K),Released
10488,Nim's Island,Nim's Island,en,2008-04-03,2008.0,Adventure | Comedy | Family | Fantasy,Adventure,37000000,100076342,63076342,2.704766,96.0,Standard (90-119 min),14.353279,5.6,Medium (5-6.9),330,Medium (100-999),Released
96721,Rush,Rush,en,2013-09-02,2013.0,Drama | Action,Drama,38000000,90247624,52247624,2.3749374736842106,123.0,Long (120-149 min),33.003828,7.7,Good (7-7.9),2277,High (1K-4.9K),Released
334,Magnolia,Magnolia,en,1999-12-08,1999.0,Drama,Drama,37000000,48451803,11451803,1.309508189189189,188.0,Very Long (150+ min),30.993736,7.5,Good (7-7.9),825,Medium (100-999),Released
23742,Cop Out,Cop Out,en,2010-02-26,2010.0,Action | Comedy | Crime,Action,30000000,55583804,25583804,1.8527934666666668,107.0,Standard (90-119 min),25.825771,5.3,Medium (5-6.9),511,Medium (100-999),Released
259694,How to Be Single,How to Be Single,en,2016-01-21,2016.0,Comedy | Romance,Comedy,38000000,112343513,74343513,2.956408236842105,110.0,Standard (90-119 min),46.078371,5.9,Medium (5-6.9),1201,High (1K-4.9K),Released
62837,Dolphin Tale,Dolphin Tale,en,2011-09-23,2011.0,Drama | Family,Drama,37000000,95404397,58404397,2.578497216216216,113.0,Standard (90-119 min),6.63839,6.7,Medium (5-6.9),163,Medium (100-999),Released
8966,Twilight,Twilight,en,2008-11-20,2008.0,Adventure | Fantasy | Drama | Romance,Adventure,37000000,392616625,355616625,10.611260135135135,122.0,Long (120-149 min),127.084938,5.8,Medium (5-6.9),3561,High (1K-4.9K),Released
8470,John Q,John Q,en,2002-02-15,2002.0,Drama | Thriller | Crime,Drama,36000000,102244770,66244770,2.8401325,116.0,Standard (90-119 min),27.465433,7.0,Good (7-7.9),594,Medium (100-999),Released
11001,Blue Streak,Blue Streak,en,1999-09-17,1999.0,Action | Comedy | Crime,Action,65000000,117758500,52758500,1.8116692307692308,93.0,Standard (90-119 min),16.865782,6.1,Medium (5-6.9),352,Medium (100-999),Released
138832,We're the Millers,We're the Millers,en,2013-08-07,2013.0,Comedy | Crime,Comedy,37000000,269994119,232994119,7.297138351351351,110.0,Standard (90-119 min),100.348805,6.8,Medium (5-6.9),2972,High (1K-4.9K),Released
16911,The Inhabited Island,Obitaemyy Ostrov,ru,2008-12-18,2008.0,Action | Fantasy | Science Fiction | Thriller,Action,36500000,21834845,-14665155,0.5982149315068493,115.0,Standard (90-119 min),2.785832,5.3,Medium (5-6.9),23,Low (<100),Released
2163,Breakdown,Breakdown,en,1997-05-02,1997.0,Drama | Action | Thriller,Drama,36000000,50159144,14159144,1.3933095555555555,95.0,Standard (90-119 min),9.176339,6.6,Medium (5-6.9),198,Medium (100-999),Released
36670,Never Say Never Again,Never Say Never Again,en,1983-10-07,1983.0,Adventure | Action | Thriller,Adventure,36000000,160000000,124000000,4.444444444444445,134.0,Long (120-149 min),23.380757,5.8,Medium (5-6.9),338,Medium (100-999),Released
23048,Hot Tub Time Machine,Hot Tub Time Machine,en,2010-03-26,2010.0,Science Fiction | Comedy | Adventure,Science Fiction,36000000,64572262,28572262,1.7936739444444445,101.0,Standard (90-119 min),33.926473,6.0,Medium (5-6.9),894,Medium (100-999),Released
227735,Dolphin Tale 2,Dolphin Tale 2,en,2014-09-12,2014.0,Family | Drama,Family,36000000,52424533,16424533,1.4562370277777779,107.0,Standard (90-119 min),6.967857,6.7,Medium (5-6.9),96,Low (<100),Released
2155,Reindeer Games,Reindeer Games,en,2000-02-25,2000.0,Thriller,Thriller,42000000,32168970,-9831030,0.7659278571428572,124.0,Long (120-149 min),11.470135,5.4,Medium (5-6.9),173,Medium (100-999),Released
8409,A Man Apart,A Man Apart,en,2003-04-04,2003.0,Action | Drama,Action,36000000,44350926,8350926,1.2319701666666667,109.0,Standard (90-119 min),19.854932,5.8,Medium (5-6.9),258,Medium (100-999),Released
222936,Aloha,Aloha,en,2015-05-27,2015.0,Drama | Comedy | Romance,Drama,37000000,26250020,-10749980,0.70946,105.0,Standard (90-119 min),29.652536,5.2,Medium (5-6.9),692,Medium (100-999),Released
31908,Ghosts of Mississippi,Ghosts of Mississippi,en,1996-12-20,1996.0,History | Drama,History,0,0,0,0.0,130.0,Long (120-149 min),8.102925,6.2,Medium (5-6.9),40,Low (<100),Released
10219,Snow Falling on Cedars,Snow Falling on Cedars,en,1999-12-22,1999.0,Drama | Romance,Drama,0,0,0,0.0,127.0,Long (120-149 min),2.79483,6.3,Medium (5-6.9),32,Low (<100),Released
48171,The Rite,The Rite,en,2011-01-28,2011.0,Drama | Thriller | Horror,Drama,37000000,96047633,59047633,2.595881972972973,114.0,Standard (90-119 min),11.492474,5.8,Medium (5-6.9),556,Medium (100-999),Released
782,Gattaca,Gattaca,en,1997-09-07,1997.0,Thriller | Science Fiction | Mystery | Romance,Thriller,36000000,12532777,-23467223,0.34813269444444445,106.0,Standard (90-119 min),70.398356,7.5,Good (7-7.9),1808,High (1K-4.9K),Released
75531,Isn't She Great,Isn't She Great,de,2000-01-28,2000.0,Drama | Comedy,Drama,36000000,3003296,-32996704,0.0834248888888889,95.0,Standard (90-119 min),1.068453,4.6,Low (<5),14,Low (<100),Released
11802,Space Chimps,Space Chimps,en,2008-07-17,2008.0,Animation | Family,Animation,37000000,63800345,26800345,1.7243336486486487,81.0,Short (<90 min),6.293217,5.2,Medium (5-6.9),99,Low (<100),Released
9776,Head of State,Head of State,en,2003-01-01,2003.0,Comedy,Comedy,0,0,0,0.0,95.0,Standard (90-119 min),3.457194,5.3,Medium (5-6.9),71,Low (<100),Released
18785,The Hangover,The Hangover,en,2009-06-05,2009.0,Comedy,Comedy,35000000,459270619,424270619,13.122017685714285,100.0,Standard (90-119 min),82.21166,7.2,Good (7-7.9),6173,Very High (5K+),Released
365222,Ip Man 3,葉問3,cn,2015-12-19,2015.0,Action | Drama | History,Action,36000000,156844753,120844753,4.356798694444445,105.0,Standard (90-119 min),19.167377,6.5,Medium (5-6.9),379,Medium (100-999),Released
817,Austin Powers: The Spy Who Shagged Me,Austin Powers: The Spy Who Shagged Me,en,1999-06-08,1999.0,Adventure | Comedy | Crime | Science Fiction,Adventure,33000000,310940086,277940086,9.422426848484848,95.0,Standard (90-119 min),18.316151,6.2,Medium (5-6.9),1011,High (1K-4.9K),Released
268,Batman,Batman,en,1989-06-23,1989.0,Fantasy | Action,Fantasy,35000000,411348924,376348924,11.7528264,126.0,Long (120-149 min),44.104469,7.0,Good (7-7.9),2096,High (1K-4.9K),Released
45054,There Be Dragons,There Be Dragons,en,2011-03-25,2011.0,Drama,Drama,0,0,0,0.0,112.0,Standard (90-119 min),6.668679,5.9,Medium (5-6.9),27,Low (<100),Released
943,Lethal Weapon 3,Lethal Weapon 3,en,1992-05-15,1992.0,Adventure | Action | Comedy | Thriller | Crime,Adventure,35000000,321731527,286731527,9.192329342857143,118.0,Standard (90-119 min),36.172182,6.4,Medium (5-6.9),811,Medium (100-999),Released
22881,The Blind Side,The Blind Side,en,2009-11-20,2009.0,Drama,Drama,29000000,309208309,280208309,10.66235548275862,129.0,Long (120-149 min),25.767395,7.2,Good (7-7.9),1597,High (1K-4.9K),Released
10054,Spy Kids,Spy Kids,en,2001-03-18,2001.0,Action | Comedy | Family | Adventure,Action,35000000,147934180,112934180,4.226690857142857,88.0,Short (<90 min),21.543389,5.5,Medium (5-6.9),867,Medium (100-999),Released
51540,Horrible Bosses,Horrible Bosses,en,2011-07-08,2011.0,Comedy | Crime,Comedy,35000000,117000000,82000000,3.342857142857143,98.0,Standard (90-119 min),50.309843,6.5,Medium (5-6.9),2277,High (1K-4.9K),Released
44264,True Grit,True Grit,en,2010-12-22,2010.0,Drama | Adventure | Western,Drama,38000000,252276927,214276927,6.6388665,110.0,Standard (90-119 min),49.292384,7.2,Good (7-7.9),1668,High (1K-4.9K),Released
350,The Devil Wears Prada,The Devil Wears Prada,en,2006-06-30,2006.0,Comedy | Drama | Romance,Comedy,35000000,326551094,291551094,9.330031257142856,109.0,Standard (90-119 min),83.893257,7.0,Good (7-7.9),3088,High (1K-4.9K),Released
152,Star Trek: The Motion Picture,Star Trek: The Motion Picture,en,1979-12-06,1979.0,Science Fiction | Adventure | Mystery,Science Fiction,35000000,139000000,104000000,3.9714285714285715,132.0,Long (120-149 min),24.616634,6.2,Medium (5-6.9),530,Medium (100-999),Released
109431,Identity Thief,Identity Thief,en,2013-02-07,2013.0,Comedy | Crime,Comedy,35000000,173965010,138965010,4.970428857142857,111.0,Standard (90-119 min),34.005726,5.6,Medium (5-6.9),1645,High (1K-4.9K),Released
1598,Cape Fear,Cape Fear,en,1991-11-15,1991.0,Crime | Thriller,Crime,35000000,182300000,147300000,5.208571428571428,128.0,Long (120-149 min),27.714043,7.0,Good (7-7.9),675,Medium (100-999),Released
8065,21,21,en,2008-03-27,2008.0,Drama | Crime,Drama,35000000,69823199,34823199,1.994948542857143,123.0,Long (120-149 min),45.149948,6.5,Medium (5-6.9),1375,High (1K-4.9K),Released
271718,Trainwreck,Trainwreck,en,2015-07-17,2015.0,Comedy,Comedy,35000000,140795793,105795793,4.022736942857143,125.0,Long (120-149 min),72.774941,5.9,Medium (5-6.9),1181,High (1K-4.9K),Released
11638,Guess Who,Guess Who,en,2005-03-25,2005.0,Comedy | Romance,Comedy,35000000,68915888,33915888,1.9690253714285715,105.0,Standard (90-119 min),3.74263,5.5,Medium (5-6.9),225,Medium (100-999),Released
409,The English Patient,The English Patient,en,1996-11-14,1996.0,Drama | Romance | War,Drama,27000000,231976425,204976425,8.591719444444445,162.0,Very Long (150+ min),29.381878,7.0,Good (7-7.9),542,Medium (100-999),Released
2118,L.A. Confidential,L.A. Confidential,en,1997-09-19,1997.0,Crime | Drama | Mystery | Thriller,Crime,35000000,126216940,91216940,3.6061982857142856,138.0,Long (120-149 min),24.860326,7.7,Good (7-7.9),1310,High (1K-4.9K),Released
11459,Sky High,Sky High,en,2005-07-29,2005.0,Adventure | Comedy | Family,Adventure,35000000,86369815,51369815,2.467709,100.0,Standard (90-119 min),11.041659,5.8,Medium (5-6.9),550,Medium (100-999),Released
10806,In & Out,In & Out,en,1997-09-10,1997.0,Comedy | Romance,Comedy,35000000,0,-35000000,0.0,90.0,Standard (90-119 min),11.897925,6.3,Medium (5-6.9),177,Medium (100-999),Released
9348,Species,Species,en,1995-07-07,1995.0,Science Fiction | Horror | Action,Science Fiction,35000000,113374103,78374103,3.2392600857142857,108.0,Standard (90-119 min),23.607071,5.5,Medium (5-6.9),453,Medium (100-999),Released
377,A Nightmare on Elm Street,A Nightmare on Elm Street,en,1984-11-14,1984.0,Horror,Horror,1800000,25504513,23704513,14.169173888888889,91.0,Standard (90-119 min),38.204158,7.2,Good (7-7.9),1180,High (1K-4.9K),Released
8843,The Cell,The Cell,en,2000-08-17,2000.0,Horror | Science Fiction | Thriller,Horror,33000000,104155843,71155843,3.1562376666666667,107.0,Standard (90-119 min),25.413955,6.0,Medium (5-6.9),436,Medium (100-999),Released
9313,The Man in the Iron Mask,The Man in the Iron Mask,en,1998-03-12,1998.0,Action | Adventure | Drama,Action,0,0,0,0.0,132.0,Long (120-149 min),28.98027,6.3,Medium (5-6.9),1018,High (1K-4.9K),Released
39486,Secretariat,Secretariat,en,2010-08-20,2010.0,Drama,Drama,35000000,60251371,25251371,1.7214677428571428,123.0,Long (120-149 min),9.525037,6.8,Medium (5-6.9),103,Medium (100-999),Released
1273,TMNT,TMNT,en,2007-03-23,2007.0,Adventure | Animation | Comedy | Family,Adventure,34000000,95608995,61608995,2.8120292647058824,90.0,Standard (90-119 min),18.39217,6.0,Medium (5-6.9),345,Medium (100-999),Released
13920,Radio,Radio,en,2003-10-24,2003.0,Drama,Drama,32000000,52277485,20277485,1.63367140625,109.0,Standard (90-119 min),9.254647,6.8,Medium (5-6.9),141,Medium (100-999),Released
50544,Friends with Benefits,Friends with Benefits,en,2011-07-21,2011.0,Romance | Comedy,Romance,35000000,150483765,115483765,4.299536142857143,109.0,Standard (90-119 min),40.526587,6.5,Medium (5-6.9),2237,High (1K-4.9K),Released
325133,Neighbors 2: Sorority Rising,Neighbors 2: Sorority Rising,en,2016-05-04,2016.0,Comedy,Comedy,35000000,108758521,73758521,3.1073863142857143,91.0,Standard (90-119 min),50.179171,5.6,Medium (5-6.9),1462,High (1K-4.9K),Released
140823,Saving Mr. Banks,Saving Mr. Banks,en,2013-11-16,2013.0,Comedy | Drama | History,Comedy,35000000,112544580,77544580,3.2155594285714284,125.0,Long (120-149 min),31.957947,7.3,Good (7-7.9),1226,High (1K-4.9K),Released
1883,Malcolm X,Malcolm X,en,1992-11-18,1992.0,Drama | History,Drama,34000000,48169908,14169908,1.416762,202.0,Very Long (150+ min),19.822791,7.2,Good (7-7.9),370,Medium (100-999),Released
89492,This Is 40,This Is 40,en,2012-12-20,2012.0,Comedy,Comedy,35000000,88058786,53058786,2.5159653142857143,134.0,Long (120-149 min),38.429648,5.6,Medium (5-6.9),896,Medium (100-999),Released
22949,Old Dogs,Old Dogs,en,2009-11-24,2009.0,Comedy | Family,Comedy,35000000,92219310,57219310,2.6348374285714287,88.0,Short (<90 min),13.707843,5.2,Medium (5-6.9),210,Medium (100-999),Released
12437,Underworld: Rise of the Lycans,Underworld: Rise of the Lycans,en,2009-01-22,2009.0,Fantasy | Action | Adventure | Science Fiction | Thriller,Fantasy,35000000,91353501,56353501,2.6101000285714284,92.0,Standard (90-119 min),51.927471,6.2,Medium (5-6.9),1428,High (1K-4.9K),Released
2959,License to Wed,License to Wed,en,2007-07-04,2007.0,Comedy,Comedy,35000000,69307224,34307224,1.9802064,91.0,Standard (90-119 min),14.503568,5.2,Medium (5-6.9),253,Medium (100-999),Released
9957,The Benchwarmers,The Benchwarmers,en,2006-04-07,2006.0,Comedy,Comedy,0,0,0,0.0,80.0,Short (<90 min),6.74556,5.2,Medium (5-6.9),242,Medium (100-999),Released
11648,Must Love Dogs,Must Love Dogs,en,2005-07-21,2005.0,Comedy | Romance,Comedy,30000000,58405313,28405313,1.9468437666666667,98.0,Standard (90-119 min),11.120167,5.8,Medium (5-6.9),140,Medium (100-999),Released
9366,Donnie Brasco,Donnie Brasco,en,1997-02-27,1997.0,Crime | Drama | Thriller,Crime,35000000,41954997,6954997,1.1987142,127.0,Long (120-149 min),40.370442,7.4,Good (7-7.9),1147,High (1K-4.9K),Released
1576,Resident Evil,Resident Evil,en,2002-03-15,2002.0,Horror | Action | Science Fiction,Horror,33000000,102984862,69984862,3.120753393939394,100.0,Standard (90-119 min),40.715623,6.4,Medium (5-6.9),2065,High (1K-4.9K),Released
609,Poltergeist,Poltergeist,en,1982-06-04,1982.0,Horror,Horror,10700000,122200000,111500000,11.42056074766355,114.0,Standard (90-119 min),36.230204,7.0,Good (7-7.9),794,Medium (100-999),Released
5516,The Ladykillers,The Ladykillers,en,2004-03-25,2004.0,Comedy | Crime | Thriller,Comedy,0,0,0,0.0,104.0,Standard (90-119 min),23.666229,6.0,Medium (5-6.9),415,Medium (100-999),Released
13051,Max Payne,Max Payne,en,2008-10-15,2008.0,Action,Action,35000000,85416905,50416905,2.440483,100.0,Standard (90-119 min),25.903237,5.2,Medium (5-6.9),613,Medium (100-999),Released
49530,In Time,In Time,en,2011-10-27,2011.0,Action | Thriller | Science Fiction,Action,40000000,173930596,133930596,4.3482649,109.0,Standard (90-119 min),60.231382,6.7,Medium (5-6.9),3417,High (1K-4.9K),Released
34806,The Back-Up Plan,The Back-Up Plan,en,2010-04-23,2010.0,Comedy | Romance,Comedy,35000000,77477008,42477008,2.2136288,106.0,Standard (90-119 min),18.38292,5.7,Medium (5-6.9),458,Medium (100-999),Released
49022,Something Borrowed,Something Borrowed,en,2011-05-05,2011.0,Comedy | Drama | Romance,Comedy,35000000,59901913,24901913,1.7114832285714285,112.0,Standard (90-119 min),14.029012,5.9,Medium (5-6.9),296,Medium (100-999),Released
11469,Black Knight,Black Knight,en,2001-11-21,2001.0,Adventure | Comedy | Fantasy,Adventure,0,0,0,0.0,95.0,Standard (90-119 min),15.913783,5.1,Medium (5-6.9),287,Medium (100-999),Released
23479,The Bad News Bears,The Bad News Bears,en,1976-04-07,1976.0,Comedy | Family,Comedy,35000000,35323292,323292,1.0092369142857143,102.0,Standard (90-119 min),6.889633,6.9,Medium (5-6.9),97,Low (<100),Released
11667,Street Fighter,Street Fighter,en,1994-12-22,1994.0,Action | Adventure | Thriller,Action,35000000,99423521,64423521,2.8406720285714284,102.0,Standard (90-119 min),19.286099,4.1,Low (<5),325,Medium (100-999),Released
423,The Pianist,The Pianist,en,2002-09-24,2002.0,Drama | War,Drama,35000000,120072577,85072577,3.4306450571428573,150.0,Very Long (150+ min),50.587541,8.0,Excellent (8+),1864,High (1K-4.9K),Released
2447,The Nativity Story,The Nativity Story,en,2006-12-01,2006.0,Drama | History,Drama,35000000,0,-35000000,0.0,101.0,Standard (90-119 min),3.721272,6.4,Medium (5-6.9),35,Low (<100),Released
10066,House of Wax,House of Wax,en,2005-04-30,2005.0,Horror,Horror,40000000,68766121,28766121,1.719153025,113.0,Standard (90-119 min),17.157738,5.5,Medium (5-6.9),677,Medium (100-999),Released
2288,Closer,Closer,en,2004-12-01,2004.0,Drama | Romance,Drama,27000000,115505027,88505027,4.277963962962963,104.0,Standard (90-119 min),22.636908,6.7,Medium (5-6.9),811,Medium (100-999),Released
88794,J. Edgar,J. Edgar,en,2011-11-09,2011.0,Drama | Crime | History,Drama,35000000,84606030,49606030,2.417315142857143,137.0,Long (120-149 min),28.069419,6.0,Medium (5-6.9),741,Medium (100-999),Released
13515,Mirrors,Mirrors,en,2008-08-15,2008.0,Horror | Mystery | Thriller,Horror,35000000,72436439,37436439,2.069612542857143,110.0,Standard (90-119 min),19.774543,6.0,Medium (5-6.9),485,Medium (100-999),Released
11979,Queen of the Damned,Queen of the Damned,en,2002-02-10,2002.0,Drama | Fantasy | Horror,Drama,35000000,45479110,10479110,1.2994031428571429,101.0,Standard (90-119 min),11.644243,5.4,Medium (5-6.9),239,Medium (100-999),Released
169,Predator 2,Predator 2,en,1990-11-20,1990.0,Science Fiction | Action | Thriller,Science Fiction,35000000,57120318,22120318,1.6320090857142857,108.0,Standard (90-119 min),27.934978,5.9,Medium (5-6.9),730,Medium (100-999),Released
8090,Untraceable,Untraceable,en,2008-01-22,2008.0,Drama,Drama,35000000,32483410,-2516590,0.9280974285714285,101.0,Standard (90-119 min),12.677505,5.9,Medium (5-6.9),238,Medium (100-999),Released
11622,Blast from the Past,Blast from the Past,en,1999-02-12,1999.0,Comedy | Romance,Comedy,35000000,40263020,5263020,1.150372,112.0,Standard (90-119 min),8.737058,6.3,Medium (5-6.9),245,Medium (100-999),Released
3604,Flash Gordon,Flash Gordon,en,1980-09-01,1980.0,Science Fiction,Science Fiction,35000000,27107960,-7892040,0.7745131428571429,111.0,Standard (90-119 min),12.343507,6.1,Medium (5-6.9),233,Medium (100-999),Released
9541,Jersey Girl,Jersey Girl,en,2004-03-25,2004.0,Comedy | Romance,Comedy,35000000,36098382,1098382,1.031382342857143,102.0,Standard (90-119 min),14.699342,5.8,Medium (5-6.9),325,Medium (100-999),Released
94348,Alex Cross,Alex Cross,en,2012-10-18,2012.0,Action | Thriller | Crime | Mystery,Action,45000000,30353232,-14646768,0.6745162666666666,101.0,Standard (90-119 min),14.513243,5.1,Medium (5-6.9),300,Medium (100-999),Released
8197,Midnight in the Garden of Good and Evil,Midnight in the Garden of Good and Evil,en,1997-11-21,1997.0,Crime | Drama | Mystery | Thriller,Crime,35000000,25105255,-9894745,0.717293,155.0,Very Long (150+ min),5.525544,6.3,Medium (5-6.9),157,Medium (100-999),Released
336004,Heist,Heist,en,2015-11-13,2015.0,Crime | Action | Thriller,Crime,8900000,4100000,-4800000,0.4606741573033708,93.0,Standard (90-119 min),15.079993,5.6,Medium (5-6.9),318,Medium (100-999),Released
35019,Nanny McPhee and the Big Bang,Nanny McPhee and the Big Bang,en,2010-03-26,2010.0,Comedy | Fantasy,Comedy,35000000,93246388,58246388,2.6641825142857143,109.0,Standard (90-119 min),23.835055,6.0,Medium (5-6.9),436,Medium (100-999),Released
10410,Hoffa,Hoffa,en,1992-12-25,1992.0,Crime | History,Crime,35000000,0,-35000000,0.0,140.0,Long (120-149 min),5.926966,6.1,Medium (5-6.9),81,Low (<100),Released
8836,The X Files: I Want to Believe,The X Files: I Want to Believe,en,2008-07-24,2008.0,Drama | Mystery | Science Fiction | Thriller,Drama,30000000,68369434,38369434,2.278981133333333,104.0,Standard (90-119 min),25.454549,5.5,Medium (5-6.9),523,Medium (100-999),Released
14442,Ella Enchanted,Ella Enchanted,en,2004-04-09,2004.0,Family | Fantasy | Comedy,Family,31000000,27388767,-3611233,0.8835086129032258,96.0,Standard (90-119 min),22.71592,5.9,Medium (5-6.9),437,Medium (100-999),Released
321741,Concussion,Concussion,en,2015-11-12,2015.0,Drama,Drama,35000000,50363790,15363790,1.4389654285714286,123.0,Long (120-149 min),35.120736,7.0,Good (7-7.9),823,Medium (100-999),Released
59965,Abduction,Abduction,en,2011-09-22,2011.0,Thriller | Action | Mystery,Thriller,35000000,82087155,47087155,2.345347285714286,106.0,Standard (90-119 min),19.893646,5.6,Medium (5-6.9),961,Medium (100-999),Released
14175,Valiant,Valiant,en,2005-03-25,2005.0,Animation | Family | Adventure,Animation,35000000,19478106,-15521894,0.5565173142857143,76.0,Short (<90 min),14.051852,5.2,Medium (5-6.9),235,Medium (100-999),Released
11004,Wonder Boys,Wonder Boys,en,2000-02-22,2000.0,Comedy | Drama,Comedy,35000000,0,-35000000,0.0,111.0,Standard (90-119 min),9.011729,6.9,Medium (5-6.9),161,Medium (100-999),Released
11918,Superhero Movie,Superhero Movie,en,2008-03-27,2008.0,Action | Comedy | Science Fiction,Action,35000000,25871834,-9128166,0.7391952571428572,85.0,Short (<90 min),19.088655,4.9,Low (<5),379,Medium (100-999),Released
98357,Broken City,Broken City,en,2013-01-18,2013.0,Thriller | Crime | Drama,Thriller,56000000,19701164,-36298836,0.3518065,109.0,Standard (90-119 min),29.490057,5.7,Medium (5-6.9),593,Medium (100-999),Released
10012,Cursed,Cursed,en,2005-02-25,2005.0,Horror | Comedy,Horror,35000000,19294901,-15705099,0.5512828857142857,97.0,Standard (90-119 min),11.195593,5.1,Medium (5-6.9),167,Medium (100-999),Released
49526,Premium Rush,Premium Rush,en,2012-08-24,2012.0,Crime | Action | Thriller,Crime,35000000,31083599,-3916401,0.8881028285714285,91.0,Standard (90-119 min),17.709888,6.2,Medium (5-6.9),832,Medium (100-999),Released
268920,Hot Pursuit,Hot Pursuit,en,2015-05-08,2015.0,Action | Comedy | Crime,Action,35000000,51680201,16680201,1.4765771714285714,87.0,Short (<90 min),18.262017,5.4,Medium (5-6.9),647,Medium (100-999),Released
9093,The Four Feathers,The Four Feathers,en,2002-09-08,2002.0,War | Adventure | Drama | Romance,War,35000000,29882645,-5117355,0.8537898571428572,132.0,Long (120-149 min),10.10364,6.5,Medium (5-6.9),159,Medium (100-999),Released
119283,Parker,Parker,en,2013-01-23,2013.0,Action | Crime,Action,35000000,46216641,11216641,1.3204754571428572,118.0,Standard (90-119 min),28.670477,5.7,Medium (5-6.9),1455,High (1K-4.9K),Released
11823,Wimbledon,Wimbledon,en,2004-09-13,2004.0,Comedy | Romance,Comedy,31000000,41512007,10512007,1.339097,98.0,Standard (90-119 min),16.736734,6.0,Medium (5-6.9),293,Medium (100-999),Released
35169,Furry Vengeance,Furry Vengeance,en,2010-04-02,2010.0,Comedy,Comedy,35000000,39340177,4340177,1.124005057142857,92.0,Standard (90-119 min),13.668633,4.6,Low (<5),149,Medium (100-999),Released
118957,Bait,Bait,en,2012-09-05,2012.0,Action | Horror | Thriller,Action,30000000,0,-30000000,0.0,93.0,Standard (90-119 min),9.780588,5.3,Medium (5-6.9),191,Medium (100-999),Released
849,Krull,Krull,en,1983-07-29,1983.0,Fantasy | Action | Adventure,Fantasy,27000000,16519460,-10480540,0.6118318518518518,117.0,Standard (90-119 min),9.904881,5.8,Medium (5-6.9),129,Medium (100-999),Released
4515,Lions for Lambs,Lions for Lambs,en,2007-10-22,2007.0,Action | Adventure | Drama | History,Action,35000000,63215872,28215872,1.8061677714285713,92.0,Standard (90-119 min),9.789027,6.0,Medium (5-6.9),216,Medium (100-999),Released
18886,Flight of the Intruder,Flight of the Intruder,en,1991-01-18,1991.0,Action | Adventure | Drama | Thriller,Action,35000000,0,-35000000,0.0,115.0,Standard (90-119 min),6.81729,5.7,Medium (5-6.9),31,Low (<100),Released
6575,Walk Hard: The Dewey Cox Story,Walk Hard: The Dewey Cox Story,en,2007-12-21,2007.0,Comedy | Music,Comedy,35000000,18317151,-16682849,0.5233471714285715,96.0,Standard (90-119 min),10.73522,6.6,Medium (5-6.9),212,Medium (100-999),Released
6440,The Shipping News,The Shipping News,en,2001-12-18,2001.0,Drama | Romance,Drama,0,0,0,0.0,111.0,Standard (90-119 min),11.1399,6.4,Medium (5-6.9),108,Medium (100-999),Released
13496,American Outlaws,American Outlaws,en,2001-08-17,2001.0,Action | Western,Action,35000000,13678913,-21321087,0.39082608571428573,94.0,Standard (90-119 min),6.727949,5.7,Medium (5-6.9),55,Low (<100),Released
18320,The Young Victoria,The Young Victoria,en,2009-03-04,2009.0,Drama | History | Romance,Drama,35000000,27409889,-7590111,0.7831396857142857,105.0,Standard (90-119 min),16.343317,7.0,Good (7-7.9),322,Medium (100-999),Released
22787,Whiteout,Whiteout,en,2009-09-09,2009.0,Action | Crime | Mystery | Thriller,Action,40000000,12206028,-27793972,0.3051507,101.0,Standard (90-119 min),14.818718,5.3,Medium (5-6.9),220,Medium (100-999),Released
8967,The Tree of Life,The Tree of Life,en,2011-05-18,2011.0,Drama | Fantasy,Drama,32000000,54674226,22674226,1.7085695625,139.0,Long (120-149 min),43.862456,6.5,Medium (5-6.9),987,Medium (100-999),Released
37498,Knock Off,Knock Off,en,1998-09-04,1998.0,Action | Adventure | Thriller,Action,33000000,0,-33000000,0.0,91.0,Standard (90-119 min),2.706207,4.7,Low (<5),64,Low (<100),Released
144336,Sabotage,Sabotage,en,2014-03-28,2014.0,Action | Drama | Thriller | Crime,Action,35000000,17508518,-17491482,0.5002433714285714,110.0,Standard (90-119 min),27.903999,5.5,Medium (5-6.9),555,Medium (100-999),Released
9616,The Order,The Order,en,2003-09-05,2003.0,Drama | Fantasy | Horror | Mystery | Romance | Thriller,Drama,35000000,11560806,-23439194,0.33030874285714285,102.0,Standard (90-119 min),3.746806,4.8,Low (<5),91,Low (<100),Released
13056,Punisher: War Zone,Punisher: War Zone,en,2008-12-05,2008.0,Action | Crime,Action,20500000,10089373,-10410627,0.49216453658536585,102.0,Standard (90-119 min),17.112498,5.6,Medium (5-6.9),294,Medium (100-999),Released
14113,Zoom,Zoom,en,2006-08-11,2006.0,Family | Fantasy | Comedy,Family,35000000,12506188,-22493812,0.35731965714285713,83.0,Short (<90 min),10.304172,4.9,Low (<5),135,Medium (100-999),Released
285783,The Walk,The Walk,en,2015-09-30,2015.0,Adventure | Drama | Thriller,Adventure,35000000,61181942,26181942,1.7480554857142858,123.0,Long (120-149 min),37.335721,6.9,Medium (5-6.9),1121,High (1K-4.9K),Released
49478,Warriors of Virtue,Warriors of Virtue,en,1997-05-02,1997.0,Fantasy | Family | Action,Fantasy,0,0,0,0.0,103.0,Standard (90-119 min),0.912395,4.7,Low (<5),9,Low (<100),Released
9726,A Good Year,A Good Year,en,2006-09-09,2006.0,Comedy | Drama | Romance,Comedy,35000000,42064105,7064105,1.2018315714285714,118.0,Standard (90-119 min),16.782471,6.5,Medium (5-6.9),357,Medium (100-999),Released
20763,Radio Flyer,Radio Flyer,en,1992-02-21,1992.0,Drama,Drama,35000000,4651977,-30348023,0.13291362857142858,114.0,Standard (90-119 min),3.503408,6.6,Medium (5-6.9),53,Low (<100),Released
9702,Bound by Honor,Bound by Honor,en,1993-02-05,1993.0,Action | Crime | Drama | Thriller,Action,35000000,0,-35000000,0.0,180.0,Very Long (150+ min),9.122828,7.7,Good (7-7.9),115,Medium (100-999),Released
9311,Smilla's Sense of Snow,Smilla's Sense of Snow,en,1997-02-13,1997.0,Action | Crime | Drama | Mystery | Thriller,Action,35000000,0,-35000000,0.0,121.0,Long (120-149 min),5.419181,6.6,Medium (5-6.9),60,Low (<100),Released
9280,Femme Fatale,Femme Fatale,en,2002-11-06,2002.0,Thriller | Crime | Romance,Thriller,35000000,16838910,-18161090,0.4811117142857143,114.0,Standard (90-119 min),9.07278,6.2,Medium (5-6.9),142,Medium (100-999),Released
26843,Lion of the Desert,Lion of the Desert,en,1981-04-17,1981.0,Action | History | War,Action,35000000,0,-35000000,0.0,173.0,Very Long (150+ min),2.864979,7.4,Good (7-7.9),34,Low (<100),Released
11876,The Horseman on the Roof,Le Hussard sur le toit,en,1995-09-20,1995.0,War | Adventure | Drama | Romance,War,35000000,15000000,-20000000,0.42857142857142855,135.0,Long (120-149 min),2.877488,6.7,Medium (5-6.9),25,Low (<100),Released
22267,Ride with the Devil,Ride with the Devil,en,1999-11-24,1999.0,Drama | War | Romance | Western,Drama,38000000,635096,-37364904,0.016713052631578948,138.0,Long (120-149 min),5.516207,6.6,Medium (5-6.9),49,Low (<100),Released
45958,Biutiful,Biutiful,es,2010-10-20,2010.0,Drama,Drama,0,25147786,25147786,0.0,148.0,Long (120-149 min),13.930763,7.0,Good (7-7.9),291,Medium (100-999),Released
1969,Bandidas,Bandidas,es,2006-01-18,2006.0,Action | Comedy | Western | Crime,Action,35000000,10496317,-24503683,0.2998947714285714,93.0,Standard (90-119 min),20.27704,5.8,Medium (5-6.9),307,Medium (100-999),Released
310706,Black Water Transit,Black Water Transit,en,2009-05-13,2009.0,Drama | Crime,Drama,0,0,0,0.0,100.0,Standard (90-119 min),0.126738,0.0,Low (<5),0,Low (<100),Released
198663,The Maze Runner,The Maze Runner,en,2014-09-10,2014.0,Action | Mystery | Science Fiction | Thriller,Action,34000000,348319861,314319861,10.244701794117647,113.0,Standard (90-119 min),131.815575,7.0,Good (7-7.9),5371,Very High (5K+),Released
239573,Unfinished Business,Unfinished Business,en,2015-03-05,2015.0,Comedy,Comedy,35000000,14431253,-20568747,0.4123215142857143,91.0,Standard (90-119 min),16.832312,5.0,Medium (5-6.9),320,Medium (100-999),Released
10436,The Age of Innocence,The Age of Innocence,en,1993-09-17,1993.0,Drama | Romance,Drama,34000000,32255440,-1744560,0.9486894117647059,139.0,Long (120-149 min),9.133747,7.0,Good (7-7.9),169,Medium (100-999),Released
1381,The Fountain,The Fountain,en,2006-09-06,2006.0,Drama | Adventure | Science Fiction | Romance,Drama,35000000,15304890,-19695110,0.4372825714285714,96.0,Standard (90-119 min),24.606012,6.8,Medium (5-6.9),827,Medium (100-999),Released
2162,Chill Factor,Chill Factor,en,1999-09-01,1999.0,Action | Comedy | Thriller,Action,70000000,11263966,-58736034,0.1609138,101.0,Standard (90-119 min),3.276912,5.3,Medium (5-6.9),29,Low (<100),Released
127493,Stolen,Stolen,en,2012-05-17,2012.0,Action | Crime | Drama | Thriller,Action,35000000,2106557,-32893443,0.060187342857142855,96.0,Standard (90-119 min),16.830184,5.1,Medium (5-6.9),344,Medium (100-999),Released
12429,Ponyo,崖の上のポニョ,ja,2008-07-19,2008.0,Animation | Family,Animation,41677699,187479518,145801819,4.498317385515933,100.0,Standard (90-119 min),39.58676,7.5,Good (7-7.9),926,Medium (100-999),Released
228205,The Longest Ride,The Longest Ride,en,2015-04-09,2015.0,Drama | Romance,Drama,34000000,63013281,29013281,1.853331794117647,128.0,Long (120-149 min),41.946523,7.3,Good (7-7.9),1064,High (1K-4.9K),Released
2900,The Astronaut's Wife,The Astronaut's Wife,en,1999-08-26,1999.0,Drama | Science Fiction | Thriller,Drama,75000000,19598588,-55401412,0.26131450666666667,109.0,Standard (90-119 min),20.697556,5.4,Medium (5-6.9),254,Medium (100-999),Released
21311,I Dreamed of Africa,I Dreamed of Africa,en,2000-05-05,2000.0,Romance | Drama | Adventure,Romance,34000000,0,-34000000,0.0,114.0,Standard (90-119 min),1.656695,5.3,Medium (5-6.9),18,Low (<100),Released
77875,Playing for Keeps,Playing for Keeps,en,2012-11-29,2012.0,Comedy | Romance,Comedy,35000000,0,-35000000,0.0,106.0,Standard (90-119 min),17.932561,5.4,Medium (5-6.9),240,Medium (100-999),Released
192136,Mandela: Long Walk to Freedom,Mandela: Long Walk to Freedom,en,2013-12-06,2013.0,Drama | History,Drama,35000000,27330000,-7670000,0.7808571428571428,141.0,Long (120-149 min),15.50957,6.5,Medium (5-6.9),224,Medium (100-999),Released
18254,Reds,Reds,en,1981-12-25,1981.0,Drama | History,Drama,32000000,40382659,8382659,1.26195809375,195.0,Very Long (150+ min),4.602185,7.1,Good (7-7.9),67,Low (<100),Released
881,A Few Good Men,A Few Good Men,en,1992-12-11,1992.0,Drama,Drama,40000000,243240178,203240178,6.08100445,138.0,Long (120-149 min),40.379966,7.1,Good (7-7.9),877,Medium (100-999),Released
10877,Exit Wounds,Exit Wounds,en,2001-03-13,2001.0,Action | Crime | Thriller,Action,50000000,79958599,29958599,1.59917198,101.0,Standard (90-119 min),12.601306,5.3,Medium (5-6.9),110,Medium (100-999),Released
9600,Big Momma's House,Big Momma's House,en,2000-05-31,2000.0,Crime | Comedy,Crime,30000000,173959438,143959438,5.798647933333333,98.0,Standard (90-119 min),24.389194,5.6,Medium (5-6.9),506,Medium (100-999),Released
202575,Thunder and the House of Magic,The House of Magic,en,2013-12-24,2013.0,Family | Fantasy | Animation | Adventure,Family,34000000,0,-34000000,0.0,85.0,Short (<90 min),12.867326,6.3,Medium (5-6.9),121,Medium (100-999),Released
71469,The Darkest Hour,The Darkest Hour,en,2011-12-22,2011.0,Horror | Action | Thriller | Science Fiction,Horror,30000000,64626786,34626786,2.1542262,89.0,Short (<90 min),23.328823,4.8,Low (<5),469,Medium (100-999),Released
85446,Step Up Revolution,Step Up Revolution,en,2012-07-26,2012.0,Music | Drama | Romance,Music,33000000,140470746,107470746,4.2566892727272725,99.0,Standard (90-119 min),29.775441,6.7,Medium (5-6.9),663,Medium (100-999),Released
326,Snakes on a Plane,Snakes on a Plane,en,2006-08-06,2006.0,Action | Crime | Horror | Thriller,Action,33000000,62022014,29022014,1.8794549696969698,105.0,Standard (90-119 min),19.642328,5.1,Medium (5-6.9),497,Medium (100-999),Released
10685,The Watcher,The Watcher,en,2000-09-08,2000.0,Mystery | Thriller,Mystery,33000000,0,-33000000,0.0,96.0,Standard (90-119 min),7.339908,4.9,Low (<5),110,Medium (100-999),Released
7220,The Punisher,The Punisher,en,2004-04-15,2004.0,Action | Crime | Drama,Action,33000000,54700105,21700105,1.6575789393939393,124.0,Long (120-149 min),35.099611,6.1,Medium (5-6.9),766,Medium (100-999),Released
9763,Goal!: The Dream Begins,Goal!: The Dream Begins,en,2005-06-06,2005.0,Drama,Drama,30000000,27610873,-2389127,0.9203624333333333,118.0,Standard (90-119 min),16.541791,6.6,Medium (5-6.9),238,Medium (100-999),Released
72387,Safe,Safe,en,2012-04-16,2012.0,Action | Crime | Thriller,Action,30000000,40346186,10346186,1.3448728666666667,94.0,Standard (90-119 min),31.92695,6.3,Medium (5-6.9),799,Medium (100-999),Released
12596,Pushing Tin,Pushing Tin,en,1999-04-23,1999.0,Comedy | Drama,Comedy,33000000,0,-33000000,0.0,124.0,Long (120-149 min),9.060642,5.7,Medium (5-6.9),116,Medium (100-999),Released
1892,Return of the Jedi,Return of the Jedi,en,1983-05-23,1983.0,Adventure | Action | Science Fiction,Adventure,32350000,572700000,540350000,17.7032457496136,135.0,Long (120-149 min),46.509071,7.9,Good (7-7.9),4665,High (1K-4.9K),Released
13460,Doomsday,Doomsday,en,2008-03-14,2008.0,Action | Thriller | Science Fiction,Action,30000000,22211426,-7788574,0.7403808666666667,108.0,Standard (90-119 min),21.538222,5.8,Medium (5-6.9),363,Medium (100-999),Released
8055,The Reader,The Reader,en,2008-12-10,2008.0,Drama | Romance,Drama,32000000,113019290,81019290,3.5318528125,124.0,Long (120-149 min),33.923786,7.2,Good (7-7.9),813,Medium (100-999),Released
50647,Wanderlust,Wanderlust,en,2012-02-23,2012.0,Comedy,Comedy,35000000,24159934,-10840066,0.6902838285714286,98.0,Standard (90-119 min),20.908494,5.3,Medium (5-6.9),394,Medium (100-999),Released
10719,Elf,Elf,en,2003-10-09,2003.0,Comedy | Family | Fantasy,Comedy,32000000,173398518,141398518,5.4187036875,97.0,Standard (90-119 min),16.901954,6.4,Medium (5-6.9),987,Medium (100-999),Released
9294,Phenomenon,Phenomenon,en,1996-07-05,1996.0,Drama | Fantasy | Romance | Science Fiction,Drama,32000000,152036382,120036382,4.7511369375,123.0,Long (120-149 min),15.039407,6.2,Medium (5-6.9),323,Medium (100-999),Released
11888,Snow Dogs,Snow Dogs,en,2002-01-18,2002.0,Adventure | Comedy | Family,Adventure,33000000,0,-33000000,0.0,99.0,Standard (90-119 min),13.655735,5.3,Medium (5-6.9),185,Medium (100-999),Released
9647,Scrooged,Scrooged,en,1988-11-22,1988.0,Fantasy | Comedy | Drama,Fantasy,0,60328000,60328000,0.0,101.0,Standard (90-119 min),21.620317,6.7,Medium (5-6.9),390,Medium (100-999),Released
9353,Nacho Libre,Nacho Libre,en,2006-06-16,2006.0,Comedy | Family,Comedy,32000000,80197993,48197993,2.50618728125,92.0,Standard (90-119 min),14.642055,5.6,Medium (5-6.9),359,Medium (100-999),Released
55721,Bridesmaids,Bridesmaids,en,2011-04-28,2011.0,Comedy | Romance,Comedy,32500000,288383523,255883523,8.87333916923077,125.0,Long (120-149 min),17.107065,6.5,Medium (5-6.9),1661,High (1K-4.9K),Released
109414,This Is the End,This Is the End,en,2013-06-12,2013.0,Action | Comedy,Action,32000000,126041322,94041322,3.9387913125,107.0,Standard (90-119 min),38.21708,6.3,Medium (5-6.9),2359,High (1K-4.9K),Released
10307,Stigmata,Stigmata,en,1999-09-10,1999.0,Horror,Horror,29000000,50041732,21041732,1.7255769655172415,103.0,Standard (90-119 min),14.993169,6.0,Medium (5-6.9),242,Medium (100-999),Released
11978,Men of Honor,Men of Honor,en,2000-09-13,2000.0,Drama,Drama,32000000,48814909,16814909,1.52546590625,129.0,Long (120-149 min),24.147269,7.0,Good (7-7.9),544,Medium (100-999),Released
22907,Takers,Takers,en,2010-08-26,2010.0,Action | Crime | Drama | Thriller,Action,32000000,69055695,37055695,2.15799046875,107.0,Standard (90-119 min),18.47242,6.0,Medium (5-6.9),394,Medium (100-999),Released
87567,The Big Wedding,The Big Wedding,en,2013-04-25,2013.0,Comedy,Comedy,35000000,21819348,-13180652,0.6234099428571429,90.0,Standard (90-119 min),18.84332,5.7,Medium (5-6.9),414,Medium (100-999),Released
38322,"Big Mommas: Like Father, Like Son","Big Mommas: Like Father, Like Son",en,2011-02-16,2011.0,Crime | Comedy | Action,Crime,32000000,83615414,51615414,2.6129816875,107.0,Standard (90-119 min),15.901137,5.3,Medium (5-6.9),313,Medium (100-999),Released
45612,Source Code,Source Code,en,2011-03-30,2011.0,Thriller | Science Fiction | Mystery,Thriller,32000000,147332697,115332697,4.60414678125,93.0,Standard (90-119 min),59.19888,7.1,Good (7-7.9),2699,High (1K-4.9K),Released
7305,Alive,Alive,en,1993-01-15,1993.0,Action | Adventure | Drama | Thriller,Action,32000000,36733909,4733909,1.14793465625,120.0,Long (120-149 min),14.48851,6.7,Medium (5-6.9),374,Medium (100-999),Released
3594,The Number 23,The Number 23,en,2007-02-23,2007.0,Thriller | Drama | Mystery,Thriller,30000000,77566815,47566815,2.5855605,101.0,Standard (90-119 min),23.197408,6.3,Medium (5-6.9),1018,High (1K-4.9K),Released
157841,The Young and Prodigious T.S. Spivet,The Young and Prodigious T.S. Spivet,en,2013-10-16,2013.0,Adventure | Drama | Family,Adventure,33000000,9494789,-23505211,0.2877208787878788,105.0,Standard (90-119 min),10.651202,6.7,Medium (5-6.9),232,Medium (100-999),Released
11519,1941,1941,en,1979-12-13,1979.0,Action | Comedy,Action,35000000,31755742,-3244258,0.9073069142857143,113.0,Standard (90-119 min),10.032626,5.6,Medium (5-6.9),143,Medium (100-999),Released
12920,Dreamer: Inspired By a True Story,Dreamer: Inspired By a True Story,en,2005-09-10,2005.0,Drama | Family,Drama,0,0,0,0.0,106.0,Standard (90-119 min),6.048743,6.3,Medium (5-6.9),67,Low (<100),Released
59,A History of Violence,A History of Violence,en,2005-09-23,2005.0,Drama | Thriller | Crime,Drama,32000000,60740827,28740827,1.89815084375,96.0,Standard (90-119 min),34.628738,6.9,Medium (5-6.9),832,Medium (100-999),Released
9335,Transporter 2,Transporter 2,en,2005-08-02,2005.0,Action | Thriller | Crime,Action,32000000,85167639,53167639,2.66148871875,87.0,Short (<90 min),47.5612,6.2,Medium (5-6.9),1061,High (1K-4.9K),Released
12106,The Quick and the Dead,The Quick and the Dead,en,1995-02-09,1995.0,Action | Western,Action,32000000,18552460,-13447540,0.579764375,107.0,Standard (90-119 min),16.473355,6.3,Medium (5-6.9),427,Medium (100-999),Released
11141,Laws of Attraction,Laws of Attraction,en,2004-04-04,2004.0,Action | Comedy | Romance | Thriller,Action,28000000,30016165,2016165,1.0720058928571428,90.0,Standard (90-119 min),6.201404,5.6,Medium (5-6.9),104,Medium (100-999),Released
8649,Bringing Out the Dead,Bringing Out the Dead,en,1999-10-22,1999.0,Drama,Drama,32000000,0,-32000000,0.0,121.0,Long (120-149 min),15.560918,6.6,Medium (5-6.9),225,Medium (100-999),Released
31867,Repo Men,Repo Men,en,2010-03-18,2010.0,Action | Science Fiction | Thriller | Crime,Action,32000000,18409891,-13590109,0.57530909375,111.0,Standard (90-119 min),25.799697,6.2,Medium (5-6.9),620,Medium (100-999),Released
10253,Dragon Wars: D-War,디워,ko,2007-02-08,2007.0,Fantasy | Drama | Horror | Action | Thriller | Science Fiction,Fantasy,70000000,53587404,-16412596,0.7655343428571428,90.0,Standard (90-119 min),4.822033,4.0,Low (<5),104,Medium (100-999),Released
3587,Bogus,Bogus,en,1996-09-06,1996.0,Fantasy | Comedy | Family,Fantasy,32000000,0,-32000000,0.0,110.0,Standard (90-119 min),3.379454,5.4,Medium (5-6.9),44,Low (<100),Released
124459,The Incredible Burt Wonderstone,The Incredible Burt Wonderstone,en,2013-03-14,2013.0,Comedy,Comedy,30000000,27437881,-2562119,0.9145960333333333,100.0,Standard (90-119 min),26.9385,5.3,Medium (5-6.9),724,Medium (100-999),Released
24662,Cats Don't Dance,Cats Don't Dance,en,1997-03-26,1997.0,Animation | Comedy | Family | Music,Animation,32000000,3566637,-28433363,0.11145740625,75.0,Short (<90 min),4.098444,7.1,Good (7-7.9),24,Low (<100),Released
32274,Cradle Will Rock,Cradle Will Rock,en,1999-12-10,1999.0,Drama,Drama,0,0,0,0.0,132.0,Long (120-149 min),4.901553,7.2,Good (7-7.9),18,Low (<100),Released
182,The Good German,The Good German,en,2006-12-08,2006.0,War | Crime | Drama | Mystery | Romance | Thriller,War,32000000,5914908,-26085092,0.184840875,108.0,Standard (90-119 min),5.347936,5.9,Medium (5-6.9),86,Low (<100),Released
5494,George and the Dragon,George and the Dragon,en,2004-03-28,2004.0,Adventure,Adventure,32000000,0,-32000000,0.0,93.0,Standard (90-119 min),4.120549,5.0,Medium (5-6.9),13,Low (<100),Released
28,Apocalypse Now,Apocalypse Now,en,1979-08-15,1979.0,Drama | War,Drama,31500000,89460381,57960381,2.8400120952380954,153.0,Very Long (150+ min),49.973462,8.0,Excellent (8+),2055,High (1K-4.9K),Released
38073,Going the Distance,Going the Distance,en,2010-09-01,2010.0,Comedy | Drama | Romance,Comedy,32000000,42045846,10045846,1.3139326875,102.0,Standard (90-119 min),13.611544,6.0,Medium (5-6.9),262,Medium (100-999),Released
2054,Mr. Holland's Opus,Mr. Holland's Opus,en,1995-12-29,1995.0,Music | Drama | Family,Music,0,106269971,106269971,0.0,137.0,Long (120-149 min),6.775294,6.9,Medium (5-6.9),113,Medium (100-999),Released
302156,Criminal,Criminal,en,2016-04-14,2016.0,Action,Action,31500000,14708696,-16791304,0.46694273015873017,113.0,Standard (90-119 min),27.891012,5.7,Medium (5-6.9),557,Medium (100-999),Released
606,Out of Africa,Out of Africa,en,1985-12-20,1985.0,Drama,Drama,31000000,128499205,97499205,4.14513564516129,161.0,Very Long (150+ min),13.864975,7.0,Good (7-7.9),279,Medium (100-999),Released
87502,Flight,Flight,en,2012-11-02,2012.0,Drama,Drama,31000000,161772375,130772375,5.21846370967742,138.0,Long (120-149 min),42.213765,6.5,Medium (5-6.9),2415,High (1K-4.9K),Released
698,Moonraker,Moonraker,en,1979-06-26,1979.0,Action | Adventure | Thriller | Science Fiction,Action,34000000,210308099,176308099,6.1855323235294115,126.0,Long (120-149 min),29.887404,5.9,Medium (5-6.9),541,Medium (100-999),Released
120467,The Grand Budapest Hotel,The Grand Budapest Hotel,en,2014-02-26,2014.0,Comedy | Drama,Comedy,30000000,174600318,144600318,5.8200106,99.0,Standard (90-119 min),74.417456,8.0,Excellent (8+),4519,High (1K-4.9K),Released
11313,Hearts in Atlantis,Hearts in Atlantis,en,2001-09-07,2001.0,Drama | Mystery,Drama,31000000,24185781,-6814219,0.7801864838709678,101.0,Standard (90-119 min),7.06762,6.4,Medium (5-6.9),131,Medium (100-999),Released
6488,Arachnophobia,Arachnophobia,en,1990-08-09,1990.0,Comedy | Horror,Comedy,31000000,53208180,22208180,1.7163929032258065,103.0,Standard (90-119 min),15.895661,6.2,Medium (5-6.9),433,Medium (100-999),Released
10559,Frequency,Frequency,en,2000-04-28,2000.0,Crime | Drama | Science Fiction | Thriller,Crime,31000000,68106245,37106245,2.1969756451612903,118.0,Standard (90-119 min),19.258041,7.0,Good (7-7.9),462,Medium (100-999),Released
296099,Vacation,Vacation,en,2015-07-28,2015.0,Comedy,Comedy,31000000,104384188,73384188,3.367231870967742,99.0,Standard (90-119 min),47.753598,6.2,Medium (5-6.9),1195,High (1K-4.9K),Released
8012,Get Shorty,Get Shorty,en,1995-10-20,1995.0,Comedy | Thriller | Crime,Comedy,30250000,115101622,84851622,3.805012297520661,105.0,Standard (90-119 min),15.585138,6.4,Medium (5-6.9),302,Medium (100-999),Released
1574,Chicago,Chicago,en,2002-12-26,2002.0,Action | Comedy | Crime | Drama | Music,Action,45000000,306776732,261776732,6.817260711111111,113.0,Standard (90-119 min),32.217425,6.9,Medium (5-6.9),677,Medium (100-999),Released
9032,Big Daddy,Big Daddy,en,1999-06-25,1999.0,Comedy | Drama,Comedy,34200000,234801895,200601895,6.865552485380117,93.0,Standard (90-119 min),34.86859,6.1,Medium (5-6.9),875,Medium (100-999),Released
2770,American Pie 2,American Pie 2,en,2001-08-10,2001.0,Comedy | Romance,Comedy,30000000,287553595,257553595,9.585119833333334,108.0,Standard (90-119 min),36.432598,6.0,Medium (5-6.9),1344,High (1K-4.9K),Released
862,Toy Story,Toy Story,en,1995-10-30,1995.0,Animation | Comedy | Family,Animation,30000000,373554033,343554033,12.4518011,81.0,Short (<90 min),73.640445,7.7,Good (7-7.9),5269,Very High (5K+),Released
1637,Speed,Speed,en,1994-06-09,1994.0,Action | Adventure | Crime,Action,30000000,350448145,320448145,11.681604833333333,116.0,Standard (90-119 min),49.526736,6.8,Medium (5-6.9),1783,High (1K-4.9K),Released
72570,The Vow,The Vow,en,2012-02-05,2012.0,Drama | Romance,Drama,30000000,196114570,166114570,6.537152333333333,104.0,Standard (90-119 min),26.780961,7.0,Good (7-7.9),1293,High (1K-4.9K),Released
27569,Extraordinary Measures,Extraordinary Measures,en,2010-01-21,2010.0,Drama,Drama,31000000,15134293,-15865707,0.488203,105.0,Standard (90-119 min),6.487344,6.0,Medium (5-6.9),89,Low (<100),Released
10637,Remember the Titans,Remember the Titans,en,2000-09-29,2000.0,Drama,Drama,30000000,136706683,106706683,4.556889433333334,113.0,Standard (90-119 min),25.996219,7.4,Good (7-7.9),821,Medium (100-999),Released
1669,The Hunt for Red October,The Hunt for Red October,en,1990-03-02,1990.0,Action | Adventure | Thriller,Action,30000000,199200000,169200000,6.64,134.0,Long (120-149 min),46.212155,7.2,Good (7-7.9),957,Medium (100-999),Released
132363,The Butler,The Butler,en,2013-08-16,2013.0,Drama,Drama,25000000,115922175,90922175,4.636887,132.0,Long (120-149 min),32.105328,7.2,Good (7-7.9),1101,High (1K-4.9K),Released
9472,DodgeBall: A True Underdog Story,DodgeBall: A True Underdog Story,en,2004-06-18,2004.0,Comedy,Comedy,20000000,167722310,147722310,8.3861155,92.0,Standard (90-119 min),41.156217,6.2,Medium (5-6.9),981,Medium (100-999),Released
2907,The Addams Family,The Addams Family,en,1991-11-22,1991.0,Horror | Comedy | Fantasy,Horror,30000000,191502426,161502426,6.3834142,99.0,Standard (90-119 min),37.179547,6.7,Medium (5-6.9),848,Medium (100-999),Released
9273,Ace Ventura: When Nature Calls,Ace Ventura: When Nature Calls,en,1995-11-10,1995.0,Crime | Comedy | Adventure,Crime,30000000,212385533,182385533,7.079517766666667,90.0,Standard (90-119 min),34.391792,6.1,Medium (5-6.9),1099,High (1K-4.9K),Released
9880,The Princess Diaries,The Princess Diaries,en,2001-08-03,2001.0,Comedy | Family | Romance,Comedy,37000000,165335153,128335153,4.468517648648649,115.0,Standard (90-119 min),40.176265,6.5,Medium (5-6.9),1023,High (1K-4.9K),Released
2925,The First Wives Club,The First Wives Club,en,1996-09-20,1996.0,Comedy,Comedy,26000000,116400000,90400000,4.476923076923077,102.0,Standard (90-119 min),10.704596,6.5,Medium (5-6.9),166,Medium (100-999),Released
807,Se7en,Se7en,en,1995-09-22,1995.0,Crime | Mystery | Thriller,Crime,33000000,327311859,294311859,9.918541181818181,127.0,Long (120-149 min),79.579532,8.1,Excellent (8+),5765,Very High (5K+),Released
17654,District 9,District 9,en,2009-08-05,2009.0,Science Fiction,Science Fiction,30000000,210819611,180819611,7.027320366666666,112.0,Standard (90-119 min),63.13678,7.3,Good (7-7.9),3382,High (1K-4.9K),Released
11836,The SpongeBob SquarePants Movie,The SpongeBob SquarePants Movie,en,2004-11-14,2004.0,Animation | Comedy | Family,Animation,30000000,140161792,110161792,4.672059733333334,87.0,Short (<90 min),27.870755,6.7,Medium (5-6.9),574,Medium (100-999),Released
322,Mystic River,Mystic River,en,2003-10-07,2003.0,Thriller | Crime | Drama | Mystery,Thriller,25000000,156822020,131822020,6.2728808,138.0,Long (120-149 min),31.242999,7.6,Good (7-7.9),1422,High (1K-4.9K),Released
70,Million Dollar Baby,Million Dollar Baby,en,2004-12-15,2004.0,Drama,Drama,30000000,216763646,186763646,7.2254548666666665,132.0,Long (120-149 min),70.456012,7.7,Good (7-7.9),2439,High (1K-4.9K),Released
9535,Analyze This,Analyze This,en,1999-03-05,1999.0,Comedy | Crime,Comedy,80000000,176885658,96885658,2.211070725,103.0,Standard (90-119 min),29.415229,6.4,Medium (5-6.9),503,Medium (100-999),Released
11036,The Notebook,The Notebook,en,2004-06-25,2004.0,Romance | Drama,Romance,29000000,115603229,86603229,3.98631824137931,123.0,Long (120-149 min),55.109138,7.7,Good (7-7.9),3067,High (1K-4.9K),Released
6557,27 Dresses,27 Dresses,en,2008-01-10,2008.0,Comedy | Romance,Comedy,30000000,160259319,130259319,5.3419773,111.0,Standard (90-119 min),30.695228,6.1,Medium (5-6.9),978,Medium (100-999),Released
18126,Hannah Montana: The Movie,Hannah Montana: The Movie,en,2009-04-10,2009.0,Comedy | Drama | Family | Music | Romance,Comedy,35000000,155545279,120545279,4.444150828571429,102.0,Standard (90-119 min),13.788422,6.0,Medium (5-6.9),449,Medium (100-999),Released
16340,Rugrats in Paris: The Movie,Rugrats in Paris: The Movie,it,2000-09-14,2000.0,Adventure | Animation | Comedy | Family,Adventure,30,103,73,3.433333333333333,78.0,Short (<90 min),4.590277,6.0,Medium (5-6.9),100,Medium (100-999),Released
10333,The Prince of Tides,The Prince of Tides,en,1991-12-25,1991.0,Drama | Romance,Drama,30000000,74787599,44787599,2.492919966666667,132.0,Long (120-149 min),3.845231,5.9,Medium (5-6.9),56,Low (<100),Released
4476,Legends of the Fall,Legends of the Fall,en,1994-12-16,1994.0,Adventure | Drama | Romance | War,Adventure,30000000,160638883,130638883,5.354629433333334,133.0,Long (120-149 min),26.952727,7.2,Good (7-7.9),619,Medium (100-999),Released
22947,Up in the Air,Up in the Air,en,2009-09-05,2009.0,Drama | Romance,Drama,25000000,163670000,138670000,6.5468,109.0,Standard (90-119 min),33.704181,6.7,Medium (5-6.9),1205,High (1K-4.9K),Released
2755,About Schmidt,About Schmidt,en,2002-12-13,2002.0,Drama | Comedy,Drama,30000000,105834556,75834556,3.5278185333333334,125.0,Long (120-149 min),19.925026,6.7,Medium (5-6.9),362,Medium (100-999),Released
82654,Warm Bodies,Warm Bodies,en,2013-01-31,2013.0,Horror | Comedy | Romance,Horror,35000000,116980662,81980662,3.3423046285714286,97.0,Standard (90-119 min),43.742241,6.4,Medium (5-6.9),2652,High (1K-4.9K),Released
59967,Looper,Looper,en,2012-09-26,2012.0,Action | Thriller | Science Fiction,Action,30000000,47042000,17042000,1.5680666666666667,118.0,Standard (90-119 min),46.377628,6.6,Medium (5-6.9),4697,High (1K-4.9K),Released
16300,Down to Earth,Down to Earth,en,2001-02-16,2001.0,Fantasy | Comedy | Science Fiction | Romance,Fantasy,0,0,0,0.0,87.0,Short (<90 min),9.166658,4.9,Low (<5),95,Low (<100),Released
9598,Babe,Babe,en,1995-07-18,1995.0,Fantasy | Drama | Comedy | Family,Fantasy,30000000,254134910,224134910,8.471163666666667,89.0,Short (<90 min),34.36645,6.0,Medium (5-6.9),733,Medium (100-999),Released
82696,Hope Springs,Hope Springs,en,2012-08-07,2012.0,Drama | Comedy | Romance,Drama,30000000,114281051,84281051,3.8093683666666665,100.0,Standard (90-119 min),12.967137,5.8,Medium (5-6.9),284,Medium (100-999),Released
9870,Forgetting Sarah Marshall,Forgetting Sarah Marshall,en,2008-04-17,2008.0,Comedy | Romance | Drama,Comedy,30000000,105173115,75173115,3.5057705,111.0,Standard (90-119 min),50.670253,6.4,Medium (5-6.9),1172,High (1K-4.9K),Released
8292,Four Brothers,Four Brothers,en,2005-08-11,2005.0,Action | Crime,Action,45000000,92374674,47374674,2.0527705333333333,109.0,Standard (90-119 min),24.694551,6.7,Medium (5-6.9),607,Medium (100-999),Released
8780,Baby Mama,Baby Mama,en,2008-04-23,2008.0,Comedy,Comedy,30000000,63833449,33833449,2.1277816333333335,99.0,Standard (90-119 min),11.409124,5.8,Medium (5-6.9),205,Medium (100-999),Released
9715,Hope Floats,Hope Floats,en,1998-05-29,1998.0,Drama | Romance,Drama,0,0,0,0.0,114.0,Standard (90-119 min),7.922716,5.8,Medium (5-6.9),81,Low (<100),Released
10521,Bride Wars,Bride Wars,en,2009-01-09,2009.0,Comedy,Comedy,30000000,114663461,84663461,3.8221153666666665,89.0,Short (<90 min),33.385429,5.9,Medium (5-6.9),856,Medium (100-999),Released
10762,Without a Paddle,Without a Paddle,en,2004-08-20,2004.0,Action | Adventure | Comedy | Thriller,Action,19000000,69631118,50631118,3.6647956842105263,95.0,Standard (90-119 min),8.584398,5.3,Medium (5-6.9),214,Medium (100-999),Released
10096,13 Going on 30,13 Going on 30,en,2004-04-13,2004.0,Comedy | Fantasy | Romance,Comedy,37000000,96455697,59455697,2.6069107297297296,98.0,Standard (90-119 min),41.569541,6.3,Medium (5-6.9),1204,High (1K-4.9K),Released
59436,Midnight in Paris,Midnight in Paris,en,2011-05-11,2011.0,Fantasy | Comedy | Romance,Fantasy,30000000,151119219,121119219,5.0373073,94.0,Standard (90-119 min),43.753585,7.4,Good (7-7.9),1990,High (1K-4.9K),Released
227783,The Nut Job,The Nut Job,en,2014-01-17,2014.0,Animation | Comedy | Family | Adventure,Animation,0,0,0,0.0,85.0,Short (<90 min),18.568021,5.5,Medium (5-6.9),319,Medium (100-999),Released
4133,Blow,Blow,en,2001-04-04,2001.0,Crime | Drama,Crime,53000000,83282296,30282296,1.5713640754716982,124.0,Long (120-149 min),28.350529,7.4,Good (7-7.9),1317,High (1K-4.9K),Released
10207,Message in a Bottle,Message in a Bottle,en,1999-02-22,1999.0,Romance | Drama,Romance,80000000,118880016,38880016,1.4860002,131.0,Long (120-149 min),10.81051,5.8,Medium (5-6.9),196,Medium (100-999),Released
172,Star Trek V: The Final Frontier,Star Trek V: The Final Frontier,en,1989-06-09,1989.0,Science Fiction | Action | Adventure | Thriller,Science Fiction,30000000,70200000,40200000,2.34,107.0,Standard (90-119 min),19.578249,5.6,Medium (5-6.9),376,Medium (100-999),Released
21972,Like Mike,Like Mike,en,2002-07-03,2002.0,Comedy | Drama | Family | Fantasy,Comedy,30000000,0,-30000000,0.0,99.0,Standard (90-119 min),5.73667,5.7,Medium (5-6.9),100,Medium (100-999),Released
36593,The Naked Gun 33⅓: The Final Insult,The Naked Gun 33⅓: The Final Insult,en,1994-03-18,1994.0,Comedy | Crime,Comedy,30000000,51132598,21132598,1.7044199333333334,83.0,Short (<90 min),28.624038,6.3,Medium (5-6.9),521,Medium (100-999),Released
707,A View to a Kill,A View to a Kill,en,1985-05-24,1985.0,Adventure | Action | Thriller,Adventure,30000000,152427960,122427960,5.080932,131.0,Long (120-149 min),27.230493,6.0,Medium (5-6.9),506,Medium (100-999),Released
533,The Curse of the Were-Rabbit,The Curse of the Were-Rabbit,en,2005-09-04,2005.0,Adventure | Animation | Comedy | Family,Adventure,30000000,192452832,162452832,6.4150944,85.0,Short (<90 min),30.380747,6.8,Medium (5-6.9),643,Medium (100-999),Released
6023,P.S. I Love You,P.S. I Love You,en,2007-11-15,2007.0,Drama | Romance,Drama,30000000,156835339,126835339,5.2278446333333335,126.0,Long (120-149 min),29.489274,6.9,Medium (5-6.9),977,Medium (100-999),Released
6439,Racing Stripes,Racing Stripes,en,2005-01-06,2005.0,Comedy,Comedy,30000000,93772522,63772522,3.125750733333333,102.0,Standard (90-119 min),8.058109,5.1,Medium (5-6.9),123,Medium (100-999),Released
4347,Atonement,Atonement,en,2007-08-29,2007.0,Drama | Romance,Drama,30000000,129266061,99266061,4.3088687,123.0,Long (120-149 min),33.369305,7.4,Good (7-7.9),1049,High (1K-4.9K),Released
37056,Letters to Juliet,Letters to Juliet,en,2010-05-14,2010.0,Comedy | Drama | Romance,Comedy,30000000,0,-30000000,0.0,105.0,Standard (90-119 min),16.52083,6.6,Medium (5-6.9),796,Medium (100-999),Released
4105,Black Rain,Black Rain,en,1989-09-22,1989.0,Action | Thriller | Crime,Action,30000000,45892212,15892212,1.5297404,125.0,Long (120-149 min),11.19602,6.2,Medium (5-6.9),243,Medium (100-999),Released
76489,The Three Stooges,The Three Stooges,en,2012-04-13,2012.0,Comedy,Comedy,30000000,54819301,24819301,1.8273100333333334,92.0,Standard (90-119 min),14.585968,4.9,Low (<5),140,Medium (100-999),Released
3933,Corpse Bride,Corpse Bride,en,2005-09-09,2005.0,Romance | Fantasy | Animation | Music,Romance,40000000,117195061,77195061,2.929876525,77.0,Short (<90 min),43.571612,7.2,Good (7-7.9),1894,High (1K-4.9K),Released
9918,Glory Road,Glory Road,en,2006-01-13,2006.0,Drama,Drama,0,42647449,42647449,0.0,118.0,Standard (90-119 min),8.305085,7.2,Good (7-7.9),144,Medium (100-999),Released
273481,Sicario,Sicario,en,2015-09-17,2015.0,Action | Crime | Drama | Mystery | Thriller,Action,30000000,84025816,54025816,2.800860533333333,121.0,Long (120-149 min),55.424027,7.2,Good (7-7.9),2416,High (1K-4.9K),Released
307081,Southpaw,Southpaw,en,2015-06-15,2015.0,Action | Drama,Action,30000000,91709827,61709827,3.0569942333333335,123.0,Long (120-149 min),65.364452,7.3,Good (7-7.9),2067,High (1K-4.9K),Released
16871,Drag Me to Hell,Drag Me to Hell,en,2009-03-15,2009.0,Horror | Thriller,Horror,30000000,90810892,60810892,3.0270297333333334,99.0,Standard (90-119 min),45.083509,6.2,Medium (5-6.9),966,Medium (100-999),Released
293863,The Age of Adaline,The Age of Adaline,en,2015-04-16,2015.0,Fantasy | Drama | Romance,Fantasy,25000000,65663276,40663276,2.62653104,112.0,Standard (90-119 min),82.052056,7.4,Good (7-7.9),1990,High (1K-4.9K),Released
13156,Secondhand Lions,Secondhand Lions,en,2003-09-19,2003.0,Comedy | Drama | Family,Comedy,0,0,0,0.0,111.0,Standard (90-119 min),15.011624,6.9,Medium (5-6.9),260,Medium (100-999),Released
41233,Step Up 3D,Step Up 3D,en,2010-08-04,2010.0,Drama | Romance,Drama,30000000,159291809,129291809,5.309726966666667,107.0,Standard (90-119 min),25.060342,6.6,Medium (5-6.9),582,Medium (100-999),Released
9266,Blue Crush,Blue Crush,en,2002-08-08,2002.0,Adventure,Adventure,25000000,51842679,26842679,2.07370716,104.0,Standard (90-119 min),11.42943,5.6,Medium (5-6.9),159,Medium (100-999),Released
1262,Stranger Than Fiction,Stranger Than Fiction,en,2006-09-09,2006.0,Comedy | Drama | Fantasy | Romance,Comedy,30000000,53653224,23653224,1.7884408,113.0,Standard (90-119 min),32.26789,7.1,Good (7-7.9),721,Medium (100-999),Released
4513,30 Days of Night,30 Days of Night,en,2007-10-17,2007.0,Horror | Thriller,Horror,30000000,75505973,45505973,2.5168657666666667,113.0,Standard (90-119 min),33.394082,6.2,Medium (5-6.9),767,Medium (100-999),Released
22970,The Cabin in the Woods,The Cabin in the Woods,en,2012-04-12,2012.0,Horror | Thriller,Horror,30000000,66486080,36486080,2.2162026666666668,95.0,Standard (90-119 min),73.987775,6.5,Medium (5-6.9),2263,High (1K-4.9K),Released
7278,Meet the Spartans,Meet the Spartans,en,2008-01-24,2008.0,Comedy,Comedy,30000000,84646831,54646831,2.8215610333333334,84.0,Short (<90 min),10.608998,3.7,Low (<5),359,Medium (100-999),Released
9013,Midnight Run,Midnight Run,en,1988-07-20,1988.0,Adventure | Comedy | Crime,Adventure,30000000,38413606,8413606,1.2804535333333333,126.0,Long (120-149 min),12.821329,7.2,Good (7-7.9),238,Medium (100-999),Released
865,The Running Man,The Running Man,en,1987-11-13,1987.0,Action | Science Fiction,Action,27000000,38122105,11122105,1.4119298148148147,101.0,Standard (90-119 min),30.131498,6.4,Medium (5-6.9),703,Medium (100-999),Released
10776,Little Shop of Horrors,Little Shop of Horrors,en,1986-12-19,1986.0,Horror | Comedy | Music,Horror,25000000,38748395,13748395,1.5499358,94.0,Standard (90-119 min),12.113235,6.6,Medium (5-6.9),384,Medium (100-999),Released
50456,Hanna,Hanna,en,2011-04-07,2011.0,Action | Thriller | Adventure,Action,30000000,63782078,33782078,2.1260692666666667,111.0,Standard (90-119 min),31.191975,6.5,Medium (5-6.9),1263,High (1K-4.9K),Released
9823,Mortal Kombat: Annihilation,Mortal Kombat: Annihilation,en,1997-11-21,1997.0,Action | Fantasy | Science Fiction,Action,30000000,51376861,21376861,1.7125620333333333,95.0,Standard (90-119 min),11.916389,3.8,Low (<5),221,Medium (100-999),Released
59861,Larry Crowne,Larry Crowne,en,2011-06-30,2011.0,Comedy | Romance | Drama,Comedy,30000000,36160375,6160375,1.2053458333333333,98.0,Standard (90-119 min),20.355458,5.7,Medium (5-6.9),359,Medium (100-999),Released
133805,Carrie,Carrie,en,2013-10-16,2013.0,Drama | Horror,Drama,30000000,82394288,52394288,2.746476266666667,100.0,Standard (90-119 min),63.848541,5.8,Medium (5-6.9),1463,High (1K-4.9K),Released
12763,Take the Lead,Take the Lead,en,2006-03-17,2006.0,Music,Music,30000000,34742066,4742066,1.1580688666666668,108.0,Standard (90-119 min),8.999675,6.6,Medium (5-6.9),162,Medium (100-999),Released
9766,Gridiron Gang,Gridiron Gang,en,2006-09-15,2006.0,Action | Adventure | Crime | Drama,Action,30000000,41480851,11480851,1.3826950333333334,125.0,Long (120-149 min),9.278361,6.5,Medium (5-6.9),206,Medium (100-999),Released
14034,What's the Worst That Could Happen?,What's the Worst That Could Happen?,en,2001-05-31,2001.0,Action | Comedy,Action,45000000,0,-45000000,0.0,94.0,Standard (90-119 min),7.185212,5.1,Medium (5-6.9),66,Low (<100),Released
12244,9,9,en,2009-08-19,2009.0,Action | Adventure | Animation | Science Fiction | Thriller,Action,30000000,48428063,18428063,1.6142687666666666,79.0,Short (<90 min),55.806402,6.6,Medium (5-6.9),1262,High (1K-4.9K),Released
109421,Side Effects,Side Effects,en,2013-02-07,2013.0,Thriller | Crime | Drama,Thriller,30000000,63372757,33372757,2.1124252333333335,106.0,Standard (90-119 min),48.237797,6.4,Medium (5-6.9),1323,High (1K-4.9K),Released
11137,The Prince & Me,The Prince & Me,en,2004-03-28,2004.0,Comedy | Romance,Comedy,0,0,0,0.0,111.0,Standard (90-119 min),17.943945,5.9,Medium (5-6.9),278,Medium (100-999),Released
51162,Winnie the Pooh,Winnie the Pooh,en,2011-04-13,2011.0,Animation | Family,Animation,30000000,14460000,-15540000,0.482,63.0,Short (<90 min),19.143721,6.8,Medium (5-6.9),258,Medium (100-999),Released
10152,Dumb and Dumberer: When Harry Met Lloyd,Dumb and Dumberer: When Harry Met Lloyd,en,2003-06-13,2003.0,Comedy,Comedy,19000000,39267515,20267515,2.066711315789474,85.0,Short (<90 min),15.67747,4.1,Low (<5),210,Medium (100-999),Released
9452,Bulworth,Bulworth,en,1998-05-15,1998.0,Comedy | Drama,Comedy,30000000,29202884,-797116,0.9734294666666666,108.0,Standard (90-119 min),4.52363,6.3,Medium (5-6.9),66,Low (<100),Released
239566,Get on Up,Get on Up,en,2014-08-01,2014.0,Drama | Music,Drama,0,31911598,31911598,0.0,139.0,Long (120-149 min),13.064264,6.4,Medium (5-6.9),158,Medium (100-999),Released
53113,One True Thing,One True Thing,en,1998-09-18,1998.0,Drama | Romance,Drama,0,0,0,0.0,127.0,Long (120-149 min),2.644427,6.2,Medium (5-6.9),27,Low (<100),Released
9271,Virtuosity,Virtuosity,en,1995-08-04,1995.0,Action | Crime | Science Fiction | Thriller,Action,30000000,24048000,-5952000,0.8016,106.0,Standard (90-119 min),5.301589,5.4,Medium (5-6.9),163,Medium (100-999),Released
4474,My Super Ex-Girlfriend,My Super Ex-Girlfriend,en,2006-06-20,2006.0,Fantasy | Drama | Action | Comedy | Crime | Science Fiction,Fantasy,0,60896147,60896147,0.0,95.0,Standard (90-119 min),20.252143,4.8,Low (<5),442,Medium (100-999),Released
184346,Deliver Us from Evil,Deliver Us from Evil,en,2014-07-01,2014.0,Thriller | Crime | Horror,Thriller,30000000,0,-30000000,0.0,118.0,Standard (90-119 min),29.359201,5.9,Medium (5-6.9),690,Medium (100-999),Released
48340,Sanctum,Sanctum,en,2011-02-03,2011.0,Action | Thriller,Action,30000000,108609310,78609310,3.6203103333333333,108.0,Standard (90-119 min),20.063165,5.8,Medium (5-6.9),339,Medium (100-999),Released
14846,Little Black Book,Little Black Book,en,2004-08-06,2004.0,Comedy | Romance | Drama,Comedy,35000000,22034832,-12965168,0.6295666285714285,111.0,Standard (90-119 min),6.246199,5.2,Medium (5-6.9),112,Medium (100-999),Released
72207,The Five-Year Engagement,The Five-Year Engagement,en,2012-04-27,2012.0,Comedy,Comedy,30000000,53909751,23909751,1.7969917,124.0,Long (120-149 min),27.71063,5.7,Medium (5-6.9),457,Medium (100-999),Released
16232,Mr. 3000,Mr. 3000,en,2004-06-15,2004.0,Comedy | Drama,Comedy,30000000,21800302,-8199698,0.7266767333333334,104.0,Standard (90-119 min),2.850896,5.0,Medium (5-6.9),66,Low (<100),Released
43539,The Next Three Days,The Next Three Days,en,2010-11-18,2010.0,Romance | Drama | Thriller | Crime,Romance,30000000,51148651,21148651,1.7049550333333334,133.0,Long (120-149 min),34.421696,6.9,Medium (5-6.9),905,Medium (100-999),Released
9920,Ultraviolet,Ultraviolet,en,2006-03-03,2006.0,Science Fiction | Action | Thriller,Science Fiction,30000000,31070211,1070211,1.0356737,87.0,Short (<90 min),15.89534,4.8,Low (<5),458,Medium (100-999),Released
8978,Assault on Precinct 13,Assault on Precinct 13,en,2005-01-19,2005.0,Thriller,Thriller,30000000,35294470,5294470,1.1764823333333334,109.0,Standard (90-119 min),18.706504,6.0,Medium (5-6.9),311,Medium (100-999),Released
11702,The Replacement Killers,The Replacement Killers,en,1998-02-06,1998.0,Action | Drama | Crime | Thriller,Action,30000000,19204929,-10795071,0.6401643,87.0,Short (<90 min),9.607391,6.0,Medium (5-6.9),127,Medium (100-999),Released
18550,Fled,Fled,en,1996-07-19,1996.0,Action | Comedy | Thriller,Action,25000000,17193231,-7806769,0.68772924,98.0,Standard (90-119 min),2.77255,5.2,Medium (5-6.9),47,Low (<100),Released
8869,Eight Legged Freaks,Eight Legged Freaks,en,2002-07-17,2002.0,Action | Comedy | Horror | Thriller,Action,0,0,0,0.0,99.0,Standard (90-119 min),17.834976,5.4,Medium (5-6.9),295,Medium (100-999),Released
43347,Love & Other Drugs,Love & Other Drugs,en,2010-11-22,2010.0,Drama | Comedy | Romance,Drama,30000000,102820008,72820008,3.4273336,112.0,Standard (90-119 min),20.236951,6.6,Medium (5-6.9),1233,High (1K-4.9K),Released
3489,88 Minutes,88 Minutes,en,2007-02-14,2007.0,Crime | Mystery | Thriller,Crime,30000000,16930884,-13069116,0.5643628,108.0,Standard (90-119 min),16.883429,5.7,Medium (5-6.9),313,Medium (100-999),Released
9701,North Country,North Country,en,2005-02-12,2005.0,Drama,Drama,35000000,25224242,-9775758,0.7206926285714286,126.0,Long (120-149 min),12.779201,6.8,Medium (5-6.9),125,Medium (100-999),Released
2122,The Whole Ten Yards,The Whole Ten Yards,en,2004-04-07,2004.0,Comedy | Thriller | Crime,Comedy,40000000,26155781,-13844219,0.653894525,98.0,Standard (90-119 min),14.729386,5.5,Medium (5-6.9),278,Medium (100-999),Released
37707,Splice,Splice,en,2009-10-06,2009.0,Horror | Thriller | Science Fiction,Horror,26000000,0,-26000000,0.0,104.0,Standard (90-119 min),23.227877,5.5,Medium (5-6.9),671,Medium (100-999),Released
10658,Howard the Duck,Howard the Duck,en,1986-08-01,1986.0,Comedy | Fantasy | Science Fiction,Comedy,37000000,37962774,962774,1.026020918918919,110.0,Standard (90-119 min),11.374306,5.1,Medium (5-6.9),221,Medium (100-999),Released
13150,Pride and Glory,Pride and Glory,en,2008-09-09,2008.0,Thriller | Crime | Drama,Thriller,30000000,31148328,1148328,1.0382776,130.0,Long (120-149 min),10.703602,6.3,Medium (5-6.9),240,Medium (100-999),Released
9042,The Cave,The Cave,en,2005-08-25,2005.0,Action | Adventure | Horror | Thriller,Action,30000000,15007991,-14992009,0.5002663666666667,97.0,Standard (90-119 min),10.756266,5.1,Medium (5-6.9),202,Medium (100-999),Released
17813,Alex & Emma,Alex & Emma,en,2003-06-16,2003.0,Comedy | Romance,Comedy,30000000,15368897,-14631103,0.5122965666666667,96.0,Standard (90-119 min),4.352422,5.0,Medium (5-6.9),68,Low (<100),Released
11208,Wicker Park,Wicker Park,en,2004-09-03,2004.0,Drama | Mystery | Romance | Thriller,Drama,30000000,13001257,-16998743,0.43337523333333333,114.0,Standard (90-119 min),9.301562,6.7,Medium (5-6.9),157,Medium (100-999),Released
58151,Fright Night,Fright Night,en,2011-08-18,2011.0,Horror | Comedy,Horror,17000000,24922237,7922237,1.4660139411764705,106.0,Standard (90-119 min),18.27083,6.0,Medium (5-6.9),603,Medium (100-999),Released
11400,The New World,The New World,en,2005-12-25,2005.0,Drama | History | Romance,Drama,30000000,30536013,536013,1.0178671,135.0,Long (120-149 min),19.106154,6.4,Medium (5-6.9),330,Medium (100-999),Released
10350,Wing Commander,Wing Commander,en,1999-03-11,1999.0,Action | Science Fiction,Action,30000000,0,-30000000,0.0,100.0,Standard (90-119 min),5.259585,4.0,Low (<5),72,Low (<100),Released
28902,In Dreams,In Dreams,en,1999-01-15,1999.0,Drama | Thriller,Drama,0,0,0,0.0,100.0,Standard (90-119 min),3.226243,5.4,Medium (5-6.9),44,Low (<100),Released
14164,Dragonball Evolution,Dragonball Evolution,en,2009-04-01,2009.0,Action | Adventure | Fantasy | Science Fiction | Thriller,Action,100000000,0,-100000000,0.0,85.0,Short (<90 min),21.677732,2.9,Low (<5),462,Medium (100-999),Released
76640,The Last Stand,The Last Stand,en,2013-01-12,2013.0,Action | Crime | Thriller,Action,30000000,0,-30000000,0.0,107.0,Standard (90-119 min),43.882857,5.7,Medium (5-6.9),1266,High (1K-4.9K),Released
11058,Godsend,Godsend,en,2004-04-30,2004.0,Drama | Horror | Science Fiction | Thriller,Drama,25000000,30114487,5114487,1.20457948,102.0,Standard (90-119 min),12.10235,4.7,Low (<5),114,Medium (100-999),Released
14844,Chasing Liberty,Chasing Liberty,en,2004-01-09,2004.0,Comedy | Romance,Comedy,23000000,12,-22999988,5.217391304347826e-07,111.0,Standard (90-119 min),3.362045,6.1,Medium (5-6.9),152,Medium (100-999),Released
57089,Hoodwinked Too! Hood VS. Evil,Hoodwinked Too! Hood VS. Evil,en,2011-04-29,2011.0,Comedy | Animation | Family,Comedy,30000000,13521829,-16478171,0.4507276333333333,86.0,Short (<90 min),10.694417,4.8,Low (<5),131,Medium (100-999),Released
1947,An Unfinished Life,An Unfinished Life,en,2005-09-09,2005.0,Drama,Drama,30000000,18618284,-11381716,0.6206094666666667,108.0,Standard (90-119 min),6.353971,6.7,Medium (5-6.9),161,Medium (100-999),Released
8054,The Imaginarium of Doctor Parnassus,The Imaginarium of Doctor Parnassus,en,2009-10-01,2009.0,Adventure | Fantasy | Mystery,Adventure,30000000,64352607,34352607,2.1450869,123.0,Long (120-149 min),37.181019,6.3,Medium (5-6.9),869,Medium (100-999),Released
46829,Barney's Version,Barney's Version,en,2010-10-26,2010.0,Comedy | Drama,Comedy,30000000,8454301,-21545699,0.2818100333333333,134.0,Long (120-149 min),4.952735,7.2,Good (7-7.9),129,Medium (100-999),Released
146238,Runner Runner,Runner Runner,en,2013-09-24,2013.0,Crime | Thriller | Drama,Crime,30000000,62616646,32616646,2.0872215333333335,91.0,Standard (90-119 min),22.975918,5.5,Medium (5-6.9),543,Medium (100-999),Released
9989,Antitrust,Antitrust,en,2001-01-12,2001.0,Action | Crime | Drama,Action,30000000,18195610,-11804390,0.6065203333333333,108.0,Standard (90-119 min),8.359599,5.8,Medium (5-6.9),153,Medium (100-999),Released
9665,Glory,Glory,en,1989-12-15,1989.0,War,War,18000000,26828365,8828365,1.4904647222222223,122.0,Long (120-149 min),16.102271,7.4,Good (7-7.9),383,Medium (100-999),Released
311,Once Upon a Time in America,Once Upon a Time in America,en,1984-02-16,1984.0,Drama | Crime,Drama,30000000,0,-30000000,0.0,229.0,Very Long (150+ min),49.336397,8.2,Excellent (8+),1069,High (1K-4.9K),Released
102362,Dead Man Down,Dead Man Down,en,2013-03-08,2013.0,Thriller | Action | Crime | Drama,Thriller,0,18074539,18074539,0.0,118.0,Standard (90-119 min),29.647844,5.9,Medium (5-6.9),638,Medium (100-999),Released
11162,The Merchant of Venice,The Merchant of Venice,en,2004-09-03,2004.0,Drama | Romance,Drama,0,0,0,0.0,138.0,Long (120-149 min),12.467267,6.7,Medium (5-6.9),144,Medium (100-999),Released
6016,The Good Thief,The Good Thief,en,2003-04-03,2003.0,Crime | Drama | Thriller,Crime,0,0,0,0.0,108.0,Standard (90-119 min),2.774811,6.0,Medium (5-6.9),31,Low (<100),Released
17186,Supercross,Supercross,en,2005-08-16,2005.0,Action | Adventure | Drama | Romance,Action,0,3102550,3102550,0.0,80.0,Short (<90 min),3.71305,5.4,Medium (5-6.9),29,Low (<100),Released
13967,Miss Potter,Miss Potter,en,2006-12-03,2006.0,Drama | Family | Romance,Drama,30000000,35078241,5078241,1.1692747,92.0,Standard (90-119 min),8.386432,6.3,Medium (5-6.9),141,Medium (100-999),Released
2008,The Promise,Wu Ji,zh,2005-12-15,2005.0,Fantasy | Drama | Action | Thriller | Romance,Fantasy,0,0,0,0.0,98.0,Standard (90-119 min),3.866026,5.0,Medium (5-6.9),29,Low (<100),Released
9053,DOA: Dead or Alive,DOA: Dead or Alive,en,2006-09-07,2006.0,Adventure | Action | Thriller,Adventure,21000000,480314,-20519686,0.022872095238095237,87.0,Short (<90 min),12.790408,5.0,Medium (5-6.9),205,Medium (100-999),Released
4512,The Assassination of Jesse James by the Coward Robert Ford,The Assassination of Jesse James by the Coward Robert Ford,en,2007-09-02,2007.0,Action | Drama | Western,Action,30000000,14711793,-15288207,0.4903931,160.0,Very Long (150+ min),35.53352,7.0,Good (7-7.9),776,Medium (100-999),Released
76349,1911,辛亥革命,zh,2011-07-03,2011.0,Adventure | Drama | Action | History | War,Adventure,30000000,108348,-29891652,0.0036116,125.0,Long (120-149 min),4.065212,5.0,Medium (5-6.9),41,Low (<100),Released
31203,Little Nicholas,Le petit Nicolas,fr,2009-09-30,2009.0,Comedy,Comedy,0,0,0,0.0,91.0,Standard (90-119 min),20.362025,5.9,Medium (5-6.9),306,Medium (100-999),Released
265208,Wild Card,Wild Card,en,2015-01-14,2015.0,Thriller | Crime | Drama,Thriller,30000000,0,-30000000,0.0,92.0,Standard (90-119 min),48.0343,5.4,Medium (5-6.9),656,Medium (100-999),Released
45610,Machine Gun Preacher,Machine Gun Preacher,en,2011-09-23,2011.0,Action | Thriller | Crime,Action,30000000,2527904,-27472096,0.08426346666666666,129.0,Long (120-149 min),13.268936,6.4,Medium (5-6.9),286,Medium (100-999),Released
50135,Animals United,Konferenz der Tiere,de,2010-10-07,2010.0,Animation | Family | Comedy,Animation,0,0,0,0.0,93.0,Standard (90-119 min),8.010046,5.5,Medium (5-6.9),90,Low (<100),Released
1874,Goodbye Bafana,Goodbye Bafana,en,2007-02-11,2007.0,History | Drama,History,30000000,0,-30000000,0.0,140.0,Long (120-149 min),12.257654,7.0,Good (7-7.9),38,Low (<100),Released
271331,United Passions,United Passions,en,2014-06-19,2014.0,Drama,Drama,27000000,0,-27000000,0.0,110.0,Standard (90-119 min),6.036684,3.0,Low (<5),16,Low (<100),Released
215211,Grace of Monaco,Grace of Monaco,en,2014-05-14,2014.0,Romance | Drama,Romance,30000000,0,-30000000,0.0,103.0,Standard (90-119 min),10.958697,5.8,Medium (5-6.9),195,Medium (100-999),Released
367961,Savva. Heart of the Warrior,Савва. Сердце воина,ru,2015-11-12,2015.0,Fantasy | Adventure | Animation,Fantasy,30000000,0,-30000000,0.0,85.0,Short (<90 min),2.625594,6.4,Medium (5-6.9),7,Low (<100),Released
10955,Ripley's Game,Ripley's Game,en,2002-09-02,2002.0,Crime | Thriller,Crime,30000000,0,-30000000,0.0,110.0,Standard (90-119 min),2.981047,6.6,Medium (5-6.9),69,Low (<100),Released
223702,Sausage Party,Sausage Party,en,2016-07-11,2016.0,Adventure | Animation | Comedy | Fantasy,Adventure,19000000,140752617,121752617,7.4080324736842105,83.0,Short (<90 min),66.242737,5.6,Medium (5-6.9),2238,High (1K-4.9K),Released
254470,Pitch Perfect 2,Pitch Perfect 2,en,2015-05-07,2015.0,Comedy | Music,Comedy,29000000,287506194,258506194,9.914006689655173,115.0,Standard (90-119 min),71.496894,6.8,Medium (5-6.9),1940,High (1K-4.9K),Released
69,Walk the Line,Walk the Line,en,2005-09-13,2005.0,Drama | Music | Romance,Drama,28000000,186438883,158438883,6.658531535714285,136.0,Long (120-149 min),35.580032,7.3,Good (7-7.9),718,Medium (100-999),Released
4967,Keeping the Faith,Keeping the Faith,en,2000-04-14,2000.0,Comedy,Comedy,30000000,37036004,7036004,1.2345334666666667,127.0,Long (120-149 min),8.085872,5.9,Medium (5-6.9),159,Medium (100-999),Released
9449,The Borrowers,The Borrowers,en,1997-12-05,1997.0,Adventure | Fantasy | Action | Comedy | Family,Adventure,29000000,0,-29000000,0.0,86.0,Short (<90 min),10.364582,5.8,Medium (5-6.9),135,Medium (100-999),Released
11499,Frost/Nixon,Frost/Nixon,en,2008-10-15,2008.0,Drama | History,Drama,0,0,0,0.0,122.0,Long (120-149 min),16.87784,7.2,Good (7-7.9),328,Medium (100-999),Released
4912,Confessions of a Dangerous Mind,Confessions of a Dangerous Mind,en,2002-12-30,2002.0,Comedy | Crime | Drama | Romance | Thriller,Comedy,30000000,33013805,3013805,1.1004601666666667,113.0,Standard (90-119 min),18.165957,6.6,Medium (5-6.9),275,Medium (100-999),Released
12771,Serving Sara,Serving Sara,en,2002-08-20,2002.0,Comedy | Romance,Comedy,29000000,16930185,-12069815,0.5837994827586207,100.0,Standard (90-119 min),8.93941,5.0,Medium (5-6.9),85,Low (<100),Released
323676,The Boss,The Boss,en,2016-04-07,2016.0,Comedy,Comedy,29000000,78636257,49636257,2.7115950689655173,91.0,Standard (90-119 min),20.55509,5.5,Medium (5-6.9),431,Medium (100-999),Released
12506,Cry Freedom,Cry Freedom,en,1987-11-05,1987.0,Drama,Drama,0,0,0,0.0,157.0,Very Long (150+ min),3.735723,6.9,Medium (5-6.9),51,Low (<100),Released
24071,Mumford,Mumford,en,1999-09-24,1999.0,Comedy | Drama | Romance,Comedy,0,0,0,0.0,112.0,Standard (90-119 min),4.310168,6.3,Medium (5-6.9),26,Low (<100),Released
11249,Seed of Chucky,Seed of Chucky,en,2004-11-11,2004.0,Drama | Horror | Comedy,Drama,12000000,24829644,12829644,2.069137,87.0,Short (<90 min),12.653831,4.9,Low (<5),287,Medium (100-999),Released
9667,The Jacket,The Jacket,en,2005-03-04,2005.0,Drama | Mystery | Thriller | Fantasy,Drama,29000000,21126225,-7873775,0.7284905172413794,103.0,Standard (90-119 min),24.240361,6.8,Medium (5-6.9),455,Medium (100-999),Released
812,Aladdin,Aladdin,en,1992-11-25,1992.0,Animation | Family | Comedy | Adventure | Fantasy | Romance,Animation,28000000,504050219,476050219,18.001793535714285,90.0,Standard (90-119 min),92.982009,7.4,Good (7-7.9),3416,High (1K-4.9K),Released
277216,Straight Outta Compton,Straight Outta Compton,en,2015-08-13,2015.0,Drama | Music,Drama,28000000,201634991,173634991,7.201249678571428,147.0,Long (120-149 min),61.76233,7.7,Good (7-7.9),1355,High (1K-4.9K),Released
87,Indiana Jones and the Temple of Doom,Indiana Jones and the Temple of Doom,en,1984-05-23,1984.0,Adventure | Action,Adventure,28000000,333000000,305000000,11.892857142857142,118.0,Standard (90-119 min),66.976776,7.1,Good (7-7.9),2781,High (1K-4.9K),Released
14444,The Rugrats Movie,The Rugrats Movie,en,1998-11-20,1998.0,Animation | Family,Animation,30000000,100491683,70491683,3.3497227666666665,79.0,Short (<90 min),7.981116,5.7,Medium (5-6.9),147,Medium (100-999),Released
2043,Along Came a Spider,Along Came a Spider,en,2001-04-06,2001.0,Crime | Mystery | Thriller | Action,Crime,60000000,105178561,45178561,1.7529760166666666,104.0,Standard (90-119 min),21.252797,6.1,Medium (5-6.9),400,Medium (100-999),Released
315664,Florence Foster Jenkins,Florence Foster Jenkins,en,2016-05-06,2016.0,Comedy | Drama,Comedy,29000000,48902953,19902953,1.686308724137931,110.0,Standard (90-119 min),19.237254,6.6,Medium (5-6.9),392,Medium (100-999),Released
1428,Once Upon a Time in Mexico,Once Upon a Time in Mexico,en,2003-09-11,2003.0,Action,Action,29000000,98185582,69185582,3.3857097241379313,102.0,Standard (90-119 min),27.555646,6.2,Medium (5-6.9),594,Medium (100-999),Released
562,Die Hard,Die Hard,en,1988-07-15,1988.0,Action | Thriller,Action,28000000,140767956,112767956,5.027427,131.0,Long (120-149 min),66.169628,7.5,Good (7-7.9),3948,High (1K-4.9K),Released
15373,Role Models,Role Models,en,2008-02-03,2008.0,Comedy,Comedy,28000000,92380927,64380927,3.2993188214285714,99.0,Standard (90-119 min),24.917665,6.4,Medium (5-6.9),564,Medium (100-999),Released
318846,The Big Short,The Big Short,en,2015-12-11,2015.0,Comedy | Drama,Comedy,28000000,133346506,105346506,4.762375214285714,130.0,Long (120-149 min),57.518472,7.3,Good (7-7.9),2607,High (1K-4.9K),Released
26320,Taking Woodstock,Taking Woodstock,en,2009-09-03,2009.0,Music | Comedy | Drama,Music,0,0,0,0.0,120.0,Long (120-149 min),11.870161,6.2,Medium (5-6.9),127,Medium (100-999),Released
14292,Miracle,Miracle,en,2004-02-06,2004.0,Drama | History,Drama,28000000,64445708,36445708,2.3016324285714287,135.0,Long (120-149 min),7.534003,7.0,Good (7-7.9),159,Medium (100-999),Released
924,Dawn of the Dead,Dawn of the Dead,en,2004-03-19,2004.0,Fantasy | Horror | Action,Fantasy,28000000,102356381,74356381,3.6555850357142856,101.0,Standard (90-119 min),44.529429,6.8,Medium (5-6.9),1016,High (1K-4.9K),Released
2018,The Wedding Planner,The Wedding Planner,en,2001-01-26,2001.0,Comedy,Comedy,35000000,94728529,59728529,2.7065294,103.0,Standard (90-119 min),14.949395,5.5,Medium (5-6.9),427,Medium (100-999),Released
192577,Space Pirate Captain Harlock,キャプテンハーロック,ja,2013-09-07,2013.0,Animation | Science Fiction,Animation,30000000,17137302,-12862698,0.5712434,115.0,Standard (90-119 min),14.726338,6.5,Medium (5-6.9),356,Medium (100-999),Released
9428,The Royal Tenenbaums,The Royal Tenenbaums,en,2001-10-05,2001.0,Comedy | Drama,Comedy,21000000,71441250,50441250,3.4019642857142856,110.0,Standard (90-119 min),24.13081,7.4,Good (7-7.9),1286,High (1K-4.9K),Released
2832,Identity,Identity,en,2003-04-25,2003.0,Mystery | Thriller,Mystery,30000000,90259536,60259536,3.0086512,90.0,Standard (90-119 min),45.915165,7.1,Good (7-7.9),1061,High (1K-4.9K),Released
137093,Last Vegas,Last Vegas,en,2013-10-31,2013.0,Comedy,Comedy,28000000,134402450,106402450,4.8000875,105.0,Standard (90-119 min),28.043508,6.4,Medium (5-6.9),799,Medium (100-999),Released
699,For Your Eyes Only,For Your Eyes Only,en,1981-06-23,1981.0,Adventure | Action | Thriller,Adventure,28000000,195312802,167312802,6.975457214285714,127.0,Long (120-149 min),26.090746,6.3,Medium (5-6.9),490,Medium (100-999),Released
9778,Serendipity,Serendipity,en,2001-10-05,2001.0,Comedy | Romance,Comedy,28000000,77516304,49516304,2.7684394285714284,90.0,Standard (90-119 min),14.530803,6.6,Medium (5-6.9),521,Medium (100-999),Released
8831,Timecop,Timecop,en,1994-09-15,1994.0,Thriller | Science Fiction | Action | Crime,Thriller,27000000,101646581,74646581,3.764688185185185,99.0,Standard (90-119 min),13.308127,5.5,Medium (5-6.9),282,Medium (100-999),Released
9398,Zoolander,Zoolander,en,2001-09-28,2001.0,Comedy,Comedy,28000000,60780981,32780981,2.1707493214285716,89.0,Short (<90 min),38.0958,6.1,Medium (5-6.9),1337,High (1K-4.9K),Released
112949,Safe Haven,Safe Haven,en,2013-02-07,2013.0,Romance,Romance,28000000,97594140,69594140,3.485505,115.0,Standard (90-119 min),37.729059,6.9,Medium (5-6.9),823,Medium (100-999),Released
10439,Hocus Pocus,Hocus Pocus,en,1993-07-16,1993.0,Comedy | Family | Fantasy,Comedy,28000000,39514713,11514713,1.41123975,96.0,Standard (90-119 min),18.650748,6.4,Medium (5-6.9),471,Medium (100-999),Released
3638,No Reservations,No Reservations,en,2007-07-25,2007.0,Comedy,Comedy,28000000,92601050,64601050,3.3071803571428573,104.0,Standard (90-119 min),15.794946,6.1,Medium (5-6.9),327,Medium (100-999),Released
23483,Kick-Ass,Kick-Ass,en,2010-03-22,2010.0,Action | Crime,Action,28000000,96188903,68188903,3.4353179642857143,117.0,Standard (90-119 min),45.054936,7.1,Good (7-7.9),4645,High (1K-4.9K),Released
62206,30 Minutes or Less,30 Minutes or Less,en,2011-08-11,2011.0,Action | Adventure | Comedy,Action,28000000,40547440,12547440,1.448122857142857,83.0,Short (<90 min),25.039383,5.6,Medium (5-6.9),531,Medium (100-999),Released
10577,Dracula 2000,Dracula 2000,en,2000-12-22,2000.0,Thriller | Horror,Thriller,28000000,33000337,5000337,1.1785834642857143,99.0,Standard (90-119 min),6.756771,4.6,Low (<5),148,Medium (100-999),Released
218778,"Alexander and the Terrible, Horrible, No Good, Very Bad Day","Alexander and the Terrible, Horrible, No Good, Very Bad Day",en,2014-10-08,2014.0,Family | Comedy,Family,28000000,100654149,72654149,3.5947910357142856,81.0,Short (<90 min),22.14595,6.1,Medium (5-6.9),493,Medium (100-999),Released
4348,Pride & Prejudice,Pride & Prejudice,en,2005-09-16,2005.0,Drama | Romance,Drama,28000000,121147947,93147947,4.326712392857143,135.0,Long (120-149 min),36.58383,7.7,Good (7-7.9),1358,High (1K-4.9K),Released
78,Blade Runner,Blade Runner,en,1982-06-25,1982.0,Science Fiction | Drama | Thriller,Science Fiction,28000000,33139618,5139618,1.1835577857142856,117.0,Standard (90-119 min),94.056131,7.9,Good (7-7.9),3509,High (1K-4.9K),Released
11780,Rob Roy,Rob Roy,en,1995-04-13,1995.0,Adventure,Adventure,28000000,31596911,3596911,1.1284611071428572,139.0,Long (120-149 min),10.703456,6.5,Medium (5-6.9),148,Medium (100-999),Released
192102,3 Days to Kill,3 Days to Kill,en,2014-02-14,2014.0,Action | Drama | Thriller | Crime,Action,28000000,52597999,24597999,1.8784999642857143,113.0,Standard (90-119 min),41.638961,6.0,Medium (5-6.9),883,Medium (100-999),Released
2001,We Own the Night,We Own the Night,en,2007-05-25,2007.0,Drama | Crime | Thriller,Drama,21000000,54926886,33926886,2.615566,117.0,Standard (90-119 min),14.518708,6.5,Medium (5-6.9),323,Medium (100-999),Released
10383,Lost Souls,Lost Souls,en,2000-10-13,2000.0,Horror | Thriller,Horror,0,0,0,0.0,97.0,Standard (90-119 min),3.312385,4.5,Low (<5),38,Low (<100),Released
11516,Winged Migration,Le peuple migrateur,fr,2001-12-12,2001.0,Documentary,Documentary,35866397,20217080,-15649317,0.5636774722590618,98.0,Standard (90-119 min),3.75074,7.0,Good (7-7.9),49,Low (<100),Released
10025,Just My Luck,Just My Luck,en,2006-05-12,2006.0,Comedy | Drama | Family | Fantasy | Romance,Comedy,28000000,38159905,10159905,1.36285375,103.0,Standard (90-119 min),22.074306,5.8,Medium (5-6.9),491,Medium (100-999),Released
15198,"Mystery, Alaska","Mystery, Alaska",en,1999-10-01,1999.0,Drama | Comedy,Drama,28000000,8888143,-19111857,0.31743367857142857,119.0,Standard (90-119 min),4.436792,6.0,Medium (5-6.9),69,Low (<100),Released
23172,The Spy Next Door,The Spy Next Door,en,2010-01-15,2010.0,Action | Comedy | Family,Action,28000000,45236543,17236543,1.6155908214285715,94.0,Standard (90-119 min),14.639324,5.5,Medium (5-6.9),345,Medium (100-999),Released
17834,A Simple Wish,A Simple Wish,en,1997-07-11,1997.0,Adventure | Comedy | Family | Fantasy,Adventure,28000000,8345056,-19654944,0.2980377142857143,86.0,Short (<90 min),1.767479,5.5,Medium (5-6.9),46,Low (<100),Released
10016,Ghosts of Mars,Ghosts of Mars,en,2001-08-24,2001.0,Action | Horror | Science Fiction,Action,28000000,14010832,-13989168,0.5003868571428571,98.0,Standard (90-119 min),13.145205,4.8,Low (<5),296,Medium (100-999),Released
10317,Our Brand Is Crisis,Our Brand Is Crisis,en,2015-09-11,2015.0,Comedy | Drama,Comedy,28000000,7002261,-20997739,0.25008075,108.0,Standard (90-119 min),12.921594,5.8,Medium (5-6.9),195,Medium (100-999),Released
58431,Pride and Prejudice and Zombies,Pride and Prejudice and Zombies,en,2016-02-04,2016.0,Romance | Horror | Comedy | Thriller,Romance,28000000,16374328,-11625672,0.5847974285714286,108.0,Standard (90-119 min),28.397048,5.5,Medium (5-6.9),640,Medium (100-999),Released
9746,Kundun,Kundun,en,1997-12-25,1997.0,Drama,Drama,28000000,5684789,-22315211,0.20302817857142857,134.0,Long (120-149 min),7.039189,6.8,Medium (5-6.9),91,Low (<100),Released
13092,How to Lose Friends & Alienate People,How to Lose Friends & Alienate People,en,2008-10-02,2008.0,Comedy | Romance | Drama,Comedy,27000000,17286299,-9713701,0.6402332962962963,110.0,Standard (90-119 min),16.785866,6.2,Medium (5-6.9),244,Medium (100-999),Released
59859,Kick-Ass 2,Kick-Ass 2,en,2013-07-17,2013.0,Action | Adventure | Crime,Action,28000000,60700000,32700000,2.1678571428571427,103.0,Standard (90-119 min),40.28635,6.3,Medium (5-6.9),2224,High (1K-4.9K),Released
13495,Alatriste,Alatriste,es,2006-09-01,2006.0,Action,Action,24000000,23321954,-678046,0.9717480833333333,145.0,Long (120-149 min),6.009644,5.6,Medium (5-6.9),61,Low (<100),Released
254473,Brick Mansions,Brick Mansions,en,2014-04-22,2014.0,Action | Crime | Drama,Action,28000000,68896829,40896829,2.460601035714286,90.0,Standard (90-119 min),25.520976,5.7,Medium (5-6.9),615,Medium (100-999),Released
700,Octopussy,Octopussy,en,1983-06-05,1983.0,Adventure | Action | Thriller,Adventure,27500000,187500000,160000000,6.818181818181818,131.0,Long (120-149 min),25.633663,6.2,Medium (5-6.9),527,Medium (100-999),Released
4964,Knocked Up,Knocked Up,en,2007-06-01,2007.0,Comedy | Romance | Drama,Comedy,30000000,219076518,189076518,7.3025506,129.0,Long (120-149 min),22.527211,6.2,Medium (5-6.9),1214,High (1K-4.9K),Released
10024,My Sister's Keeper,My Sister's Keeper,en,2009-06-26,2009.0,Drama,Drama,30000000,95714875,65714875,3.1904958333333333,109.0,Standard (90-119 min),24.09152,7.1,Good (7-7.9),598,Medium (100-999),Released
13490,Welcome Home Roscoe Jenkins,Welcome Home Roscoe Jenkins,en,2008-02-08,2008.0,Comedy | Drama,Comedy,35000000,43650785,8650785,1.2471652857142856,114.0,Standard (90-119 min),6.248273,5.7,Medium (5-6.9),57,Low (<100),Released
15927,A Passage to India,A Passage to India,en,1984-12-14,1984.0,Drama | Adventure | History,Drama,8000000,27187653,19187653,3.398456625,163.0,Very Long (150+ min),9.548391,6.9,Medium (5-6.9),67,Low (<100),Released
1259,Notes on a Scandal,Notes on a Scandal,en,2006-12-25,2006.0,Drama | Romance,Drama,15000000,49469904,34469904,3.2979936,92.0,Standard (90-119 min),12.576381,6.9,Medium (5-6.9),235,Medium (100-999),Released
5125,Rendition,Rendition,en,2007-09-07,2007.0,Drama | Thriller,Drama,27500000,24748670,-2751330,0.8999516363636364,120.0,Long (120-149 min),12.741073,6.2,Medium (5-6.9),205,Medium (100-999),Released
174,Star Trek VI: The Undiscovered Country,Star Trek VI: The Undiscovered Country,en,1991-12-05,1991.0,Science Fiction | Action | Adventure | Thriller,Science Fiction,27000000,96900000,69900000,3.588888888888889,113.0,Standard (90-119 min),16.188572,6.7,Medium (5-6.9),413,Medium (100-999),Released
9583,Divine Secrets of the Ya-Ya Sisterhood,Divine Secrets of the Ya-Ya Sisterhood,en,2002-06-07,2002.0,Comedy | Drama | Romance,Comedy,27000000,0,-27000000,0.0,116.0,Standard (90-119 min),5.576937,5.6,Medium (5-6.9),65,Low (<100),Released
9437,Kiss the Girls,Kiss the Girls,en,1997-10-03,1997.0,Drama | Mystery | Thriller | Crime,Drama,27000000,60527873,33527873,2.2417730740740742,115.0,Standard (90-119 min),18.913,6.2,Medium (5-6.9),345,Medium (100-999),Released
525,The Blues Brothers,The Blues Brothers,en,1980-06-17,1980.0,Music | Comedy | Action | Crime,Music,27000000,115229890,88229890,4.267773703703703,133.0,Long (120-149 min),44.714264,7.5,Good (7-7.9),1065,High (1K-4.9K),Released
10188,The Sisterhood of the Traveling Pants 2,The Sisterhood of the Traveling Pants 2,en,2008-08-06,2008.0,Adventure | Comedy | Drama | Family,Adventure,27000000,44352417,17352417,1.6426821111111112,117.0,Standard (90-119 min),11.870301,6.0,Medium (5-6.9),238,Medium (100-999),Released
63574,Joyful Noise,Joyful Noise,en,2012-01-13,2012.0,Comedy | Music,Comedy,0,0,0,0.0,117.0,Standard (90-119 min),5.753705,6.7,Medium (5-6.9),33,Low (<100),Released
245,About a Boy,About a Boy,en,2002-04-26,2002.0,Drama | Comedy | Romance,Drama,27000000,129000000,102000000,4.777777777777778,101.0,Standard (90-119 min),28.227984,6.6,Medium (5-6.9),607,Medium (100-999),Released
9825,Lake Placid,Lake Placid,en,1999-07-15,1999.0,Horror | Comedy | Action | Science Fiction | Thriller,Horror,27000000,56870414,29870414,2.1063116296296296,82.0,Short (<90 min),11.678561,5.5,Medium (5-6.9),247,Medium (100-999),Released
186,Lucky Number Slevin,Lucky Number Slevin,en,2006-02-24,2006.0,Drama | Thriller | Crime | Mystery,Drama,27000000,56308881,29308881,2.0855141111111113,110.0,Standard (90-119 min),36.921445,7.4,Good (7-7.9),1323,High (1K-4.9K),Released
9549,The Right Stuff,The Right Stuff,en,1983-10-20,1983.0,Drama | History,Drama,27000000,21500000,-5500000,0.7962962962962963,193.0,Very Long (150+ min),17.567332,7.3,Good (7-7.9),235,Medium (100-999),Released
61891,Anonymous,Anonymous,en,2011-10-21,2011.0,Drama | History | Thriller,Drama,30000000,15395087,-14604913,0.5131695666666667,130.0,Long (120-149 min),16.698316,6.3,Medium (5-6.9),288,Medium (100-999),Released
34584,The NeverEnding Story,The Neverending Story,en,1984-04-05,1984.0,Drama | Family | Fantasy | Adventure,Drama,27000000,20158808,-6841192,0.7466225185185185,102.0,Standard (90-119 min),47.862016,7.0,Good (7-7.9),1002,High (1K-4.9K),Released
2666,Dark City,Dark City,en,1998-02-27,1998.0,Mystery | Science Fiction,Mystery,27000000,27200316,200316,1.007419111111111,100.0,Standard (90-119 min),39.324831,7.2,Good (7-7.9),828,Medium (100-999),Released
12783,The Duchess,The Duchess,en,2008-09-05,2008.0,Drama | History | Romance,Drama,0,0,0,0.0,110.0,Standard (90-119 min),18.591657,6.7,Medium (5-6.9),396,Medium (100-999),Released
13155,Return to Oz,Return to Oz,en,1985-06-21,1985.0,Adventure | Family | Fantasy,Adventure,25000000,11137801,-13862199,0.44551204,109.0,Standard (90-119 min),5.650125,6.7,Medium (5-6.9),120,Medium (100-999),Released
42807,The Newton Boys,The Newton Boys,en,1998-03-26,1998.0,Crime | Action | Drama,Crime,27000000,76000000,49000000,2.814814814814815,113.0,Standard (90-119 min),3.123583,5.9,Medium (5-6.9),44,Low (<100),Released
28355,Case 39,Case 39,en,2009-08-13,2009.0,Horror | Mystery | Thriller,Horror,27000000,29000000,2000000,1.0740740740740742,109.0,Standard (90-119 min),23.917982,6.1,Medium (5-6.9),563,Medium (100-999),Released
8080,Suspect Zero,Suspect Zero,en,2004-08-27,2004.0,Crime | Thriller,Crime,27000000,13000000,-14000000,0.48148148148148145,99.0,Standard (90-119 min),8.715822,5.5,Medium (5-6.9),98,Low (<100),Released
5126,Martian Child,Martian Child,en,2007-11-02,2007.0,Drama,Drama,0,0,0,0.0,106.0,Standard (90-119 min),5.737161,6.8,Medium (5-6.9),79,Low (<100),Released
56288,Spy Kids: All the Time in the World,Spy Kids: All the Time in the World,en,2011-08-18,2011.0,Family | Comedy | Action,Family,27000000,85564310,58564310,3.1690485185185184,89.0,Short (<90 min),14.788073,4.4,Low (<5),222,Medium (100-999),Released
303858,Money Monster,Money Monster,en,2016-05-12,2016.0,Thriller,Thriller,27000000,93282604,66282604,3.4549112592592595,98.0,Standard (90-119 min),38.279458,6.5,Medium (5-6.9),1068,High (1K-4.9K),Released
1613,The 51st State,The 51st State,en,2001-12-07,2001.0,Thriller | Action | Comedy | Crime,Thriller,28,14,-14,0.5,93.0,Standard (90-119 min),9.670031,5.9,Medium (5-6.9),173,Medium (100-999),Released
31582,Flawless,Flawless,en,1999-11-26,1999.0,Comedy | Drama,Comedy,0,4488529,4488529,0.0,112.0,Standard (90-119 min),5.271559,5.9,Medium (5-6.9),56,Low (<100),Released
16617,Mindhunters,Mindhunters,en,2004-05-07,2004.0,Mystery | Thriller | Crime,Mystery,27000000,21148829,-5851171,0.7832899629629629,106.0,Standard (90-119 min),17.193659,6.3,Medium (5-6.9),333,Medium (100-999),Released
8944,What Just Happened,What Just Happened,en,2008-10-17,2008.0,Comedy | Drama,Comedy,25000000,6673422,-18326578,0.26693688,104.0,Standard (90-119 min),8.31653,5.2,Medium (5-6.9),127,Medium (100-999),Released
41488,The Statement,The Statement,en,2003-12-12,2003.0,Drama | Thriller,Drama,0,0,0,0.0,120.0,Long (120-149 min),2.653988,5.9,Medium (5-6.9),23,Low (<100),Released
37028,The Magic Flute,The Magic Flute,en,2006-09-07,2006.0,Comedy | Drama | Music,Comedy,0,0,0,0.0,133.0,Long (120-149 min),0.548435,6.9,Medium (5-6.9),6,Low (<100),Released
14560,Paul Blart: Mall Cop,Paul Blart: Mall Cop,en,2009-01-15,2009.0,Action | Adventure | Comedy | Family,Action,26000000,183293131,157293131,7.049735807692308,91.0,Standard (90-119 min),31.250383,5.2,Medium (5-6.9),788,Medium (100-999),Released
10330,Freaky Friday,Freaky Friday,en,2003-08-03,2003.0,Comedy,Comedy,26000000,110230332,84230332,4.239628153846154,97.0,Standard (90-119 min),24.345651,6.0,Medium (5-6.9),879,Medium (100-999),Released
6957,The 40 Year Old Virgin,The 40 Year Old Virgin,en,2005-08-11,2005.0,Comedy | Romance,Comedy,26000000,109449237,83449237,4.209586038461539,116.0,Standard (90-119 min),38.473732,6.2,Medium (5-6.9),1983,High (1K-4.9K),Released
1934,Shakespeare in Love,Shakespeare in Love,en,1998-12-11,1998.0,Romance | History,Romance,25000000,289317794,264317794,11.57271176,122.0,Long (120-149 min),31.792964,6.8,Medium (5-6.9),796,Medium (100-999),Released
169917,A Walk Among the Tombstones,A Walk Among the Tombstones,en,2014-09-18,2014.0,Crime | Drama | Mystery | Thriller,Crime,28000000,53181600,25181600,1.8993428571428572,113.0,Standard (90-119 min),61.309619,6.2,Medium (5-6.9),1131,High (1K-4.9K),Released
951,Kindergarten Cop,Kindergarten Cop,en,1990-12-21,1990.0,Comedy,Comedy,15000000,201957688,186957688,13.463845866666666,111.0,Standard (90-119 min),5.411154,5.8,Medium (5-6.9),628,Medium (100-999),Released
10189,Pineapple Express,Pineapple Express,en,2008-08-06,2008.0,Action | Comedy,Action,27000000,101624843,74624843,3.763883074074074,111.0,Standard (90-119 min),41.832392,6.6,Medium (5-6.9),1148,High (1K-4.9K),Released
9454,Ever After: A Cinderella Story,EverAfter,en,1998-07-31,1998.0,Drama | Romance | Comedy,Drama,26000000,65705772,39705772,2.5271450769230768,121.0,Long (120-149 min),21.988861,6.8,Medium (5-6.9),399,Medium (100-999),Released
2055,Open Range,Open Range,en,2003-08-29,2003.0,Western,Western,22000000,68296293,46296293,3.1043769545454545,139.0,Long (120-149 min),19.068175,7.0,Good (7-7.9),262,Medium (100-999),Released
1551,Flatliners,Flatliners,en,1990-08-09,1990.0,Drama | Horror | Science Fiction | Thriller,Drama,26000000,61489265,35489265,2.3649717307692306,115.0,Standard (90-119 min),24.114459,6.3,Medium (5-6.9),404,Medium (100-999),Released
5902,A Bridge Too Far,A Bridge Too Far,en,1977-06-15,1977.0,Drama | History | War,Drama,22000000,50750000,28750000,2.3068181818181817,175.0,Very Long (150+ min),20.256571,6.9,Medium (5-6.9),207,Medium (100-999),Released
11460,Red Eye,Red Eye,en,2005-08-04,2005.0,Horror | Thriller,Horror,26000000,57891803,31891803,2.2266078076923077,85.0,Short (<90 min),8.802626,6.2,Medium (5-6.9),455,Medium (100-999),Released
9358,Final Destination 2,Final Destination 2,en,2003-01-31,2003.0,Horror | Mystery,Horror,26000000,90426405,64426405,3.4779386538461536,90.0,Standard (90-119 min),37.355826,5.9,Medium (5-6.9),1023,High (1K-4.9K),Released
134,"O Brother, Where Art Thou?","O Brother, Where Art Thou?",en,2000-08-30,2000.0,Action | Adventure | Comedy,Action,26000000,71868327,45868327,2.764166423076923,106.0,Standard (90-119 min),39.742009,7.3,Good (7-7.9),1112,High (1K-4.9K),Released
22894,Legion,Legion,en,2010-01-21,2010.0,Horror,Horror,26000000,67918658,41918658,2.6122560769230767,100.0,Standard (90-119 min),30.981604,5.2,Medium (5-6.9),629,Medium (100-999),Released
134374,Pain & Gain,Pain & Gain,en,2013-04-18,2013.0,Thriller | Crime | Action,Thriller,25000000,86175291,61175291,3.44701164,130.0,Long (120-149 min),31.893932,6.1,Medium (5-6.9),1573,High (1K-4.9K),Released
1901,In Good Company,In Good Company,en,2004-12-29,2004.0,Comedy | Drama | Romance,Comedy,0,0,0,0.0,109.0,Standard (90-119 min),15.376391,5.9,Medium (5-6.9),194,Medium (100-999),Released
15028,Clockstoppers,Clockstoppers,en,2002-03-17,2002.0,Adventure | Family | Science Fiction | Thriller,Adventure,26000000,38793283,12793283,1.4920493461538462,94.0,Standard (90-119 min),5.894163,4.9,Low (<5),89,Low (<100),Released
11509,Silverado,Silverado,en,1985-07-10,1985.0,Action | Crime | Drama | Western,Action,26000000,0,-26000000,0.0,127.0,Long (120-149 min),10.981038,7.1,Good (7-7.9),146,Medium (100-999),Released
7445,Brothers,Brothers,en,2009-01-27,2009.0,Drama | Thriller | War,Drama,26000000,43318349,17318349,1.666090346153846,104.0,Standard (90-119 min),22.07638,6.8,Medium (5-6.9),633,Medium (100-999),Released
17047,Agent Cody Banks 2: Destination London,Agent Cody Banks 2: Destination London,en,2004-12-03,2004.0,Comedy,Comedy,26000000,28818995,2818995,1.1084228846153845,100.0,Standard (90-119 min),10.925618,5.2,Medium (5-6.9),144,Medium (100-999),Released
62838,New Year's Eve,New Year's Eve,en,2011-12-08,2011.0,Comedy | Romance,Comedy,56000000,142044638,86044638,2.5365113928571428,118.0,Standard (90-119 min),21.219292,5.7,Medium (5-6.9),718,Medium (100-999),Released
2057,Original Sin,Original Sin,en,2001-08-03,2001.0,Drama | Thriller | Mystery | Romance,Drama,42000000,35402320,-6597680,0.842912380952381,118.0,Standard (90-119 min),14.831402,5.8,Medium (5-6.9),198,Medium (100-999),Released
70436,The Raven,The Raven,en,2012-03-09,2012.0,Crime | Thriller | Mystery,Crime,26000000,29657751,3657751,1.1406827307692309,111.0,Standard (90-119 min),22.520842,6.1,Medium (5-6.9),426,Medium (100-999),Released
16784,Welcome to Mooseport,Welcome to Mooseport,en,2004-02-24,2004.0,Comedy,Comedy,30000000,14000000,-16000000,0.4666666666666667,110.0,Standard (90-119 min),3.314094,4.8,Low (<5),54,Low (<100),Released
8011,Highlander: The Final Dimension,Highlander III: The Sorcerer,en,1994-11-29,1994.0,Action | Fantasy | Science Fiction,Action,26000000,36800000,10800000,1.4153846153846155,99.0,Standard (90-119 min),7.964451,4.5,Low (<5),110,Medium (100-999),Released
31640,Blood and Wine,Blood and Wine,en,1996-10-03,1996.0,Crime | Drama | Thriller,Crime,26000000,0,-26000000,0.0,101.0,Standard (90-119 min),1.492056,5.5,Medium (5-6.9),34,Low (<100),Released
9092,Snow White: A Tale of Terror,Snow White: A Tale of Terror,en,1997-07-18,1997.0,Fantasy | Horror,Fantasy,26000000,0,-26000000,0.0,100.0,Standard (90-119 min),4.810621,6.0,Medium (5-6.9),62,Low (<100),Released
2779,The Curse of the Jade Scorpion,The Curse of the Jade Scorpion,en,2001-08-05,2001.0,Comedy | Crime | Mystery | Romance | Thriller,Comedy,0,0,0,0.0,103.0,Standard (90-119 min),9.317265,6.5,Medium (5-6.9),165,Medium (100-999),Released
316002,Accidental Love,Accidental Love,en,2015-02-10,2015.0,Romance | Comedy,Romance,26000000,0,-26000000,0.0,100.0,Standard (90-119 min),5.644844,3.9,Low (<5),95,Low (<100),Released
36355,Flipper,Flipper,en,1996-05-17,1996.0,Adventure | Family,Adventure,25530000,20080020,-5449980,0.7865264394829612,95.0,Standard (90-119 min),4.475007,5.3,Medium (5-6.9),84,Low (<100),Released
238615,Self/less,Self/less,en,2015-07-10,2015.0,Science Fiction | Mystery | Thriller,Science Fiction,26000000,30523226,4523226,1.1739702307692308,116.0,Standard (90-119 min),66.097437,6.3,Medium (5-6.9),1091,High (1K-4.9K),Released
1985,The Constant Gardener,The Constant Gardener,en,2005-08-31,2005.0,Drama | Mystery | Thriller,Drama,25000000,82466670,57466670,3.2986668,129.0,Long (120-149 min),20.679652,6.8,Medium (5-6.9),417,Medium (100-999),Released
615,The Passion of the Christ,The Passion of the Christ,en,2004-02-25,2004.0,Drama,Drama,30000000,611899420,581899420,20.396647333333334,127.0,Long (120-149 min),38.171417,6.9,Medium (5-6.9),864,Medium (100-999),Released
788,Mrs. Doubtfire,Mrs. Doubtfire,en,1993-11-24,1993.0,Comedy | Drama | Family,Comedy,25000000,441286195,416286195,17.6514478,125.0,Long (120-149 min),30.884535,7.0,Good (7-7.9),1591,High (1K-4.9K),Released
380,Rain Man,Rain Man,en,1988-12-11,1988.0,Drama,Drama,25000000,412800000,387800000,16.512,133.0,Long (120-149 min),49.510658,7.6,Good (7-7.9),1709,High (1K-4.9K),Released
13223,Gran Torino,Gran Torino,en,2008-12-09,2008.0,Drama,Drama,33000000,269958228,236958228,8.180552363636364,116.0,Standard (90-119 min),50.7453,7.8,Good (7-7.9),3086,High (1K-4.9K),Released
10523,W.,W.,en,2008-10-17,2008.0,Drama | History,Drama,25100000,29506464,4406464,1.1755563346613547,131.0,Long (120-149 min),10.445391,6.1,Medium (5-6.9),143,Medium (100-999),Released
8681,Taken,Taken,en,2008-02-18,2008.0,Action | Thriller,Action,25000000,226830568,201830568,9.07322272,93.0,Standard (90-119 min),80.879032,7.2,Good (7-7.9),4369,High (1K-4.9K),Released
239571,The Best of Me,The Best of Me,en,2014-10-16,2014.0,Drama | Romance,Drama,26000000,35926213,9926213,1.381777423076923,117.0,Standard (90-119 min),33.93914,7.2,Good (7-7.9),765,Medium (100-999),Released
619,The Bodyguard,The Bodyguard,en,1992-11-25,1992.0,Thriller | Action | Drama | Music | Romance,Thriller,25000000,411006740,386006740,16.4402696,129.0,Long (120-149 min),26.576385,6.1,Medium (5-6.9),661,Medium (100-999),Released
424,Schindler's List,Schindler's List,en,1993-11-29,1993.0,Drama | History | War,Drama,22000000,321365567,299365567,14.607525772727273,195.0,Very Long (150+ min),104.469351,8.3,Excellent (8+),4329,High (1K-4.9K),Released
50014,The Help,The Help,en,2011-08-09,2011.0,Drama,Drama,25000000,124272124,99272124,4.97088496,146.0,Long (120-149 min),42.191509,7.8,Good (7-7.9),1910,High (1K-4.9K),Released
162903,The Fifth Estate,The Fifth Estate,en,2013-10-11,2013.0,Drama | Thriller,Drama,28000000,8555008,-19444992,0.305536,128.0,Long (120-149 min),20.267062,5.7,Medium (5-6.9),364,Medium (100-999),Released
11024,Scooby-Doo 2: Monsters Unleashed,Scooby-Doo 2: Monsters Unleashed,en,2004-03-24,2004.0,Mystery | Fantasy | Adventure | Comedy,Mystery,0,181466833,181466833,0.0,93.0,Standard (90-119 min),22.644275,5.4,Medium (5-6.9),500,Medium (100-999),Released
208763,Forbidden Kingdom,Viy,ru,2014-01-30,2014.0,Thriller | Adventure | Mystery | Fantasy,Thriller,26000000,0,-26000000,0.0,127.0,Long (120-149 min),7.182761,4.9,Low (<5),71,Low (<100),Released
6466,Freddy vs. Jason,Freddy vs. Jason,en,2003-08-15,2003.0,Horror,Horror,30000000,114908830,84908830,3.8302943333333332,97.0,Standard (90-119 min),26.69592,5.8,Medium (5-6.9),594,Medium (100-999),Released
254024,The Face of an Angel,The Face of an Angel,en,2014-09-06,2014.0,Thriller | Drama,Thriller,0,0,0,0.0,100.0,Standard (90-119 min),7.336256,4.7,Low (<5),64,Low (<100),Released
12589,Jimmy Neutron: Boy Genius,Jimmy Neutron: Boy Genius,en,2001-12-21,2001.0,Action | Adventure | Animation | Comedy | Family | Fantasy | Science Fiction,Action,25000000,80936232,55936232,3.23744928,83.0,Short (<90 min),12.739721,5.6,Medium (5-6.9),231,Medium (100-999),Released
7191,Cloverfield,Cloverfield,en,2008-01-15,2008.0,Action | Thriller | Science Fiction,Action,25000000,170764026,145764026,6.83056104,85.0,Short (<90 min),46.942396,6.4,Medium (5-6.9),2251,High (1K-4.9K),Released
1497,Teenage Mutant Ninja Turtles II: The Secret of the Ooze,Teenage Mutant Ninja Turtles II: The Secret of the Ooze,en,1991-03-22,1991.0,Science Fiction | Adventure | Action | Comedy | Family,Science Fiction,25000000,78000000,53000000,3.12,88.0,Short (<90 min),15.505137,5.8,Medium (5-6.9),286,Medium (100-999),Released
117,The Untouchables,The Untouchables,en,1987-06-02,1987.0,Crime | Drama | History | Thriller,Crime,25000000,76270454,51270454,3.05081816,119.0,Standard (90-119 min),38.272889,7.6,Good (7-7.9),1384,High (1K-4.9K),Released
6977,No Country for Old Men,No Country for Old Men,en,2007-11-08,2007.0,Crime | Drama | Thriller,Crime,25000000,171600000,146600000,6.864,122.0,Long (120-149 min),53.645267,7.7,Good (7-7.9),3003,High (1K-4.9K),Released
168530,Ride Along,Ride Along,en,2014-01-07,2014.0,Action | Comedy,Action,25000000,153997819,128997819,6.15991276,99.0,Standard (90-119 min),28.468,6.1,Medium (5-6.9),853,Medium (100-999),Released
634,Bridget Jones's Diary,Bridget Jones's Diary,en,2001-04-13,2001.0,Comedy | Romance | Drama,Comedy,25000000,281929795,256929795,11.2771918,97.0,Standard (90-119 min),35.310712,6.5,Medium (5-6.9),1356,High (1K-4.9K),Released
392,Chocolat,Chocolat,en,2000-12-14,2000.0,Comedy | Drama | Romance,Comedy,25000000,152500343,127500343,6.10001372,121.0,Long (120-149 min),28.727731,6.8,Medium (5-6.9),951,Medium (100-999),Released
10327,"Legally Blonde 2: Red, White & Blonde","Legally Blonde 2: Red, White & Blonde",en,2003-07-02,2003.0,Comedy,Comedy,45000000,124914842,79914842,2.7758853777777777,95.0,Standard (90-119 min),4.340616,5.1,Medium (5-6.9),377,Medium (100-999),Released
88042,Parental Guidance,Parental Guidance,en,2012-12-25,2012.0,Comedy,Comedy,25000000,119772232,94772232,4.79088928,104.0,Standard (90-119 min),14.604911,5.7,Medium (5-6.9),210,Medium (100-999),Released
41630,No Strings Attached,No Strings Attached,en,2011-01-21,2011.0,Comedy | Romance,Comedy,25000000,147780440,122780440,5.9112176,107.0,Standard (90-119 min),38.688822,6.1,Medium (5-6.9),1331,High (1K-4.9K),Released
11969,Tombstone,Tombstone,en,1993-12-25,1993.0,Action | Adventure | Drama | History | Western,Action,25000000,56505065,31505065,2.2602026,130.0,Long (120-149 min),30.537845,7.4,Good (7-7.9),626,Medium (100-999),Released
2085,Romeo Must Die,Romeo Must Die,en,2000-03-20,2000.0,Action | Crime | Thriller,Action,25000000,91036760,66036760,3.6414704,115.0,Standard (90-119 min),19.750059,6.0,Medium (5-6.9),330,Medium (100-999),Released
794,The Omen,The Omen,en,1976-06-06,1976.0,Horror | Thriller,Horror,2800000,60922980,58122980,21.75820714285714,111.0,Standard (90-119 min),25.939385,7.2,Good (7-7.9),476,Medium (100-999),Released
9286,Final Destination 3,Final Destination 3,en,2006-02-10,2006.0,Horror | Mystery,Horror,25000000,117719158,92719158,4.70876632,93.0,Standard (90-119 min),31.64341,5.8,Medium (5-6.9),974,Medium (100-999),Released
77877,The Lucky One,The Lucky One,en,2012-04-19,2012.0,Drama | Romance,Drama,25000000,99357138,74357138,3.97428552,101.0,Standard (90-119 min),26.811541,6.8,Medium (5-6.9),946,Medium (100-999),Released
1265,Bridge to Terabithia,Bridge to Terabithia,en,2007-02-16,2007.0,Adventure | Drama | Family,Adventure,60000000,137587063,77587063,2.2931177166666665,96.0,Standard (90-119 min),40.646102,7.0,Good (7-7.9),1113,High (1K-4.9K),Released
866,Finding Neverland,Finding Neverland,en,2004-10-17,2004.0,Drama,Drama,25000000,116766556,91766556,4.67066224,106.0,Standard (90-119 min),34.160448,7.2,Good (7-7.9),1223,High (1K-4.9K),Released
175555,A Madea Christmas,A Madea Christmas,en,2013-12-13,2013.0,Comedy | Drama,Comedy,0,0,0,0.0,100.0,Standard (90-119 min),5.377155,7.0,Good (7-7.9),35,Low (<100),Released
75174,The Grey,The Grey,en,2012-01-26,2012.0,Action | Drama | Thriller,Action,25000000,77278331,52278331,3.09113324,117.0,Standard (90-119 min),48.552871,6.4,Medium (5-6.9),1451,High (1K-4.9K),Released
11096,Hide and Seek,Hide and Seek,en,2005-01-27,2005.0,Horror | Mystery | Thriller,Horror,25000000,122644820,97644820,4.9057928,101.0,Standard (90-119 min),18.228538,6.1,Medium (5-6.9),440,Medium (100-999),Released
8699,Anchorman: The Legend of Ron Burgundy,Anchorman: The Legend of Ron Burgundy,en,2004-07-09,2004.0,Comedy,Comedy,26000000,90574188,64574188,3.4836226153846153,94.0,Standard (90-119 min),29.342744,6.7,Medium (5-6.9),1493,High (1K-4.9K),Released
769,GoodFellas,GoodFellas,en,1990-09-12,1990.0,Drama | Crime,Drama,25000000,46836394,21836394,1.87345576,145.0,Long (120-149 min),63.654244,8.2,Excellent (8+),3128,High (1K-4.9K),Released
10923,Agent Cody Banks,Agent Cody Banks,en,2003-03-14,2003.0,Action,Action,28000000,58795814,30795814,2.0998505,102.0,Standard (90-119 min),11.859396,5.0,Medium (5-6.9),284,Medium (100-999),Released
11283,Nanny McPhee,Nanny McPhee,en,2005-10-21,2005.0,Fantasy | Comedy | Family,Fantasy,25000000,122489822,97489822,4.89959288,97.0,Standard (90-119 min),24.356483,6.4,Medium (5-6.9),711,Medium (100-999),Released
111,Scarface,Scarface,en,1983-12-08,1983.0,Action | Crime | Drama | Thriller,Action,25000000,65884703,40884703,2.63538812,170.0,Very Long (150+ min),70.105981,8.0,Excellent (8+),2948,High (1K-4.9K),Released
11676,Nothing to Lose,Nothing to Lose,en,1997-07-18,1997.0,Action | Adventure | Comedy,Action,25000000,0,-25000000,0.0,97.0,Standard (90-119 min),8.618208,6.3,Medium (5-6.9),174,Medium (100-999),Released
746,The Last Emperor,The Last Emperor,en,1987-10-21,1987.0,Drama | History,Drama,23000000,43984230,20984230,1.9123578260869565,163.0,Very Long (150+ min),21.189028,7.4,Good (7-7.9),355,Medium (100-999),Released
77866,Contraband,Contraband,en,2012-01-12,2012.0,Thriller | Action | Drama | Crime,Thriller,25000000,63100000,38100000,2.524,109.0,Standard (90-119 min),31.364901,6.1,Medium (5-6.9),770,Medium (100-999),Released
9416,Money Talks,Money Talks,en,1997-08-22,1997.0,Action | Adventure | Comedy,Action,0,0,0,0.0,97.0,Standard (90-119 min),7.615653,5.9,Medium (5-6.9),87,Low (<100),Released
7345,There Will Be Blood,There Will Be Blood,en,2007-12-28,2007.0,Drama,Drama,25000000,77208711,52208711,3.08834844,158.0,Very Long (150+ min),37.817905,7.9,Good (7-7.9),1537,High (1K-4.9K),Released
14317,The Wild Thornberrys Movie,The Wild Thornberrys Movie,en,2002-12-20,2002.0,Animation | Adventure | Family,Animation,35000000,0,-35000000,0.0,85.0,Short (<90 min),5.784661,5.8,Medium (5-6.9),44,Low (<100),Released
20694,Rugrats Go Wild,Rugrats Go Wild,en,2003-06-13,2003.0,Animation | Family,Animation,0,0,0,0.0,84.0,Short (<90 min),8.255708,5.6,Medium (5-6.9),61,Low (<100),Released
12277,Undercover Brother,Undercover Brother,en,2002-05-31,2002.0,Action | Comedy,Action,25000000,41604473,16604473,1.66417892,86.0,Short (<90 min),6.086083,5.5,Medium (5-6.9),112,Medium (100-999),Released
9779,The Sisterhood of the Traveling Pants,The Sisterhood of the Traveling Pants,en,2005-06-01,2005.0,Drama | Comedy,Drama,25000000,39053061,14053061,1.56212244,119.0,Standard (90-119 min),17.17372,6.3,Medium (5-6.9),386,Medium (100-999),Released
2140,Kiss of the Dragon,Kiss of the Dragon,en,2001-07-06,2001.0,Action | Crime | Thriller,Action,25000000,64437847,39437847,2.57751388,98.0,Standard (90-119 min),16.936576,6.4,Medium (5-6.9),298,Medium (100-999),Released
12620,The House Bunny,The House Bunny,en,2008-08-22,2008.0,Romance | Comedy,Romance,25000000,70442940,45442940,2.8177176,97.0,Standard (90-119 min),25.838073,5.6,Medium (5-6.9),529,Medium (100-999),Released
14177,Beauty Shop,Beauty Shop,en,2005-06-02,2005.0,Comedy | Romance,Comedy,25000000,36351350,11351350,1.454054,105.0,Standard (90-119 min),5.625632,5.4,Medium (5-6.9),115,Medium (100-999),Released
198185,Million Dollar Arm,Million Dollar Arm,en,2014-05-09,2014.0,Drama,Drama,25000000,38307627,13307627,1.53230508,124.0,Long (120-149 min),17.312433,6.6,Medium (5-6.9),259,Medium (100-999),Released
227156,The Giver,The Giver,en,2014-08-11,2014.0,Drama | Science Fiction,Drama,25000000,66980456,41980456,2.67921824,94.0,Standard (90-119 min),53.811461,6.4,Medium (5-6.9),1798,High (1K-4.9K),Released
10735,What a Girl Wants,What a Girl Wants,en,2003-03-27,2003.0,Comedy,Comedy,0,0,0,0.0,105.0,Standard (90-119 min),7.057765,5.8,Medium (5-6.9),368,Medium (100-999),Released
11351,Jeepers Creepers 2,Jeepers Creepers 2,en,2003-08-08,2003.0,Horror | Thriller,Horror,17000000,63102666,46102666,3.711921529411765,104.0,Standard (90-119 min),19.045146,5.5,Medium (5-6.9),299,Medium (100-999),Released
10030,Good Luck Chuck,Good Luck Chuck,en,2007-09-21,2007.0,Comedy | Drama | Romance,Comedy,25000000,59192128,34192128,2.36768512,101.0,Standard (90-119 min),21.729434,5.5,Medium (5-6.9),444,Medium (100-999),Released
10623,Cradle 2 the Grave,Cradle 2 the Grave,en,2003-02-28,2003.0,Action | Crime | Drama,Action,25000000,56489558,31489558,2.25958232,101.0,Standard (90-119 min),12.837116,5.8,Medium (5-6.9),236,Medium (100-999),Released
590,The Hours,The Hours,en,2002-12-27,2002.0,Drama,Drama,25000000,41597830,16597830,1.6639132,114.0,Standard (90-119 min),20.953265,7.0,Good (7-7.9),451,Medium (100-999),Released
9655,She's the Man,She's the Man,en,2006-03-17,2006.0,Comedy | Drama | Family | Romance,Comedy,20000000,33889159,13889159,1.69445795,105.0,Standard (90-119 min),10.81439,6.4,Medium (5-6.9),671,Medium (100-999),Released
1268,Mr. Bean's Holiday,Mr. Bean's Holiday,en,2007-03-22,2007.0,Family | Comedy,Family,25000000,229736344,204736344,9.18945376,90.0,Standard (90-119 min),27.683874,6.1,Medium (5-6.9),663,Medium (100-999),Released
11237,Anacondas: The Hunt for the Blood Orchid,Anacondas: The Hunt for the Blood Orchid,en,2004-08-26,2004.0,Adventure | Action | Horror | Science Fiction | Thriller,Adventure,20000000,70992898,50992898,3.5496449,97.0,Standard (90-119 min),9.855474,4.9,Low (<5),199,Medium (100-999),Released
190955,Blood Ties,Blood Ties,en,2013-08-22,2013.0,Thriller | Crime | Drama,Thriller,25500000,2415472,-23084528,0.09472439215686275,128.0,Long (120-149 min),12.756344,6.0,Medium (5-6.9),171,Medium (100-999),Released
5123,August Rush,August Rush,en,2007-11-21,2007.0,Drama,Drama,25000000,66122026,41122026,2.64488104,114.0,Standard (90-119 min),29.533437,7.1,Good (7-7.9),797,Medium (100-999),Released
4518,Elizabeth,Elizabeth,en,1998-09-13,1998.0,Drama | History,Drama,30000000,82150642,52150642,2.7383547333333333,124.0,Long (120-149 min),14.179538,7.1,Good (7-7.9),334,Medium (100-999),Released
11932,Bride of Chucky,Bride of Chucky,en,1998-10-16,1998.0,Horror | Comedy,Horror,25000000,50671850,25671850,2.026874,89.0,Short (<90 min),14.340095,5.5,Medium (5-6.9),350,Medium (100-999),Released
11165,Tora! Tora! Tora!,Tora! Tora! Tora!,en,1970-01-26,1970.0,History | Action | Drama | Adventure | War,History,25485000,29548291,4063291,1.1594385324700804,144.0,Long (120-149 min),9.795985,6.9,Medium (5-6.9),147,Medium (100-999),Released
6116,Spice World,Spice World,en,1997-12-19,1997.0,Adventure | Fantasy | Drama | Comedy | Music,Adventure,25000000,100000000,75000000,4.0,93.0,Standard (90-119 min),6.889437,4.7,Low (<5),123,Medium (100-999),Released
57431,The Sitter,The Sitter,en,2011-12-09,2011.0,Comedy,Comedy,25000000,34942188,9942188,1.39768752,81.0,Short (<90 min),19.428994,5.4,Medium (5-6.9),325,Medium (100-999),Released
21724,Dance Flick,Dance Flick,en,2009-05-22,2009.0,Action | Comedy | Music,Action,0,0,0,0.0,83.0,Short (<90 min),7.326034,4.7,Low (<5),71,Low (<100),Released
278,The Shawshank Redemption,The Shawshank Redemption,en,1994-09-23,1994.0,Drama | Crime,Drama,25000000,28341469,3341469,1.13365876,142.0,Long (120-149 min),136.747729,8.5,Excellent (8+),8205,Very High (5K+),Released
9290,Crocodile Dundee in Los Angeles,Crocodile Dundee in Los Angeles,en,2001-04-12,2001.0,Adventure | Comedy,Adventure,21150000,39438674,18288674,1.864712718676123,92.0,Standard (90-119 min),6.081772,4.7,Low (<5),146,Medium (100-999),Released
11543,Kingpin,Kingpin,en,1996-07-04,1996.0,Comedy,Comedy,27000000,25023434,-1976566,0.9267938518518518,113.0,Standard (90-119 min),17.329269,6.7,Medium (5-6.9),244,Medium (100-999),Released
284536,The Gambler,The Gambler,en,2014-12-25,2014.0,Thriller | Crime | Drama,Thriller,25000000,39171130,14171130,1.5668452,111.0,Standard (90-119 min),22.622453,5.7,Medium (5-6.9),543,Medium (100-999),Released
152737,August: Osage County,August: Osage County,en,2013-12-26,2013.0,Comedy | Drama,Comedy,25000000,74188937,49188937,2.96755748,121.0,Long (120-149 min),20.561682,6.9,Medium (5-6.9),483,Medium (100-999),Released
13374,Ice Princess,Ice Princess,en,2005-03-17,2005.0,Drama | Comedy | Family,Drama,25000000,27645491,2645491,1.10581964,98.0,Standard (90-119 min),13.288177,5.9,Medium (5-6.9),185,Medium (100-999),Released
8976,A Lot Like Love,A Lot Like Love,en,2005-04-22,2005.0,Comedy,Comedy,30000000,42886719,12886719,1.4295573,107.0,Standard (90-119 min),19.212552,6.5,Medium (5-6.9),318,Medium (100-999),Released
319888,Eddie the Eagle,Eddie the Eagle,en,2016-02-26,2016.0,Comedy | Drama | History,Comedy,23000000,46152800,23152800,2.0066434782608695,106.0,Standard (90-119 min),29.365851,7.2,Good (7-7.9),661,Medium (100-999),Released
9469,He Got Game,He Got Game,en,1998-05-01,1998.0,Drama,Drama,25000000,21567853,-3432147,0.86271412,136.0,Long (120-149 min),10.232599,6.7,Medium (5-6.9),134,Medium (100-999),Released
1909,Don Juan DeMarco,Don Juan DeMarco,en,1994-10-01,1994.0,Romance | Drama | Comedy,Romance,25000000,22200000,-2800000,0.888,97.0,Standard (90-119 min),8.870614,6.2,Medium (5-6.9),183,Medium (100-999),Released
22971,Dear John,Dear John,en,2010-02-04,2010.0,Drama | Romance | War,Drama,25000000,114977104,89977104,4.59908416,115.0,Standard (90-119 min),19.402816,6.6,Medium (5-6.9),1262,High (1K-4.9K),Released
34813,The Losers,The Losers,en,2010-04-23,2010.0,Action | Adventure | Crime | Mystery | Thriller,Action,25000000,23580000,-1420000,0.9432,97.0,Standard (90-119 min),24.903418,6.2,Medium (5-6.9),515,Medium (100-999),Released
46261,Don't Be Afraid of the Dark,Don't Be Afraid of the Dark,en,2010-11-06,2010.0,Fantasy | Horror | Thriller,Fantasy,25000000,36993168,11993168,1.47972672,99.0,Standard (90-119 min),14.562197,5.4,Medium (5-6.9),341,Medium (100-999),Released
10431,War,War,en,2007-08-24,2007.0,Action | Thriller | Crime,Action,25000000,40452643,15452643,1.61810572,103.0,Standard (90-119 min),18.896239,6.0,Medium (5-6.9),414,Medium (100-999),Released
8051,Punch-Drunk Love,Punch-Drunk Love,en,2002-10-25,2002.0,Comedy | Drama | Romance,Comedy,25000000,17000000,-8000000,0.68,95.0,Standard (90-119 min),15.960916,6.9,Medium (5-6.9),530,Medium (100-999),Released
9352,EuroTrip,EuroTrip,en,2004-02-20,2004.0,Comedy,Comedy,25000000,20796847,-4203153,0.83187388,93.0,Standard (90-119 min),25.848003,6.5,Medium (5-6.9),656,Medium (100-999),Released
10167,Half Past Dead,Half Past Dead,en,2002-11-15,2002.0,Crime | Action | Thriller,Crime,13000000,0,-13000000,0.0,98.0,Standard (90-119 min),6.337063,4.6,Low (<5),82,Low (<100),Released
18147,Unaccompanied Minors,Unaccompanied Minors,en,2006-12-08,2006.0,Comedy | Family,Comedy,26000000,0,-26000000,0.0,90.0,Standard (90-119 min),10.006282,5.4,Medium (5-6.9),66,Low (<100),Released
17170,"Bright Lights, Big City","Bright Lights, Big City",en,1988-04-01,1988.0,Drama,Drama,0,0,0,0.0,107.0,Standard (90-119 min),2.753501,4.7,Low (<5),28,Low (<100),Released
18975,The Adventures of Pinocchio,The Adventures of Pinocchio,en,1996-07-26,1996.0,Animation | Family | Fantasy,Animation,0,0,0,0.0,90.0,Standard (90-119 min),6.718497,5.0,Medium (5-6.9),54,Low (<100),Released
15487,The Greatest Game Ever Played,The Greatest Game Ever Played,en,2005-09-30,2005.0,Drama | Family,Drama,25000000,15431177,-9568823,0.61724708,120.0,Long (120-149 min),7.538513,6.9,Medium (5-6.9),110,Medium (100-999),Released
22825,The Box,The Box,en,2009-09-17,2009.0,Thriller | Science Fiction,Thriller,30000000,33333531,3333531,1.1111177,115.0,Standard (90-119 min),21.606001,5.4,Medium (5-6.9),597,Medium (100-999),Released
11152,The Ruins,The Ruins,en,2008-04-02,2008.0,Drama | Horror,Drama,8000000,0,-8000000,0.0,91.0,Standard (90-119 min),13.715715,5.6,Medium (5-6.9),265,Medium (100-999),Released
1831,The Next Best Thing,The Next Best Thing,en,2000-03-03,2000.0,Comedy,Comedy,25000000,24362772,-637228,0.97451088,108.0,Standard (90-119 min),3.707511,4.3,Low (<5),29,Low (<100),Released
43931,My Soul to Take,My Soul to Take,en,2010-10-08,2010.0,Drama | Horror | Mystery | Thriller,Drama,25000000,19829957,-5170043,0.79319828,107.0,Standard (90-119 min),7.001176,5.2,Medium (5-6.9),147,Medium (100-999),Released
10591,The Girl Next Door,The Girl Next Door,en,2004-04-09,2004.0,Comedy,Comedy,25000000,30411183,5411183,1.21644732,108.0,Standard (90-119 min),39.784026,6.3,Medium (5-6.9),824,Medium (100-999),Released
10861,Maximum Risk,Maximum Risk,en,1996-09-13,1996.0,Action | Adventure | Thriller,Action,25000000,51702483,26702483,2.06809932,100.0,Standard (90-119 min),10.115011,5.2,Medium (5-6.9),101,Medium (100-999),Released
12770,Stealing Harvard,Stealing Harvard,en,2002-09-13,2002.0,Action | Comedy | Drama,Action,0,0,0,0.0,85.0,Short (<90 min),7.321181,4.4,Low (<5),46,Low (<100),Released
276907,Legend,Legend,en,2015-09-09,2015.0,Crime | Thriller,Crime,25000000,42972994,17972994,1.71891976,131.0,Long (120-149 min),32.854557,6.7,Medium (5-6.9),973,Medium (100-999),Released
10074,Hot Rod,Hot Rod,en,2007-08-03,2007.0,Action | Comedy,Action,0,14334401,14334401,0.0,88.0,Short (<90 min),6.309587,6.3,Medium (5-6.9),313,Medium (100-999),Released
65055,Shark Night,Shark Night,en,2011-09-02,2011.0,Horror | Thriller,Horror,28000000,10126458,-17873542,0.3616592142857143,91.0,Standard (90-119 min),8.363702,4.9,Low (<5),132,Medium (100-999),Released
10397,Angela's Ashes,Angela's Ashes,en,1999-12-25,1999.0,Drama,Drama,25,13,-12,0.52,145.0,Long (120-149 min),4.88794,7.0,Good (7-7.9),59,Low (<100),Released
200505,Draft Day,Draft Day,en,2014-04-11,2014.0,Drama,Drama,25000000,28831145,3831145,1.1532458,109.0,Standard (90-119 min),14.17009,6.5,Medium (5-6.9),304,Medium (100-999),Released
11954,Lifeforce,Lifeforce,en,1985-06-20,1985.0,Fantasy | Horror | Science Fiction | Thriller,Fantasy,25000000,0,-25000000,0.0,116.0,Standard (90-119 min),12.18362,6.2,Medium (5-6.9),135,Medium (100-999),Released
60309,The Conspirator,The Conspirator,en,2010-09-10,2010.0,Crime | Drama | History,Crime,25000000,15478800,-9521200,0.619152,122.0,Long (120-149 min),9.169271,6.2,Medium (5-6.9),137,Medium (100-999),Released
9787,Lords of Dogtown,Lords of Dogtown,en,2005-06-03,2005.0,Drama,Drama,25000000,13411957,-11588043,0.53647828,107.0,Standard (90-119 min),8.127728,7.0,Good (7-7.9),210,Medium (100-999),Released
293646,The 33,The 33,en,2015-08-06,2015.0,Drama | History,Drama,25000000,24902723,-97277,0.99610892,120.0,Long (120-149 min),10.699952,6.0,Medium (5-6.9),378,Medium (100-999),Released
6978,Big Trouble in Little China,Big Trouble in Little China,en,1986-05-30,1986.0,Action | Adventure | Comedy | Fantasy,Action,25000000,11000000,-14000000,0.44,99.0,Standard (90-119 min),29.796394,7.1,Good (7-7.9),705,Medium (100-999),Released
133698,Fly Me to the Moon,Un Plan parfait,fr,2012-10-29,2012.0,Comedy | Romance,Comedy,0,0,0,0.0,104.0,Standard (90-119 min),11.60921,5.6,Medium (5-6.9),194,Medium (100-999),Released
59440,Warrior,Warrior,en,2011-09-09,2011.0,Action | Drama,Action,25000000,23057115,-1942885,0.9222846,140.0,Long (120-149 min),51.915025,7.7,Good (7-7.9),1272,High (1K-4.9K),Released
1770,Michael Collins,Michael Collins,en,1996-10-25,1996.0,Drama | Thriller,Drama,28000000,16900000,-11100000,0.6035714285714285,132.0,Long (120-149 min),8.314624,6.7,Medium (5-6.9),97,Low (<100),Released
10655,Gettysburg,Gettysburg,en,1993-10-08,1993.0,War | Drama | History,War,0,25000000,25000000,0.0,254.0,Very Long (150+ min),5.529035,6.6,Medium (5-6.9),90,Low (<100),Released
8988,Stop-Loss,Stop-Loss,en,2008-03-28,2008.0,Drama | War,Drama,25000000,11207130,-13792870,0.4482852,113.0,Standard (90-119 min),4.002579,6.1,Medium (5-6.9),82,Low (<100),Released
15992,Abandon,Abandon,en,2002-10-14,2002.0,Drama | Mystery | Thriller,Drama,25000000,10719357,-14280643,0.42877428,99.0,Standard (90-119 min),3.888776,4.6,Low (<5),45,Low (<100),Released
17707,Brokedown Palace,Brokedown Palace,en,1999-08-13,1999.0,Drama | Thriller,Drama,25000000,13000000,-12000000,0.52,100.0,Standard (90-119 min),7.296459,6.2,Medium (5-6.9),111,Medium (100-999),Released
77883,The Possession,The Possession,en,2012-08-30,2012.0,Horror | Thriller,Horror,14000000,85446075,71446075,6.103291071428571,92.0,Standard (90-119 min),21.680424,5.8,Medium (5-6.9),498,Medium (100-999),Released
40001,Mrs. Winterbourne,Mrs. Winterbourne,en,1996-04-19,1996.0,Comedy | Romance | Drama,Comedy,25000000,10070000,-14930000,0.4028,105.0,Standard (90-119 min),7.946769,5.3,Medium (5-6.9),25,Low (<100),Released
64639,Straw Dogs,Straw Dogs,en,2011-09-16,2011.0,Drama | Thriller,Drama,25000000,10324441,-14675559,0.41297764,110.0,Standard (90-119 min),7.473455,5.5,Medium (5-6.9),144,Medium (100-999),Released
9903,The Hoax,The Hoax,en,2006-10-14,2006.0,Comedy | Drama,Comedy,25000000,11772461,-13227539,0.47089844,116.0,Standard (90-119 min),5.073536,6.4,Medium (5-6.9),60,Low (<100),Released
21338,Stone Cold,Stone Cold,en,1991-05-17,1991.0,Action | Crime | Thriller,Action,0,0,0,0.0,92.0,Standard (90-119 min),3.623002,5.7,Medium (5-6.9),34,Low (<100),Released
20766,The Road,The Road,en,2009-11-25,2009.0,Adventure | Drama,Adventure,32000000,27635305,-4364695,0.86360328125,111.0,Standard (90-119 min),41.075532,6.8,Medium (5-6.9),1087,High (1K-4.9K),Released
24264,Sheena,Sheena,en,1984-08-17,1984.0,Action | Adventure | Comedy | Fantasy | Science Fiction,Action,25000000,5778353,-19221647,0.23113412,117.0,Standard (90-119 min),4.020194,5.0,Medium (5-6.9),22,Low (<100),Released
19803,Underclassman,Underclassman,en,2005-09-02,2005.0,Action | Comedy,Action,0,0,0,0.0,95.0,Standard (90-119 min),2.083856,5.5,Medium (5-6.9),28,Low (<100),Released
20309,Say It Isn't So,Say It Isn't So,en,2001-03-12,2001.0,Comedy | Romance,Comedy,25000000,0,-25000000,0.0,95.0,Standard (90-119 min),2.909346,4.8,Low (<5),47,Low (<100),Released
9912,The World's Fastest Indian,The World's Fastest Indian,en,2005-10-12,2005.0,Drama,Drama,25000000,0,-25000000,0.0,127.0,Long (120-149 min),8.450513,7.3,Good (7-7.9),166,Medium (100-999),Released
9067,Tank Girl,Tank Girl,en,1995-03-31,1995.0,Action | Comedy | Fantasy | Science Fiction,Action,25000000,4064495,-20935505,0.1625798,98.0,Standard (90-119 min),8.186936,5.5,Medium (5-6.9),138,Medium (100-999),Released
27360,King's Ransom,King's Ransom,en,2005-04-22,2005.0,Comedy | Crime,Comedy,0,0,0,0.0,95.0,Standard (90-119 min),5.079017,5.1,Medium (5-6.9),14,Low (<100),Released
8338,Blindness,Blindness,en,2008-05-14,2008.0,Drama | Mystery | Science Fiction | Thriller,Drama,25000000,19844979,-5155021,0.79379916,121.0,Long (120-149 min),17.603823,6.4,Medium (5-6.9),387,Medium (100-999),Released
168705,BloodRayne,BloodRayne,en,2005-10-22,2005.0,Action | Adventure | Fantasy | Horror,Action,25000000,2405420,-22594580,0.0962168,95.0,Standard (90-119 min),7.008216,3.5,Low (<5),118,Medium (100-999),Released
72113,Carnage,Carnage,en,2011-09-16,2011.0,Comedy | Drama,Comedy,25000000,27603069,2603069,1.10412276,80.0,Short (<90 min),20.011435,7.0,Good (7-7.9),738,Medium (100-999),Released
9729,Where the Truth Lies,Where the Truth Lies,en,2005-10-07,2005.0,Drama | Mystery | Thriller,Drama,25000000,0,-25000000,0.0,107.0,Standard (90-119 min),4.051221,5.9,Medium (5-6.9),66,Low (<100),Released
94352,Cirque du Soleil: Worlds Away,Cirque du Soleil: Worlds Away,en,2012-11-09,2012.0,Fantasy | Family,Fantasy,0,34153101,34153101,0.0,91.0,Standard (90-119 min),5.987486,6.1,Medium (5-6.9),58,Low (<100),Released
22256,Without Limits,Without Limits,en,1998-09-11,1998.0,Drama,Drama,25000000,777423,-24222577,0.03109692,117.0,Standard (90-119 min),3.849873,6.2,Medium (5-6.9),19,Low (<100),Released
12404,Me and Orson Welles,Me and Orson Welles,en,2009-11-25,2009.0,Comedy | Drama | Romance,Comedy,25000000,2336172,-22663828,0.09344688,114.0,Standard (90-119 min),3.593165,6.6,Medium (5-6.9),49,Low (<100),Released
152742,The Best Offer,La migliore offerta,en,2013-01-01,2013.0,Drama | Romance | Crime | Mystery,Drama,13500000,19255873,5755873,1.426360962962963,124.0,Long (120-149 min),30.058263,7.7,Good (7-7.9),704,Medium (100-999),Released
11699,The Bad Lieutenant: Port of Call - New Orleans,The Bad Lieutenant: Port of Call - New Orleans,en,2009-09-11,2009.0,Drama | Crime,Drama,25000000,10589102,-14410898,0.42356408,122.0,Long (120-149 min),17.339852,6.0,Medium (5-6.9),326,Medium (100-999),Released
49953,A Turtle's Tale: Sammy's Adventures,Sammy's avonturen: De geheime doorgang,en,2010-08-03,2010.0,Animation | Family,Animation,0,0,0,0.0,88.0,Short (<90 min),15.805449,5.6,Medium (5-6.9),151,Medium (100-999),Released
48034,Little White Lies,Les petits mouchoirs,fr,2010-10-20,2010.0,Comedy | Drama,Comedy,25000000,48531470,23531470,1.9412588,154.0,Very Long (150+ min),15.279021,7.1,Good (7-7.9),380,Medium (100-999),Released
39845,Love Ranch,Love Ranch,en,2010-06-30,2010.0,Drama,Drama,0,0,0,0.0,117.0,Standard (90-119 min),5.000126,6.0,Medium (5-6.9),21,Low (<100),Released
25353,The True Story of Puss 'n Boots,La véritable histoire du Chat Botté,fr,2009-04-01,2009.0,Family | Adventure | Animation,Family,0,0,0,0.0,82.0,Short (<90 min),1.684948,3.8,Low (<5),7,Low (<100),Released
36696,Space Dogs,Белка и Стрелка. Звёздные собаки,ru,2010-03-18,2010.0,Family | Animation,Family,25000000,6500000,-18500000,0.26,85.0,Short (<90 min),5.753564,6.3,Medium (5-6.9),10,Low (<100),Released
109091,The Counselor,The Counselor,en,2013-10-25,2013.0,Thriller | Crime | Drama,Thriller,25000000,71009334,46009334,2.84037336,117.0,Standard (90-119 min),35.022029,5.0,Medium (5-6.9),712,Medium (100-999),Released
38543,Ironclad,Ironclad,en,2011-03-03,2011.0,Romance | Adventure | Action | History,Romance,25000000,0,-25000000,0.0,121.0,Long (120-149 min),12.31708,6.2,Medium (5-6.9),227,Medium (100-999),Released
33157,Waterloo,Waterloo,en,1970-10-26,1970.0,History | Action | Drama,History,25000000,3052000,-21948000,0.12208,128.0,Long (120-149 min),1.894749,7.0,Good (7-7.9),31,Low (<100),Released
290864,Kung Fu Jungle,一個人的武林,cn,2014-10-31,2014.0,Crime | Action | Thriller,Crime,25000000,0,-25000000,0.0,100.0,Standard (90-119 min),6.895866,6.5,Medium (5-6.9),114,Medium (100-999),Released
242166,Red Sky,Red Sky,en,2014-03-12,2014.0,Action | Thriller,Action,25000000,0,-25000000,0.0,100.0,Standard (90-119 min),3.344158,4.1,Low (<5),26,Low (<100),Released
859,Dangerous Liaisons,Dangerous Liaisons,en,1988-12-16,1988.0,Drama | Romance,Drama,14000000,34670720,20670720,2.47648,119.0,Standard (90-119 min),14.480628,7.0,Good (7-7.9),257,Medium (100-999),Released
83770,On the Road,On the Road,en,2012-05-22,2012.0,Adventure | Drama,Adventure,25000000,8784318,-16215682,0.35137272,137.0,Long (120-149 min),14.613152,5.5,Medium (5-6.9),301,Medium (100-999),Released
168,Star Trek IV: The Voyage Home,Star Trek IV: The Voyage Home,en,1986-11-25,1986.0,Science Fiction | Adventure,Science Fiction,24000000,133000000,109000000,5.541666666666667,119.0,Standard (90-119 min),22.258428,6.9,Medium (5-6.9),477,Medium (100-999),Released
1246,Rocky Balboa,Rocky Balboa,en,2006-12-20,2006.0,Drama,Drama,24000000,155721132,131721132,6.4883805,102.0,Standard (90-119 min),30.445257,6.5,Medium (5-6.9),835,Medium (100-999),Released
4233,Scream 2,Scream 2,en,1997-12-09,1997.0,Horror | Mystery,Horror,24000000,172363301,148363301,7.181804208333333,120.0,Long (120-149 min),35.244037,6.1,Medium (5-6.9),840,Medium (100-999),Released
174751,Jane Got a Gun,Jane Got a Gun,en,2016-01-01,2016.0,Action | Drama | Western,Action,25000000,1397284,-23602716,0.05589136,98.0,Standard (90-119 min),15.333575,5.4,Medium (5-6.9),285,Medium (100-999),Released
184098,Think Like a Man Too,Think Like a Man Too,en,2014-06-20,2014.0,Comedy | Romance,Comedy,24000000,70181428,46181428,2.9242261666666667,105.0,Standard (90-119 min),15.237142,6.4,Medium (5-6.9),225,Medium (100-999),Released
2069,The Whole Nine Yards,The Whole Nine Yards,en,2000-02-18,2000.0,Comedy | Crime,Comedy,41300000,106371651,65071651,2.575584769975787,98.0,Standard (90-119 min),23.441135,6.2,Medium (5-6.9),531,Medium (100-999),Released
1788,Footloose,Footloose,en,1984-02-17,1984.0,Drama | Family | Music | Romance,Drama,8200000,80035402,71835402,9.760414878048781,107.0,Standard (90-119 min),25.03414,6.4,Medium (5-6.9),505,Medium (100-999),Released
11635,Old School,Old School,en,2003-02-21,2003.0,Comedy,Comedy,24000000,87055349,63055349,3.627306208333333,91.0,Standard (90-119 min),24.70166,6.6,Medium (5-6.9),541,Medium (100-999),Released
177,The Fisher King,The Fisher King,en,1991-09-09,1991.0,Comedy | Drama,Comedy,24000000,41895491,17895491,1.7456454583333334,137.0,Long (120-149 min),16.146572,7.2,Good (7-7.9),341,Medium (100-999),Released
3600,I Still Know What You Did Last Summer,I Still Know What You Did Last Summer,en,1998-11-13,1998.0,Horror | Mystery | Thriller,Horror,65000000,40002112,-24997888,0.6154171076923077,100.0,Standard (90-119 min),20.793026,5.1,Medium (5-6.9),374,Medium (100-999),Released
2621,Return to Me,Return to Me,en,2000-04-07,2000.0,Romance | Comedy | Drama,Romance,24000000,36609995,12609995,1.5254164583333334,115.0,Standard (90-119 min),5.771479,6.1,Medium (5-6.9),67,Low (<100),Released
10358,Zack and Miri Make a Porno,Zack and Miri Make a Porno,en,2008-09-18,2008.0,Comedy,Comedy,24000000,42105111,18105111,1.754379625,102.0,Standard (90-119 min),27.326466,6.1,Medium (5-6.9),721,Medium (100-999),Released
10480,Nurse Betty,Nurse Betty,en,2000-09-08,2000.0,Comedy | Crime | Thriller,Comedy,24000000,0,-24000000,0.0,108.0,Standard (90-119 min),3.572339,5.9,Medium (5-6.9),111,Medium (100-999),Released
10313,The Men Who Stare at Goats,The Men Who Stare at Goats,en,2009-10-17,2009.0,Comedy | War,Comedy,24000000,68729358,44729358,2.86372325,93.0,Standard (90-119 min),20.69219,5.9,Medium (5-6.9),742,Medium (100-999),Released
18828,Double Take,Double Take,en,2001-01-12,2001.0,Adventure | Drama | Action | Comedy | Romance,Adventure,0,0,0,0.0,88.0,Short (<90 min),1.903405,5.5,Medium (5-6.9),24,Low (<100),Released
3558,"Girl, Interrupted","Girl, Interrupted",en,1999-12-21,1999.0,Drama,Drama,40000000,0,-40000000,0.0,127.0,Long (120-149 min),10.713521,7.6,Good (7-7.9),721,Medium (100-999),Released
13476,Win a Date with Tad Hamilton!,Win a Date with Tad Hamilton!,en,2004-01-23,2004.0,Comedy | Romance,Comedy,17000000,16980098,-19902,0.9988292941176471,95.0,Standard (90-119 min),7.701041,5.5,Medium (5-6.9),160,Medium (100-999),Released
10208,Muppets from Space,Muppets from Space,en,1999-07-14,1999.0,Fantasy | Comedy | Science Fiction | Family,Fantasy,24000000,16290976,-7709024,0.6787906666666667,87.0,Short (<90 min),6.589193,5.8,Medium (5-6.9),92,Low (<100),Released
24961,The Wiz,The Wiz,en,1978-10-24,1978.0,Adventure | Family | Fantasy | Music,Adventure,24000000,21049053,-2950947,0.877043875,134.0,Long (120-149 min),2.753313,5.9,Medium (5-6.9),58,Low (<100),Released
20697,Ready to Rumble,Ready to Rumble,en,2000-04-07,2000.0,Action | Comedy | Drama,Action,24000000,12372410,-11627590,0.5155170833333333,107.0,Standard (90-119 min),3.113009,4.7,Low (<5),49,Low (<100),Released
20761,Play It to the Bone,Play It to the Bone,en,1999-12-25,1999.0,Comedy | Drama,Comedy,24000000,8434146,-15565854,0.35142275,124.0,Long (120-149 min),5.566203,5.7,Medium (5-6.9),53,Low (<100),Released
70868,I Don't Know How She Does It,I Don't Know How She Does It,en,2011-09-16,2011.0,Romance | Comedy,Romance,24000000,30551495,6551495,1.2729789583333333,89.0,Short (<90 min),8.630825,5.0,Medium (5-6.9),141,Medium (100-999),Released
43593,Piranha 3D,Piranha 3D,en,2010-08-20,2010.0,Comedy | Horror,Comedy,24000000,83188165,59188165,3.4661735416666666,88.0,Short (<90 min),23.343839,5.3,Medium (5-6.9),581,Medium (100-999),Released
6478,Beyond the Sea,Beyond the Sea,en,2004-12-17,2004.0,Drama | Music,Drama,23000000,0,-23000000,0.0,118.0,Standard (90-119 min),6.138213,6.5,Medium (5-6.9),55,Low (<100),Released
40688,Meet the Deedles,Meet the Deedles,en,1998-03-27,1998.0,Animation | Comedy | Family,Animation,24000000,4562146,-19437854,0.19008941666666668,93.0,Standard (90-119 min),2.353441,4.1,Low (<5),19,Low (<100),Released
26672,The Thief and the Cobbler,The Thief and the Cobbler,en,1993-09-23,1993.0,Adventure | Fantasy | Animation | Science Fiction | Family,Adventure,28000000,669276,-27330724,0.023902714285714284,72.0,Short (<90 min),2.439184,6.8,Medium (5-6.9),26,Low (<100),Released
45881,The Bridge of San Luis Rey,The Bridge of San Luis Rey,en,2004-01-01,2004.0,Romance | Drama,Romance,0,0,0,0.0,120.0,Long (120-149 min),0.515677,5.4,Medium (5-6.9),15,Low (<100),Released
41283,Faster,Faster,en,2010-11-23,2010.0,Crime | Drama | Action | Thriller,Crime,24000000,23081726,-918274,0.9617385833333333,98.0,Standard (90-119 min),26.324874,6.1,Medium (5-6.9),568,Medium (100-999),Released
4935,Howl's Moving Castle,ハウルの動く城,ja,2004-11-19,2004.0,Fantasy | Animation | Adventure,Fantasy,24000000,234710455,210710455,9.779602291666667,119.0,Standard (90-119 min),49.549984,8.2,Excellent (8+),1991,High (1K-4.9K),Released
19908,Zombieland,Zombieland,en,2009-10-07,2009.0,Comedy | Horror,Comedy,23600000,102391382,78791382,4.338617881355932,88.0,Short (<90 min),57.300674,7.2,Good (7-7.9),3550,High (1K-4.9K),Released
10663,The Waterboy,The Waterboy,en,1998-11-06,1998.0,Comedy,Comedy,23000000,185991646,162991646,8.086593304347826,90.0,Standard (90-119 min),23.839127,5.9,Medium (5-6.9),512,Medium (100-999),Released
1891,The Empire Strikes Back,The Empire Strikes Back,en,1980-05-17,1980.0,Adventure | Action | Science Fiction,Adventure,18000000,538400000,520400000,29.91111111111111,124.0,Long (120-149 min),78.51783,8.2,Excellent (8+),5879,Very High (5K+),Released
9737,Bad Boys,Bad Boys,en,1995-04-07,1995.0,Action | Comedy | Crime | Thriller,Action,19000000,141407024,122407024,7.442474947368421,118.0,Standard (90-119 min),33.872182,6.5,Medium (5-6.9),1699,High (1K-4.9K),Released
37137,The Naked Gun 2½: The Smell of Fear,The Naked Gun 2½: The Smell of Fear,en,1991-06-28,1991.0,Comedy | Crime,Comedy,23000000,86930411,63930411,3.7795830869565217,85.0,Short (<90 min),27.33256,6.6,Medium (5-6.9),546,Medium (100-999),Released
9532,Final Destination,Final Destination,en,2000-03-16,2000.0,Horror,Horror,23000000,53302314,30302314,2.317491913043478,98.0,Standard (90-119 min),38.799596,6.4,Medium (5-6.9),1378,High (1K-4.9K),Released
10316,The Ides of March,The Ides of March,en,2011-09-24,2011.0,Drama,Drama,12500000,75993061,63493061,6.07944488,101.0,Standard (90-119 min),20.317469,6.5,Medium (5-6.9),910,Medium (100-999),Released
2787,Pitch Black,Pitch Black,en,2000-02-18,2000.0,Thriller | Science Fiction | Action,Thriller,23000000,53187659,30187659,2.312506913043478,108.0,Standard (90-119 min),18.493202,6.7,Medium (5-6.9),1789,High (1K-4.9K),Released
12658,Someone Like You...,Someone Like You...,en,2001-03-30,2001.0,Comedy | Romance,Comedy,23000000,0,-23000000,0.0,97.0,Standard (90-119 min),7.901891,6.0,Medium (5-6.9),118,Medium (100-999),Released
152601,Her,Her,en,2013-12-18,2013.0,Romance | Science Fiction | Drama,Romance,23000000,47351251,24351251,2.058750043478261,126.0,Long (120-149 min),53.682367,7.9,Good (7-7.9),4097,High (1K-4.9K),Released
10866,Joy Ride,Joy Ride,en,2001-10-05,2001.0,Mystery | Thriller | Drama,Mystery,23000000,36642838,13642838,1.5931668695652175,97.0,Standard (90-119 min),11.183197,6.3,Medium (5-6.9),325,Medium (100-999),Released
227707,The Adventurer: The Curse of the Midas Box,The Adventurer: The Curse of the Midas Box,en,2013-12-05,2013.0,Fantasy | Adventure | Family,Fantasy,25000000,6399,-24993601,0.00025596,99.0,Standard (90-119 min),8.842722,5.1,Medium (5-6.9),73,Low (<100),Released
21349,Anywhere But Here,Anywhere But Here,en,1999-11-12,1999.0,Drama | Comedy | Romance,Drama,23000000,18653615,-4346385,0.8110267391304348,114.0,Standard (90-119 min),8.976738,5.9,Medium (5-6.9),66,Low (<100),Released
19150,The Crew,The Crew,en,2000-08-21,2000.0,Action | Comedy,Action,0,0,0,0.0,88.0,Short (<90 min),2.634119,6.4,Medium (5-6.9),11,Low (<100),Released
70435,Haywire,Haywire,en,2011-11-06,2011.0,Action | Thriller,Action,23000000,33372606,10372606,1.4509828695652174,93.0,Standard (90-119 min),26.257951,5.6,Medium (5-6.9),505,Medium (100-999),Released
580,Jaws: The Revenge,Jaws: The Revenge,en,1987-07-17,1987.0,Adventure | Thriller,Adventure,23000000,51881013,28881013,2.2556962173913044,89.0,Short (<90 min),12.777008,3.5,Low (<5),224,Medium (100-999),Released
9819,Marvin's Room,Marvin's Room,en,1996-12-18,1996.0,Drama,Drama,0,0,0,0.0,98.0,Standard (90-119 min),6.130231,6.6,Medium (5-6.9),124,Medium (100-999),Released
13579,The Longshots,The Longshots,en,2008-08-22,2008.0,Drama | Family,Drama,0,0,0,0.0,94.0,Standard (90-119 min),4.030724,6.5,Medium (5-6.9),11,Low (<100),Released
20024,The End of the Affair,The End of the Affair,en,1999-12-03,1999.0,Drama,Drama,23000000,10827816,-12172184,0.4707746086956522,102.0,Standard (90-119 min),6.921263,6.6,Medium (5-6.9),55,Low (<100),Released
2453,Harley Davidson and the Marlboro Man,Harley Davidson and the Marlboro Man,en,1991-08-23,1991.0,Action | Thriller,Action,23000000,7434726,-15565274,0.32324895652173913,98.0,Standard (90-119 min),12.869436,6.1,Medium (5-6.9),82,Low (<100),Released
6973,In the Valley of Elah,In the Valley of Elah,en,2007-08-31,2007.0,History | Drama | Thriller | Crime | Mystery,History,23000000,29541790,6541790,1.284425652173913,124.0,Long (120-149 min),15.676123,6.6,Medium (5-6.9),261,Medium (100-999),Released
11156,Coco Before Chanel,Coco avant Chanel,fr,2009-04-22,2009.0,Drama | History,Drama,0,0,0,0.0,110.0,Standard (90-119 min),8.426589,6.6,Medium (5-6.9),246,Medium (100-999),Released
354110,Forsaken,Forsaken,en,2015-09-16,2015.0,Western | Drama,Western,11000000,0,-11000000,0.0,90.0,Standard (90-119 min),11.071522,5.8,Medium (5-6.9),101,Medium (100-999),Released
22215,Cheri,Chéri,en,2009-02-10,2009.0,Drama | Comedy | Romance,Drama,23000000,9366227,-13633773,0.40722726086956523,86.0,Short (<90 min),5.494047,5.9,Medium (5-6.9),56,Low (<100),Released
11632,Vanity Fair,Vanity Fair,en,2004-09-01,2004.0,Drama | Romance,Drama,23000000,16123851,-6876149,0.701037,141.0,Long (120-149 min),6.618149,5.5,Medium (5-6.9),73,Low (<100),Released
30596,Bodyguards and Assassins,十月圍城,cn,2009-12-18,2009.0,Drama | Action | History,Drama,23000000,5837674,-17162326,0.2538119130434783,139.0,Long (120-149 min),7.876883,6.5,Medium (5-6.9),57,Low (<100),Released
3021,1408,1408,en,2007-07-12,2007.0,Horror | Thriller,Horror,25000000,94679598,69679598,3.78718392,104.0,Standard (90-119 min),35.169779,6.5,Medium (5-6.9),1343,High (1K-4.9K),Released
957,Spaceballs,Spaceballs,en,1987-06-24,1987.0,Comedy | Science Fiction,Comedy,22700000,38119483,15419483,1.6792723788546255,96.0,Standard (90-119 min),39.890798,6.7,Medium (5-6.9),902,Medium (100-999),Released
256917,The Water Diviner,The Water Diviner,en,2014-12-25,2014.0,War | Drama,War,22500000,15520023,-6979977,0.6897788,112.0,Standard (90-119 min),22.096286,6.8,Medium (5-6.9),431,Medium (100-999),Released
251,Ghost,Ghost,en,1990-07-12,1990.0,Fantasy | Drama | Thriller | Mystery | Romance,Fantasy,22000000,505000000,483000000,22.954545454545453,127.0,Long (120-149 min),41.967005,6.9,Medium (5-6.9),1339,High (1K-4.9K),Released
544,There's Something About Mary,There's Something About Mary,en,1998-07-15,1998.0,Romance | Comedy,Romance,23000000,369884651,346884651,16.08194134782609,119.0,Standard (90-119 min),57.110486,6.5,Medium (5-6.9),1590,High (1K-4.9K),Released
11395,The Santa Clause,The Santa Clause,en,1994-11-10,1994.0,Fantasy | Drama | Comedy | Family,Fantasy,22000000,189833357,167833357,8.628788954545454,97.0,Standard (90-119 min),16.234053,6.3,Medium (5-6.9),489,Medium (100-999),Released
14635,The Rookie,The Rookie,en,2002-03-25,2002.0,Drama | Family,Drama,20000000,75597042,55597042,3.7798521,127.0,Long (120-149 min),11.263361,6.5,Medium (5-6.9),110,Medium (100-999),Released
13680,The Game Plan,The Game Plan,en,2007-09-28,2007.0,Comedy | Family,Comedy,22000000,147880543,125880543,6.721842863636364,110.0,Standard (90-119 min),20.699212,6.0,Medium (5-6.9),428,Medium (100-999),Released
688,The Bridges of Madison County,The Bridges of Madison County,en,1995-05-28,1995.0,Drama | Romance,Drama,24000000,182016617,158016617,7.584025708333333,135.0,Long (120-149 min),17.606087,7.3,Good (7-7.9),385,Medium (100-999),Released
11090,The Animal,The Animal,en,2001-06-01,2001.0,Action | Comedy,Action,22000000,84772742,62772742,3.8533064545454545,84.0,Short (<90 min),13.786075,4.6,Low (<5),304,Medium (100-999),Released
783,Gandhi,Gandhi,en,1982-11-30,1982.0,Drama | History,Drama,22000000,77737889,55737889,3.533540409090909,191.0,Very Long (150+ min),35.227212,7.4,Good (7-7.9),716,Medium (100-999),Released
228194,The Hundred-Foot Journey,The Hundred-Foot Journey,en,2014-08-06,2014.0,Drama,Drama,22000000,88880821,66880821,4.0400373181818185,122.0,Long (120-149 min),27.898438,7.3,Good (7-7.9),508,Medium (100-999),Released
1642,The Net,The Net,en,1995-07-28,1995.0,Crime | Drama | Mystery | Thriller | Action,Crime,22000000,110627965,88627965,5.028543863636363,114.0,Standard (90-119 min),23.218144,5.6,Medium (5-6.9),354,Medium (100-999),Released
10950,I Am Sam,I Am Sam,en,2001-12-28,2001.0,Drama,Drama,22000000,92542418,70542418,4.206473545454545,132.0,Long (120-149 min),26.071644,7.2,Good (7-7.9),530,Medium (100-999),Released
235260,Son of God,Son of God,en,2014-02-28,2014.0,Drama,Drama,22000000,67800064,45800064,3.081821090909091,138.0,Long (120-149 min),9.175762,5.9,Medium (5-6.9),83,Low (<100),Released
277,Underworld,Underworld,en,2003-09-19,2003.0,Fantasy | Action | Thriller,Fantasy,22000000,95708457,73708457,4.350384409090909,121.0,Long (120-149 min),81.829237,6.6,Medium (5-6.9),2512,High (1K-4.9K),Released
8999,Derailed,Derailed,en,2005-11-11,2005.0,Drama | Thriller,Drama,22000000,57479076,35479076,2.6126852727272727,108.0,Standard (90-119 min),17.7091,6.1,Medium (5-6.9),319,Medium (100-999),Released
11323,The Informant!,The Informant!,en,2009-09-18,2009.0,Drama | Comedy | Crime,Drama,22000000,35424826,13424826,1.6102193636363635,108.0,Standard (90-119 min),17.772518,6.0,Medium (5-6.9),301,Medium (100-999),Released
10445,Shadowlands,Shadowlands,en,1993-12-25,1993.0,Drama | Romance,Drama,22000000,0,-22000000,0.0,131.0,Long (120-149 min),5.609755,6.8,Medium (5-6.9),61,Low (<100),Released
11453,Deuce Bigalow: European Gigolo,Deuce Bigalow: European Gigolo,en,2005-08-06,2005.0,Comedy,Comedy,22000000,22400154,400154,1.0181888181818182,83.0,Short (<90 min),10.259461,4.7,Low (<5),225,Medium (100-999),Released
146239,Delivery Man,Delivery Man,en,2013-10-10,2013.0,Comedy,Comedy,26000000,51164106,25164106,1.9678502307692307,105.0,Standard (90-119 min),30.114383,6.2,Medium (5-6.9),551,Medium (100-999),Released
205588,Our Kind of Traitor,Our Kind of Traitor,en,2016-05-05,2016.0,Thriller,Thriller,0,9930095,9930095,0.0,108.0,Standard (90-119 min),10.547959,6.0,Medium (5-6.9),160,Medium (100-999),Released
10878,Saving Silverman,Saving Silverman,en,2001-02-09,2001.0,Comedy | Crime | Romance,Comedy,22000000,19351569,-2648431,0.8796167727272727,90.0,Standard (90-119 min),12.887673,5.4,Medium (5-6.9),154,Medium (100-999),Released
82650,Diary of a Wimpy Kid: Dog Days,Diary of a Wimpy Kid: Dog Days,en,2012-08-02,2012.0,Comedy | Family,Comedy,22000000,77112176,55112176,3.505098909090909,94.0,Standard (90-119 min),13.410919,6.0,Medium (5-6.9),223,Medium (100-999),Released
10279,Summer of Sam,Summer of Sam,en,1999-07-02,1999.0,Thriller | Drama | Crime | Romance,Thriller,0,0,0,0.0,142.0,Long (120-149 min),3.70789,6.3,Medium (5-6.9),112,Medium (100-999),Released
2294,Jay and Silent Bob Strike Back,Jay and Silent Bob Strike Back,en,2001-08-22,2001.0,Comedy,Comedy,22000000,33788161,11788161,1.5358255,104.0,Standard (90-119 min),21.865021,6.4,Medium (5-6.9),480,Medium (100-999),Released
2176,The Glass House,The Glass House,en,2001-09-14,2001.0,Drama | Thriller,Drama,30000000,23619609,-6380391,0.7873203,106.0,Standard (90-119 min),9.448517,5.4,Medium (5-6.9),201,Medium (100-999),Released
270487,"Hail, Caesar!","Hail, Caesar!",en,2016-02-05,2016.0,Comedy | Drama | Mystery,Comedy,22000000,63647656,41647656,2.893075272727273,106.0,Standard (90-119 min),39.006187,5.7,Medium (5-6.9),1309,High (1K-4.9K),Released
19366,Josie and the Pussycats,Josie and the Pussycats,en,2001-04-06,2001.0,Comedy | Music,Comedy,22000000,0,-22000000,0.0,98.0,Standard (90-119 min),6.404571,5.3,Medium (5-6.9),72,Low (<100),Released
204082,Homefront,Homefront,en,2013-11-27,2013.0,Action | Thriller,Action,22000000,43058898,21058898,1.9572226363636365,100.0,Standard (90-119 min),35.737655,6.4,Medium (5-6.9),875,Medium (100-999),Released
24100,The Little Vampire,The Little Vampire,en,2000-10-27,2000.0,Family | Horror,Family,22000000,13555988,-8444012,0.6161812727272727,95.0,Standard (90-119 min),4.365196,6.1,Medium (5-6.9),77,Low (<100),Released
1599,I Heart Huckabees,I Heart Huckabees,en,2004-09-10,2004.0,Comedy | Romance,Comedy,22000000,0,-22000000,0.0,106.0,Standard (90-119 min),14.925633,6.2,Medium (5-6.9),239,Medium (100-999),Released
5550,RoboCop 3,RoboCop 3,en,1993-04-17,1993.0,Action | Adventure | Crime | Science Fiction | Thriller,Action,22000000,10696210,-11303790,0.4861913636363636,104.0,Standard (90-119 min),14.725467,4.2,Low (<5),305,Medium (100-999),Released
30379,Megiddo: The Omega Code 2,Megiddo: The Omega Code 2,en,2001-09-07,2001.0,Action | Science Fiction | Thriller,Action,0,0,0,0.0,104.0,Standard (90-119 min),0.809588,3.6,Low (<5),8,Low (<100),Released
42586,Darling Lili,Darling Lili,en,1970-01-01,1970.0,Drama | Comedy | Thriller | Music | Romance,Drama,0,0,0,0.0,107.0,Standard (90-119 min),0.816883,4.9,Low (<5),8,Low (<100),Released
17709,Dudley Do-Right,Dudley Do-Right,en,1999-08-27,1999.0,Comedy | Family | Romance,Comedy,70000000,0,-70000000,0.0,77.0,Short (<90 min),8.792054,3.8,Low (<5),48,Low (<100),Released
287948,The Transporter Refueled,The Transporter Refueled,en,2015-09-03,2015.0,Thriller | Action | Crime,Thriller,25000000,72629670,47629670,2.9051868,96.0,Standard (90-119 min),25.002715,5.2,Medium (5-6.9),559,Medium (100-999),Released
7548,The Libertine,The Libertine,en,2004-09-16,2004.0,Drama | Romance,Drama,0,0,0,0.0,114.0,Standard (90-119 min),7.588597,5.9,Medium (5-6.9),128,Medium (100-999),Released
9075,Black Book,Zwartboek,nl,2006-09-01,2006.0,Drama | Thriller | War,Drama,21000000,26193068,5193068,1.2472889523809523,145.0,Long (120-149 min),13.906611,7.2,Good (7-7.9),277,Medium (100-999),Released
11661,Joyeux Noël,Joyeux Noël,fr,2005-11-09,2005.0,Romance | Drama | History | War | Music,Romance,22000000,17709155,-4290845,0.8049615909090909,116.0,Standard (90-119 min),13.960945,7.2,Good (7-7.9),212,Medium (100-999),Released
109513,Hit & Run,Hit & Run,en,2012-08-22,2012.0,Action | Comedy | Romance,Action,2000000,14400000,12400000,7.2,100.0,Standard (90-119 min),16.668854,5.5,Medium (5-6.9),224,Medium (100-999),Released
12085,Mad Money,Mad Money,en,2008-01-17,2008.0,Action | Comedy | Crime,Action,0,0,0,0.0,104.0,Standard (90-119 min),6.847133,5.9,Medium (5-6.9),140,Medium (100-999),Released
204922,Before I Go to Sleep,Before I Go to Sleep,en,2014-09-03,2014.0,Mystery | Thriller,Mystery,22000000,15447154,-6552846,0.7021433636363636,92.0,Standard (90-119 min),48.784734,6.2,Medium (5-6.9),659,Medium (100-999),Released
38985,Sorcerer,Sorcerer,en,1977-06-24,1977.0,Action | Thriller | Adventure,Action,22000000,12000000,-10000000,0.5454545454545454,121.0,Long (120-149 min),9.088209,7.4,Good (7-7.9),98,Low (<100),Released
44113,Stone,Stone,en,2010-10-07,2010.0,Drama,Drama,22000000,9479718,-12520282,0.4308962727272727,105.0,Standard (90-119 min),12.445176,5.2,Medium (5-6.9),192,Medium (100-999),Released
21494,Moliere,Molière,fr,2007-01-31,2007.0,Romance | Drama | Comedy,Romance,0,0,0,0.0,115.0,Standard (90-119 min),4.61335,6.7,Medium (5-6.9),45,Low (<100),Released
164457,Out of the Furnace,Out of the Furnace,en,2013-12-06,2013.0,Thriller | Drama | Crime,Thriller,22000000,15400000,-6600000,0.7,116.0,Standard (90-119 min),29.230298,6.5,Medium (5-6.9),720,Medium (100-999),Released
4566,Michael Clayton,Michael Clayton,en,2007-09-28,2007.0,Drama | Mystery | Crime,Drama,25000000,92991835,67991835,3.7196734,119.0,Standard (90-119 min),18.961323,6.5,Medium (5-6.9),501,Medium (100-999),Released
17795,My Fellow Americans,My Fellow Americans,en,1996-12-20,1996.0,Comedy | Drama,Comedy,0,0,0,0.0,101.0,Standard (90-119 min),2.809378,6.3,Medium (5-6.9),46,Low (<100),Released
1073,Arlington Road,Arlington Road,en,1999-03-19,1999.0,Drama | Thriller | Mystery,Drama,21500000,0,-21500000,0.0,117.0,Standard (90-119 min),12.819447,7.0,Good (7-7.9),239,Medium (100-999),Released
153158,Underdogs,Metegol,es,2013-07-18,2013.0,Animation | Adventure | Romance,Animation,22000000,24000000,2000000,1.0909090909090908,106.0,Standard (90-119 min),14.866351,6.0,Medium (5-6.9),122,Medium (100-999),Released
81836,To Rome with Love,To Rome with Love,en,2012-04-20,2012.0,Romance | Comedy,Romance,17000000,73244881,56244881,4.308522411764706,111.0,Standard (90-119 min),15.013386,5.6,Medium (5-6.9),546,Medium (100-999),Released
10724,Firefox,Firefox,en,1982-06-13,1982.0,Science Fiction | Action | Adventure | Thriller,Science Fiction,18000000,70687344,52687344,3.9270746666666665,136.0,Long (120-149 min),8.700565,5.5,Medium (5-6.9),139,Medium (100-999),Released
9473,"South Park: Bigger, Longer & Uncut","South Park: Bigger, Longer & Uncut",en,1999-06-30,1999.0,Animation | Comedy | Music,Animation,21000000,0,-21000000,0.0,81.0,Short (<90 min),27.197799,7.1,Good (7-7.9),893,Medium (100-999),Released
2196,Death at a Funeral,Death at a Funeral,en,2007-02-09,2007.0,Comedy | Drama,Comedy,9000000,46,-8999954,5.1111111111111115e-06,90.0,Standard (90-119 min),20.410354,6.9,Medium (5-6.9),497,Medium (100-999),Released
1499,Teenage Mutant Ninja Turtles III,Teenage Mutant Ninja Turtles III,en,1993-03-17,1993.0,Action | Adventure | Comedy | Family | Fantasy | Science Fiction,Action,21000000,42000000,21000000,2.0,96.0,Standard (90-119 min),10.207065,5.1,Medium (5-6.9),184,Medium (100-999),Released
20857,Hardball,Hardball,en,2001-09-14,2001.0,Comedy | Romance,Comedy,32000000,40222729,8222729,1.25696028125,106.0,Standard (90-119 min),5.683281,6.3,Medium (5-6.9),123,Medium (100-999),Released
82693,Silver Linings Playbook,Silver Linings Playbook,en,2012-09-08,2012.0,Drama | Comedy | Romance,Drama,21000000,205738714,184738714,9.797081619047619,122.0,Long (120-149 min),63.599973,6.9,Medium (5-6.9),4742,High (1K-4.9K),Released
1646,Freedom Writers,Freedom Writers,en,2007-01-05,2007.0,Crime | Drama,Crime,21000000,41170784,20170784,1.9605135238095237,123.0,Long (120-149 min),17.746981,7.5,Good (7-7.9),356,Medium (100-999),Released
44944,For Colored Girls,For Colored Girls,en,2010-11-05,2010.0,Drama,Drama,0,37000000,37000000,0.0,134.0,Long (120-149 min),1.934524,7.0,Good (7-7.9),22,Low (<100),Released
4108,The Transporter,The Transporter,en,2002-10-02,2002.0,Action | Crime | Thriller,Action,21000000,43928932,22928932,2.091853904761905,92.0,Standard (90-119 min),34.433521,6.6,Medium (5-6.9),1692,High (1K-4.9K),Released
8456,Never Back Down,Never Back Down,en,2008-03-04,2008.0,Drama | Action,Drama,20000000,41627431,21627431,2.08137155,115.0,Standard (90-119 min),26.21425,6.4,Medium (5-6.9),497,Medium (100-999),Released
7341,The Rage: Carrie 2,The Rage: Carrie 2,en,1999-03-11,1999.0,Horror | Thriller | Science Fiction,Horror,21000000,17762705,-3237295,0.8458430952380952,104.0,Standard (90-119 min),4.781538,5.1,Medium (5-6.9),76,Low (<100),Released
19255,Away We Go,Away We Go,en,2009-06-05,2009.0,Drama | Comedy | Romance,Drama,17000000,14899417,-2100583,0.876436294117647,98.0,Standard (90-119 min),10.13559,6.7,Medium (5-6.9),189,Medium (100-999),Released
10187,Swing Vote,Swing Vote,en,2008-08-01,2008.0,Drama | Comedy,Drama,21000000,17600000,-3400000,0.8380952380952381,120.0,Long (120-149 min),5.815881,5.8,Medium (5-6.9),65,Low (<100),Released
31005,Moonlight Mile,Moonlight Mile,en,2002-09-09,2002.0,Romance | Drama,Romance,21000000,10011050,-10988950,0.4767166666666667,117.0,Standard (90-119 min),8.982335,6.5,Medium (5-6.9),52,Low (<100),Released
49517,Tinker Tailor Soldier Spy,Tinker Tailor Soldier Spy,en,2011-09-16,2011.0,Drama | Thriller | Mystery,Drama,30000000,0,-30000000,0.0,127.0,Long (120-149 min),33.649652,6.6,Medium (5-6.9),840,Medium (100-999),Released
44857,Molly,Molly,en,1999-10-22,1999.0,Drama | Comedy | Romance,Drama,0,0,0,0.0,102.0,Standard (90-119 min),2.636193,5.5,Medium (5-6.9),14,Low (<100),Released
50780,The Beaver,The Beaver,en,2011-02-11,2011.0,Drama,Drama,21000000,970816,-20029184,0.04622933333333333,91.0,Standard (90-119 min),13.847872,6.3,Medium (5-6.9),276,Medium (100-999),Released
16363,The Best Little Whorehouse in Texas,The Best Little Whorehouse in Texas,en,1982-07-23,1982.0,Comedy,Comedy,35000000,69701637,34701637,1.9914753428571428,114.0,Standard (90-119 min),4.189378,5.9,Medium (5-6.9),41,Low (<100),Released
1946,eXistenZ,eXistenZ,en,1999-04-14,1999.0,Action | Thriller | Science Fiction | Horror,Action,15000000,2856712,-12143288,0.19044746666666668,97.0,Standard (90-119 min),21.928025,6.7,Medium (5-6.9),475,Medium (100-999),Released
85,Raiders of the Lost Ark,Raiders of the Lost Ark,en,1981-06-12,1981.0,Adventure | Action,Adventure,18000000,389925971,371925971,21.662553944444443,115.0,Standard (90-119 min),68.159596,7.7,Good (7-7.9),3854,High (1K-4.9K),Released
772,Home Alone 2: Lost in New York,Home Alone 2: Lost in New York,en,1992-11-19,1992.0,Comedy | Family | Adventure | Crime,Comedy,18000000,358991681,340991681,19.943982277777778,120.0,Long (120-149 min),81.487685,6.3,Medium (5-6.9),2395,High (1K-4.9K),Released
840,Close Encounters of the Third Kind,Close Encounters of the Third Kind,en,1977-11-16,1977.0,Science Fiction | Drama,Science Fiction,20000000,303788635,283788635,15.18943175,135.0,Long (120-149 min),52.456505,7.2,Good (7-7.9),1098,High (1K-4.9K),Released
9682,Pulse,Pulse,en,2006-08-11,2006.0,Horror | Thriller,Horror,38000000,29907685,-8092315,0.7870443421052632,90.0,Standard (90-119 min),9.662715,5.0,Medium (5-6.9),150,Medium (100-999),Released
96,Beverly Hills Cop II,Beverly Hills Cop II,en,1987-05-18,1987.0,Action | Comedy | Crime,Action,20000000,299965036,279965036,14.9982518,100.0,Standard (90-119 min),25.28436,6.1,Medium (5-6.9),613,Medium (100-999),Released
10678,Bringing Down the House,Bringing Down the House,en,2003-03-07,2003.0,Comedy,Comedy,20000000,132675402,112675402,6.6337701,105.0,Standard (90-119 min),8.351385,5.4,Medium (5-6.9),183,Medium (100-999),Released
274,The Silence of the Lambs,The Silence of the Lambs,en,1991-02-01,1991.0,Crime | Drama | Thriller,Crime,19000000,272742922,253742922,14.354890631578947,119.0,Standard (90-119 min),18.174804,8.1,Excellent (8+),4443,High (1K-4.9K),Released
8872,Wayne's World,Wayne's World,en,1992-02-14,1992.0,Music | Comedy,Music,20000000,121697323,101697323,6.08486615,94.0,Standard (90-119 min),21.815122,6.5,Medium (5-6.9),728,Medium (100-999),Released
16290,Jackass 3D,Jackass 3D,en,2010-10-15,2010.0,Comedy | Documentary | Action,Comedy,20000000,117224271,97224271,5.86121355,94.0,Standard (90-119 min),20.99174,6.4,Medium (5-6.9),428,Medium (100-999),Released
579,Jaws 2,Jaws 2,en,1978-06-16,1978.0,Horror | Thriller,Horror,20000000,187884007,167884007,9.39420035,116.0,Standard (90-119 min),19.636044,5.9,Medium (5-6.9),406,Medium (100-999),Released
14405,Beverly Hills Chihuahua,Beverly Hills Chihuahua,en,2008-10-03,2008.0,Adventure | Comedy | Family,Adventure,20000000,149281606,129281606,7.4640803,91.0,Standard (90-119 min),12.25264,4.9,Low (<5),209,Medium (100-999),Released
138843,The Conjuring,The Conjuring,en,2013-07-18,2013.0,Horror | Thriller,Horror,13000000,318000141,305000141,24.46154930769231,112.0,Standard (90-119 min),49.975409,7.4,Good (7-7.9),3092,High (1K-4.9K),Released
11637,Are We There Yet?,Are We There Yet?,en,2005-01-20,2005.0,Adventure | Comedy | Family | Romance,Adventure,32000000,97918663,65918663,3.05995821875,95.0,Standard (90-119 min),13.590677,5.2,Medium (5-6.9),221,Medium (100-999),Released
226486,Tammy,Tammy,en,2014-07-02,2014.0,Comedy,Comedy,20000000,100525432,80525432,5.0262716,97.0,Standard (90-119 min),21.657563,5.0,Medium (5-6.9),500,Medium (100-999),Released
1584,School of Rock,School of Rock,en,2003-10-03,2003.0,Comedy | Music,Comedy,35000000,131282949,96282949,3.7509414,108.0,Standard (90-119 min),43.057323,6.7,Medium (5-6.9),1414,High (1K-4.9K),Released
9312,Mortal Kombat,Mortal Kombat,en,1995-08-18,1995.0,Action | Fantasy,Action,18000000,122195920,104195920,6.788662222222222,101.0,Standard (90-119 min),16.470895,5.4,Medium (5-6.9),442,Medium (100-999),Released
12153,White Chicks,White Chicks,en,2004-06-23,2004.0,Comedy,Comedy,37000000,113086475,76086475,3.056391216216216,109.0,Standard (90-119 min),28.703007,6.3,Medium (5-6.9),679,Medium (100-999),Released
65057,The Descendants,The Descendants,en,2011-09-09,2011.0,Comedy | Drama,Comedy,20000000,177243185,157243185,8.86215925,115.0,Standard (90-119 min),40.903931,6.7,Medium (5-6.9),934,Medium (100-999),Released
8326,Holes,Holes,en,2003-04-18,2003.0,Adventure | Family | Drama | Comedy,Adventure,20000000,0,-20000000,0.0,117.0,Standard (90-119 min),22.001408,6.7,Medium (5-6.9),383,Medium (100-999),Released
35690,The Last Song,The Last Song,en,2010-03-31,2010.0,Drama | Family | Romance,Drama,0,0,0,0.0,107.0,Standard (90-119 min),23.139971,6.9,Medium (5-6.9),923,Medium (100-999),Released
76203,12 Years a Slave,12 Years a Slave,en,2013-10-18,2013.0,Drama | History,Drama,20000000,187000000,167000000,9.35,134.0,Long (120-149 min),95.9229,7.9,Good (7-7.9),3674,High (1K-4.9K),Released
13497,Drumline,Drumline,en,2002-12-13,2002.0,Drama | Romance | Comedy | Music,Drama,20000000,57588485,37588485,2.87942425,118.0,Standard (90-119 min),4.748929,6.2,Medium (5-6.9),116,Medium (100-999),Released
35688,Why Did I Get Married Too?,Why Did I Get Married Too?,en,2010-04-02,2010.0,Comedy | Romance,Comedy,20000000,60072596,40072596,3.0036298,121.0,Long (120-149 min),2.986286,6.1,Medium (5-6.9),29,Low (<100),Released
162,Edward Scissorhands,Edward Scissorhands,en,1990-12-05,1990.0,Fantasy | Drama | Romance,Fantasy,20000000,53000000,33000000,2.65,105.0,Standard (90-119 min),47.51363,7.5,Good (7-7.9),3601,High (1K-4.9K),Released
296096,Me Before You,Me Before You,en,2016-06-02,2016.0,Drama | Romance,Drama,20000000,207945075,187945075,10.39725375,110.0,Standard (90-119 min),53.161905,7.6,Good (7-7.9),2562,High (1K-4.9K),Released
103370,Madea's Witness Protection,Madea's Witness Protection,en,2012-06-29,2012.0,Drama | Comedy | Crime,Drama,0,0,0,0.0,114.0,Standard (90-119 min),7.050951,5.9,Medium (5-6.9),52,Low (<100),Released
1051,The French Connection,The French Connection,en,1971-10-09,1971.0,Action | Crime | Thriller,Action,1800000,41158757,39358757,22.86597611111111,104.0,Standard (90-119 min),15.978136,7.4,Good (7-7.9),422,Medium (100-999),Released
376659,Bad Moms,Bad Moms,en,2016-07-28,2016.0,Comedy,Comedy,20000000,183936074,163936074,9.1968037,100.0,Standard (90-119 min),42.512296,6.3,Medium (5-6.9),1252,High (1K-4.9K),Released
10073,Date Movie,Date Movie,en,2006-02-17,2006.0,Comedy,Comedy,20000000,48548426,28548426,2.4274213,83.0,Short (<90 min),10.098722,3.6,Low (<5),222,Medium (100-999),Released
16690,Return to Never Land,Return to Never Land,en,2002-02-14,2002.0,Adventure | Fantasy | Animation | Family,Adventure,20000000,109862682,89862682,5.4931341,72.0,Short (<90 min),15.341196,6.1,Medium (5-6.9),290,Medium (100-999),Released
273895,Selma,Selma,en,2014-12-25,2014.0,History | Drama,History,20000000,66787908,46787908,3.3393954,127.0,Long (120-149 min),29.023184,7.4,Good (7-7.9),817,Medium (100-999),Released
14873,The Jungle Book 2,The Jungle Book 2,en,2003-02-07,2003.0,Family | Animation | Adventure,Family,20000000,135680000,115680000,6.784,72.0,Short (<90 min),19.819893,5.6,Medium (5-6.9),269,Medium (100-999),Released
8968,Boogeyman,Boogeyman,en,2005-02-04,2005.0,Thriller | Horror | Drama | Mystery,Thriller,20000000,67192859,47192859,3.35964295,89.0,Short (<90 min),11.62423,4.6,Low (<5),191,Medium (100-999),Released
9963,Premonition,Premonition,en,2007-02-08,2007.0,Thriller | Drama | Mystery,Thriller,20000000,84146832,64146832,4.2073416,96.0,Standard (90-119 min),22.049787,5.8,Medium (5-6.9),381,Medium (100-999),Released
15655,The Tigger Movie,The Tigger Movie,en,2000-02-11,2000.0,Animation | Family,Animation,30000000,45554533,15554533,1.5184844333333334,77.0,Short (<90 min),9.829859,6.3,Medium (5-6.9),143,Medium (100-999),Released
21208,Orphan,Orphan,en,2009-07-24,2009.0,Horror | Thriller | Mystery,Horror,20000000,41596251,21596251,2.07981255,123.0,Long (120-149 min),29.295801,6.7,Medium (5-6.9),1261,High (1K-4.9K),Released
272878,Max,Max,en,2015-06-26,2015.0,Adventure | Drama | Family,Adventure,20000000,43967255,23967255,2.19836275,111.0,Standard (90-119 min),14.136476,6.8,Medium (5-6.9),276,Medium (100-999),Released
9760,Epic Movie,Epic Movie,en,2007-01-25,2007.0,Action | Adventure | Comedy,Action,20000000,86865564,66865564,4.3432782,86.0,Short (<90 min),6.064638,3.2,Low (<5),326,Medium (100-999),Released
314365,Spotlight,Spotlight,en,2015-11-06,2015.0,Drama | Thriller | History,Drama,20000000,88346473,68346473,4.41732365,128.0,Long (120-149 min),41.503588,7.8,Good (7-7.9),2686,High (1K-4.9K),Released
13279,Lakeview Terrace,Lakeview Terrace,en,2008-09-19,2008.0,Drama | Crime | Thriller,Drama,20000000,27640028,7640028,1.3820014,110.0,Standard (90-119 min),20.495749,5.9,Medium (5-6.9),292,Medium (100-999),Released
1975,The Grudge 2,The Grudge 2,en,2006-10-13,2006.0,Horror | Thriller,Horror,20000000,39143839,19143839,1.95719195,102.0,Standard (90-119 min),13.906944,5.2,Medium (5-6.9),283,Medium (100-999),Released
33644,How Stella Got Her Groove Back,How Stella Got Her Groove Back,en,1998-08-14,1998.0,Comedy | Drama | Romance,Comedy,20000000,37672350,17672350,1.8836175,124.0,Long (120-149 min),2.003047,6.0,Medium (5-6.9),24,Low (<100),Released
1649,Bill & Ted's Bogus Journey,Bill & Ted's Bogus Journey,en,1991-07-19,1991.0,Adventure | Comedy | Family | Fantasy | Science Fiction,Adventure,0,0,0,0.0,98.0,Standard (90-119 min),11.349664,5.9,Medium (5-6.9),308,Medium (100-999),Released
9895,Man of the Year,Man of the Year,en,2006-10-09,2006.0,Comedy | Drama | Romance | Thriller,Comedy,20000000,41237648,21237648,2.0618824,115.0,Standard (90-119 min),11.203335,5.8,Medium (5-6.9),129,Medium (100-999),Released
9570,The Black Hole,The Black Hole,en,1979-12-18,1979.0,Adventure | Family | Science Fiction | Action,Adventure,20000000,35841901,15841901,1.79209505,98.0,Standard (90-119 min),8.265317,6.1,Medium (5-6.9),131,Medium (100-999),Released
27579,The American,The American,en,2010-08-31,2010.0,Crime | Drama | Thriller,Crime,20000000,65464324,45464324,3.2732162,104.0,Standard (90-119 min),18.632156,5.8,Medium (5-6.9),481,Medium (100-999),Released
16052,Selena,Selena,en,1997-03-21,1997.0,Drama,Drama,20000000,60000000,40000000,3.0,127.0,Long (120-149 min),6.92592,7.0,Good (7-7.9),114,Medium (100-999),Released
40264,Vampires Suck,Vampires Suck,en,2010-08-18,2010.0,Horror | Comedy,Horror,20000000,80547866,60547866,4.0273933,82.0,Short (<90 min),17.165039,4.2,Low (<5),315,Medium (100-999),Released
1164,Babel,Babel,en,2006-09-08,2006.0,Drama,Drama,25000000,135330182,110330182,5.41320728,143.0,Long (120-149 min),25.785925,6.9,Medium (5-6.9),1055,High (1K-4.9K),Released
239678,This Is Where I Leave You,This Is Where I Leave You,en,2014-09-10,2014.0,Drama | Comedy,Drama,19800000,41296320,21496320,2.085672727272727,103.0,Standard (90-119 min),20.311684,6.5,Medium (5-6.9),505,Medium (100-999),Released
14359,Doubt,Doubt,en,2008-11-27,2008.0,Drama | Mystery,Drama,20000000,50907234,30907234,2.5453617,104.0,Standard (90-119 min),20.975165,7.0,Good (7-7.9),435,Medium (100-999),Released
3989,Team America: World Police,Team America: World Police,en,2004-10-10,2004.0,Music | Adventure | Animation | Action | Comedy,Music,32000000,50907422,18907422,1.5908569375,98.0,Standard (90-119 min),26.509175,6.6,Medium (5-6.9),660,Medium (100-999),Released
76617,Texas Chainsaw 3D,Texas Chainsaw 3D,en,2013-01-03,2013.0,Horror | Thriller,Horror,20000000,47241945,27241945,2.36209725,92.0,Standard (90-119 min),26.497025,5.3,Medium (5-6.9),465,Medium (100-999),Released
1710,Copycat,Copycat,en,1995-10-27,1995.0,Drama | Thriller,Drama,0,0,0,0.0,124.0,Long (120-149 min),14.211699,6.4,Medium (5-6.9),194,Medium (100-999),Released
4258,Scary Movie 5,Scary Movie 5,en,2013-04-11,2013.0,Comedy,Comedy,20000000,78378744,58378744,3.9189372,86.0,Short (<90 min),36.819044,4.6,Low (<5),793,Medium (100-999),Released
20391,Paint Your Wagon,Paint Your Wagon,en,1969-10-15,1969.0,Drama | Action | Comedy | Western | Music,Drama,20000000,31678778,11678778,1.5839389,158.0,Very Long (150+ min),7.902536,6.2,Medium (5-6.9),63,Low (<100),Released
10139,Milk,Milk,en,2008-11-26,2008.0,History | Drama,History,20000000,54586584,34586584,2.7293292,128.0,Long (120-149 min),30.909699,7.1,Good (7-7.9),612,Medium (100-999),Released
335778,Risen,Risen,en,2016-02-19,2016.0,Action,Action,20000000,46069568,26069568,2.3034784,107.0,Standard (90-119 min),16.663797,5.7,Medium (5-6.9),295,Medium (100-999),Released
9645,Ghost Ship,Ghost Ship,en,2002-10-25,2002.0,Horror | Mystery | Thriller,Horror,35000000,68349884,33349884,1.9528538285714285,91.0,Standard (90-119 min),27.724913,5.3,Medium (5-6.9),531,Medium (100-999),Released
55465,A Very Harold & Kumar Christmas,A Very Harold & Kumar Christmas,en,2011-11-04,2011.0,Comedy,Comedy,19000000,35387212,16387212,1.862484842105263,108.0,Standard (90-119 min),17.971883,6.0,Medium (5-6.9),328,Medium (100-999),Released
617,Wild Things,Wild Things,en,1998-03-20,1998.0,Crime | Drama | Mystery,Crime,20000000,67200000,47200000,3.36,108.0,Standard (90-119 min),25.041992,6.3,Medium (5-6.9),444,Medium (100-999),Released
19904,The Stepfather,The Stepfather,en,2009-10-16,2009.0,Horror | Thriller | Mystery,Horror,0,0,0,0.0,101.0,Standard (90-119 min),7.924428,5.4,Medium (5-6.9),167,Medium (100-999),Released
48289,The Debt,The Debt,en,2010-04-11,2010.0,Drama | Thriller,Drama,20000000,45636368,25636368,2.2818184,113.0,Standard (90-119 min),14.857884,6.3,Medium (5-6.9),257,Medium (100-999),Released
243,High Fidelity,High Fidelity,en,2000-03-17,2000.0,Comedy | Drama | Romance | Music,Comedy,30000000,47126295,17126295,1.5708765,113.0,Standard (90-119 min),23.982956,7.0,Good (7-7.9),628,Medium (100-999),Released
6933,One Missed Call,One Missed Call,en,2008-01-04,2008.0,Horror | Mystery | Thriller,Horror,20000000,0,-20000000,0.0,87.0,Short (<90 min),12.458131,4.7,Low (<5),171,Medium (100-999),Released
17182,Eye for an Eye,Eye for an Eye,en,1996-01-12,1996.0,Drama | Thriller,Drama,20000000,0,-20000000,0.0,101.0,Standard (90-119 min),3.996392,5.8,Medium (5-6.9),63,Low (<100),Released
8848,The Bank Job,The Bank Job,en,2008-02-28,2008.0,Thriller | Crime | Drama,Thriller,20000000,64822796,44822796,3.2411398,112.0,Standard (90-119 min),30.387754,6.6,Medium (5-6.9),697,Medium (100-999),Released
38,Eternal Sunshine of the Spotless Mind,Eternal Sunshine of the Spotless Mind,en,2004-03-19,2004.0,Science Fiction | Drama | Romance,Science Fiction,20000000,72258126,52258126,3.6129063,108.0,Standard (90-119 min),56.481487,7.9,Good (7-7.9),3652,High (1K-4.9K),Released
38303,You Again,You Again,en,2010-09-24,2010.0,Comedy | Romance,Comedy,20000000,32005248,12005248,1.6002624,105.0,Standard (90-119 min),19.962713,6.0,Medium (5-6.9),368,Medium (100-999),Released
1266,Street Kings,Street Kings,en,2008-04-10,2008.0,Action | Crime | Drama | Thriller,Action,20000000,65569869,45569869,3.27849345,109.0,Standard (90-119 min),18.666876,6.3,Medium (5-6.9),363,Medium (100-999),Released
107985,The World's End,The World's End,en,2013-07-18,2013.0,Comedy | Action | Science Fiction,Comedy,20000000,46089287,26089287,2.30446435,109.0,Standard (90-119 min),55.964605,6.7,Medium (5-6.9),1778,High (1K-4.9K),Released
14043,Nancy Drew,Nancy Drew,en,2007-06-15,2007.0,Action | Adventure | Crime | Family | Mystery | Thriller,Action,0,0,0,0.0,99.0,Standard (90-119 min),5.0348,5.8,Medium (5-6.9),143,Medium (100-999),Released
19901,Daybreakers,Daybreakers,en,2009-01-06,2009.0,Fantasy | Horror | Action | Thriller | Science Fiction,Fantasy,20000000,51416464,31416464,2.5708232,98.0,Standard (90-119 min),28.019226,6.0,Medium (5-6.9),634,Medium (100-999),Released
34016,She's Out of My League,She's Out of My League,en,2010-03-11,2010.0,Comedy | Romance,Comedy,20000000,49779728,29779728,2.4889864,104.0,Standard (90-119 min),16.176976,5.9,Medium (5-6.9),525,Medium (100-999),Released
59860,Monte Carlo,Monte Carlo,en,2011-07-01,2011.0,Adventure | Comedy | Romance,Adventure,20000000,17425000,-2575000,0.87125,109.0,Standard (90-119 min),17.237143,6.0,Medium (5-6.9),593,Medium (100-999),Released
10069,Stay Alive,Stay Alive,en,2006-03-24,2006.0,Horror | Thriller,Horror,9000000,27105095,18105095,3.011677222222222,100.0,Standard (90-119 min),4.34503,5.3,Medium (5-6.9),155,Medium (100-999),Released
9588,Quigley Down Under,Quigley Down Under,en,1990-10-17,1990.0,Romance | Action | Adventure | Western | Drama,Romance,0,0,0,0.0,119.0,Standard (90-119 min),11.360997,6.5,Medium (5-6.9),119,Medium (100-999),Released
12819,Alpha and Omega,Alpha and Omega,en,2010-09-17,2010.0,Family | Animation,Family,20000000,39300000,19300000,1.965,88.0,Short (<90 min),12.300789,5.3,Medium (5-6.9),124,Medium (100-999),Released
9954,The Covenant,The Covenant,en,2006-09-08,2006.0,Action | Adventure | Fantasy | Horror | Science Fiction | Thriller,Action,20000000,37597471,17597471,1.87987355,97.0,Standard (90-119 min),15.804814,5.2,Medium (5-6.9),288,Medium (100-999),Released
10115,Stick It,Stick It,en,2006-04-21,2006.0,Comedy | Drama,Comedy,0,0,0,0.0,105.0,Standard (90-119 min),9.750557,6.3,Medium (5-6.9),148,Medium (100-999),Released
25132,Shorts,Shorts,en,2009-08-21,2009.0,Comedy | Family,Comedy,40000000,28972508,-11027492,0.7243127,89.0,Short (<90 min),4.100942,5.1,Medium (5-6.9),44,Low (<100),Released
577,To Die For,To Die For,en,1995-05-20,1995.0,Fantasy | Drama | Comedy | Thriller,Fantasy,20000000,21284514,1284514,1.0642257,106.0,Standard (90-119 min),12.309715,6.7,Medium (5-6.9),175,Medium (100-999),Released
328387,Nerve,Nerve,en,2016-07-27,2016.0,Mystery | Adventure | Crime,Mystery,20000000,83707310,63707310,4.1853655,96.0,Standard (90-119 min),62.933899,7.1,Good (7-7.9),2181,High (1K-4.9K),Released
12690,Appaloosa,Appaloosa,en,2008-09-12,2008.0,Drama | Western | Crime,Drama,20000000,20211394,211394,1.0105697,115.0,Standard (90-119 min),16.074397,6.3,Medium (5-6.9),299,Medium (100-999),Released
9945,Vampires,Vampires,en,1998-04-15,1998.0,Action | Drama | Fantasy | Horror | Thriller,Action,20000000,0,-20000000,0.0,108.0,Standard (90-119 min),17.016284,5.8,Medium (5-6.9),255,Medium (100-999),Released
539,Psycho,Psycho,en,1960-06-16,1960.0,Drama | Horror | Thriller,Drama,806948,32000000,31193052,39.655591190510414,109.0,Standard (90-119 min),93.067866,8.2,Excellent (8+),2320,High (1K-4.9K),Released
13596,My Best Friend's Girl,My Best Friend's Girl,en,2008-09-19,2008.0,Romance | Comedy,Romance,20000000,36620508,16620508,1.8310254,101.0,Standard (90-119 min),17.145287,5.4,Medium (5-6.9),220,Medium (100-999),Released
226857,Endless Love,Endless Love,en,2014-02-12,2014.0,Drama | Romance,Drama,20000000,34077920,14077920,1.703896,103.0,Standard (90-119 min),27.256849,6.7,Medium (5-6.9),542,Medium (100-999),Released
13159,Georgia Rule,Georgia Rule,en,2007-05-11,2007.0,Comedy | Drama | Romance,Comedy,20000000,0,-20000000,0.0,113.0,Standard (90-119 min),7.878177,5.6,Medium (5-6.9),130,Medium (100-999),Released
47941,Under the Rainbow,Under the Rainbow,en,1981-07-31,1981.0,Comedy,Comedy,20000000,2297493,-17702507,0.11487465,98.0,Standard (90-119 min),0.173964,4.9,Low (<5),7,Low (<100),Released
526,Ladyhawke,Ladyhawke,en,1985-03-27,1985.0,Adventure | Drama | Fantasy | Romance,Adventure,20000000,18432000,-1568000,0.9216,121.0,Long (120-149 min),14.370111,6.8,Medium (5-6.9),260,Medium (100-999),Released
22796,Simon Birch,Simon Birch,en,1998-09-11,1998.0,Comedy | Drama | Family,Comedy,20000000,18253415,-1746585,0.91267075,114.0,Standard (90-119 min),11.090254,6.5,Medium (5-6.9),52,Low (<100),Released
2355,Reign Over Me,Reign Over Me,en,2007-03-23,2007.0,Drama,Drama,20000000,22222308,2222308,1.1111154,124.0,Long (120-149 min),20.82778,7.1,Good (7-7.9),334,Medium (100-999),Released
5915,Into the Wild,Into the Wild,en,2007-09-11,2007.0,Adventure | Drama,Adventure,15000000,56255142,41255142,3.7503428,148.0,Long (120-149 min),43.644978,7.8,Good (7-7.9),3045,High (1K-4.9K),Released
9842,School for Scoundrels,School for Scoundrels,en,2006-09-29,2006.0,Comedy | Drama | Romance,Comedy,20000000,17807569,-2192431,0.89037845,100.0,Standard (90-119 min),8.244324,5.6,Medium (5-6.9),111,Medium (100-999),Released
61012,Silent Hill: Revelation 3D,Silent Hill: Revelation 3D,en,2012-10-10,2012.0,Thriller | Horror | Mystery,Thriller,20000000,52302796,32302796,2.6151398,94.0,Standard (90-119 min),23.292761,5.0,Medium (5-6.9),432,Medium (100-999),Released
755,From Dusk Till Dawn,From Dusk Till Dawn,en,1996-01-19,1996.0,Horror | Action | Thriller | Crime,Horror,19000000,25836616,6836616,1.3598218947368421,108.0,Standard (90-119 min),64.181668,6.9,Medium (5-6.9),1603,High (1K-4.9K),Released
13682,Pooh's Heffalump Movie,Pooh's Heffalump Movie,en,2005-02-11,2005.0,Animation | Family,Animation,0,0,0,0.0,68.0,Short (<90 min),9.03154,6.4,Medium (5-6.9),88,Low (<100),Released
9089,Home for the Holidays,Home for the Holidays,en,1995-11-02,1995.0,Comedy | Drama | Romance,Comedy,0,17519169,17519169,0.0,103.0,Standard (90-119 min),4.031585,6.3,Medium (5-6.9),39,Low (<100),Released
9470,Kung Fu Hustle,功夫,cn,2004-02-10,2004.0,Action | Comedy | Crime | Fantasy,Action,20000000,100914445,80914445,5.04572225,99.0,Standard (90-119 min),13.658985,7.2,Good (7-7.9),831,Medium (100-999),Released
18357,The Country Bears,The Country Bears,en,2002-07-26,2002.0,Adventure | Comedy | Family,Adventure,35000000,0,-35000000,0.0,88.0,Short (<90 min),6.908351,4.3,Low (<5),20,Low (<100),Released
7979,The Kite Runner,The Kite Runner,en,2007-10-14,2007.0,Drama,Drama,20000000,73276047,53276047,3.66380235,128.0,Long (120-149 min),10.446722,7.3,Good (7-7.9),394,Medium (100-999),Released
470,21 Grams,21 Grams,en,2003-09-06,2003.0,Drama | Crime | Thriller,Drama,20000000,60427839,40427839,3.02139195,124.0,Long (120-149 min),32.243357,7.2,Good (7-7.9),918,Medium (100-999),Released
15644,Paparazzi,Paparazzi,en,2004-09-03,2004.0,Action | Drama | Thriller,Action,20000000,16605763,-3394237,0.83028815,84.0,Short (<90 min),9.149089,5.8,Medium (5-6.9),52,Low (<100),Released
9582,A Guy Thing,A Guy Thing,en,2003-01-17,2003.0,Comedy | Romance,Comedy,20000000,17432163,-2567837,0.87160815,101.0,Standard (90-119 min),5.596835,5.3,Medium (5-6.9),83,Low (<100),Released
10642,Loser,Loser,en,2000-07-21,2000.0,Drama | Comedy | Romance | Family,Drama,0,0,0,0.0,98.0,Standard (90-119 min),5.214408,5.0,Medium (5-6.9),120,Medium (100-999),Released
22074,Capitalism: A Love Story,Capitalism: A Love Story,en,2009-09-06,2009.0,Documentary,Documentary,20000000,17436509,-2563491,0.87182545,120.0,Long (120-149 min),10.50098,7.0,Good (7-7.9),167,Medium (100-999),Released
2428,The Greatest Story Ever Told,The Greatest Story Ever Told,en,1965-02-15,1965.0,Drama | History,Drama,20000000,15473333,-4526667,0.77366665,199.0,Very Long (150+ min),3.011205,6.5,Medium (5-6.9),41,Low (<100),Released
290751,Secret in Their Eyes,Secret in Their Eyes,en,2015-10-14,2015.0,Crime | Drama | Mystery,Crime,19500000,34854990,15354990,1.7874353846153845,111.0,Standard (90-119 min),15.012237,6.2,Medium (5-6.9),336,Medium (100-999),Released
13805,Disaster Movie,Disaster Movie,en,2008-08-29,2008.0,Action | Comedy,Action,25000000,14109284,-10890716,0.56437136,87.0,Short (<90 min),16.238961,3.0,Low (<5),240,Medium (100-999),Released
4597,Armored,Armored,en,2009-12-04,2009.0,Action | Crime | Drama | Thriller,Action,20000000,22942221,2942221,1.14711105,88.0,Short (<90 min),15.21229,5.5,Medium (5-6.9),208,Medium (100-999),Released
9414,The Man Who Knew Too Little,The Man Who Knew Too Little,en,1997-11-14,1997.0,Comedy | Thriller | Crime | Action,Comedy,20000000,13801755,-6198245,0.69008775,97.0,Standard (90-119 min),6.397042,6.5,Medium (5-6.9),125,Medium (100-999),Released
63492,What's Your Number?,What's Your Number?,en,2011-09-30,2011.0,Comedy | Romance,Comedy,20000000,30426096,10426096,1.5213048,106.0,Standard (90-119 min),19.220789,6.2,Medium (5-6.9),671,Medium (100-999),Released
81796,Lockout,Lockout,en,2012-04-12,2012.0,Action | Thriller | Science Fiction,Action,20000000,32204030,12204030,1.6102015,95.0,Standard (90-119 min),35.232278,5.8,Medium (5-6.9),715,Medium (100-999),Released
10710,Envy,Envy,en,2004-04-30,2004.0,Comedy,Comedy,40000000,0,-40000000,0.0,99.0,Standard (90-119 min),9.842771,4.8,Low (<5),139,Medium (100-999),Released
15092,Crank: High Voltage,Crank: High Voltage,en,2009-04-16,2009.0,Action | Thriller | Crime,Action,20000000,34560577,14560577,1.72802885,96.0,Standard (90-119 min),35.542809,5.9,Medium (5-6.9),861,Medium (100-999),Released
11382,Bullets Over Broadway,Bullets Over Broadway,en,1994-10-14,1994.0,Action | Comedy | Thriller,Action,0,0,0,0.0,98.0,Standard (90-119 min),7.829295,7.0,Good (7-7.9),130,Medium (100-999),Released
15005,One Night with the King,One Night with the King,en,2006-10-13,2006.0,Drama,Drama,20000000,13391174,-6608826,0.6695587,123.0,Long (120-149 min),3.476925,6.1,Medium (5-6.9),12,Low (<100),Released
8198,The Quiet American,The Quiet American,en,2002-11-22,2002.0,Drama | Action | Thriller | Romance,Drama,30000000,27674124,-2325876,0.9224708,101.0,Standard (90-119 min),5.133744,6.4,Medium (5-6.9),81,Low (<100),Released
6963,The Weather Man,The Weather Man,en,2005-10-20,2005.0,Comedy | Drama,Comedy,20000000,12482775,-7517225,0.62413875,101.0,Standard (90-119 min),14.031377,6.0,Medium (5-6.9),289,Medium (100-999),Released
15070,Undisputed,Undisputed,en,2002-08-23,2002.0,Action | Adventure | Drama | Thriller,Action,20000000,12398628,-7601372,0.6199314,96.0,Standard (90-119 min),17.227376,6.1,Medium (5-6.9),139,Medium (100-999),Released
12797,Ghost Town,Ghost Town,en,2008-09-19,2008.0,Comedy | Fantasy | Romance,Comedy,0,0,0,0.0,102.0,Standard (90-119 min),17.98817,6.4,Medium (5-6.9),286,Medium (100-999),Released
17134,12 Rounds,12 Rounds,en,2009-03-19,2009.0,Action | Adventure | Drama | Thriller,Action,20000000,17280326,-2719674,0.8640163,108.0,Standard (90-119 min),15.66135,5.7,Medium (5-6.9),220,Medium (100-999),Released
41402,Let Me In,Let Me In,en,2010-10-01,2010.0,Drama | Horror | Mystery,Drama,20000000,24145613,4145613,1.20728065,116.0,Standard (90-119 min),19.705311,6.7,Medium (5-6.9),641,Medium (100-999),Released
18885,3 Ninjas Kick Back,3 Ninjas Kick Back,en,1994-05-06,1994.0,Adventure | Action | Comedy | Family,Adventure,0,0,0,0.0,93.0,Standard (90-119 min),2.645722,4.5,Low (<5),48,Low (<100),Released
4953,Be Kind Rewind,Be Kind Rewind,en,2008-01-20,2008.0,Drama | Comedy,Drama,0,0,0,0.0,102.0,Standard (90-119 min),17.662683,6.2,Medium (5-6.9),424,Medium (100-999),Released
10773,Mrs Henderson Presents,Mrs Henderson Presents,en,2005-09-09,2005.0,Comedy | Drama,Comedy,0,0,0,0.0,103.0,Standard (90-119 min),2.894154,6.4,Medium (5-6.9),62,Low (<100),Released
146198,Triple 9,Triple 9,en,2016-02-19,2016.0,Action | Thriller,Action,20000000,12639297,-7360703,0.63196485,115.0,Standard (90-119 min),29.371987,5.6,Medium (5-6.9),797,Medium (100-999),Released
2639,Deconstructing Harry,Deconstructing Harry,en,1997-08-26,1997.0,Comedy | Drama,Comedy,20000000,10686841,-9313159,0.53434205,96.0,Standard (90-119 min),11.352693,7.3,Good (7-7.9),187,Medium (100-999),Released
10563,Three to Tango,Three to Tango,en,1999-10-22,1999.0,Comedy | Romance,Comedy,20000000,0,-20000000,0.0,98.0,Standard (90-119 min),7.553773,5.4,Medium (5-6.9),62,Low (<100),Released
295964,Burnt,Burnt,en,2015-10-02,2015.0,Drama,Drama,20000000,36606743,16606743,1.83033715,100.0,Standard (90-119 min),30.477114,6.3,Medium (5-6.9),950,Medium (100-999),Released
5971,We're No Angels,We're No Angels,en,1989-12-15,1989.0,Comedy | Crime | Drama,Comedy,20000000,0,-20000000,0.0,106.0,Standard (90-119 min),9.927018,5.6,Medium (5-6.9),105,Medium (100-999),Released
9716,Everyone Says I Love You,Everyone Says I Love You,en,1996-12-06,1996.0,Music | Comedy | Romance,Music,20000000,0,-20000000,0.0,101.0,Standard (90-119 min),12.379781,6.5,Medium (5-6.9),147,Medium (100-999),Released
11835,Death Sentence,Death Sentence,en,2007-08-31,2007.0,Action | Crime | Drama | Thriller,Action,20000000,16974459,-3025541,0.84872295,105.0,Standard (90-119 min),12.643703,6.5,Medium (5-6.9),297,Medium (100-999),Released
26171,Everybody's Fine,Everybody's Fine,en,2009-12-04,2009.0,Drama,Drama,21000000,0,-21000000,0.0,99.0,Standard (90-119 min),15.440465,6.5,Medium (5-6.9),284,Medium (100-999),Released
31117,Superbabies: Baby Geniuses 2,Superbabies: Baby Geniuses 2,en,2004-08-27,2004.0,Comedy | Family,Comedy,0,9109322,9109322,0.0,88.0,Short (<90 min),5.886228,1.9,Low (<5),35,Low (<100),Released
9074,The Man,The Man,en,2005-09-08,2005.0,Action | Comedy | Crime,Action,0,12382362,12382362,0.0,83.0,Short (<90 min),6.925645,5.4,Medium (5-6.9),133,Medium (100-999),Released
14396,Code Name: The Cleaner,Code Name: The Cleaner,en,2007-01-05,2007.0,Action | Comedy | Crime,Action,20000000,10337477,-9662523,0.51687385,84.0,Short (<90 min),9.36146,4.7,Low (<5),78,Low (<100),Released
15673,Connie and Carla,Connie and Carla,en,2004-04-16,2004.0,Comedy,Comedy,20000000,11341016,-8658984,0.5670508,98.0,Standard (90-119 min),6.102663,6.4,Medium (5-6.9),24,Low (<100),Released
42618,Sweet Charity,Sweet Charity,en,1969-01-01,1969.0,Comedy | Drama | Music | Romance,Comedy,8000000,20000000,12000000,2.5,149.0,Long (120-149 min),0.709143,6.5,Medium (5-6.9),15,Low (<100),Released
171274,Inherent Vice,Inherent Vice,en,2014-12-25,2014.0,Comedy | Romance | Crime | Drama | Mystery,Comedy,20000000,11110975,-8889025,0.55554875,148.0,Long (120-149 min),45.742217,6.5,Medium (5-6.9),833,Medium (100-999),Released
24432,Doogal,Doogal,en,2006-02-24,2006.0,Family,Family,0,0,0,0.0,85.0,Short (<90 min),1.682839,3.2,Low (<5),18,Low (<100),Released
109417,Battle of the Year,Battle of the Year,en,2013-09-21,2013.0,Music | Drama,Music,20000000,16549477,-3450523,0.82747385,110.0,Standard (90-119 min),8.237336,5.9,Medium (5-6.9),88,Low (<100),Released
13948,An American Carol,An American Carol,en,2008-10-03,2008.0,Comedy | Fantasy,Comedy,20000000,7000000,-13000000,0.35,83.0,Short (<90 min),2.605374,4.1,Low (<5),20,Low (<100),Released
106747,Machete Kills,Machete Kills,en,2013-09-12,2013.0,Action | Crime | Thriller,Action,12000000,15008161,3008161,1.2506800833333334,107.0,Standard (90-119 min),29.072964,5.3,Medium (5-6.9),631,Medium (100-999),Released
10929,Willard,Willard,en,2003-03-14,2003.0,Horror,Horror,22000000,0,-22000000,0.0,100.0,Standard (90-119 min),1.322528,5.8,Medium (5-6.9),82,Low (<100),Released
14220,Strange Wilderness,Strange Wilderness,en,2008-02-01,2008.0,Comedy,Comedy,0,6575282,6575282,0.0,87.0,Short (<90 min),4.961306,4.7,Low (<5),69,Low (<100),Released
46435,Topsy-Turvy,Topsy-Turvy,en,1999-09-03,1999.0,Comedy | Drama | Music,Comedy,0,0,0,0.0,160.0,Very Long (150+ min),8.628519,6.7,Medium (5-6.9),41,Low (<100),Released
256962,Little Boy,Little Boy,en,2015-04-23,2015.0,Comedy | Drama | War,Comedy,20000000,6420319,-13579681,0.32101595,106.0,Standard (90-119 min),12.232048,7.0,Good (7-7.9),185,Medium (100-999),Released
48231,A Dangerous Method,A Dangerous Method,en,2011-09-30,2011.0,Drama | Thriller,Drama,15000000,27462041,12462041,1.8308027333333334,99.0,Standard (90-119 min),27.133277,6.2,Medium (5-6.9),571,Medium (100-999),Released
3509,A Scanner Darkly,A Scanner Darkly,en,2006-05-25,2006.0,Animation | Science Fiction | Thriller,Animation,8700000,7659918,-1040082,0.8804503448275862,100.0,Standard (90-119 min),26.093043,6.8,Medium (5-6.9),532,Medium (100-999),Released
82684,Chasing Mavericks,Chasing Mavericks,en,2012-10-25,2012.0,Drama,Drama,0,0,0,0.0,117.0,Standard (90-119 min),13.621201,7.0,Good (7-7.9),216,Medium (100-999),Released
12142,Alone in the Dark,Alone in the Dark,en,2005-01-28,2005.0,Action | Fantasy | Horror | Thriller,Action,20000000,10442808,-9557192,0.5221404,96.0,Standard (90-119 min),9.292987,3.1,Low (<5),173,Medium (100-999),Released
23367,Bandslam,Bandslam,en,2009-08-06,2009.0,Comedy | Drama | Family | Music,Comedy,20000000,5210988,-14789012,0.2605494,111.0,Standard (90-119 min),7.716606,5.4,Medium (5-6.9),126,Medium (100-999),Released
10740,Birth,Birth,en,2004-09-08,2004.0,Drama | Mystery | Thriller,Drama,20000000,0,-20000000,0.0,100.0,Standard (90-119 min),7.698075,5.9,Medium (5-6.9),179,Medium (100-999),Released
241239,A Most Violent Year,A Most Violent Year,en,2014-12-30,2014.0,Crime | Drama | Thriller,Crime,20000000,12007070,-7992930,0.6003535,125.0,Long (120-149 min),37.629309,6.5,Medium (5-6.9),546,Medium (100-999),Released
14582,Passchendaele,Passchendaele,en,2008-10-17,2008.0,Drama | Romance | War | History,Drama,0,0,0,0.0,114.0,Standard (90-119 min),2.405911,6.3,Medium (5-6.9),26,Low (<100),Released
14914,Flash of Genius,Flash of Genius,en,2008-09-07,2008.0,Drama,Drama,0,0,0,0.0,119.0,Standard (90-119 min),3.350297,6.3,Medium (5-6.9),59,Low (<100),Released
3902,I'm Not There.,I'm Not There.,en,2007-10-01,2007.0,Drama | Music,Drama,20000000,4001121,-15998879,0.20005605,135.0,Long (120-149 min),13.032308,6.6,Medium (5-6.9),195,Medium (100-999),Released
77948,The Cold Light of Day,The Cold Light of Day,en,2012-04-04,2012.0,Action | Thriller,Action,20000000,16863583,-3136417,0.84317915,93.0,Standard (90-119 min),15.131867,4.8,Low (<5),271,Medium (100-999),Released
21755,The Brothers Bloom,The Brothers Bloom,en,2008-09-09,2008.0,Adventure | Comedy | Drama | Romance,Adventure,20000000,5530764,-14469236,0.2765382,114.0,Standard (90-119 min),10.218307,6.8,Medium (5-6.9),203,Medium (100-999),Released
4960,"Synecdoche, New York","Synecdoche, New York",en,2008-10-24,2008.0,Drama,Drama,21000000,0,-21000000,0.0,124.0,Long (120-149 min),12.761176,7.4,Good (7-7.9),278,Medium (100-999),Released
128,Princess Mononoke,もののけ姫,ja,1997-07-12,1997.0,Adventure | Fantasy | Animation,Adventure,26500000,159375308,132875308,6.014162566037736,134.0,Long (120-149 min),60.732738,8.2,Excellent (8+),1983,High (1K-4.9K),Released
14652,Bon voyage,Bon voyage,fr,2003-04-16,2003.0,Comedy | Drama | Foreign,Comedy,0,0,0,0.0,114.0,Standard (90-119 min),0.49446,5.7,Medium (5-6.9),20,Low (<100),Released
40932,Can't Stop the Music,Can't Stop the Music,en,1980-06-20,1980.0,Comedy | Music,Comedy,0,0,0,0.0,124.0,Long (120-149 min),6.574285,4.9,Low (<5),9,Low (<100),Released
16608,The Proposition,The Proposition,en,2005-10-06,2005.0,Action | Adventure | Crime | Drama | Thriller | Western,Action,2000000,5048693,3048693,2.5243465,104.0,Standard (90-119 min),14.617944,7.1,Good (7-7.9),218,Medium (100-999),Released
334531,My All American,My All American,en,2015-11-13,2015.0,Drama,Drama,20000000,0,-20000000,0.0,118.0,Standard (90-119 min),3.102987,6.8,Medium (5-6.9),36,Low (<100),Released
32316,Marci X,Marci X,en,2003-08-22,2003.0,Comedy,Comedy,20000000,1675706,-18324294,0.0837853,84.0,Short (<90 min),5.65327,3.3,Low (<5),12,Low (<100),Released
7299,Equilibrium,Equilibrium,en,2002-12-06,2002.0,Action | Science Fiction | Thriller,Action,20000000,5359645,-14640355,0.26798225,107.0,Standard (90-119 min),44.566609,6.9,Medium (5-6.9),1552,High (1K-4.9K),Released
13405,The Children of Huang Shi,黃石的孩子,zh,2008-07-03,2008.0,Drama | War,Drama,40000000,7400000,-32600000,0.185,125.0,Long (120-149 min),8.978408,6.5,Medium (5-6.9),52,Low (<100),Released
19457,The Yards,The Yards,en,2000-04-27,2000.0,Drama | Action | Thriller | Crime,Drama,0,0,0,0.0,115.0,Standard (90-119 min),10.150993,6.0,Medium (5-6.9),97,Low (<100),Released
112937,The Oogieloves in the Big Balloon Adventure,The Oogieloves in the Big Balloon Adventure,en,2012-08-29,2012.0,Family,Family,0,0,0,0.0,88.0,Short (<90 min),0.28576,2.2,Low (<5),8,Low (<100),Released
314385,By the Sea,By the Sea,en,2015-11-12,2015.0,Drama | Romance,Drama,10000000,3727746,-6272254,0.3727746,122.0,Long (120-149 min),11.267676,5.4,Medium (5-6.9),156,Medium (100-999),Released
8953,Steamboy,Steamboy,ja,2004-07-17,2004.0,Animation | Fantasy | Science Fiction,Animation,20000000,0,-20000000,0.0,126.0,Long (120-149 min),9.129808,6.4,Medium (5-6.9),102,Medium (100-999),Released
29078,The Game of Their Lives,The Game of Their Lives,en,2005-01-01,2005.0,Drama,Drama,0,0,0,0.0,101.0,Standard (90-119 min),2.013405,5.8,Medium (5-6.9),14,Low (<100),Released
46503,All Good Things,All Good Things,en,2010-12-03,2010.0,Drama | Mystery | Thriller | Crime | Romance,Drama,0,0,0,0.0,101.0,Standard (90-119 min),20.086645,5.9,Medium (5-6.9),286,Medium (100-999),Released
10448,Rapa Nui,Rapa Nui,en,1994-09-09,1994.0,Adventure,Adventure,20000000,305070,-19694930,0.0152535,107.0,Standard (90-119 min),3.581906,6.2,Medium (5-6.9),33,Low (<100),Released
13688,CJ7,長江七號,cn,2008-01-30,2008.0,Comedy | Drama | Family | Fantasy | Science Fiction,Comedy,0,47301471,47301471,0.0,86.0,Short (<90 min),12.373248,6.1,Medium (5-6.9),107,Medium (100-999),Released
10353,The Visitors II: The Corridors of Time,Les Visiteurs 2 : Les Couloirs du temps,fr,1998-02-11,1998.0,Comedy | Fantasy,Comedy,0,0,0,0.0,118.0,Standard (90-119 min),12.283025,5.8,Medium (5-6.9),221,Medium (100-999),Released
43935,Dylan Dog: Dead of Night,Dylan Dog: Dead of Night,en,2011-03-16,2011.0,Action | Comedy | Horror | Mystery | Science Fiction | Thriller,Action,20000000,4634062,-15365938,0.2317031,107.0,Standard (90-119 min),10.617236,4.5,Low (<5),139,Medium (100-999),Released
11458,People I Know,People I Know,en,2002-11-21,2002.0,Drama | Thriller,Drama,20000000,0,-20000000,0.0,100.0,Standard (90-119 min),6.377308,5.5,Medium (5-6.9),48,Low (<100),Released
44638,The Tempest,The Tempest,en,2010-12-10,2010.0,Drama | Fantasy,Drama,20000000,346594,-19653406,0.0173297,110.0,Standard (90-119 min),3.620537,6.0,Medium (5-6.9),31,Low (<100),Released
241257,Regression,Regression,en,2015-10-01,2015.0,Horror | Mystery | Thriller,Horror,0,17671101,17671101,0.0,106.0,Standard (90-119 min),27.215666,5.3,Medium (5-6.9),585,Medium (100-999),Released
14538,Three Kingdoms: Resurrection of the Dragon,三国之见龙卸甲,en,2008-04-03,2008.0,Action | History | Drama,Action,0,0,0,0.0,102.0,Standard (90-119 min),4.127155,6.6,Medium (5-6.9),35,Low (<100),Released
13250,Butterfly on a Wheel,Butterfly on a Wheel,en,2007-07-27,2007.0,Crime | Drama | Thriller,Crime,20000000,0,-20000000,0.0,95.0,Standard (90-119 min),13.118983,6.3,Medium (5-6.9),130,Medium (100-999),Released
133931,Zambezia,Zambezia,en,2012-06-05,2012.0,Comedy | Animation | Adventure | Family,Comedy,20000000,0,-20000000,0.0,83.0,Short (<90 min),14.182301,5.3,Medium (5-6.9),68,Low (<100),Released
280871,Ramanujan,ராமானுஜன்,ta,2014-07-11,2014.0,Drama | History,Drama,0,0,0,0.0,170.0,Very Long (150+ min),0.416179,5.0,Medium (5-6.9),3,Low (<100),Released
239897,Dwegons,Dwegons,en,2014-01-24,2014.0,Animation,Animation,0,0,0,0.0,98.0,Standard (90-119 min),0.485405,0.5,Low (<5),1,Low (<100),Released
184341,Hands of Stone,Hands of Stone,en,2016-08-26,2016.0,Drama,Drama,20000000,0,-20000000,0.0,105.0,Standard (90-119 min),7.444189,6.1,Medium (5-6.9),109,Medium (100-999),Released
334074,Survivor,Survivor,en,2015-05-21,2015.0,Thriller,Thriller,20000000,0,-20000000,0.0,96.0,Standard (90-119 min),33.625477,5.4,Medium (5-6.9),404,Medium (100-999),Released
199373,The Frozen Ground,The Frozen Ground,en,2013-07-18,2013.0,Thriller | Crime,Thriller,27220000,5496951,-21723049,0.20194529757531227,105.0,Standard (90-119 min),28.060472,6.1,Medium (5-6.9),465,Medium (100-999),Released
14202,The Painted Veil,The Painted Veil,en,2006-12-09,2006.0,Drama | Romance,Drama,19400000,0,-19400000,0.0,125.0,Long (120-149 min),20.746932,7.1,Good (7-7.9),312,Medium (100-999),Released
6968,The Baader Meinhof Complex,Der Baader Meinhof Komplex,de,2008-09-24,2008.0,Action | Crime | Drama | History | Thriller,Action,27000000,0,-27000000,0.0,150.0,Very Long (150+ min),7.727035,7.1,Good (7-7.9),157,Medium (100-999),Released
581,Dances with Wolves,Dances with Wolves,en,1990-11-09,1990.0,Adventure | Drama | Western,Adventure,22000000,424208848,402208848,19.282220363636362,181.0,Very Long (150+ min),45.707835,7.6,Good (7-7.9),1046,High (1K-4.9K),Released
52449,Bad Teacher,Bad Teacher,en,2011-05-16,2011.0,Comedy,Comedy,20000000,216197492,196197492,10.8098746,92.0,Standard (90-119 min),28.497242,5.4,Medium (5-6.9),1584,High (1K-4.9K),Released
12150,Sea of Love,Sea of Love,en,1989-09-15,1989.0,Drama | Crime | Mystery,Drama,19000000,110879513,91879513,5.835763842105263,113.0,Standard (90-119 min),11.47316,6.7,Medium (5-6.9),141,Medium (100-999),Released
11247,A Cinderella Story,A Cinderella Story,en,2004-07-10,2004.0,Comedy,Comedy,19000000,70067909,51067909,3.687784684210526,95.0,Standard (90-119 min),25.28132,6.1,Medium (5-6.9),713,Medium (100-999),Released
4232,Scream,Scream,en,1996-12-20,1996.0,Crime | Horror | Mystery,Crime,14000000,173046663,159046663,12.360475928571429,111.0,Standard (90-119 min),45.99611,7.0,Good (7-7.9),1476,High (1K-4.9K),Released
9378,Thir13en Ghosts,Thir13en Ghosts,en,2001-10-26,2001.0,Horror | Thriller,Horror,0,0,0,0.0,91.0,Standard (90-119 min),20.392858,5.4,Medium (5-6.9),440,Medium (100-999),Released
694,The Shining,The Shining,en,1980-05-22,1980.0,Horror | Thriller,Horror,19000000,44017374,25017374,2.316703894736842,144.0,Long (120-149 min),78.699993,8.1,Excellent (8+),3757,High (1K-4.9K),Released
105,Back to the Future,Back to the Future,en,1985-07-03,1985.0,Adventure | Comedy | Science Fiction | Family,Adventure,19000000,381109762,362109762,20.05840852631579,116.0,Standard (90-119 min),76.603233,8.0,Excellent (8+),6079,Very High (5K+),Released
11377,House on Haunted Hill,House on Haunted Hill,en,1999-10-29,1999.0,Horror | Mystery | Thriller,Horror,19000000,40846082,21846082,2.149793789473684,93.0,Standard (90-119 min),13.664614,5.5,Medium (5-6.9),209,Medium (100-999),Released
26367,I Can Do Bad All By Myself,I Can Do Bad All By Myself,en,2009-09-11,2009.0,Drama | Comedy,Drama,0,0,0,0.0,113.0,Standard (90-119 min),2.242809,6.0,Medium (5-6.9),40,Low (<100),Released
385383,Fight Valley,Fight Valley,en,2016-07-22,2016.0,Action | Drama,Action,27000000,0,-27000000,0.0,90.0,Standard (90-119 min),1.224105,3.9,Low (<5),8,Low (<100),Released
41210,The Switch,The Switch,en,2010-05-11,2010.0,Comedy | Romance | Drama,Comedy,19000000,49830607,30830607,2.6226635263157894,101.0,Standard (90-119 min),27.494037,5.9,Medium (5-6.9),583,Medium (100-999),Released
12090,Just Married,Just Married,en,2003-01-09,2003.0,Comedy,Comedy,18000000,101564935,83564935,5.642496388888889,95.0,Standard (90-119 min),18.47518,5.3,Medium (5-6.9),404,Medium (100-999),Released
62630,The Devil's Double,The Devil's Double,en,2011-02-11,2011.0,Drama | Action | Thriller | Crime | War,Drama,19100000,5728213,-13371787,0.2999064397905759,109.0,Standard (90-119 min),10.559414,6.5,Medium (5-6.9),208,Medium (100-999),Released
16110,Thomas and the Magic Railroad,Thomas and the Magic Railroad,en,2000-07-26,2000.0,Animation | Drama | Family | Science Fiction,Animation,0,0,0,0.0,85.0,Short (<90 min),1.916351,4.6,Low (<5),8,Low (<100),Released
29427,The Crazies,The Crazies,en,2010-02-26,2010.0,Mystery | Horror | Action,Mystery,20000000,54956140,34956140,2.747807,101.0,Standard (90-119 min),28.867568,6.2,Medium (5-6.9),633,Medium (100-999),Released
129,Spirited Away,千と千尋の神隠し,ja,2001-07-20,2001.0,Fantasy | Adventure | Animation | Family,Fantasy,15000000,274925095,259925095,18.32833966666667,125.0,Long (120-149 min),118.968562,8.3,Excellent (8+),3840,High (1K-4.9K),Released
244114,Firestorm,風暴,zh,2013-12-12,2013.0,Action | Crime,Action,0,0,0,0.0,110.0,Standard (90-119 min),3.376967,5.9,Medium (5-6.9),43,Low (<100),Released
2669,The Bounty,The Bounty,en,1984-05-04,1984.0,Action | Drama | History,Action,25000000,8613462,-16386538,0.34453848,132.0,Long (120-149 min),7.436491,6.5,Medium (5-6.9),108,Medium (100-999),Released
203833,The Book Thief,The Book Thief,en,2013-11-08,2013.0,Drama,Drama,0,76586316,76586316,0.0,131.0,Long (120-149 min),57.84156,7.4,Good (7-7.9),1486,High (1K-4.9K),Released
13523,Sex Drive,Sex Drive,en,2008-10-16,2008.0,Comedy | Adventure | Romance,Comedy,19000000,18755936,-244064,0.9871545263157895,109.0,Standard (90-119 min),17.952817,6.0,Medium (5-6.9),342,Medium (100-999),Released
25195,Leap Year,Leap Year,en,2010-01-08,2010.0,Romance | Comedy,Romance,19000000,29922472,10922472,1.5748669473684211,100.0,Standard (90-119 min),21.959742,6.4,Medium (5-6.9),465,Medium (100-999),Released
17277,The Fall of the Roman Empire,The Fall of the Roman Empire,en,1964-03-24,1964.0,Drama | History,Drama,19000000,4750000,-14250000,0.25,188.0,Very Long (150+ min),4.229942,6.0,Medium (5-6.9),33,Low (<100),Released
50725,Take Me Home Tonight,Take Me Home Tonight,en,2011-03-04,2011.0,Comedy | Drama | Romance,Comedy,19000000,6928068,-12071932,0.3646351578947368,97.0,Standard (90-119 min),11.766564,6.2,Medium (5-6.9),208,Medium (100-999),Released
82631,Won't Back Down,Won't Back Down,en,2012-09-28,2012.0,Drama,Drama,0,5310554,5310554,0.0,121.0,Long (120-149 min),2.366251,5.8,Medium (5-6.9),40,Low (<100),Released
73191,The Nutcracker,The Nutcracker,en,1993-11-24,1993.0,Family | Fantasy | Music,Family,19000000,2119994,-16880006,0.11157863157894737,93.0,Standard (90-119 min),0.068228,5.6,Medium (5-6.9),5,Low (<100),Released
22479,Kansas City,Kansas City,en,1996-08-16,1996.0,Thriller | Drama | Music | Crime,Thriller,18000000,0,-18000000,0.0,116.0,Standard (90-119 min),5.380733,6.1,Medium (5-6.9),12,Low (<100),Released
340611,Indignation,Indignation,en,2016-07-29,2016.0,Drama,Drama,0,0,0,0.0,110.0,Standard (90-119 min),5.625989,6.8,Medium (5-6.9),69,Low (<100),Released
10065,The Amityville Horror,The Amityville Horror,en,2005-04-15,2005.0,Horror | Thriller | Drama,Horror,19000000,108047131,89047131,5.686691105263158,90.0,Standard (90-119 min),30.205943,6.0,Medium (5-6.9),588,Medium (100-999),Released
2757,Adaptation.,Adaptation.,en,2002-12-06,2002.0,Comedy | Crime | Drama,Comedy,19000000,32801173,13801173,1.7263775263157894,114.0,Standard (90-119 min),26.441669,7.3,Good (7-7.9),638,Medium (100-999),Released
11683,Land of the Dead,Land of the Dead,en,2005-06-24,2005.0,Horror,Horror,15000000,46770602,31770602,3.1180401333333334,93.0,Standard (90-119 min),15.262492,6.0,Medium (5-6.9),381,Medium (100-999),Released
244339,Out of Inferno,逃出生天,cn,2013-03-10,2013.0,Action,Action,0,0,0,0.0,107.0,Standard (90-119 min),1.583918,5.8,Medium (5-6.9),11,Low (<100),Released
1878,Fear and Loathing in Las Vegas,Fear and Loathing in Las Vegas,en,1998-05-22,1998.0,Adventure | Drama | Comedy,Adventure,18500000,10680275,-7819725,0.5773121621621622,118.0,Standard (90-119 min),44.511363,7.2,Good (7-7.9),1301,High (1K-4.9K),Released
23082,The Invention of Lying,The Invention of Lying,en,2009-09-13,2009.0,Comedy | Romance | Fantasy,Comedy,18500000,31912793,13412793,1.7250158378378377,100.0,Standard (90-119 min),16.665841,6.0,Medium (5-6.9),518,Medium (100-999),Released
195589,Neighbors,Neighbors,en,2014-05-08,2014.0,Comedy,Comedy,18000000,268157400,250157400,14.897633333333333,96.0,Standard (90-119 min),36.471231,6.2,Medium (5-6.9),2713,High (1K-4.9K),Released
854,The Mask,The Mask,en,1994-07-29,1994.0,Romance | Comedy | Crime | Fantasy,Romance,23000000,351583407,328583407,15.286235086956522,101.0,Standard (90-119 min),85.30318,6.6,Medium (5-6.9),2472,High (1K-4.9K),Released
2280,Big,Big,en,1988-06-03,1988.0,Fantasy | Drama | Comedy | Romance | Family,Fantasy,18000000,151668774,133668774,8.426043,104.0,Standard (90-119 min),20.716023,6.9,Medium (5-6.9),993,Medium (100-999),Released
496,Borat: Cultural Learnings of America for Make Benefit Glorious Nation of Kazakhstan,Borat: Cultural Learnings of America for Make Benefit Glorious Nation of Kazakhstan,en,2006-11-01,2006.0,Comedy,Comedy,18000000,261572744,243572744,14.531819111111112,82.0,Short (<90 min),29.487784,6.5,Medium (5-6.9),1579,High (1K-4.9K),Released
8835,Legally Blonde,Legally Blonde,en,2001-07-13,2001.0,Comedy,Comedy,18000000,141774679,123774679,7.8763710555555555,96.0,Standard (90-119 min),25.43954,6.1,Medium (5-6.9),882,Medium (100-999),Released
157,Star Trek III: The Search for Spock,Star Trek III: The Search for Spock,en,1984-05-31,1984.0,Science Fiction | Action | Adventure | Thriller,Science Fiction,18000000,87000000,69000000,4.833333333333333,105.0,Standard (90-119 min),15.314027,6.4,Medium (5-6.9),434,Medium (100-999),Released
8643,The Exorcism of Emily Rose,The Exorcism of Emily Rose,en,2005-09-09,2005.0,Crime | Drama | Horror | Thriller,Crime,19000000,144216468,125216468,7.590340421052631,122.0,Long (120-149 min),32.602868,6.3,Medium (5-6.9),659,Medium (100-999),Released
10402,Deuce Bigalow: Male Gigolo,Deuce Bigalow: Male Gigolo,en,1999-12-10,1999.0,Comedy,Comedy,17000000,65535067,48535067,3.8550039411764705,88.0,Short (<90 min),9.832326,5.5,Medium (5-6.9),308,Medium (100-999),Released
218043,Left Behind,Left Behind,en,2014-10-03,2014.0,Thriller | Action | Science Fiction,Thriller,16000000,19682924,3682924,1.23018275,110.0,Standard (90-119 min),33.452469,3.7,Low (<5),392,Medium (100-999),Released
9043,The Family Stone,The Family Stone,en,2005-12-14,2005.0,Comedy | Drama | Romance,Comedy,0,0,0,0.0,103.0,Standard (90-119 min),14.190837,6.2,Medium (5-6.9),249,Medium (100-999),Released
21301,Barbershop 2:  Back in Business,Barbershop 2:  Back in Business,en,2004-01-20,2004.0,Comedy | Drama,Comedy,18000000,65070412,47070412,3.615022888888889,106.0,Standard (90-119 min),6.501815,5.6,Medium (5-6.9),74,Low (<100),Released
10147,Bad Santa,Bad Santa,en,2003-11-26,2003.0,Drama | Comedy | Crime,Drama,23000000,76488889,53488889,3.3256038695652173,91.0,Standard (90-119 min),26.58873,6.5,Medium (5-6.9),656,Medium (100-999),Released
816,Austin Powers: International Man of Mystery,Austin Powers: International Man of Mystery,en,1997-05-02,1997.0,Science Fiction | Comedy | Crime,Science Fiction,16500000,67683989,51183989,4.102059939393939,94.0,Standard (90-119 min),36.15716,6.5,Medium (5-6.9),1013,High (1K-4.9K),Released
302688,My Big Fat Greek Wedding 2,My Big Fat Greek Wedding 2,en,2016-03-23,2016.0,Romance | Comedy | Family,Romance,18000000,88923251,70923251,4.940180611111111,94.0,Standard (90-119 min),16.027955,5.5,Medium (5-6.9),322,Medium (100-999),Released
60307,Diary of a Wimpy Kid: Rodrick Rules,Diary of a Wimpy Kid: Rodrick Rules,en,2011-03-25,2011.0,Family | Comedy,Family,21000000,72417394,51417394,3.448447333333333,99.0,Standard (90-119 min),14.329891,6.3,Medium (5-6.9),238,Medium (100-999),Released
106,Predator,Predator,en,1987-06-11,1987.0,Science Fiction | Action | Adventure | Thriller,Science Fiction,18000000,98235548,80235548,5.457530444444444,107.0,Standard (90-119 min),50.009408,7.3,Good (7-7.9),2093,High (1K-4.9K),Released
279,Amadeus,Amadeus,en,1984-10-26,1984.0,Drama | History | Music,Drama,18000000,51973029,33973029,2.8873905,160.0,Very Long (150+ min),31.82675,7.8,Good (7-7.9),1076,High (1K-4.9K),Released
8617,Prom Night,Prom Night,en,2008-04-10,2008.0,Crime | Horror,Crime,0,14796236,14796236,0.0,88.0,Short (<90 min),9.642041,4.8,Low (<5),167,Medium (100-999),Released
10625,Mean Girls,Mean Girls,en,2004-04-30,2004.0,Comedy,Comedy,17000000,129042871,112042871,7.590757117647059,97.0,Standard (90-119 min),36.423717,6.9,Medium (5-6.9),2320,High (1K-4.9K),Released
10934,Under the Tuscan Sun,Under the Tuscan Sun,en,2003-04-30,2003.0,Comedy | Drama | Romance,Comedy,0,0,0,0.0,113.0,Standard (90-119 min),12.309718,6.4,Medium (5-6.9),172,Medium (100-999),Released
5279,Gosford Park,Gosford Park,en,2001-11-07,2001.0,Drama | Mystery | Thriller,Drama,19800000,87754044,67954044,4.432022424242424,137.0,Long (120-149 min),11.693272,6.8,Medium (5-6.9),246,Medium (100-999),Released
10013,Peggy Sue Got Married,Peggy Sue Got Married,en,1986-10-05,1986.0,Comedy | Drama | Fantasy | Romance,Comedy,18000000,41382841,23382841,2.299046722222222,103.0,Standard (90-119 min),12.243887,5.9,Medium (5-6.9),136,Medium (100-999),Released
194662,Birdman,Birdman,en,2014-08-27,2014.0,Drama | Comedy,Drama,18000000,103215094,85215094,5.734171888888889,119.0,Standard (90-119 min),89.811154,7.4,Good (7-7.9),4535,High (1K-4.9K),Released
160588,Blue Jasmine,Blue Jasmine,en,2013-07-25,2013.0,Comedy | Drama,Comedy,18000000,99206215,81206215,5.511456388888889,98.0,Standard (90-119 min),34.694216,7.0,Good (7-7.9),1098,High (1K-4.9K),Released
9829,United 93,United 93,en,2006-04-28,2006.0,Drama | History | Crime | Thriller | Action,Drama,15000000,76286096,61286096,5.085739733333333,111.0,Standard (90-119 min),17.50138,6.9,Medium (5-6.9),367,Medium (100-999),Released
10028,Honey,Honey,en,2003-11-24,2003.0,Romance | Music | Family,Romance,18000000,62646763,44646763,3.480375722222222,94.0,Standard (90-119 min),18.492655,6.0,Medium (5-6.9),303,Medium (100-999),Released
10535,Spy Hard,Spy Hard,en,1996-05-24,1996.0,Action | Comedy,Action,18000000,0,-18000000,0.0,81.0,Short (<90 min),11.238522,4.9,Low (<5),147,Medium (100-999),Released
790,The Fog,The Fog,en,1980-02-08,1980.0,Horror,Horror,1000000,21378361,20378361,21.378361,89.0,Short (<90 min),14.518598,6.4,Medium (5-6.9),311,Medium (100-999),Released
43959,Soul Surfer,Soul Surfer,en,2011-04-08,2011.0,Action | Drama,Action,18000000,47088990,29088990,2.616055,106.0,Standard (90-119 min),19.234672,6.9,Medium (5-6.9),342,Medium (100-999),Released
10364,Catch-22,Catch-22,en,1970-06-24,1970.0,War | Comedy | Drama,War,18000000,24911670,6911670,1.3839816666666667,121.0,Long (120-149 min),4.504377,6.7,Medium (5-6.9),72,Low (<100),Released
16991,Observe and Report,Observe and Report,en,2009-04-10,2009.0,Comedy | Crime | Drama,Comedy,0,24007324,24007324,0.0,86.0,Short (<90 min),10.529143,5.6,Medium (5-6.9),225,Medium (100-999),Released
9610,Conan the Destroyer,Conan the Destroyer,en,1984-06-29,1984.0,Adventure | Fantasy | Action,Adventure,18000000,100000000,82000000,5.555555555555555,103.0,Standard (90-119 min),18.379124,5.8,Medium (5-6.9),383,Medium (100-999),Released
1578,Raging Bull,Raging Bull,en,1980-11-14,1980.0,Drama,Drama,18000000,23000000,5000000,1.2777777777777777,129.0,Long (120-149 min),35.524457,7.7,Good (7-7.9),938,Medium (100-999),Released
25643,Love Happens,Love Happens,en,2009-09-18,2009.0,Drama | Romance,Drama,18000000,36133014,18133014,2.0073896666666666,109.0,Standard (90-119 min),13.472365,5.6,Medium (5-6.9),180,Medium (100-999),Released
11904,Young Sherlock Holmes,Young Sherlock Holmes,en,1985-12-04,1985.0,Action | Adventure | Crime | Drama | Family | Mystery | Thriller,Action,18000000,0,-18000000,0.0,109.0,Standard (90-119 min),8.321586,6.7,Medium (5-6.9),167,Medium (100-999),Released
28665,Fame,Fame,en,2009-01-01,2009.0,Music | Comedy | Drama | Romance,Music,0,0,0,0.0,107.0,Standard (90-119 min),7.668063,5.5,Medium (5-6.9),135,Medium (100-999),Released
44115,127 Hours,127 Hours,en,2010-11-05,2010.0,Adventure | Drama | Thriller,Adventure,18000000,35692920,17692920,1.98294,94.0,Standard (90-119 min),52.464877,7.0,Good (7-7.9),2606,High (1K-4.9K),Released
10569,Small Time Crooks,Small Time Crooks,en,2000-05-19,2000.0,Action | Comedy | Crime,Action,0,0,0,0.0,94.0,Standard (90-119 min),11.423533,6.4,Medium (5-6.9),155,Medium (100-999),Released
10560,Center Stage,Center Stage,en,2000-05-12,2000.0,Drama | Music,Drama,18000000,17200925,-799075,0.9556069444444445,115.0,Standard (90-119 min),6.961736,6.8,Medium (5-6.9),90,Low (<100),Released
333348,Love the Coopers,Love the Coopers,en,2015-11-12,2015.0,Comedy | Family,Comedy,17000000,24000000,7000000,1.411764705882353,107.0,Standard (90-119 min),9.191187,5.4,Medium (5-6.9),167,Medium (100-999),Released
20483,Catch That Kid,Catch That Kid,en,2004-02-06,2004.0,Family | Action | Adventure,Family,18000000,16702864,-1297136,0.9279368888888889,92.0,Standard (90-119 min),4.492859,4.9,Low (<5),76,Low (<100),Released
11457,Life as a House,Life as a House,en,2001-10-25,2001.0,Drama,Drama,18000000,0,-18000000,0.0,125.0,Long (120-149 min),5.706767,7.2,Good (7-7.9),120,Medium (100-999),Released
321697,Steve Jobs,Steve Jobs,en,2015-10-09,2015.0,Drama | History,Drama,30000000,34441873,4441873,1.1480624333333334,122.0,Long (120-149 min),53.670525,6.8,Medium (5-6.9),1573,High (1K-4.9K),Released
19840,"I Love You, Beth Cooper","I Love You, Beth Cooper",en,2009-07-10,2009.0,Comedy | Romance,Comedy,18000000,0,-18000000,0.0,102.0,Standard (90-119 min),14.15192,5.1,Medium (5-6.9),197,Medium (100-999),Released
22327,Youth in Revolt,Youth in Revolt,en,2009-09-11,2009.0,Drama | Comedy | Romance,Drama,18000000,0,-18000000,0.0,87.0,Short (<90 min),13.462544,5.9,Medium (5-6.9),319,Medium (100-999),Released
38665,The Legend of the Lone Ranger,The Legend of the Lone Ranger,en,1981-08-20,1981.0,Action | Adventure | Romance | Western,Action,18000000,2945600,-15054400,0.16364444444444445,98.0,Standard (90-119 min),11.725805,3.7,Low (<5),14,Low (<100),Released
2575,The Tailor of Panama,The Tailor of Panama,en,2001-02-11,2001.0,Drama | Thriller,Drama,21000000,28008462,7008462,1.3337362857142858,109.0,Standard (90-119 min),7.047975,6.2,Medium (5-6.9),92,Low (<100),Released
11644,Blow Out,Blow Out,en,1981-07-24,1981.0,Drama | Mystery | Thriller,Drama,18000000,12000000,-6000000,0.6666666666666666,108.0,Standard (90-119 min),13.628601,7.3,Good (7-7.9),236,Medium (100-999),Released
146227,Getaway,Getaway,en,2013-08-29,2013.0,Action | Crime,Action,18000000,10501938,-7498062,0.583441,90.0,Standard (90-119 min),16.520516,4.9,Low (<5),246,Medium (100-999),Released
68924,The Ice Storm,The Ice Storm,en,1997-09-27,1997.0,Drama,Drama,18000000,8038061,-9961939,0.44655894444444444,112.0,Standard (90-119 min),14.916264,6.9,Medium (5-6.9),176,Medium (100-999),Released
253235,And So It Goes,And So It Goes,en,2014-07-20,2014.0,Comedy | Drama | Romance,Comedy,18000000,25312387,7312387,1.4062437222222222,94.0,Standard (90-119 min),9.633711,5.7,Medium (5-6.9),164,Medium (100-999),Released
22102,Troop Beverly Hills,Troop Beverly Hills,en,1989-03-22,1989.0,Adventure | Comedy | Family,Adventure,0,0,0,0.0,105.0,Standard (90-119 min),3.455018,5.6,Medium (5-6.9),56,Low (<100),Released
18701,Being Julia,Being Julia,en,2004-09-03,2004.0,Comedy | Drama | Romance,Comedy,0,0,0,0.0,104.0,Standard (90-119 min),1.946634,6.4,Medium (5-6.9),23,Low (<100),Released
10068,Nine 1/2 Weeks,Nine 1/2 Weeks,en,1986-02-14,1986.0,Drama | Romance,Drama,17000000,6735922,-10264078,0.39623070588235293,117.0,Standard (90-119 min),12.313143,5.8,Medium (5-6.9),177,Medium (100-999),Released
848,Dragonslayer,Dragonslayer,en,1981-06-26,1981.0,Fantasy,Fantasy,18000000,14110013,-3889987,0.7838896111111111,108.0,Standard (90-119 min),3.258422,6.5,Medium (5-6.9),67,Low (<100),Released
36811,The Last Station,The Last Station,en,2009-09-04,2009.0,Drama | Romance,Drama,0,0,0,0.0,112.0,Standard (90-119 min),3.659292,6.7,Medium (5-6.9),55,Low (<100),Released
522,Ed Wood,Ed Wood,en,1994-09-27,1994.0,Comedy | Drama | History,Comedy,18000000,5887457,-12112543,0.32708094444444447,127.0,Long (120-149 min),24.548633,7.3,Good (7-7.9),630,Medium (100-999),Released
130150,Labor Day,Labor Day,en,2013-12-27,2013.0,Drama,Drama,18000000,20275812,2275812,1.126434,111.0,Standard (90-119 min),17.683563,6.7,Medium (5-6.9),299,Medium (100-999),Released
12246,Mongol: The Rise of Genghis Khan,Монгол,ru,2007-09-20,2007.0,History,History,18000000,26527510,8527510,1.4737505555555555,120.0,Long (120-149 min),10.1449,6.5,Medium (5-6.9),158,Medium (100-999),Released
13809,RockNRolla,RockNRolla,en,2008-09-04,2008.0,Action | Crime | Thriller,Action,18000000,25739015,7739015,1.4299452777777777,114.0,Standard (90-119 min),31.887978,6.9,Medium (5-6.9),836,Medium (100-999),Released
27380,Megaforce,Megaforce,en,1982-06-25,1982.0,Adventure | Action | Science Fiction,Adventure,0,0,0,0.0,99.0,Standard (90-119 min),1.110179,3.5,Low (<5),15,Low (<100),Released
10549,Hamlet,Hamlet,en,1996-12-25,1996.0,Drama,Drama,0,0,0,0.0,242.0,Very Long (150+ min),9.814785,7.3,Good (7-7.9),117,Medium (100-999),Released
33870,Mao's Last Dancer,Mao's Last Dancer,en,2009-10-01,2009.0,Drama | Romance,Drama,25000000,20719451,-4280549,0.82877804,117.0,Standard (90-119 min),1.876811,6.8,Medium (5-6.9),28,Low (<100),Released
245703,Midnight Special,Midnight Special,en,2016-02-18,2016.0,Adventure | Drama | Science Fiction,Adventure,18000000,6212282,-11787718,0.3451267777777778,112.0,Standard (90-119 min),32.717853,6.2,Medium (5-6.9),694,Medium (100-999),Released
10739,Anything Else,Anything Else,en,2003-08-27,2003.0,Comedy | Romance,Comedy,0,0,0,0.0,108.0,Standard (90-119 min),8.945081,6.2,Medium (5-6.9),149,Medium (100-999),Released
127560,The Railway Man,The Railway Man,en,2013-12-26,2013.0,Drama | History,Drama,18000000,22309223,4309223,1.2394012777777779,116.0,Standard (90-119 min),13.916583,6.7,Medium (5-6.9),273,Medium (100-999),Released
37903,The White Ribbon,Das weisse Band,de,2009-05-21,2009.0,Crime | Drama | Mystery,Crime,15238800,0,-15238800,0.0,144.0,Long (120-149 min),17.94739,7.2,Good (7-7.9),255,Medium (100-999),Released
396152,Restoration,Restoration,en,2016-05-03,2016.0,Horror,Horror,0,0,0,0.0,90.0,Standard (90-119 min),2.525569,5.3,Medium (5-6.9),11,Low (<100),Released
10017,The Wraith,The Wraith,en,1986-11-21,1986.0,Romance | Science Fiction | Horror | Action | Crime,Romance,2700000,3500000,800000,1.2962962962962963,93.0,Standard (90-119 min),10.47644,5.9,Medium (5-6.9),108,Medium (100-999),Released
11468,Salton Sea,Salton Sea,en,2002-01-01,2002.0,Drama | Mystery | Thriller,Drama,18000000,676698,-17323302,0.037594333333333334,103.0,Standard (90-119 min),10.991281,7.0,Good (7-7.9),104,Medium (100-999),Released
193613,Metallica: Through the Never,Metallica: Through the Never,en,2013-09-25,2013.0,Music,Music,18000000,7972967,-10027033,0.4429426111111111,93.0,Standard (90-119 min),7.871686,6.7,Medium (5-6.9),83,Low (<100),Released
17436,The Informers,The Informers,en,2008-11-05,2008.0,Drama,Drama,18000000,382174,-17617826,0.02123188888888889,98.0,Standard (90-119 min),6.333869,4.4,Low (<5),60,Low (<100),Released
43434,Carlos,Carlos,en,2010-05-19,2010.0,Crime | Drama | Thriller | History,Crime,18000000,871279,-17128721,0.048404388888888886,338.0,Very Long (150+ min),1.138383,6.7,Medium (5-6.9),50,Low (<100),Released
31166,I Come with the Rain,I Come with the Rain,en,2009-05-14,2009.0,Thriller | Drama,Thriller,18000000,0,-18000000,0.0,114.0,Standard (90-119 min),8.266124,5.6,Medium (5-6.9),20,Low (<100),Released
69848,One Man's Hero,One Man's Hero,en,1999-08-02,1999.0,Western | Action | Drama | History,Western,0,0,0,0.0,121.0,Long (120-149 min),0.910529,9.3,Excellent (8+),2,Low (<100),Released
8408,Day of the Dead,Day of the Dead,en,1985-07-19,1985.0,Horror | Science Fiction,Horror,3500000,34000000,30500000,9.714285714285714,96.0,Standard (90-119 min),18.025206,6.9,Medium (5-6.9),270,Medium (100-999),Released
332411,I Am Wrath,I Am Wrath,en,2016-04-14,2016.0,Action | Crime | Drama | Thriller,Action,18000000,0,-18000000,0.0,92.0,Standard (90-119 min),10.144222,4.5,Low (<5),179,Medium (100-999),Released
9389,Renaissance,Renaissance,fr,2006-03-16,2006.0,Action | Animation | Science Fiction,Action,18000000,1831348,-16168652,0.10174155555555556,105.0,Standard (90-119 min),9.244181,6.7,Medium (5-6.9),77,Low (<100),Released
9626,Red Sonja,Red Sonja,en,1985-04-09,1985.0,Adventure | Fantasy | Action,Adventure,17900000,6948633,-10951367,0.3881917877094972,89.0,Short (<90 min),12.752463,5.0,Medium (5-6.9),206,Medium (100-999),Released
75638,Red Lights,Red Lights,en,2012-03-02,2012.0,Thriller,Thriller,14000000,13551174,-448826,0.967941,119.0,Standard (90-119 min),22.748174,6.0,Medium (5-6.9),376,Medium (100-999),Released
8363,Superbad,Superbad,en,2007-08-17,2007.0,Comedy,Comedy,20000000,121463226,101463226,6.0731613,113.0,Standard (90-119 min),33.436092,7.0,Good (7-7.9),2100,High (1K-4.9K),Released
15670,Madea Goes to Jail,Madea Goes to Jail,en,2009-02-16,2009.0,Comedy | Crime | Drama,Comedy,0,90508336,90508336,0.0,103.0,Standard (90-119 min),3.107371,6.4,Medium (5-6.9),52,Low (<100),Released
290555,Wolves,Wolves,en,2014-08-28,2014.0,Horror | Action,Horror,18000000,0,-18000000,0.0,90.0,Standard (90-119 min),7.922639,5.7,Medium (5-6.9),82,Low (<100),Released
8328,Step Up 2: The Streets,Step Up 2: The Streets,en,2008-02-14,2008.0,Music | Drama | Romance,Music,23000000,150816700,127816700,6.557247826086956,98.0,Standard (90-119 min),28.973074,6.5,Medium (5-6.9),640,Medium (100-999),Released
10982,Hoodwinked!,Hoodwinked!,en,2005-12-16,2005.0,Animation | Comedy | Family,Animation,15000000,51053787,36053787,3.4035858,80.0,Short (<90 min),23.980329,5.9,Medium (5-6.9),479,Medium (100-999),Released
205,Hotel Rwanda,Hotel Rwanda,en,2004-09-11,2004.0,Drama | History | War,Drama,17500000,38000000,20500000,2.1714285714285713,121.0,Long (120-149 min),28.60542,7.5,Good (7-7.9),793,Medium (100-999),Released
1620,Hitman,Hitman,en,2007-11-21,2007.0,Action | Crime | Drama | Thriller,Action,24000000,99965753,75965753,4.165239708333333,89.0,Short (<90 min),42.669304,5.9,Medium (5-6.9),966,Medium (100-999),Released
175541,Black Nativity,Black Nativity,en,2013-11-27,2013.0,Drama | Music,Drama,17500000,7018189,-10481811,0.40103937142857143,93.0,Standard (90-119 min),7.180403,5.8,Medium (5-6.9),16,Low (<100),Released
241254,The Prince,The Prince,en,2014-08-22,2014.0,Thriller | Action,Thriller,18000000,266586800,248586800,14.810377777777777,93.0,Standard (90-119 min),21.638673,4.6,Low (<5),218,Medium (100-999),Released
31932,City of Ghosts,City of Ghosts,en,2002-01-01,2002.0,Thriller,Thriller,0,0,0,0.0,116.0,Standard (90-119 min),2.64486,5.4,Medium (5-6.9),18,Low (<100),Released
1933,The Others,The Others,en,2001-08-02,2001.0,Horror | Drama | Mystery | Thriller,Horror,0,0,0,0.0,101.0,Standard (90-119 min),25.881355,7.4,Good (7-7.9),1660,High (1K-4.9K),Released
679,Aliens,Aliens,en,1986-07-18,1986.0,Horror | Action | Thriller | Science Fiction,Horror,18500000,183316455,164816455,9.908997567567567,137.0,Long (120-149 min),67.66094,7.7,Good (7-7.9),3220,High (1K-4.9K),Released
11113,My Fair Lady,My Fair Lady,en,1964-10-21,1964.0,Drama | Family | Music | Romance,Drama,17000000,72070731,55070731,4.239454764705882,170.0,Very Long (150+ min),20.786616,7.4,Good (7-7.9),352,Medium (100-999),Released
3597,I Know What You Did Last Summer,I Know What You Did Last Summer,en,1997-10-17,1997.0,Horror | Thriller | Mystery,Horror,17000000,125586134,108586134,7.387419647058824,100.0,Standard (90-119 min),27.654472,5.6,Medium (5-6.9),687,Medium (100-999),Released
193893,Let's Be Cops,Let's Be Cops,en,2014-08-13,2014.0,Comedy,Comedy,17000000,136621271,119621271,8.036545352941177,104.0,Standard (90-119 min),70.668923,6.4,Medium (5-6.9),1219,High (1K-4.9K),Released
9675,Sideways,Sideways,en,2004-10-22,2004.0,Comedy | Drama | Romance,Comedy,16000000,109502303,93502303,6.8438939375,126.0,Long (120-149 min),23.425431,6.9,Medium (5-6.9),478,Medium (100-999),Released
9988,Beerfest,Beerfest,en,2006-08-25,2006.0,Comedy,Comedy,17500000,19179969,1679969,1.0959982285714285,110.0,Standard (90-119 min),14.304444,5.8,Medium (5-6.9),172,Medium (100-999),Released
948,Halloween,Halloween,en,1978-10-25,1978.0,Horror | Thriller,Horror,300000,70000000,69700000,233.33333333333334,91.0,Standard (90-119 min),30.301307,7.4,Good (7-7.9),1035,High (1K-4.9K),Released
21765,Good Boy!,Good Boy!,en,2003-10-10,2003.0,Comedy | Family | Science Fiction,Comedy,17000000,0,-17000000,0.0,87.0,Short (<90 min),3.56033,4.7,Low (<5),30,Low (<100),Released
146304,The Best Man Holiday,The Best Man Holiday,en,2013-11-15,2013.0,Comedy,Comedy,17000000,71625195,54625195,4.213246764705882,123.0,Long (120-149 min),7.210095,6.7,Medium (5-6.9),110,Medium (100-999),Released
7516,Smokin' Aces,Smokin' Aces,en,2006-12-09,2006.0,Action | Comedy | Crime | Thriller,Action,17000000,57103895,40103895,3.3590526470588236,109.0,Standard (90-119 min),23.491962,6.4,Medium (5-6.9),534,Medium (100-999),Released
41439,Saw: The Final Chapter,Saw 3D,en,2010-10-21,2010.0,Horror | Crime,Horror,20000000,136150434,116150434,6.8075217,90.0,Standard (90-119 min),36.133536,5.8,Medium (5-6.9),730,Medium (100-999),Released
2752,40 Days and 40 Nights,40 Days and 40 Nights,en,2002-03-01,2002.0,Comedy | Romance,Comedy,17000000,0,-17000000,0.0,94.0,Standard (90-119 min),14.18136,5.2,Medium (5-6.9),297,Medium (100-999),Released
9429,A Night at the Roxbury,A Night at the Roxbury,en,1998-10-01,1998.0,Comedy,Comedy,17000000,30331165,13331165,1.7841861764705882,81.0,Short (<90 min),12.709227,5.9,Medium (5-6.9),198,Medium (100-999),Released
38117,Beastly,Beastly,en,2011-01-21,2011.0,Drama | Fantasy | Romance,Drama,17000000,43165571,26165571,2.5391512352941175,86.0,Short (<90 min),24.054062,6.0,Medium (5-6.9),849,Medium (100-999),Released
9792,The Hills Have Eyes,The Hills Have Eyes,en,2006-03-10,2006.0,Horror | Thriller,Horror,15000000,69623713,54623713,4.641580866666667,107.0,Standard (90-119 min),35.107857,6.1,Medium (5-6.9),705,Medium (100-999),Released
13778,Dickie Roberts: Former Child Star,Dickie Roberts: Former Child Star,en,2003-09-05,2003.0,Comedy,Comedy,0,0,0,0.0,98.0,Standard (90-119 min),10.149569,5.1,Medium (5-6.9),64,Low (<100),Released
228203,"McFarland, USA","McFarland, USA",en,2015-02-20,2015.0,Drama,Drama,0,45710059,45710059,0.0,128.0,Long (120-149 min),14.023082,7.4,Good (7-7.9),213,Medium (100-999),Released
41382,Lottery Ticket,Lottery Ticket,en,2010-08-20,2010.0,Comedy,Comedy,0,0,0,0.0,99.0,Standard (90-119 min),9.054803,5.6,Medium (5-6.9),54,Low (<100),Released
13960,ATL,ATL,en,2006-03-31,2006.0,Drama,Drama,20000000,21170563,1170563,1.05852815,105.0,Standard (90-119 min),5.422285,6.0,Medium (5-6.9),32,Low (<100),Released
114150,Pitch Perfect,Pitch Perfect,en,2012-09-28,2012.0,Comedy | Music | Romance,Comedy,17000000,115350426,98350426,6.785319176470588,112.0,Standard (90-119 min),32.746486,7.3,Good (7-7.9),2247,High (1K-4.9K),Released
26602,Summer Catch,Summer Catch,en,2001-08-22,2001.0,Drama | Comedy | Romance,Drama,34000000,19693891,-14306109,0.5792320882352942,108.0,Standard (90-119 min),3.960098,4.8,Low (<5),63,Low (<100),Released
10223,A Simple Plan,A Simple Plan,en,1998-12-11,1998.0,Drama | Crime | Thriller,Drama,0,0,0,0.0,121.0,Long (120-149 min),10.178917,6.9,Medium (5-6.9),187,Medium (100-999),Released
16028,They,They,en,2002-11-01,2002.0,Horror | Thriller,Horror,17000000,0,-17000000,0.0,89.0,Short (<90 min),4.544216,4.6,Low (<5),74,Low (<100),Released
15639,Larry the Cable Guy: Health Inspector,Larry the Cable Guy: Health Inspector,en,2006-03-24,2006.0,Comedy,Comedy,0,0,0,0.0,89.0,Short (<90 min),2.184708,3.3,Low (<5),17,Low (<100),Released
16112,The Adventures of Elmo in Grouchland,The Adventures of Elmo in Grouchland,en,1999-10-01,1999.0,Family,Family,0,0,0,0.0,73.0,Short (<90 min),3.09159,6.3,Medium (5-6.9),14,Low (<100),Released
26390,Brooklyn's Finest,Brooklyn's Finest,en,2009-01-16,2009.0,Crime | Drama | Thriller,Crime,17000000,29536299,12536299,1.7374293529411764,133.0,Long (120-149 min),18.790102,6.2,Medium (5-6.9),293,Medium (100-999),Released
27759,55 Days at Peking,55 Days at Peking,en,1963-05-06,1963.0,Action | Drama | History,Action,17000000,10000000,-7000000,0.5882352941176471,154.0,Very Long (150+ min),3.321095,6.3,Medium (5-6.9),36,Low (<100),Released
109428,Evil Dead,Evil Dead,en,2013-04-05,2013.0,Horror,Horror,17000000,97542952,80542952,5.737820705882353,91.0,Standard (90-119 min),33.912116,6.4,Medium (5-6.9),1723,High (1K-4.9K),Released
23049,My Life in Ruins,My Life in Ruins,en,2009-02-06,2009.0,Comedy | Romance,Comedy,17000000,20455276,3455276,1.2032515294117647,95.0,Standard (90-119 min),5.787891,5.6,Medium (5-6.9),101,Medium (100-999),Released
9310,American Dreamz,American Dreamz,en,2006-03-04,2006.0,Comedy | Drama | Family,Comedy,17000000,7314027,-9685973,0.43023688235294116,107.0,Standard (90-119 min),7.864011,4.9,Low (<5),95,Low (<100),Released
11411,Superman IV: The Quest for Peace,Superman IV: The Quest for Peace,en,1987-07-23,1987.0,Action | Adventure | Science Fiction,Action,17000000,19300000,2300000,1.1352941176470588,90.0,Standard (90-119 min),17.062117,4.1,Low (<5),318,Medium (100-999),Released
16988,How She Move,How She Move,en,2008-01-25,2008.0,Drama,Drama,0,0,0,0.0,94.0,Standard (90-119 min),1.782666,3.0,Low (<5),6,Low (<100),Released
7304,Running Scared,Running Scared,en,2006-01-06,2006.0,Action | Crime | Drama | Thriller,Action,17000000,9500000,-7500000,0.5588235294117647,122.0,Long (120-149 min),19.311572,7.0,Good (7-7.9),331,Medium (100-999),Released
24747,Bobby Jones: Stroke of Genius,Bobby Jones: Stroke of Genius,en,2004-04-30,2004.0,Drama,Drama,0,0,0,0.0,120.0,Long (120-149 min),2.897449,5.5,Medium (5-6.9),19,Low (<100),Released
58048,Shanghai Surprise,Shanghai Surprise,en,1986-08-29,1986.0,Adventure,Adventure,17000000,0,-17000000,0.0,97.0,Standard (90-119 min),0.138564,2.9,Low (<5),15,Low (<100),Released
1491,The Illusionist,The Illusionist,en,2006-08-18,2006.0,Fantasy | Drama | Thriller | Romance,Fantasy,40000000,86915017,46915017,2.172875425,110.0,Standard (90-119 min),36.960953,7.1,Good (7-7.9),1615,High (1K-4.9K),Released
2989,Roar,Roar,en,1981-11-12,1981.0,Adventure | Thriller,Adventure,17000000,2000000,-15000000,0.11764705882352941,102.0,Standard (90-119 min),1.15641,5.6,Medium (5-6.9),19,Low (<100),Released
10629,Veronica Guerin,Veronica Guerin,en,2003-07-11,2003.0,Drama | Crime | Thriller,Drama,17000000,1569918,-15430082,0.09234811764705882,98.0,Standard (90-119 min),9.583578,6.8,Medium (5-6.9),59,Low (<100),Released
255343,Escobar: Paradise Lost,Escobar: Paradise Lost,en,2014-10-11,2014.0,Thriller | Romance,Thriller,17000000,3758328,-13241672,0.2210781176470588,120.0,Long (120-149 min),25.112567,6.1,Medium (5-6.9),271,Medium (100-999),Released
4723,Southland Tales,Southland Tales,en,2006-05-15,2006.0,Action | Adventure | Comedy | Drama | Science Fiction | Thriller,Action,17000000,374743,-16625257,0.02204370588235294,144.0,Long (120-149 min),9.349386,5.2,Medium (5-6.9),153,Medium (100-999),Released
10800,Dragon Hunters,Chasseurs de dragons,fr,2008-03-19,2008.0,Animation | Family,Animation,15000000,0,-15000000,0.0,80.0,Short (<90 min),8.884405,6.5,Medium (5-6.9),129,Medium (100-999),Released
25763,Damnation Alley,Damnation Alley,en,1977-09-10,1977.0,Action | Adventure | Science Fiction,Action,17000000,8720000,-8280000,0.5129411764705882,91.0,Standard (90-119 min),2.215261,5.0,Medium (5-6.9),27,Low (<100),Released
79694,The Apparition,The Apparition,en,2012-08-23,2012.0,Horror | Thriller,Horror,17000000,9627492,-7372508,0.5663230588235294,82.0,Short (<90 min),6.385234,4.5,Low (<5),140,Medium (100-999),Released
4032,My Girl,My Girl,en,1991-11-27,1991.0,Comedy | Drama | Family,Comedy,16500000,0,-16500000,0.0,102.0,Standard (90-119 min),20.935169,7.0,Good (7-7.9),428,Medium (100-999),Released
18615,Fur: An Imaginary Portrait of Diane Arbus,Fur: An Imaginary Portrait of Diane Arbus,en,2006-08-30,2006.0,Drama | Mystery | Romance,Drama,16800000,2281089,-14518911,0.13577910714285715,122.0,Long (120-149 min),4.358255,5.8,Medium (5-6.9),73,Low (<100),Released
10673,Wall Street,Wall Street,en,1987-12-10,1987.0,Crime | Drama,Crime,15000000,43848069,28848069,2.9232046,126.0,Long (120-149 min),24.898687,7.0,Good (7-7.9),546,Medium (100-999),Released
4584,Sense and Sensibility,Sense and Sensibility,en,1995-12-13,1995.0,Drama | Romance,Drama,16500000,135000000,118500000,8.181818181818182,136.0,Long (120-149 min),20.898711,7.2,Good (7-7.9),352,Medium (100-999),Released
2977,Becoming Jane,Becoming Jane,en,2007-03-02,2007.0,Drama | Romance,Drama,16500000,37311672,20811672,2.2613134545454545,120.0,Long (120-149 min),18.236284,6.9,Medium (5-6.9),317,Medium (100-999),Released
10760,Sydney White,Sydney White,en,2007-09-21,2007.0,Comedy,Comedy,16500000,13620075,-2879925,0.8254590909090909,108.0,Standard (90-119 min),10.74648,6.0,Medium (5-6.9),236,Medium (100-999),Released
11093,House of Sand and Fog,House of Sand and Fog,en,2003-12-19,2003.0,Drama,Drama,16500000,16942795,442795,1.0268360606060607,126.0,Long (120-149 min),12.102725,7.0,Good (7-7.9),199,Medium (100-999),Released
207,Dead Poets Society,Dead Poets Society,en,1989-06-02,1989.0,Drama,Drama,16400000,235860116,219460116,14.381714390243902,129.0,Long (120-149 min),55.458584,8.1,Excellent (8+),2705,High (1K-4.9K),Released
8467,Dumb and Dumber,Dumb and Dumber,en,1994-12-16,1994.0,Comedy,Comedy,16000000,247275374,231275374,15.454710875,107.0,Standard (90-119 min),35.777067,6.5,Medium (5-6.9),1859,High (1K-4.9K),Released
639,When Harry Met Sally...,When Harry Met Sally...,en,1989-07-21,1989.0,Comedy | Romance | Drama,Comedy,16000000,92823546,76823546,5.801471625,96.0,Standard (90-119 min),18.430419,7.3,Good (7-7.9),950,Medium (100-999),Released
24226,The Verdict,The Verdict,en,1982-12-08,1982.0,Drama,Drama,16000000,53977250,37977250,3.373578125,129.0,Long (120-149 min),7.980632,7.4,Good (7-7.9),131,Medium (100-999),Released
9285,Road Trip,Road Trip,en,2000-05-19,2000.0,Comedy | Adventure,Comedy,16000000,119754278,103754278,7.484642375,93.0,Standard (90-119 min),14.759948,5.9,Medium (5-6.9),542,Medium (100-999),Released
14709,Varsity Blues,Varsity Blues,en,1999-01-15,1999.0,Comedy | Drama | Romance,Comedy,0,0,0,0.0,106.0,Standard (90-119 min),9.229999,6.0,Medium (5-6.9),122,Medium (100-999),Released
74643,The Artist,The Artist,en,2011-05-15,2011.0,Drama | Comedy | Romance,Drama,15000000,133432856,118432856,8.895523733333333,100.0,Standard (90-119 min),29.943316,7.3,Good (7-7.9),1049,High (1K-4.9K),Released
13788,The Unborn,The Unborn,en,2009-01-09,2009.0,Horror | Thriller | Mystery,Horror,16000000,76514050,60514050,4.782128125,87.0,Short (<90 min),15.788784,4.8,Low (<5),365,Medium (100-999),Released
83666,Moonrise Kingdom,Moonrise Kingdom,en,2012-05-16,2012.0,Comedy | Drama | Romance,Comedy,16000000,68263166,52263166,4.266447875,94.0,Standard (90-119 min),41.083914,7.6,Good (7-7.9),1662,High (1K-4.9K),Released
10781,The Texas Chainsaw Massacre: The Beginning,The Texas Chainsaw Massacre: The Beginning,en,2006-10-06,2006.0,Horror,Horror,16000000,0,-16000000,0.0,91.0,Standard (90-119 min),21.380635,5.9,Medium (5-6.9),402,Medium (100-999),Released
318850,The Young Messiah,The Young Messiah,en,2016-03-10,2016.0,Drama,Drama,18500000,6490401,-12009599,0.35083248648648646,120.0,Long (120-149 min),1.884558,6.4,Medium (5-6.9),30,Low (<100),Released
13908,The Master of Disguise,The Master of Disguise,en,2002-08-02,2002.0,Comedy | Family,Comedy,0,0,0,0.0,80.0,Short (<90 min),4.382761,3.7,Low (<5),78,Low (<100),Released
1417,Pan's Labyrinth,El laberinto del fauno,es,2006-05-27,2006.0,Fantasy | Drama | War,Fantasy,19000000,83258226,64258226,4.382011894736842,118.0,Standard (90-119 min),90.809408,7.6,Good (7-7.9),3041,High (1K-4.9K),Released
39180,See Spot Run,See Spot Run,en,2001-03-02,2001.0,Action | Comedy | Family,Action,0,0,0,0.0,94.0,Standard (90-119 min),6.579017,4.8,Low (<5),44,Low (<100),Released
16161,Baby Boy,Baby Boy,en,2001-06-27,2001.0,Crime | Drama | Romance,Crime,16000000,29381649,13381649,1.8363530625,130.0,Long (120-149 min),7.854989,7.4,Good (7-7.9),55,Low (<100),Released
49950,The Roommate,The Roommate,en,2011-02-04,2011.0,Thriller | Drama | Horror,Thriller,16000000,40492759,24492759,2.5307974375,91.0,Standard (90-119 min),11.807269,5.3,Medium (5-6.9),224,Medium (100-999),Released
10956,Joe Dirt,Joe Dirt,en,2001-04-10,2001.0,Mystery | Adventure | Comedy | Romance | Drama,Mystery,17700000,30987695,13287695,1.750717231638418,91.0,Standard (90-119 min),15.976335,5.5,Medium (5-6.9),242,Medium (100-999),Released
9594,Double Impact,Double Impact,en,1991-08-10,1991.0,Thriller | Action | Crime | Drama,Thriller,15000000,30102717,15102717,2.0068478,110.0,Standard (90-119 min),10.484642,5.3,Medium (5-6.9),215,Medium (100-999),Released
4638,Hot Fuzz,Hot Fuzz,en,2007-02-14,2007.0,Crime | Action | Comedy,Crime,12000000,80573774,68573774,6.714481166666666,121.0,Long (120-149 min),38.623178,7.4,Good (7-7.9),2199,High (1K-4.9K),Released
13972,The Women,The Women,en,2008-09-12,2008.0,Comedy | Drama | Romance,Comedy,16000000,50007546,34007546,3.125471625,114.0,Standard (90-119 min),8.8321,4.6,Low (<5),96,Low (<100),Released
5038,Vicky Cristina Barcelona,Vicky Cristina Barcelona,en,2008-08-15,2008.0,Drama | Romance,Drama,15000000,96408652,81408652,6.427243466666667,96.0,Standard (90-119 min),32.758254,6.7,Medium (5-6.9),1020,High (1K-4.9K),Released
13491,Arn: The Knight Templar,Arn: Tempelriddaren,sv,2007-12-17,2007.0,Action | Adventure | Drama | Romance,Action,25000000,0,-25000000,0.0,139.0,Long (120-149 min),6.091033,6.4,Medium (5-6.9),76,Low (<100),Released
10571,Boys and Girls,Boys and Girls,en,2000-06-16,2000.0,Comedy | Drama | Romance,Comedy,16000000,20627372,4627372,1.28921075,94.0,Standard (90-119 min),9.119797,5.4,Medium (5-6.9),103,Medium (100-999),Released
10994,White Oleander,White Oleander,en,2002-10-11,2002.0,Drama,Drama,0,0,0,0.0,109.0,Standard (90-119 min),9.423866,7.2,Good (7-7.9),108,Medium (100-999),Released
19994,Jennifer's Body,Jennifer's Body,en,2009-09-18,2009.0,Comedy | Horror,Comedy,16000000,31556061,15556061,1.9722538125,100.0,Standard (90-119 min),32.257414,5.3,Medium (5-6.9),837,Medium (100-999),Released
25166,Drowning Mona,Drowning Mona,en,2000-03-03,2000.0,Comedy | Crime | Mystery,Comedy,16000000,15427192,-572808,0.9641995,96.0,Standard (90-119 min),3.021835,5.4,Medium (5-6.9),43,Low (<100),Released
30890,Radio Days,Radio Days,en,1987-01-30,1987.0,Comedy | Drama,Comedy,16000000,0,-16000000,0.0,90.0,Standard (90-119 min),7.612849,7.0,Good (7-7.9),127,Medium (100-999),Released
23169,Remember Me,Remember Me,en,2010-03-12,2010.0,Drama | Romance,Drama,20000000,0,-20000000,0.0,113.0,Standard (90-119 min),36.764666,6.9,Medium (5-6.9),948,Medium (100-999),Released
17403,How to Deal,How to Deal,en,2003-07-18,2003.0,Drama | Comedy | Romance,Drama,0,0,0,0.0,99.0,Standard (90-119 min),3.199784,5.7,Medium (5-6.9),42,Low (<100),Released
12120,My Stepmother is an Alien,My Stepmother is an Alien,en,1988-12-09,1988.0,Comedy | Science Fiction,Comedy,20000000,13854000,-6146000,0.6927,108.0,Standard (90-119 min),9.455596,5.3,Medium (5-6.9),131,Medium (100-999),Released
9800,Philadelphia,Philadelphia,en,1993-12-22,1993.0,Drama,Drama,26000000,206678440,180678440,7.949170769230769,125.0,Long (120-149 min),44.301745,7.6,Good (7-7.9),988,Medium (100-999),Released
1090,The Thirteenth Floor,The Thirteenth Floor,en,1999-04-16,1999.0,Thriller | Science Fiction | Mystery,Thriller,16000000,18564088,2564088,1.1602555,100.0,Standard (90-119 min),19.890428,6.8,Medium (5-6.9),378,Medium (100-999),Released
18475,The Cookout,The Cookout,en,2004-09-03,2004.0,Comedy | Drama,Comedy,16000000,12,-15999988,7.5e-07,97.0,Standard (90-119 min),0.830596,4.6,Low (<5),10,Low (<100),Released
40160,Meteor,Meteor,en,1979-10-19,1979.0,Action | Science Fiction | Thriller,Action,0,0,0,0.0,107.0,Standard (90-119 min),2.637355,5.1,Medium (5-6.9),36,Low (<100),Released
18074,Duets,Duets,en,2000-09-09,2000.0,Comedy | Drama | Music,Comedy,0,0,0,0.0,112.0,Standard (90-119 min),2.25453,5.5,Medium (5-6.9),34,Low (<100),Released
9689,Hollywood Ending,Hollywood Ending,en,2002-05-03,2002.0,Comedy | Drama,Comedy,16000000,0,-16000000,0.0,112.0,Standard (90-119 min),8.711782,6.4,Medium (5-6.9),113,Medium (100-999),Released
9781,Detroit Rock City,Detroit Rock City,en,1999-08-13,1999.0,Comedy | Music,Comedy,6500000,4217115,-2282885,0.6487869230769231,95.0,Standard (90-119 min),5.700333,6.7,Medium (5-6.9),100,Medium (100-999),Released
8009,Highlander,Highlander,en,1986-03-07,1986.0,Adventure | Action | Fantasy,Adventure,16000000,5900000,-10100000,0.36875,116.0,Standard (90-119 min),29.253833,6.8,Medium (5-6.9),624,Medium (100-999),Released
3877,Things We Lost in the Fire,Things We Lost in the Fire,en,2007-09-26,2007.0,Drama,Drama,16000000,2849142,-13150858,0.178071375,113.0,Standard (90-119 min),8.842869,6.7,Medium (5-6.9),90,Low (<100),Released
8854,Steel,Steel,en,1997-08-15,1997.0,Science Fiction | Action | Adventure,Science Fiction,16000000,1686429,-14313571,0.1054018125,97.0,Standard (90-119 min),2.848727,4.3,Low (<5),48,Low (<100),Released
152599,The Immigrant,The Immigrant,en,2013-07-03,2013.0,Drama | Romance,Drama,16000000,5867686,-10132314,0.366730375,117.0,Standard (90-119 min),13.832464,6.2,Medium (5-6.9),250,Medium (100-999),Released
18840,The White Countess,The White Countess,en,2005-10-30,2005.0,Drama | History | Family | Romance,Drama,0,0,0,0.0,135.0,Long (120-149 min),4.488547,6.9,Medium (5-6.9),21,Low (<100),Released
68727,Trance,Trance,en,2013-03-27,2013.0,Thriller | Crime | Drama | Mystery,Thriller,20000000,24261569,4261569,1.21307845,101.0,Standard (90-119 min),38.802415,6.5,Medium (5-6.9),956,Medium (100-999),Released
12657,Soul Plane,Soul Plane,en,2004-05-28,2004.0,Romance | Comedy,Romance,16000000,14822346,-1177654,0.926396625,86.0,Short (<90 min),9.400404,4.7,Low (<5),108,Medium (100-999),Released
8265,Welcome to the Sticks,Bienvenue chez les ch'tis,fr,2008-01-09,2008.0,Comedy,Comedy,11000000,53191886,42191886,4.835626,106.0,Standard (90-119 min),18.923181,6.8,Medium (5-6.9),615,Medium (100-999),Released
12410,Good,Good,en,2008-12-11,2008.0,Drama,Drama,0,0,0,0.0,96.0,Standard (90-119 min),2.397987,6.3,Medium (5-6.9),29,Low (<100),Released
34647,Enter the Void,Enter the Void,en,2009-05-05,2009.0,Fantasy | Drama,Fantasy,13000000,754249,-12245751,0.058019153846153845,161.0,Very Long (150+ min),20.39955,7.2,Good (7-7.9),387,Medium (100-999),Released
73935,Vamps,Vamps,en,2012-08-25,2012.0,Comedy | Romance | Horror,Comedy,16000000,0,-16000000,0.0,93.0,Standard (90-119 min),7.251897,4.8,Low (<5),91,Low (<100),Released
28178,Hachi: A Dog's Tale,Hachi: A Dog's Tale,en,2009-06-13,2009.0,Drama | Family,Drama,16000000,47801389,31801389,2.9875868125,93.0,Standard (90-119 min),43.217089,7.7,Good (7-7.9),1717,High (1K-4.9K),Released
185567,Zulu,Zulu,en,2013-12-04,2013.0,Crime | Drama | Thriller,Crime,16000000,0,-16000000,0.0,110.0,Standard (90-119 min),14.529496,6.7,Medium (5-6.9),172,Medium (100-999),Released
264656,The Homesman,The Homesman,en,2014-05-18,2014.0,Western | Drama,Western,16000000,3442853,-12557147,0.2151783125,122.0,Long (120-149 min),20.59148,6.4,Medium (5-6.9),258,Medium (100-999),Released
35696,Juwanna Mann,Juwanna Mann,en,2002-06-21,2002.0,Comedy | Drama,Comedy,15600000,0,-15600000,0.0,91.0,Standard (90-119 min),2.244947,4.2,Low (<5),20,Low (<100),Released
16351,Ararat,Ararat,en,2002-05-20,2002.0,War | Drama,War,0,0,0,0.0,115.0,Standard (90-119 min),1.326264,5.7,Medium (5-6.9),16,Low (<100),Released
38717,Madison,Madison,en,2001-01-23,2001.0,Action | Adventure | Drama,Action,0,0,0,0.0,99.0,Standard (90-119 min),0.212108,5.3,Medium (5-6.9),3,Low (<100),Released
18777,Slow Burn,Slow Burn,en,2005-09-12,2005.0,Mystery | Crime | Drama | Thriller,Mystery,15500000,1237615,-14262385,0.07984612903225806,93.0,Standard (90-119 min),6.630856,5.5,Medium (5-6.9),16,Low (<100),Released
2110,Wasabi,Wasabi,fr,2001-10-31,2001.0,Drama | Action | Comedy,Drama,15300000,0,-15300000,0.0,94.0,Standard (90-119 min),18.20957,6.2,Medium (5-6.9),283,Medium (100-999),Released
9035,Slither,Slither,en,2006-03-31,2006.0,Comedy | Horror | Science Fiction,Comedy,15500000,0,-15500000,0.0,95.0,Standard (90-119 min),17.327279,6.3,Medium (5-6.9),317,Medium (100-999),Released
90,Beverly Hills Cop,Beverly Hills Cop,en,1984-11-29,1984.0,Action | Comedy | Crime,Action,15000000,316360478,301360478,21.090698533333335,105.0,Standard (90-119 min),29.843818,6.8,Medium (5-6.9),961,Medium (100-999),Released
771,Home Alone,Home Alone,en,1990-11-09,1990.0,Comedy | Family,Comedy,18000000,476684675,458684675,26.482481944444444,103.0,Standard (90-119 min),2.186927,7.1,Good (7-7.9),2414,High (1K-4.9K),Released
12154,Three Men and a Baby,Three Men and a Baby,es,1987-11-27,1987.0,Family | Comedy | Drama,Family,0,0,0,0.0,102.0,Standard (90-119 min),12.335827,5.8,Medium (5-6.9),253,Medium (100-999),Released
9576,Tootsie,Tootsie,en,1982-12-16,1982.0,Comedy | Romance,Comedy,21000000,177200000,156200000,8.438095238095238,116.0,Standard (90-119 min),20.818567,6.9,Medium (5-6.9),421,Medium (100-999),Released
744,Top Gun,Top Gun,en,1986-05-16,1986.0,Action | Romance | War,Action,15000000,356830601,341830601,23.788706733333335,110.0,Standard (90-119 min),58.900647,6.7,Medium (5-6.9),1698,High (1K-4.9K),Released
146,"Crouching Tiger, Hidden Dragon",卧虎藏龙,zh,2000-10-01,2000.0,Adventure | Drama | Action | Romance,Adventure,17000000,213525736,196525736,12.560337411764706,120.0,Long (120-149 min),45.742254,7.2,Good (7-7.9),927,Medium (100-999),Released
14,American Beauty,American Beauty,en,1999-09-15,1999.0,Drama,Drama,15000000,356296601,341296601,23.753106733333333,122.0,Long (120-149 min),80.878605,7.9,Good (7-7.9),3313,High (1K-4.9K),Released
45269,The King's Speech,The King's Speech,en,2010-09-06,2010.0,Drama | History,Drama,15000000,414211549,399211549,27.614103266666667,118.0,Standard (90-119 min),54.053576,7.6,Good (7-7.9),2752,High (1K-4.9K),Released
9493,Twins,Twins,en,1988-12-09,1988.0,Comedy,Comedy,15000000,216614388,201614388,14.4409592,107.0,Standard (90-119 min),17.638286,5.7,Medium (5-6.9),559,Medium (100-999),Released
22556,The Yellow Handkerchief,The Yellow Handkerchief,en,2008-12-17,2008.0,Drama | Romance,Drama,15000000,317000,-14683000,0.021133333333333334,102.0,Standard (90-119 min),3.803495,6.4,Medium (5-6.9),52,Low (<100),Released
873,The Color Purple,The Color Purple,en,1985-12-18,1985.0,Drama,Drama,15000000,146292009,131292009,9.7528006,154.0,Very Long (150+ min),17.571533,7.7,Good (7-7.9),338,Medium (100-999),Released
33196,Tidal Wave,해운대,ko,2009-06-06,2009.0,Action | Adventure | Drama | Thriller,Action,16000000,11301649,-4698351,0.7063530625,120.0,Long (120-149 min),4.628525,6.5,Medium (5-6.9),48,Low (<100),Released
205596,The Imitation Game,The Imitation Game,en,2014-11-14,2014.0,History | Drama | Thriller | War,History,14000000,233555708,219555708,16.68255057142857,113.0,Standard (90-119 min),145.364591,8.0,Excellent (8+),5723,Very High (5K+),Released
10765,Private Benjamin,Private Benjamin,en,1980-10-06,1980.0,Comedy,Comedy,0,0,0,0.0,109.0,Standard (90-119 min),12.18838,6.0,Medium (5-6.9),102,Medium (100-999),Released
16769,Coal Miner's Daughter,Coal Miner's Daughter,en,1980-03-07,1980.0,Drama | Music,Drama,15000000,67182787,52182787,4.478852466666667,125.0,Long (120-149 min),3.826685,7.2,Good (7-7.9),67,Low (<100),Released
33217,Diary of a Wimpy Kid,Diary of a Wimpy Kid,en,2010-03-19,2010.0,Comedy | Family,Comedy,15000000,75700498,60700498,5.046699866666667,92.0,Standard (90-119 min),21.095489,5.9,Medium (5-6.9),355,Medium (100-999),Released
132232,Mama,Mama,en,2013-01-17,2013.0,Horror,Horror,15000000,146497771,131497771,9.766518066666666,100.0,Standard (90-119 min),47.455148,6.0,Medium (5-6.9),1401,High (1K-4.9K),Released
11153,National Lampoon's Vacation,National Lampoon's Vacation,en,1983-07-28,1983.0,Comedy | Adventure | Romance,Comedy,15000000,61399552,46399552,4.093303466666667,98.0,Standard (90-119 min),22.838834,7.1,Good (7-7.9),410,Medium (100-999),Released
208134,Bad Grandpa,Jackass Presents: Bad Grandpa,en,2013-10-22,2013.0,Comedy,Comedy,15000000,151831537,136831537,10.122102466666666,92.0,Standard (90-119 min),27.165222,6.0,Medium (5-6.9),680,Medium (100-999),Released
1165,The Queen,The Queen,en,2006-09-15,2006.0,Drama,Drama,15000000,123384128,108384128,8.225608533333334,103.0,Standard (90-119 min),19.113278,6.8,Medium (5-6.9),338,Medium (100-999),Released
4011,Beetlejuice,Beetlejuice,en,1988-02-29,1988.0,Fantasy | Comedy,Fantasy,15000000,73326666,58326666,4.8884444,92.0,Standard (90-119 min),58.553213,7.1,Good (7-7.9),1444,High (1K-4.9K),Released
17202,Why Did I Get Married?,Why Did I Get Married?,en,2007-10-12,2007.0,Comedy | Drama,Comedy,15000000,55184721,40184721,3.6789814,113.0,Standard (90-119 min),2.005111,6.1,Medium (5-6.9),33,Low (<100),Released
9587,Little Women,Little Women,en,1994-12-21,1994.0,Drama | Romance,Drama,18000000,0,-18000000,0.0,115.0,Standard (90-119 min),16.418639,7.0,Good (7-7.9),215,Medium (100-999),Released
65086,The Woman in Black,The Woman in Black,en,2012-02-01,2012.0,Drama | Horror | Thriller,Drama,17000000,127730736,110730736,7.513572705882353,95.0,Standard (90-119 min),43.675191,6.1,Medium (5-6.9),1206,High (1K-4.9K),Released
10053,When a Stranger Calls,When a Stranger Calls,en,2006-02-03,2006.0,Horror | Thriller,Horror,15000000,66966987,51966987,4.4644658,87.0,Short (<90 min),4.688212,5.4,Medium (5-6.9),268,Medium (100-999),Released
11870,Big Fat Liar,Big Fat Liar,en,2002-02-08,2002.0,Comedy | Family,Comedy,15000000,52970014,37970014,3.5313342666666667,88.0,Short (<90 min),9.125594,5.6,Medium (5-6.9),197,Medium (100-999),Released
11778,The Deer Hunter,The Deer Hunter,en,1978-12-08,1978.0,Drama | War,Drama,15000000,50000000,35000000,3.3333333333333335,183.0,Very Long (150+ min),19.786392,7.8,Good (7-7.9),921,Medium (100-999),Released
586,Wag the Dog,Wag the Dog,en,1997-12-25,1997.0,Comedy | Drama,Comedy,15000000,64256513,49256513,4.283767533333333,97.0,Standard (90-119 min),13.581966,6.7,Medium (5-6.9),270,Medium (100-999),Released
18736,The Lizzie McGuire Movie,The Lizzie McGuire Movie,en,2003-04-25,2003.0,Family | Comedy,Family,17000000,55534455,38534455,3.2667326470588236,94.0,Standard (90-119 min),11.927667,5.7,Medium (5-6.9),280,Medium (100-999),Released
134411,Snitch,Snitch,en,2013-02-21,2013.0,Thriller | Drama,Thriller,35000000,42930462,7930462,1.2265846285714286,112.0,Standard (90-119 min),30.556135,5.8,Medium (5-6.9),1138,High (1K-4.9K),Released
287903,Krampus,Krampus,en,2015-11-26,2015.0,Horror | Comedy | Fantasy,Horror,15000000,61548707,46548707,4.103247133333333,98.0,Standard (90-119 min),31.565117,5.9,Medium (5-6.9),584,Medium (100-999),Released
9276,The Faculty,The Faculty,en,1998-12-25,1998.0,Horror | Mystery | Science Fiction,Horror,15000000,40283321,25283321,2.6855547333333334,104.0,Standard (90-119 min),21.535126,6.2,Medium (5-6.9),492,Medium (100-999),Released
15765,What's Love Got to Do with It,What's Love Got to Do with It,en,1993-06-09,1993.0,Drama | Music,Drama,0,0,0,0.0,118.0,Standard (90-119 min),7.921311,6.9,Medium (5-6.9),72,Low (<100),Released
2142,Cop Land,Cop Land,en,1997-08-15,1997.0,Action | Crime | Drama,Action,15000000,44862187,29862187,2.9908124666666667,104.0,Standard (90-119 min),19.284129,6.6,Medium (5-6.9),382,Medium (100-999),Released
11397,Not Another Teen Movie,Not Another Teen Movie,en,2001-12-07,2001.0,Comedy,Comedy,16000000,66468332,50468332,4.15427075,89.0,Short (<90 min),23.423082,5.5,Medium (5-6.9),431,Medium (100-999),Released
77016,End of Watch,End of Watch,en,2012-09-20,2012.0,Crime | Drama | Thriller,Crime,7000000,48126384,41126384,6.875197714285714,109.0,Standard (90-119 min),49.517264,7.2,Good (7-7.9),1170,High (1K-4.9K),Released
11478,The Skulls,The Skulls,en,2000-03-31,2000.0,Crime | Drama | Thriller,Crime,15000000,35007180,20007180,2.333812,106.0,Standard (90-119 min),11.375032,5.8,Medium (5-6.9),156,Medium (100-999),Released
266856,The Theory of Everything,The Theory of Everything,en,2014-11-26,2014.0,Drama | Romance,Drama,15000000,123726688,108726688,8.248445866666666,123.0,Long (120-149 min),61.182331,7.8,Good (7-7.9),3311,High (1K-4.9K),Released
13411,Malibu's Most Wanted,Malibu's Most Wanted,en,2003-04-10,2003.0,Comedy | Crime,Comedy,0,0,0,0.0,86.0,Short (<90 min),7.314796,4.7,Low (<5),77,Low (<100),Released
10564,Where the Heart Is,Where the Heart Is,en,2000-04-27,2000.0,Comedy | Drama | Romance,Comedy,15000000,33771174,18771174,2.2514116,120.0,Long (120-149 min),6.857923,6.9,Medium (5-6.9),155,Medium (100-999),Released
947,Lawrence of Arabia,Lawrence of Arabia,en,1962-12-10,1962.0,Adventure | Drama | History | War,Adventure,15000000,69995385,54995385,4.666359,216.0,Very Long (150+ min),41.286336,7.8,Good (7-7.9),851,Medium (100-999),Released
24150,Halloween II,Halloween II,en,2009-08-28,2009.0,Horror,Horror,15000000,39421467,24421467,2.6280978,105.0,Standard (90-119 min),12.929525,5.1,Medium (5-6.9),267,Medium (100-999),Released
228970,Wild,Wild,en,2014-12-05,2014.0,Drama,Drama,15000000,52501541,37501541,3.500102733333333,115.0,Standard (90-119 min),42.952942,7.0,Good (7-7.9),951,Medium (100-999),Released
18405,The Last House on the Left,The Last House on the Left,en,2009-03-13,2009.0,Crime | Thriller | Horror | Drama,Crime,15000000,32721635,17721635,2.1814423333333335,110.0,Standard (90-119 min),19.760383,6.2,Medium (5-6.9),440,Medium (100-999),Released
6961,The Wedding Date,The Wedding Date,en,2005-02-04,2005.0,Comedy | Romance,Comedy,15000000,47175038,32175038,3.1450025333333333,88.0,Short (<90 min),10.194097,6.2,Medium (5-6.9),230,Medium (100-999),Released
11442,Halloween: Resurrection,Halloween: Resurrection,en,2002-07-01,2002.0,Horror | Thriller,Horror,13000000,37664855,24664855,2.8972965384615383,94.0,Standard (90-119 min),11.045593,4.5,Low (<5),228,Medium (100-999),Released
2493,The Princess Bride,The Princess Bride,en,1987-09-18,1987.0,Adventure | Family | Fantasy | Comedy | Romance,Adventure,16000000,30857814,14857814,1.928613375,98.0,Standard (90-119 min),44.533612,7.6,Good (7-7.9),1486,High (1K-4.9K),Released
14047,The Great Debaters,The Great Debaters,en,2007-12-27,2007.0,Drama,Drama,15000000,30226144,15226144,2.0150762666666666,126.0,Long (120-149 min),10.84158,6.9,Medium (5-6.9),151,Medium (100-999),Released
64690,Drive,Drive,en,2011-08-06,2011.0,Drama | Action | Thriller | Crime,Drama,15000000,78054825,63054825,5.203655,100.0,Standard (90-119 min),49.294864,7.4,Good (7-7.9),3725,High (1K-4.9K),Released
11132,Confessions of a Teenage Drama Queen,Confessions of a Teenage Drama Queen,en,2004-02-17,2004.0,Comedy,Comedy,15000000,29331068,14331068,1.9554045333333334,89.0,Short (<90 min),7.424798,5.1,Medium (5-6.9),221,Medium (100-999),Released
17127,The Object of My Affection,The Object of My Affection,en,1998-04-17,1998.0,Comedy | Drama | Romance,Comedy,15000000,46905889,31905889,3.1270592666666666,111.0,Standard (90-119 min),5.164281,5.6,Medium (5-6.9),72,Low (<100),Released
1562,28 Weeks Later,28 Weeks Later,en,2007-04-26,2007.0,Horror | Thriller | Science Fiction,Horror,15000000,64238440,49238440,4.282562666666666,100.0,Standard (90-119 min),34.759855,6.5,Medium (5-6.9),1197,High (1K-4.9K),Released
232679,When the Game Stands Tall,When the Game Stands Tall,en,2014-08-22,2014.0,Drama,Drama,15000000,30127963,15127963,2.008530866666667,115.0,Standard (90-119 min),7.297757,6.3,Medium (5-6.9),130,Medium (100-999),Released
17880,Because of Winn-Dixie,Because of Winn-Dixie,en,2005-02-18,2005.0,Comedy | Drama | Family,Comedy,14000000,32645546,18645546,2.3318247142857143,106.0,Standard (90-119 min),3.334804,6.1,Medium (5-6.9),61,Low (<100),Released
14736,Love & Basketball,Love & Basketball,en,2000-04-21,2000.0,Action | Comedy | Drama | Romance,Action,20000000,27728118,7728118,1.3864059,124.0,Long (120-149 min),2.027393,7.4,Good (7-7.9),88,Low (<100),Released
9434,Grosse Pointe Blank,Grosse Pointe Blank,en,1997-04-11,1997.0,Action | Comedy | Thriller | Romance,Action,0,28084357,28084357,0.0,107.0,Standard (90-119 min),13.817269,6.9,Medium (5-6.9),275,Medium (100-999),Released
23706,All About Steve,All About Steve,en,2009-09-04,2009.0,Comedy,Comedy,15000000,40105542,25105542,2.6737028,99.0,Standard (90-119 min),13.237835,4.7,Low (<5),295,Medium (100-999),Released
11531,Book of Shadows: Blair Witch 2,Book of Shadows: Blair Witch 2,en,2000-10-27,2000.0,Mystery | Thriller | Horror,Mystery,0,0,0,0.0,90.0,Standard (90-119 min),3.890223,4.3,Low (<5),212,Medium (100-999),Released
9100,The Craft,The Craft,en,1996-05-03,1996.0,Drama | Fantasy | Horror | Thriller,Drama,15000000,24769466,9769466,1.6512977333333334,101.0,Standard (90-119 min),19.517239,6.3,Medium (5-6.9),380,Medium (100-999),Released
116,Match Point,Match Point,en,2005-10-26,2005.0,Drama | Thriller | Crime | Romance,Drama,15000000,85306374,70306374,5.6870916,124.0,Long (120-149 min),30.669913,7.3,Good (7-7.9),1105,High (1K-4.9K),Released
38843,Ramona and Beezus,Ramona and Beezus,en,2010-07-23,2010.0,Comedy | Family,Comedy,0,0,0,0.0,103.0,Standard (90-119 min),9.681147,6.1,Medium (5-6.9),245,Medium (100-999),Released
1245,The Remains of the Day,The Remains of the Day,en,1993-11-05,1993.0,Drama | Romance,Drama,11500000,23237911,11737911,2.0206879130434783,134.0,Long (120-149 min),15.355589,7.5,Good (7-7.9),202,Medium (100-999),Released
4995,Boogie Nights,Boogie Nights,en,1997-09-11,1997.0,Drama,Drama,15000000,43101594,28101594,2.8734396,155.0,Very Long (150+ min),19.85579,7.5,Good (7-7.9),796,Medium (100-999),Released
10413,Nowhere to Run,Nowhere to Run,en,1993-01-15,1993.0,Action | Adventure | Drama | Thriller,Action,0,0,0,0.0,94.0,Standard (90-119 min),11.689337,5.5,Medium (5-6.9),119,Medium (100-999),Released
14012,Flicka,Flicka,en,2006-10-20,2006.0,Drama,Drama,15000000,21000000,6000000,1.4,95.0,Standard (90-119 min),3.043589,6.1,Medium (5-6.9),52,Low (<100),Released
9793,The Hills Have Eyes 2,The Hills Have Eyes II,en,2007-03-22,2007.0,Horror | Thriller,Horror,15000000,0,-15000000,0.0,89.0,Short (<90 min),17.141376,5.2,Medium (5-6.9),351,Medium (100-999),Released
12212,Urban Legends: Final Cut,Urban Legends: Final Cut,en,2000-09-19,2000.0,Horror,Horror,14000000,38574362,24574362,2.7553115714285714,97.0,Standard (90-119 min),8.885017,4.4,Low (<5),100,Medium (100-999),Released
13768,Tuck Everlasting,Tuck Everlasting,en,2002-10-11,2002.0,Fantasy | Drama | Science Fiction | Romance | Family,Fantasy,0,0,0,0.0,90.0,Standard (90-119 min),4.115398,6.4,Medium (5-6.9),128,Medium (100-999),Released
8975,The Marine,The Marine,en,2006-10-13,2006.0,Action | Adventure | Drama | Thriller,Action,20000000,22165608,2165608,1.1082804,92.0,Standard (90-119 min),7.679336,5.0,Medium (5-6.9),163,Medium (100-999),Released
342521,Keanu,Keanu,en,2016-04-21,2016.0,Action | Comedy,Action,15000000,20566327,5566327,1.3710884666666667,94.0,Standard (90-119 min),18.268009,6.0,Medium (5-6.9),421,Medium (100-999),Released
45272,Country Strong,Country Strong,en,2010-12-22,2010.0,Drama | Romance,Drama,15000000,20529194,5529194,1.3686129333333332,117.0,Standard (90-119 min),7.809701,5.9,Medium (5-6.9),80,Low (<100),Released
9424,Disturbing Behavior,Disturbing Behavior,en,1998-07-24,1998.0,Mystery | Horror | Science Fiction,Mystery,15000000,17507368,2507368,1.1671578666666667,84.0,Short (<90 min),9.378688,5.5,Medium (5-6.9),104,Medium (100-999),Released
97367,The Place Beyond the Pines,The Place Beyond the Pines,en,2013-03-20,2013.0,Drama | Crime,Drama,15000000,35485608,20485608,2.3657072,140.0,Long (120-149 min),35.395129,6.8,Medium (5-6.9),1653,High (1K-4.9K),Released
254904,The November Man,The November Man,en,2014-08-27,2014.0,Crime | Action | Thriller,Crime,15000000,32556119,17556119,2.1704079333333333,108.0,Standard (90-119 min),45.317278,6.0,Medium (5-6.9),639,Medium (100-999),Released
18681,Eye of the Beholder,Eye of the Beholder,en,1999-09-04,1999.0,Drama | Mystery | Thriller,Drama,15000000,0,-15000000,0.0,109.0,Standard (90-119 min),4.302941,5.3,Medium (5-6.9),42,Low (<100),Released
12162,The Hurt Locker,The Hurt Locker,en,2008-10-10,2008.0,Drama | Thriller | War,Drama,15000000,42000000,27000000,2.8,131.0,Long (120-149 min),47.006162,7.2,Good (7-7.9),1840,High (1K-4.9K),Released
11495,Firestarter,Firestarter,en,1984-05-11,1984.0,Fantasy | Drama | Horror | Action | Thriller,Fantasy,15000000,17080167,2080167,1.1386778,114.0,Standard (90-119 min),11.379652,5.9,Medium (5-6.9),173,Medium (100-999),Released
64689,Killing Them Softly,Killing Them Softly,en,2012-09-20,2012.0,Crime | Thriller,Crime,15000000,37930465,22930465,2.5286976666666665,97.0,Standard (90-119 min),24.612603,5.8,Medium (5-6.9),742,Medium (100-999),Released
157849,A Most Wanted Man,A Most Wanted Man,en,2014-07-25,2014.0,Thriller,Thriller,15000000,31554855,16554855,2.103657,121.0,Long (120-149 min),26.708193,6.5,Medium (5-6.9),541,Medium (100-999),Released
13166,Freddy Got Fingered,Freddy Got Fingered,en,2001-04-18,2001.0,Comedy,Comedy,0,0,0,0.0,87.0,Short (<90 min),8.710294,4.6,Low (<5),115,Medium (100-999),Released
15511,VeggieTales: The Pirates Who Don't Do Anything,VeggieTales: The Pirates Who Don't Do Anything,en,2008-01-11,2008.0,Adventure | Animation | Comedy | Science Fiction | Family,Adventure,0,0,0,0.0,85.0,Short (<90 min),1.800119,5.9,Medium (5-6.9),25,Low (<100),Released
37003,U2 3D,U2 3D,en,2007-05-19,2007.0,Music | Documentary,Music,15000000,22730842,7730842,1.5153894666666667,85.0,Short (<90 min),0.335195,6.7,Medium (5-6.9),10,Low (<100),Released
12211,Highlander: Endgame,Highlander: Endgame,en,2000-09-01,2000.0,Action | Fantasy | Science Fiction,Action,25000000,15843608,-9156392,0.63374432,87.0,Short (<90 min),11.782725,4.4,Low (<5),104,Medium (100-999),Released
13816,Idlewild,Idlewild,en,2006-08-25,2006.0,Crime | Drama | Music,Crime,0,0,0,0.0,121.0,Long (120-149 min),2.711955,5.1,Medium (5-6.9),17,Low (<100),Released
51828,One Day,One Day,en,2011-03-02,2011.0,Drama | Romance,Drama,15000000,59389433,44389433,3.9592955333333335,107.0,Standard (90-119 min),16.629173,7.0,Good (7-7.9),978,Medium (100-999),Released
22798,Whip It,Whip It,en,2009-09-13,2009.0,Drama,Drama,15000000,16633035,1633035,1.108869,111.0,Standard (90-119 min),20.05902,6.7,Medium (5-6.9),357,Medium (100-999),Released
7501,Knockaround Guys,Knockaround Guys,en,2001-09-07,2001.0,Crime | Thriller,Crime,15000000,12000000,-3000000,0.8,92.0,Standard (90-119 min),8.113634,5.9,Medium (5-6.9),97,Low (<100),Released
10743,Confidence,Confidence,en,2003-04-25,2003.0,Action | Comedy | Thriller | Crime,Action,0,0,0,0.0,97.0,Standard (90-119 min),9.87419,6.4,Medium (5-6.9),126,Medium (100-999),Released
37718,The Muse,The Muse,en,1999-08-27,1999.0,Fantasy | Comedy,Fantasy,0,0,0,0.0,97.0,Standard (90-119 min),2.857936,5.3,Medium (5-6.9),31,Low (<100),Released
15237,De-Lovely,De-Lovely,en,2004-07-02,2004.0,Drama | Music,Drama,20000000,0,-20000000,0.0,125.0,Long (120-149 min),3.138118,6.3,Medium (5-6.9),32,Low (<100),Released
9686,New York Stories,New York Stories,en,1989-03-10,1989.0,Comedy | Drama | Romance,Comedy,15000000,0,-15000000,0.0,124.0,Long (120-149 min),6.684096,6.2,Medium (5-6.9),64,Low (<100),Released
17644,Barney's Great Adventure,Barney's Great Adventure,en,1998-01-01,1998.0,Family,Family,0,0,0,0.0,76.0,Short (<90 min),0.722911,2.9,Low (<5),8,Low (<100),Released
97430,The Man with the Iron Fists,The Man with the Iron Fists,en,2012-11-02,2012.0,Action,Action,15000000,15608545,608545,1.0405696666666666,96.0,Standard (90-119 min),17.672021,5.2,Medium (5-6.9),358,Medium (100-999),Released
12257,Home Fries,Home Fries,en,1998-11-25,1998.0,Drama | Comedy | Romance,Drama,15000000,10443316,-4556684,0.6962210666666667,93.0,Standard (90-119 min),3.033471,4.8,Low (<5),32,Low (<100),Released
13539,Here On Earth,Here On Earth,en,2000-03-23,2000.0,Romance,Romance,0,0,0,0.0,96.0,Standard (90-119 min),3.313257,5.4,Medium (5-6.9),48,Low (<100),Released
68,Brazil,Brazil,en,1985-02-20,1985.0,Comedy | Science Fiction,Comedy,15000000,0,-15000000,0.0,132.0,Long (120-149 min),41.089863,7.5,Good (7-7.9),861,Medium (100-999),Released
14024,Raise Your Voice,Raise Your Voice,en,2004-08-10,2004.0,Music | Drama | Romance,Music,15000000,14867514,-132486,0.9911676,103.0,Standard (90-119 min),10.9071,6.0,Medium (5-6.9),211,Medium (100-999),Released
115,The Big Lebowski,The Big Lebowski,en,1998-03-06,1998.0,Comedy | Crime,Comedy,15000000,46189568,31189568,3.0793045333333335,117.0,Standard (90-119 min),49.230089,7.8,Good (7-7.9),2926,High (1K-4.9K),Released
7874,Black Snake Moan,Black Snake Moan,en,2006-12-08,2006.0,Drama,Drama,15000000,10903846,-4096154,0.7269230666666666,116.0,Standard (90-119 min),11.429607,6.6,Medium (5-6.9),243,Medium (100-999),Released
4911,Dark Blue,Dark Blue,en,2002-12-14,2002.0,Action | Crime | Drama | Thriller,Action,15000000,9237470,-5762530,0.6158313333333333,118.0,Standard (90-119 min),6.373316,6.5,Medium (5-6.9),85,Low (<100),Released
1988,A Mighty Heart,A Mighty Heart,en,2007-01-01,2007.0,Drama | Thriller,Drama,16000000,18928871,2928871,1.1830544375,100.0,Standard (90-119 min),9.717392,6.7,Medium (5-6.9),95,Low (<100),Released
16222,Whatever It Takes,Whatever It Takes,en,2000-03-31,2000.0,Drama | Comedy | Romance,Drama,15000000,9902115,-5097885,0.660141,94.0,Standard (90-119 min),8.074807,5.0,Medium (5-6.9),37,Low (<100),Released
9557,Boat Trip,Boat Trip,en,2002-10-01,2002.0,Comedy,Comedy,20000000,8586376,-11413624,0.4293188,94.0,Standard (90-119 min),7.034752,4.7,Low (<5),146,Medium (100-999),Released
9026,The Importance of Being Earnest,The Importance of Being Earnest,en,2002-05-17,2002.0,Comedy | Drama | History | Romance,Comedy,0,0,0,0.0,97.0,Standard (90-119 min),7.250379,6.7,Medium (5-6.9),127,Medium (100-999),Released
57943,The Love Letter,The Love Letter,en,1998-02-01,1998.0,Comedy | Drama | Fantasy | Romance,Comedy,0,0,0,0.0,98.0,Standard (90-119 min),0.116873,4.7,Low (<5),3,Low (<100),Released
18276,Hoot,Hoot,en,2006-05-05,2006.0,Drama | Family,Drama,0,0,0,0.0,91.0,Standard (90-119 min),7.712206,5.5,Medium (5-6.9),44,Low (<100),Released
8321,In Bruges,In Bruges,en,2008-02-08,2008.0,Comedy | Drama | Crime,Comedy,15000000,34533783,19533783,2.3022522,107.0,Standard (90-119 min),25.329493,7.4,Good (7-7.9),1388,High (1K-4.9K),Released
72359,Peeples,Peeples,en,2013-05-09,2013.0,Comedy,Comedy,15,0,-15,0.0,95.0,Standard (90-119 min),5.112809,5.6,Medium (5-6.9),26,Low (<100),Released
10186,The Rocker,The Rocker,en,2008-08-20,2008.0,Comedy | Music,Comedy,15000000,8762890,-6237110,0.5841926666666667,102.0,Standard (90-119 min),13.832376,5.6,Medium (5-6.9),156,Medium (100-999),Released
25704,Post Grad,Post Grad,en,2009-08-21,2009.0,Comedy,Comedy,15000000,6405245,-8594755,0.42701633333333333,89.0,Short (<90 min),7.446069,5.0,Medium (5-6.9),100,Medium (100-999),Released
133694,Promised Land,Promised Land,en,2012-09-23,2012.0,Drama,Drama,15000000,8138788,-6861212,0.5425858666666666,106.0,Standard (90-119 min),13.568302,6.0,Medium (5-6.9),243,Medium (100-999),Released
19265,Whatever Works,Whatever Works,en,2009-06-19,2009.0,Comedy | Romance,Comedy,15000000,35097815,20097815,2.3398543333333333,92.0,Standard (90-119 min),21.857387,6.8,Medium (5-6.9),350,Medium (100-999),Released
36047,The In Crowd,The In Crowd,en,2000-07-19,2000.0,Thriller,Thriller,15000000,5217498,-9782502,0.3478332,105.0,Standard (90-119 min),0.249245,4.7,Low (<5),15,Low (<100),Released
8053,The Three Burials of Melquiades Estrada,The Three Burials of Melquiades Estrada,en,2005-11-17,2005.0,Adventure | Crime | Drama | Mystery | Western,Adventure,15000000,12036149,-2963851,0.8024099333333333,121.0,Long (120-149 min),12.163832,7.0,Good (7-7.9),177,Medium (100-999),Released
2290,Jakob the Liar,Jakob the Liar,en,1999-09-16,1999.0,Comedy | Drama | History,Comedy,0,0,0,0.0,120.0,Long (120-149 min),8.962245,6.0,Medium (5-6.9),90,Low (<100),Released
5236,Kiss Kiss Bang Bang,Kiss Kiss Bang Bang,en,2005-09-05,2005.0,Action | Comedy | Crime | Mystery,Action,15000000,15785148,785148,1.0523432,103.0,Standard (90-119 min),32.690038,7.2,Good (7-7.9),886,Medium (100-999),Released
6552,Idle Hands,Idle Hands,en,1999-04-30,1999.0,Thriller | Comedy | Horror,Thriller,25000000,4152230,-20847770,0.1660892,92.0,Standard (90-119 min),8.583217,6.1,Medium (5-6.9),182,Medium (100-999),Released
1018,Mulholland Drive,Mulholland Drive,en,2001-05-16,2001.0,Thriller | Drama | Mystery,Thriller,15000000,20117339,5117339,1.3411559333333334,147.0,Long (120-149 min),31.60985,7.6,Good (7-7.9),1477,High (1K-4.9K),Released
10075,Blood and Chocolate,Blood and Chocolate,en,2007-01-26,2007.0,Drama | Fantasy | Horror | Romance,Drama,0,0,0,0.0,98.0,Standard (90-119 min),12.295216,5.4,Medium (5-6.9),87,Low (<100),Released
38031,You Will Meet a Tall Dark Stranger,You Will Meet a Tall Dark Stranger,en,2010-05-23,2010.0,Comedy | Drama | Romance,Comedy,22000000,0,-22000000,0.0,98.0,Standard (90-119 min),12.4654,5.8,Medium (5-6.9),251,Medium (100-999),Released
42188,Never Let Me Go,Never Let Me Go,en,2010-09-15,2010.0,Drama | Romance | Science Fiction,Drama,15000000,9455232,-5544768,0.6303488,104.0,Standard (90-119 min),30.983397,6.8,Medium (5-6.9),737,Medium (100-999),Released
112430,The Company,The Company,en,2007-08-05,2007.0,Drama,Drama,0,0,0,0.0,276.0,Very Long (150+ min),1.485324,7.0,Good (7-7.9),12,Low (<100),Released
6687,Transsiberian,Transsiberian,en,2008-01-18,2008.0,Thriller | Crime | Mystery,Thriller,15000000,5926410,-9073590,0.395094,111.0,Standard (90-119 min),11.428903,6.5,Medium (5-6.9),195,Medium (100-999),Released
13853,The Clan of the Cave Bear,The Clan of the Cave Bear,en,1986-01-17,1986.0,Adventure | Drama,Adventure,15000000,0,-15000000,0.0,98.0,Standard (90-119 min),5.484679,4.8,Low (<5),27,Low (<100),Released
31306,Crazy in Alabama,Crazy in Alabama,en,1999-10-22,1999.0,Comedy | Drama,Comedy,0,0,0,0.0,111.0,Standard (90-119 min),5.770246,6.5,Medium (5-6.9),12,Low (<100),Released
8461,Funny Games,Funny Games,en,2007-10-20,2007.0,Horror | Thriller | Crime,Horror,15000000,7938872,-7061128,0.5292581333333334,112.0,Standard (90-119 min),15.175289,6.3,Medium (5-6.9),545,Medium (100-999),Released
331592,Listening,Listening,en,2015-09-11,2015.0,Drama | Thriller | Science Fiction,Drama,0,0,0,0.0,100.0,Standard (90-119 min),2.414721,5.5,Medium (5-6.9),31,Low (<100),Released
47692,Felicia's Journey,Felicia's Journey,en,1999-11-24,1999.0,Drama,Drama,0,0,0,0.0,116.0,Standard (90-119 min),0.470645,6.6,Medium (5-6.9),23,Low (<100),Released
19,Metropolis,Metropolis,de,1927-01-10,1927.0,Drama | Science Fiction,Drama,92620000,650422,-91969578,0.007022478946231915,153.0,Very Long (150+ min),32.351527,8.0,Excellent (8+),657,Medium (100-999),Released
10045,District B13,Banlieue 13,fr,2004-11-09,2004.0,Action | Thriller | Science Fiction,Action,12000000,9584131,-2415869,0.7986775833333334,84.0,Short (<90 min),17.493735,6.5,Medium (5-6.9),565,Medium (100-999),Released
400,Things to Do in Denver When You're Dead,Things to Do in Denver When You're Dead,en,1995-12-01,1995.0,Drama | Crime,Drama,8000000,529766,-7470234,0.06622075,116.0,Standard (90-119 min),6.932221,6.7,Medium (5-6.9),85,Low (<100),Released
253450,The Assassin,刺客聶隱娘,zh,2015-08-27,2015.0,Action | Drama | History,Action,15000000,632542,-14367458,0.04216946666666667,105.0,Standard (90-119 min),8.142166,6.6,Medium (5-6.9),157,Medium (100-999),Released
9104,Buffalo Soldiers,Buffalo Soldiers,en,2001-09-08,2001.0,Drama | Comedy | War | Crime | Thriller,Drama,15000000,0,-15000000,0.0,98.0,Standard (90-119 min),6.329672,6.5,Medium (5-6.9),93,Low (<100),Released
11190,The Return,Возвращение,ru,2003-06-25,2003.0,Thriller | Drama | Mystery,Thriller,0,0,0,0.0,105.0,Standard (90-119 min),7.744166,7.4,Good (7-7.9),100,Medium (100-999),Released
16353,Ong Bak 2,Ong Bak 2,th,2008-12-04,2008.0,Adventure | Action | Thriller,Adventure,8500000,8936663,436663,1.0513721176470587,98.0,Standard (90-119 min),9.029489,6.0,Medium (5-6.9),152,Medium (100-999),Released
23759,Centurion,Centurion,en,2010-02-15,2010.0,Adventure | Action | Drama,Adventure,12000000,6814789,-5185211,0.5678990833333334,97.0,Standard (90-119 min),22.708647,5.9,Medium (5-6.9),386,Medium (100-999),Released
24206,Silent Trigger,Silent Trigger,en,1996-06-26,1996.0,Drama | Action | Thriller,Drama,15000000,76382,-14923618,0.005092133333333334,93.0,Standard (90-119 min),2.609057,5.0,Medium (5-6.9),22,Low (<100),Released
10185,The Midnight Meat Train,The Midnight Meat Train,en,2008-08-07,2008.0,Mystery | Drama | Crime | Thriller | Horror,Mystery,15000000,3533227,-11466773,0.23554846666666668,98.0,Standard (90-119 min),19.913961,6.0,Medium (5-6.9),290,Medium (100-999),Released
75033,Winnie Mandela,Winnie Mandela,en,2011-09-16,2011.0,Drama,Drama,15000000,0,-15000000,0.0,107.0,Standard (90-119 min),1.897761,5.2,Medium (5-6.9),5,Low (<100),Released
74536,The Son of No One,The Son of No One,en,2011-11-04,2011.0,Drama | Thriller | Crime,Drama,15000000,0,-15000000,0.0,90.0,Standard (90-119 min),7.701186,4.8,Low (<5),92,Low (<100),Released
31668,All The Queen's Men,All The Queen's Men,en,2001-10-14,2001.0,Action | Comedy | Drama | History,Action,15000000,23000,-14977000,0.0015333333333333334,99.0,Standard (90-119 min),1.833058,6.1,Medium (5-6.9),7,Low (<100),Released
13501,The Good Night,The Good Night,en,2007-01-25,2007.0,Comedy | Drama | Romance | Fantasy | Music,Comedy,15000000,20380,-14979620,0.0013586666666666667,93.0,Standard (90-119 min),12.185204,5.7,Medium (5-6.9),41,Low (<100),Released
15208,Bathory: Countess of Blood,Bathory,en,2008-07-04,2008.0,Drama | Fantasy,Drama,0,0,0,0.0,141.0,Long (120-149 min),2.500218,5.6,Medium (5-6.9),31,Low (<100),Released
172391,Khumba,Khumba,en,2013-07-18,2013.0,Animation | Adventure | Family,Animation,20000000,27187375,7187375,1.35936875,85.0,Short (<90 min),6.459787,5.8,Medium (5-6.9),72,Low (<100),Released
262543,Automata,Autómata,en,2014-10-09,2014.0,Thriller | Science Fiction,Thriller,7000000,0,-7000000,0.0,110.0,Standard (90-119 min),49.808505,5.6,Medium (5-6.9),670,Medium (100-999),Released
9288,Dungeons & Dragons: Wrath of the Dragon God,Dungeons & Dragons: Wrath of the Dragon God,en,2005-01-01,2005.0,Action | Adventure | Fantasy,Action,0,0,0,0.0,105.0,Standard (90-119 min),4.901936,4.8,Low (<5),36,Low (<100),Released
370980,Chiamatemi Francesco - Il Papa della gente,Chiamatemi Francesco - Il Papa della gente,it,2015-12-03,2015.0,Drama,Drama,15000000,0,-15000000,0.0,,Unknown,0.738646,7.3,Good (7-7.9),12,Low (<100),Released
20083,Shinjuku Incident,新宿事件,zh,2009-03-22,2009.0,Drama | Action | Thriller | Crime,Drama,15000000,0,-15000000,0.0,119.0,Standard (90-119 min),5.294319,6.7,Medium (5-6.9),65,Low (<100),Released
40880,Pandaemonium,Pandaemonium,en,2001-06-29,2001.0,Drama | Foreign,Drama,0,0,0,0.0,124.0,Long (120-149 min),0.165367,4.5,Low (<5),2,Low (<100),Released
137,Groundhog Day,Groundhog Day,en,1993-02-11,1993.0,Romance | Fantasy | Drama | Comedy,Romance,14600000,70906973,56306973,4.85664198630137,101.0,Standard (90-119 min),52.744331,7.4,Good (7-7.9),2301,High (1K-4.9K),Released
264999,Magic Mike XXL,Magic Mike XXL,en,2015-07-01,2015.0,Comedy | Drama | Music,Comedy,14800000,122513057,107713057,8.277909256756757,115.0,Standard (90-119 min),29.660993,6.3,Medium (5-6.9),706,Medium (100-999),Released
454,Romeo + Juliet,Romeo + Juliet,en,1996-10-31,1996.0,Drama | Romance,Drama,14500000,147298761,132798761,10.15853524137931,120.0,Long (120-149 min),41.493042,6.7,Medium (5-6.9),1374,High (1K-4.9K),Released
53457,Sarah's Key,Elle s'appelait Sarah,fr,2010-09-16,2010.0,Drama | War,Drama,10000000,17511906,7511906,1.7511906,111.0,Standard (90-119 min),10.072199,7.2,Good (7-7.9),196,Medium (100-999),Released
288980,Freedom,Freedom,en,2014-08-21,2014.0,Drama,Drama,14500000,0,-14500000,0.0,98.0,Standard (90-119 min),4.389363,5.8,Medium (5-6.9),9,Low (<100),Released
33,Unforgiven,Unforgiven,en,1992-08-07,1992.0,Western,Western,14000000,159157447,145157447,11.368389071428572,131.0,Long (120-149 min),37.380435,7.7,Good (7-7.9),1113,High (1K-4.9K),Released
1951,Manderlay,Manderlay,da,2005-05-16,2005.0,Drama,Drama,14200000,674918,-13525082,0.04752943661971831,139.0,Long (120-149 min),7.05145,6.9,Medium (5-6.9),78,Low (<100),Released
12405,Slumdog Millionaire,Slumdog Millionaire,en,2008-05-12,2008.0,Drama | Romance,Drama,15000000,377910544,362910544,25.194036266666668,120.0,Long (120-149 min),59.258969,7.6,Good (7-7.9),2827,High (1K-4.9K),Released
10998,Fatal Attraction,Fatal Attraction,en,1987-09-11,1987.0,Drama | Romance | Thriller,Drama,14000000,320145693,306145693,22.8675495,119.0,Standard (90-119 min),16.742972,6.6,Medium (5-6.9),291,Medium (100-999),Released
114,Pretty Woman,Pretty Woman,en,1990-03-23,1990.0,Romance | Comedy,Romance,14000000,463000000,449000000,33.07142857142857,119.0,Standard (90-119 min),45.473484,7.0,Good (7-7.9),1746,High (1K-4.9K),Released
9396,Crocodile Dundee II,Crocodile Dundee II,en,1988-05-19,1988.0,Adventure | Comedy,Adventure,0,239606210,239606210,0.0,110.0,Standard (90-119 min),15.474831,5.5,Medium (5-6.9),303,Medium (100-999),Released
319910,Broken Horses,Broken Horses,en,2015-03-15,2015.0,Thriller | Mystery | Drama | Crime,Thriller,0,0,0,0.0,101.0,Standard (90-119 min),4.289676,5.0,Medium (5-6.9),10,Low (<100),Released
2604,Born on the Fourth of July,Born on the Fourth of July,en,1989-12-20,1989.0,Drama | War,Drama,14000000,161001698,147001698,11.500121285714286,145.0,Long (120-149 min),25.949277,6.7,Medium (5-6.9),395,Medium (100-999),Released
864,Cool Runnings,Cool Runnings,en,1993-09-30,1993.0,Comedy,Comedy,14000000,154864401,140864401,11.061742928571428,98.0,Standard (90-119 min),22.409117,6.8,Medium (5-6.9),491,Medium (100-999),Released
14435,My Bloody Valentine,My Bloody Valentine,en,2009-01-16,2009.0,Mystery | Horror,Mystery,15000000,100734718,85734718,6.715647866666667,101.0,Standard (90-119 min),13.706357,5.3,Medium (5-6.9),299,Medium (100-999),Released
1931,Stomp the Yard,Stomp the Yard,en,2007-05-16,2007.0,Drama | Music,Drama,13000000,75511123,62511123,5.808547923076923,114.0,Standard (90-119 min),6.92205,6.1,Medium (5-6.9),88,Low (<100),Released
691,The Spy Who Loved Me,The Spy Who Loved Me,en,1977-07-07,1977.0,Adventure | Action | Thriller,Adventure,14000000,185438673,171438673,13.2456195,125.0,Long (120-149 min),27.17347,6.6,Medium (5-6.9),507,Medium (100-999),Released
9877,Urban Legend,Urban Legend,en,1998-09-25,1998.0,Horror | Thriller,Horror,14000000,72527595,58527595,5.1805425,99.0,Standard (90-119 min),12.159009,5.6,Medium (5-6.9),290,Medium (100-999),Released
62008,Good Deeds,Good Deeds,en,2012-02-23,2012.0,Comedy | Drama | Romance,Comedy,0,0,0,0.0,111.0,Standard (90-119 min),4.448494,6.2,Medium (5-6.9),45,Low (<100),Released
12227,White Fang,White Fang,en,1991-01-18,1991.0,Action | Adventure | Drama | Family,Action,14000000,34793160,20793160,2.4852257142857144,107.0,Standard (90-119 min),13.13724,6.5,Medium (5-6.9),135,Medium (100-999),Released
13824,Superstar,Superstar,en,1999-10-08,1999.0,Comedy | Family,Comedy,0,0,0,0.0,81.0,Short (<90 min),4.04701,5.1,Medium (5-6.9),83,Low (<100),Released
71688,The Iron Lady,The Iron Lady,en,2011-12-30,2011.0,History | Drama,History,13000000,114956699,101956699,8.842823,105.0,Standard (90-119 min),23.3784,6.2,Medium (5-6.9),527,Medium (100-999),Released
15173,Jonah: A VeggieTales Movie,Jonah: A VeggieTales Movie,en,2002-10-04,2002.0,Action | Adventure | Animation | Comedy | Family | Fantasy | Romance,Action,0,0,0,0.0,82.0,Short (<90 min),1.446172,6.4,Medium (5-6.9),22,Low (<100),Released
8291,Poetic Justice,Poetic Justice,en,1993-07-23,1993.0,Drama | Romance,Drama,14000000,27515786,13515786,1.9654132857142856,109.0,Standard (90-119 min),3.650857,6.9,Medium (5-6.9),47,Low (<100),Released
13950,All About the Benjamins,All About the Benjamins,en,2002-03-08,2002.0,Action | Adventure | Comedy,Action,14000000,25482931,11482931,1.8202093571428573,95.0,Standard (90-119 min),5.102258,5.8,Medium (5-6.9),48,Low (<100),Released
12158,Vampire in Brooklyn,Vampire in Brooklyn,en,1995-10-27,1995.0,Comedy | Horror | Romance,Comedy,14000000,19800000,5800000,1.4142857142857144,100.0,Standard (90-119 min),6.772615,4.5,Low (<5),111,Medium (100-999),Released
11586,Exorcist II: The Heretic,Exorcist II: The Heretic,en,1977-06-17,1977.0,Horror | Thriller | Fantasy,Horror,14000000,30749142,16749142,2.1963672857142855,118.0,Standard (90-119 min),11.543363,4.5,Low (<5),133,Medium (100-999),Released
10008,An American Haunting,An American Haunting,en,2005-05-05,2005.0,Horror | Thriller,Horror,0,0,0,0.0,83.0,Short (<90 min),7.436315,5.3,Medium (5-6.9),142,Medium (100-999),Released
2830,My Boss's Daughter,My Boss's Daughter,en,2003-08-21,2003.0,Comedy | Romance,Comedy,14000000,0,-14000000,0.0,83.0,Short (<90 min),14.813614,4.4,Low (<5),180,Medium (100-999),Released
12403,A Perfect Getaway,A Perfect Getaway,en,2009-06-08,2009.0,Thriller | Mystery | Adventure,Thriller,14000000,22852638,8852638,1.6323312857142858,98.0,Standard (90-119 min),20.792603,6.2,Medium (5-6.9),351,Medium (100-999),Released
34563,Our Family Wedding,Our Family Wedding,en,2010-03-12,2010.0,Comedy,Comedy,14000000,21409028,7409028,1.5292162857142857,103.0,Standard (90-119 min),6.733485,5.7,Medium (5-6.9),39,Low (<100),Released
14557,Dead Man on Campus,Dead Man on Campus,en,1998-08-21,1998.0,Comedy,Comedy,0,0,0,0.0,96.0,Standard (90-119 min),7.708227,5.6,Medium (5-6.9),49,Low (<100),Released
10368,Tea with Mussolini,Tea with Mussolini,en,1999-03-25,1999.0,Comedy | Drama | War,Comedy,12000000,21001563,9001563,1.75013025,117.0,Standard (90-119 min),2.238646,5.8,Medium (5-6.9),32,Low (<100),Released
10280,Thinner,Thinner,en,1996-10-25,1996.0,Horror | Thriller,Horror,0,0,0,0.0,92.0,Standard (90-119 min),7.866961,5.5,Medium (5-6.9),124,Medium (100-999),Released
12637,"New York, New York","New York, New York",en,1977-06-21,1977.0,Drama | Music | Romance,Drama,0,0,0,0.0,155.0,Very Long (150+ min),3.876242,6.1,Medium (5-6.9),67,Low (<100),Released
34152,Crooklyn,Crooklyn,en,1994-05-13,1994.0,Comedy | Drama,Comedy,0,0,0,0.0,115.0,Standard (90-119 min),1.89218,6.7,Medium (5-6.9),31,Low (<100),Released
14434,I Think I Love My Wife,I Think I Love My Wife,en,2007-03-16,2007.0,Comedy | Romance,Comedy,11000000,13196245,2196245,1.1996586363636363,90.0,Standard (90-119 min),4.536745,5.0,Medium (5-6.9),55,Low (<100),Released
11470,Jason X,Jason X,en,2001-07-24,2001.0,Horror | Science Fiction,Horror,11000000,16951798,5951798,1.5410725454545455,91.0,Standard (90-119 min),11.220643,4.5,Low (<5),291,Medium (100-999),Released
10741,Bobby,Bobby,en,2006-09-05,2006.0,History | Drama,History,0,0,0,0.0,120.0,Long (120-149 min),11.706309,6.4,Medium (5-6.9),119,Medium (100-999),Released
24940,Head Over Heels,Head Over Heels,en,2001-02-02,2001.0,Comedy | Romance,Comedy,14000000,10424470,-3575530,0.744605,86.0,Short (<90 min),4.66723,5.3,Medium (5-6.9),73,Low (<100),Released
82679,Fun Size,Fun Size,en,2012-10-25,2012.0,Comedy,Comedy,14000000,11417362,-2582638,0.8155258571428572,87.0,Short (<90 min),7.487843,5.5,Medium (5-6.9),134,Medium (100-999),Released
2013,The Diving Bell and the Butterfly,Le scaphandre et le papillon,fr,2007-05-22,2007.0,Drama,Drama,14000000,19777647,5777647,1.4126890714285714,112.0,Standard (90-119 min),13.65494,7.4,Good (7-7.9),283,Medium (100-999),Released
1440,Little Children,Little Children,en,2006-10-06,2006.0,Romance | Drama,Romance,26000000,14821658,-11178342,0.5700637692307692,136.0,Long (120-149 min),11.942862,6.9,Medium (5-6.9),240,Medium (100-999),Released
18041,Gossip,Gossip,en,2000-04-21,2000.0,Drama | Mystery | Thriller,Drama,14000000,5108820,-8891180,0.3649157142857143,90.0,Standard (90-119 min),5.833687,5.5,Medium (5-6.9),68,Low (<100),Released
28029,A Walk on the Moon,A Walk on the Moon,en,1999-01-29,1999.0,Drama | Romance,Drama,14000000,0,-14000000,0.0,107.0,Standard (90-119 min),6.370267,6.2,Medium (5-6.9),21,Low (<100),Released
1123,Catch a Fire,Catch a Fire,en,2006-10-27,2006.0,Action | Drama | Thriller,Action,0,4291965,4291965,0.0,101.0,Standard (90-119 min),4.052219,6.4,Medium (5-6.9),25,Low (<100),Released
14033,Soul Survivors,Soul Survivors,en,2001-09-06,2001.0,Horror | Mystery | Thriller,Horror,0,0,0,0.0,84.0,Short (<90 min),3.231848,4.4,Low (<5),49,Low (<100),Released
87729,Jefferson in Paris,Jefferson in Paris,en,1995-03-31,1995.0,Drama | Romance,Drama,14000000,2474000,-11526000,0.1767142857142857,139.0,Long (120-149 min),0.900442,5.2,Medium (5-6.9),10,Low (<100),Released
16899,Easy Virtue,Easy Virtue,en,2008-01-01,2008.0,Comedy | Romance,Comedy,0,0,0,0.0,93.0,Standard (90-119 min),8.387573,6.3,Medium (5-6.9),108,Medium (100-999),Released
41317,Caravans,Caravans,en,1978-11-02,1978.0,Action | Adventure | Drama | Romance,Action,0,0,0,0.0,127.0,Long (120-149 min),0.633004,5.8,Medium (5-6.9),1,Low (<100),Released
245700,Mr. Turner,Mr. Turner,en,2014-10-31,2014.0,History | Drama,History,0,5405500,5405500,0.0,150.0,Very Long (150+ min),9.242554,6.3,Medium (5-6.9),204,Medium (100-999),Released
37842,Wild Grass,Les herbes folles,fr,2009-05-20,2009.0,Drama | Romance,Drama,0,0,0,0.0,104.0,Standard (90-119 min),1.866443,5.8,Medium (5-6.9),22,Low (<100),Released
9045,Amen.,Amen.,fr,2002-02-13,2002.0,Drama | History,Drama,0,0,0,0.0,132.0,Long (120-149 min),5.930533,7.1,Good (7-7.9),75,Low (<100),Released
44092,Reign of Assassins,剑雨,zh,2010-09-01,2010.0,History | Action,History,12000000,0,-12000000,0.0,117.0,Standard (90-119 min),4.930129,6.7,Medium (5-6.9),57,Low (<100),Released
16005,The Lucky Ones,The Lucky Ones,en,2008-09-26,2008.0,Comedy | Drama | History,Comedy,0,0,0,0.0,113.0,Standard (90-119 min),8.747922,6.3,Medium (5-6.9),55,Low (<100),Released
44754,Margaret,Margaret,en,2011-09-30,2011.0,Drama,Drama,14000000,46495,-13953505,0.0033210714285714284,149.0,Long (120-149 min),4.898424,6.1,Medium (5-6.9),86,Low (<100),Released
23988,Stan Helsing,Stan Helsing,en,2009-10-27,2009.0,Comedy | Horror,Comedy,108,0,-108,0.0,90.0,Standard (90-119 min),7.410523,4.0,Low (<5),97,Low (<100),Released
43949,Flipped,Flipped,en,2010-08-06,2010.0,Romance | Drama,Romance,14000000,1755212,-12244788,0.12537228571428571,89.0,Short (<90 min),24.210698,7.4,Good (7-7.9),418,Medium (100-999),Released
142,Brokeback Mountain,Brokeback Mountain,en,2005-09-02,2005.0,Drama | Romance,Drama,14000000,178043761,164043761,12.7174115,134.0,Long (120-149 min),44.135568,7.5,Good (7-7.9),1480,High (1K-4.9K),Released
9603,Clueless,Clueless,en,1995-07-19,1995.0,Comedy | Drama | Romance,Comedy,12000000,0,-12000000,0.0,97.0,Standard (90-119 min),16.051328,6.9,Medium (5-6.9),803,Medium (100-999),Released
10712,Far from Heaven,Far from Heaven,en,2002-09-01,2002.0,Drama | Romance,Drama,13500000,29027914,15527914,2.150215851851852,107.0,Standard (90-119 min),9.982885,6.9,Medium (5-6.9),144,Medium (100-999),Released
243938,Hot Tub Time Machine 2,Hot Tub Time Machine 2,en,2015-02-20,2015.0,Comedy,Comedy,14000000,12314651,-1685349,0.8796179285714286,93.0,Standard (90-119 min),16.618874,5.0,Medium (5-6.9),354,Medium (100-999),Released
10876,Quills,Quills,en,2000-11-22,2000.0,Drama,Drama,13500000,7060876,-6439124,0.5230278518518519,124.0,Long (120-149 min),7.261196,6.8,Medium (5-6.9),128,Medium (100-999),Released
86838,Seven Psychopaths,Seven Psychopaths,en,2012-09-07,2012.0,Comedy | Crime,Comedy,15000000,19422261,4422261,1.2948174,110.0,Standard (90-119 min),32.306455,6.7,Medium (5-6.9),1206,High (1K-4.9K),Released
25208,The Caveman's Valentine,The Caveman's Valentine,en,2001-01-19,2001.0,Drama | Mystery | Thriller,Drama,0,0,0,0.0,105.0,Standard (90-119 min),4.722403,6.0,Medium (5-6.9),27,Low (<100),Released
613,Downfall,Der Untergang,de,2004-09-08,2004.0,Drama | History | War,Drama,18339750,92180910,73841160,5.026290434711488,156.0,Very Long (150+ min),32.445895,7.7,Good (7-7.9),1037,High (1K-4.9K),Released
1913,The Sea Inside,Mar adentro,es,2004-09-03,2004.0,Drama,Drama,12806000,38535221,25729221,3.0091535998750585,125.0,Long (120-149 min),17.363739,7.2,Good (7-7.9),219,Medium (100-999),Released
97370,Under the Skin,Under the Skin,en,2014-03-14,2014.0,Thriller | Science Fiction | Drama,Thriller,13300000,5380251,-7919749,0.40453015037593987,108.0,Standard (90-119 min),29.782161,6.0,Medium (5-6.9),1102,High (1K-4.9K),Released
801,"Good Morning, Vietnam","Good Morning, Vietnam",en,1987-12-23,1987.0,Comedy | Drama | War,Comedy,13000000,123922370,110922370,9.53249,121.0,Long (120-149 min),18.362333,7.1,Good (7-7.9),642,Medium (100-999),Released
70829,The Last Godfather,The Last Godfather,en,2010-12-29,2010.0,Action | Comedy | Thriller,Action,13400000,16700000,3300000,1.2462686567164178,100.0,Standard (90-119 min),0.680753,4.7,Low (<5),7,Low (<100),Released
54518,Justin Bieber: Never Say Never,Justin Bieber: Never Say Never,en,2011-02-11,2011.0,Documentary | Music | Family,Documentary,13000000,98441954,85441954,7.572458,105.0,Standard (90-119 min),6.735922,4.8,Low (<5),154,Medium (100-999),Released
44214,Black Swan,Black Swan,en,2010-12-02,2010.0,Drama | Thriller,Drama,13000000,327803731,314803731,25.215671615384615,108.0,Standard (90-119 min),91.285683,7.3,Good (7-7.9),4430,High (1K-4.9K),Released
240,The Godfather: Part II,The Godfather: Part II,en,1974-12-20,1974.0,Drama | Crime,Drama,13000000,47542841,34542841,3.6571416153846155,200.0,Very Long (150+ min),105.792936,8.3,Excellent (8+),3338,High (1K-4.9K),Released
9816,Save the Last Dance,Save the Last Dance,en,2001-01-12,2001.0,Drama | Family | Romance | Music,Drama,13000000,91038276,78038276,7.0029443076923075,112.0,Standard (90-119 min),9.969624,6.3,Medium (5-6.9),352,Medium (100-999),Released
10131,A Nightmare on Elm Street 4: The Dream Master,A Nightmare on Elm Street 4: The Dream Master,en,1988-08-19,1988.0,Horror | Thriller,Horror,7000000,72500000,65500000,10.357142857142858,99.0,Standard (90-119 min),17.113408,5.8,Medium (5-6.9),281,Medium (100-999),Released
339984,Miracles from Heaven,Miracles from Heaven,en,2016-03-17,2016.0,Drama,Drama,16000000,77000000,61000000,4.8125,117.0,Standard (90-119 min),10.248439,6.7,Medium (5-6.9),186,Medium (100-999),Released
8859,"Dude, Where’s My Car?","Dude, Where’s My Car?",en,2000-12-15,2000.0,Comedy,Comedy,13000000,73180723,60180723,5.629286384615384,83.0,Short (<90 min),25.316146,5.2,Medium (5-6.9),509,Medium (100-999),Released
11967,Young Guns,Young Guns,en,1988-08-12,1988.0,Crime | Action | Adventure | Drama | Western,Crime,13000000,44726644,31726644,3.440511076923077,107.0,Standard (90-119 min),9.499325,6.6,Medium (5-6.9),258,Medium (100-999),Released
239563,St. Vincent,St. Vincent,en,2014-10-09,2014.0,Comedy,Comedy,13000000,54837234,41837234,4.218248769230769,102.0,Standard (90-119 min),43.791745,7.1,Good (7-7.9),763,Medium (100-999),Released
222899,About Last Night,About Last Night,en,2014-02-14,2014.0,Comedy | Romance,Comedy,12500000,49002684,36502684,3.92021472,100.0,Standard (90-119 min),11.828068,6.0,Medium (5-6.9),210,Medium (100-999),Released
4951,10 Things I Hate About You,10 Things I Hate About You,en,1999-03-30,1999.0,Comedy | Romance | Drama,Comedy,16000000,53478166,37478166,3.342385375,97.0,Standard (90-119 min),54.550275,7.3,Good (7-7.9),1701,High (1K-4.9K),Released
10985,The New Guy,The New Guy,en,2002-05-10,2002.0,Comedy | Family,Comedy,13000000,0,-13000000,0.0,88.0,Short (<90 min),13.525704,5.7,Medium (5-6.9),151,Medium (100-999),Released
9644,National Lampoon's Loaded Weapon 1,National Lampoon's Loaded Weapon 1,en,1993-02-04,1993.0,Comedy,Comedy,0,0,0,0.0,84.0,Short (<90 min),12.963328,5.7,Medium (5-6.9),157,Medium (100-999),Released
332567,The Shallows,The Shallows,en,2016-06-24,2016.0,Horror | Drama | Thriller,Horror,17000000,119100758,102100758,7.005926941176471,86.0,Short (<90 min),60.829621,6.2,Medium (5-6.9),1567,High (1K-4.9K),Released
1954,The Butterfly Effect,The Butterfly Effect,en,2004-01-22,2004.0,Science Fiction | Thriller,Science Fiction,13000000,96060858,83060858,7.38929676923077,113.0,Standard (90-119 min),73.307513,7.3,Good (7-7.9),2060,High (1K-4.9K),Released
15489,Snow Day,Snow Day,en,2000-02-11,2000.0,Comedy | Family,Comedy,0,0,0,0.0,89.0,Short (<90 min),7.964289,4.8,Low (<5),51,Low (<100),Released
15250,This Christmas,This Christmas,en,2007-11-27,2007.0,Comedy | Drama,Comedy,13000000,0,-13000000,0.0,117.0,Standard (90-119 min),2.388918,7.1,Good (7-7.9),29,Low (<100),Released
22345,Baby Geniuses,Baby Geniuses,en,1999-03-12,1999.0,Science Fiction | Comedy | Family,Science Fiction,12000000,36450736,24450736,3.037561333333333,97.0,Standard (90-119 min),4.580081,3.3,Low (<5),75,Low (<100),Released
9448,The Big Hit,The Big Hit,en,1998-04-24,1998.0,Action | Adventure | Comedy | Thriller,Action,13000000,27007143,14007143,2.0774725384615387,91.0,Standard (90-119 min),6.425528,6.1,Medium (5-6.9),109,Medium (100-999),Released
38223,Harriet the Spy,Harriet the Spy,en,1996-07-10,1996.0,Comedy | Drama | Family,Comedy,12000000,0,-12000000,0.0,100.0,Standard (90-119 min),4.63093,5.7,Medium (5-6.9),46,Low (<100),Released
11186,Child's Play 2,Child's Play 2,en,1990-11-09,1990.0,Drama | Horror,Drama,13000000,35763605,22763605,2.7510465384615386,84.0,Short (<90 min),16.681567,5.8,Medium (5-6.9),308,Medium (100-999),Released
136835,No Good Deed,No Good Deed,en,2014-09-10,2014.0,Crime | Thriller,Crime,13200000,53830415,40630415,4.078061742424242,83.0,Short (<90 min),24.656068,5.6,Medium (5-6.9),181,Medium (100-999),Released
5876,The Mist,The Mist,en,2007-11-21,2007.0,Science Fiction | Horror | Thriller,Science Fiction,18000000,57096190,39096190,3.1720105555555556,126.0,Long (120-149 min),37.104353,6.7,Medium (5-6.9),1399,High (1K-4.9K),Released
264660,Ex Machina,Ex Machina,en,2015-01-21,2015.0,Drama | Science Fiction,Drama,15000000,36869414,21869414,2.457960933333333,108.0,Standard (90-119 min),95.130041,7.6,Good (7-7.9),4737,High (1K-4.9K),Released
492,Being John Malkovich,Being John Malkovich,en,1999-09-30,1999.0,Fantasy | Drama | Comedy,Fantasy,13000000,22863596,9863596,1.758738153846154,112.0,Standard (90-119 min),27.546914,7.3,Good (7-7.9),1101,High (1K-4.9K),Released
25462,Two Can Play That Game,Two Can Play That Game,en,2001-09-07,2001.0,Comedy | Romance,Comedy,6000000,0,-6000000,0.0,90.0,Standard (90-119 min),2.27213,6.6,Medium (5-6.9),17,Low (<100),Released
238603,Earth to Echo,Earth to Echo,en,2014-06-14,2014.0,Family | Adventure | Science Fiction,Family,13000000,45300000,32300000,3.4846153846153847,89.0,Short (<90 min),17.371327,5.7,Medium (5-6.9),290,Medium (100-999),Released
10691,Crazy/Beautiful,Crazy/Beautiful,en,2001-06-29,2001.0,Drama | Romance,Drama,13000000,16929123,3929123,1.3022402307692307,99.0,Standard (90-119 min),6.130096,6.6,Medium (5-6.9),96,Low (<100),Released
1251,Letters from Iwo Jima,Letters from Iwo Jima,en,2006-12-19,2006.0,Action | Adventure | Drama | War,Action,19000000,68673228,49673228,3.6143804210526316,141.0,Long (120-149 min),24.47248,7.2,Good (7-7.9),541,Medium (100-999),Released
5172,The Astronaut Farmer,The Astronaut Farmer,en,2006-10-15,2006.0,Adventure | Comedy | Drama | Science Fiction,Adventure,13000000,11130889,-1869111,0.8562222307692308,104.0,Standard (90-119 min),6.764437,6.2,Medium (5-6.9),123,Medium (100-999),Released
58680,Woo,Woo,en,1998-05-08,1998.0,Comedy | Romance,Comedy,13000000,8026971,-4973029,0.6174593076923077,84.0,Short (<90 min),1.750054,5.5,Medium (5-6.9),10,Low (<100),Released
264644,Room,Room,en,2015-10-16,2015.0,Drama | Thriller,Drama,6000000,35401758,29401758,5.900293,117.0,Standard (90-119 min),66.11334,8.1,Excellent (8+),2757,High (1K-4.9K),Released
14577,Dirty Work,Dirty Work,en,1998-06-12,1998.0,Comedy,Comedy,0,0,0,0.0,82.0,Short (<90 min),9.066881,6.5,Medium (5-6.9),66,Low (<100),Released
11592,Serial Mom,Serial Mom,en,1994-04-13,1994.0,Comedy | Crime | Horror | Thriller,Comedy,13000000,7820688,-5179312,0.6015913846153846,95.0,Standard (90-119 min),6.170139,6.4,Medium (5-6.9),135,Medium (100-999),Released
16406,Dick,Dick,en,1999-08-04,1999.0,Comedy,Comedy,13000000,27500000,14500000,2.1153846153846154,94.0,Standard (90-119 min),4.742537,5.7,Medium (5-6.9),67,Low (<100),Released
19052,Light It Up,Light It Up,en,1999-11-04,1999.0,Drama | Thriller,Drama,0,0,0,0.0,99.0,Standard (90-119 min),1.212956,6.6,Medium (5-6.9),7,Low (<100),Released
3682,54,54,en,1998-08-28,1998.0,Music | Drama,Music,13000000,16757163,3757163,1.2890125384615385,106.0,Standard (90-119 min),11.880899,5.5,Medium (5-6.9),135,Medium (100-999),Released
9683,Bubble Boy,Bubble Boy,en,2001-08-24,2001.0,Adventure | Comedy | Drama | Romance,Adventure,0,0,0,0.0,84.0,Short (<90 min),10.131123,5.1,Medium (5-6.9),163,Medium (100-999),Released
2084,Birthday Girl,Birthday Girl,en,2001-09-06,2001.0,Comedy | Crime | Thriller,Comedy,13000000,0,-13000000,0.0,93.0,Standard (90-119 min),5.831302,6.1,Medium (5-6.9),103,Medium (100-999),Released
107811,21 & Over,21 & Over,en,2013-03-01,2013.0,Comedy,Comedy,13000000,48065672,35065672,3.6973593846153845,93.0,Standard (90-119 min),35.522027,5.7,Medium (5-6.9),737,Medium (100-999),Released
2266,"Paris, je t'aime","Paris, je t'aime",fr,2006-05-16,2006.0,Drama | Romance,Drama,13000000,4857367,-8142633,0.3736436153846154,120.0,Long (120-149 min),10.573191,6.8,Medium (5-6.9),207,Medium (100-999),Released
13074,Resurrecting the Champ,Resurrecting the Champ,en,2007-06-14,2007.0,Drama,Drama,0,0,0,0.0,112.0,Standard (90-119 min),4.898437,5.9,Medium (5-6.9),60,Low (<100),Released
144340,Admission,Admission,en,2013-03-21,2013.0,Comedy | Drama | Romance,Comedy,13000000,18000000,5000000,1.3846153846153846,107.0,Standard (90-119 min),17.632446,5.4,Medium (5-6.9),304,Medium (100-999),Released
48217,The Widow of Saint-Pierre,La veuve de Saint-Pierre,en,2000-01-01,2000.0,Romance | Drama,Romance,0,0,0,0.0,112.0,Standard (90-119 min),1.780065,6.7,Medium (5-6.9),11,Low (<100),Released
28211,Chloe,Chloe,en,2009-03-25,2009.0,Drama | Thriller | Mystery,Drama,15000000,8459458,-6540542,0.5639638666666666,96.0,Standard (90-119 min),26.373864,5.9,Medium (5-6.9),498,Medium (100-999),Released
47502,Faithful,Faithful,en,1996-04-03,1996.0,Comedy | Crime | Drama,Comedy,13000000,9789900,-3210100,0.7530692307692308,91.0,Standard (90-119 min),1.647335,4.8,Low (<5),4,Low (<100),Released
9950,Find Me Guilty,Find Me Guilty,en,2006-03-16,2006.0,Drama | Action | Comedy | Crime,Drama,13000000,2636637,-10363363,0.20281823076923078,125.0,Long (120-149 min),12.321302,6.5,Medium (5-6.9),138,Medium (100-999),Released
84892,The Perks of Being a Wallflower,The Perks of Being a Wallflower,en,2012-09-20,2012.0,Drama | Romance,Drama,13000000,33400000,20400000,2.5692307692307694,102.0,Standard (90-119 min),43.444135,7.7,Good (7-7.9),2968,High (1K-4.9K),Released
24227,Excessive Force,Excessive Force,en,1993-05-14,1993.0,Action,Action,3000000,1200000,-1800000,0.4,87.0,Short (<90 min),1.279106,4.5,Low (<5),10,Low (<100),Released
9672,Infamous,Infamous,en,2006-11-16,2006.0,Drama,Drama,13000000,1151330,-11848670,0.08856384615384616,110.0,Standard (90-119 min),3.680896,6.4,Medium (5-6.9),60,Low (<100),Released
44853,The Claim,The Claim,en,2000-12-29,2000.0,Drama | Romance | Western,Drama,0,0,0,0.0,120.0,Long (120-149 min),2.996284,5.6,Medium (5-6.9),17,Low (<100),Released
157544,The Vatican Tapes,The Vatican Tapes,en,2015-07-24,2015.0,Thriller | Horror,Thriller,13000000,1784763,-11215237,0.13728946153846153,91.0,Standard (90-119 min),10.475368,4.6,Low (<5),243,Medium (100-999),Released
59678,Attack the Block,Attack the Block,en,2011-05-12,2011.0,Action | Comedy | Science Fiction,Action,14350531,3964682,-10385849,0.2762742368209232,88.0,Short (<90 min),30.952377,6.3,Medium (5-6.9),733,Medium (100-999),Released
79777,In the Land of Blood and Honey,In the Land of Blood and Honey,en,2011-12-23,2011.0,Drama | Romance | War,Drama,10000000,303877,-9696123,0.0303877,127.0,Long (120-149 min),4.267466,5.8,Medium (5-6.9),45,Low (<100),Released
158011,The Call,The Call,en,2013-03-14,2013.0,Crime | Thriller,Crime,13000000,68572378,55572378,5.274798307692308,94.0,Standard (90-119 min),34.532418,6.6,Medium (5-6.9),1257,High (1K-4.9K),Released
407887,Operation Chromite,인천상륙작전,ko,2016-07-27,2016.0,History | Drama | War | Action,History,0,0,0,0.0,110.0,Standard (90-119 min),6.116436,5.8,Medium (5-6.9),29,Low (<100),Released
17043,The Crocodile Hunter: Collision Course,The Crocodile Hunter: Collision Course,en,2002-07-26,2002.0,Family | Action | Adventure,Family,0,33082548,33082548,0.0,90.0,Standard (90-119 min),1.714972,5.3,Medium (5-6.9),34,Low (<100),Released
8952,I Love You Phillip Morris,I Love You Phillip Morris,en,2009-01-18,2009.0,Comedy | Drama | Romance,Comedy,13000000,10652035,-2347965,0.8193873076923077,98.0,Standard (90-119 min),19.664699,6.4,Medium (5-6.9),503,Medium (100-999),Released
62204,Quest for Fire,La Guerre du feu,xx,1981-12-15,1981.0,Adventure | Drama,Adventure,12000000,55260558,43260558,4.6050465,100.0,Standard (90-119 min),6.537986,7.1,Good (7-7.9),109,Medium (100-999),Released
13435,Antwone Fisher,Antwone Fisher,en,2002-12-19,2002.0,Drama | Romance,Drama,12500000,23367586,10867586,1.86940688,120.0,Long (120-149 min),13.349012,6.7,Medium (5-6.9),137,Medium (100-999),Released
17187,The Emperor's Club,The Emperor's Club,en,2002-11-22,2002.0,Drama | Romance,Drama,0,0,0,0.0,108.0,Standard (90-119 min),6.796079,6.9,Medium (5-6.9),96,Low (<100),Released
319,True Romance,True Romance,en,1993-09-09,1993.0,Action | Thriller | Crime | Romance,Action,12500000,12281551,-218449,0.98252408,120.0,Long (120-149 min),35.268557,7.5,Good (7-7.9),749,Medium (100-999),Released
59457,Womb,Womb,en,2010-07-15,2010.0,Romance | Science Fiction,Romance,3100000,0,-3100000,0.0,111.0,Standard (90-119 min),7.453347,5.9,Medium (5-6.9),92,Low (<100),Released
9504,Glengarry Glen Ross,Glengarry Glen Ross,en,1992-09-15,1992.0,Crime | Drama | Mystery,Crime,12500000,10725228,-1774772,0.85801824,100.0,Standard (90-119 min),13.939054,7.5,Good (7-7.9),323,Medium (100-999),Released
37414,The Killer Inside Me,The Killer Inside Me,en,2010-02-19,2010.0,Crime | Drama | Thriller,Crime,13000000,0,-13000000,0.0,109.0,Standard (90-119 min),11.892615,6.0,Medium (5-6.9),173,Medium (100-999),Released
6217,Cat People,Cat People,en,1982-04-02,1982.0,Drama | Fantasy | Horror | Thriller,Drama,0,0,0,0.0,118.0,Standard (90-119 min),5.69872,6.0,Medium (5-6.9),94,Low (<100),Released
26688,Sorority Row,Sorority Row,en,2009-09-09,2009.0,Horror | Mystery | Thriller,Horror,12500000,27206120,14706120,2.1764896,101.0,Standard (90-119 min),8.780512,5.4,Medium (5-6.9),177,Medium (100-999),Released
43867,The Prisoner of Zenda,The Prisoner of Zenda,en,1937-09-03,1937.0,Adventure | Drama | Romance,Adventure,0,0,0,0.0,101.0,Standard (90-119 min),4.021389,8.4,Excellent (8+),11,Low (<100),Released
6615,Lars and the Real Girl,Lars and the Real Girl,en,2007-10-12,2007.0,Comedy | Romance | Drama,Comedy,12000000,11293663,-706337,0.9411385833333333,106.0,Standard (90-119 min),15.817096,7.1,Good (7-7.9),509,Medium (100-999),Released
14574,The Boy in the Striped Pyjamas,The Boy in the Striped Pyjamas,en,2008-05-07,2008.0,War | Drama,War,12500000,20416563,7916563,1.63332504,94.0,Standard (90-119 min),34.821223,7.7,Good (7-7.9),1451,High (1K-4.9K),Released
16,Dancer in the Dark,Dancer in the Dark,en,2000-05-17,2000.0,Drama | Crime | Music,Drama,12800000,40031879,27231879,3.127490546875,140.0,Long (120-149 min),22.022228,7.6,Good (7-7.9),377,Medium (100-999),Released
39780,Oscar and Lucinda,Oscar and Lucinda,en,1997-12-31,1997.0,Drama | Romance,Drama,0,0,0,0.0,132.0,Long (120-149 min),0.139384,6.2,Medium (5-6.9),25,Low (<100),Released
21612,The Funeral,The Funeral,en,1996-01-26,1996.0,Crime | Drama,Crime,12500000,1227324,-11272676,0.09818592,99.0,Standard (90-119 min),2.950618,7.3,Good (7-7.9),31,Low (<100),Released
36691,Solitary Man,Solitary Man,en,2009-09-07,2009.0,Comedy | Drama | Romance,Comedy,15000000,5024782,-9975218,0.3349854666666667,90.0,Standard (90-119 min),7.497306,5.8,Medium (5-6.9),84,Low (<100),Released
23631,Machete,Machete,en,2010-09-01,2010.0,Action | Comedy | Thriller,Action,20000000,31327899,11327899,1.56639495,105.0,Standard (90-119 min),26.396191,6.3,Medium (5-6.9),1150,High (1K-4.9K),Released
45324,Casino Jack,Casino Jack,en,2010-09-16,2010.0,Crime | Comedy | Drama,Crime,12500000,1083683,-11416317,0.08669464,108.0,Standard (90-119 min),6.546037,6.0,Medium (5-6.9),94,Low (<100),Released
12144,The Land Before Time,The Land Before Time,en,1988-11-18,1988.0,Animation | Adventure | Family,Animation,12300000,84460846,72160846,6.866735447154472,69.0,Short (<90 min),28.670193,7.0,Good (7-7.9),640,Medium (100-999),Released
11658,Tae Guk Gi: The Brotherhood of War,태극기 휘날리며,ko,2004-02-05,2004.0,Action | Adventure | Drama | History | War,Action,0,15,15,0.0,140.0,Long (120-149 min),9.572705,7.4,Good (7-7.9),133,Medium (100-999),Released
56601,The Perfect Game,The Perfect Game,en,2010-04-01,2010.0,Drama | Family,Drama,12500000,3878993,-8621007,0.31031944,118.0,Standard (90-119 min),0.903529,6.3,Medium (5-6.9),30,Low (<100),Released
9552,The Exorcist,The Exorcist,en,1973-12-26,1973.0,Drama | Horror | Thriller,Drama,8000000,441306145,433306145,55.163268125,122.0,Long (120-149 min),47.584643,7.5,Good (7-7.9),2005,High (1K-4.9K),Released
578,Jaws,Jaws,en,1975-06-18,1975.0,Horror | Thriller | Adventure,Horror,7000000,470654000,463654000,67.23628571428571,124.0,Long (120-149 min),50.152327,7.5,Good (7-7.9),2542,High (1K-4.9K),Released
2105,American Pie,American Pie,en,1999-07-09,1999.0,Comedy | Romance,Comedy,11000000,235483004,224483004,21.40754581818182,95.0,Standard (90-119 min),60.767168,6.4,Medium (5-6.9),2296,High (1K-4.9K),Released
126319,Ernest & Celestine,Ernest et Célestine,fr,2012-12-12,2012.0,Animation | Comedy | Drama | Family,Animation,12516654,8109160,-4407494,0.6478696303341133,78.0,Short (<90 min),11.103202,7.6,Good (7-7.9),142,Medium (100-999),Released
10136,The Golden Child,The Golden Child,en,1986-12-12,1986.0,Action | Adventure | Comedy,Action,25000000,79817939,54817939,3.19271756,94.0,Standard (90-119 min),15.26213,5.6,Medium (5-6.9),304,Medium (100-999),Released
67660,Think Like a Man,Think Like a Man,en,2012-04-16,2012.0,Comedy | Romance,Comedy,12000000,96070507,84070507,8.005875583333333,122.0,Long (120-149 min),6.035152,6.9,Medium (5-6.9),281,Medium (100-999),Released
10611,Barbershop,Barbershop,en,2002-04-01,2002.0,Comedy | Drama,Comedy,12000000,75781642,63781642,6.315136833333334,102.0,Standard (90-119 min),10.297189,6.2,Medium (5-6.9),137,Medium (100-999),Released
154,Star Trek II: The Wrath of Khan,Star Trek II: The Wrath of Khan,en,1982-06-03,1982.0,Action | Adventure | Science Fiction | Thriller,Action,12000000,96800000,84800000,8.066666666666666,113.0,Standard (90-119 min),22.434102,7.3,Good (7-7.9),675,Medium (100-999),Released
3049,Ace Ventura: Pet Detective,Ace Ventura: Pet Detective,en,1994-02-04,1994.0,Comedy | Mystery,Comedy,15000000,107217396,92217396,7.1478264,86.0,Short (<90 min),41.249004,6.4,Medium (5-6.9),1648,High (1K-4.9K),Released
860,WarGames,WarGames,en,1983-06-03,1983.0,Thriller | Science Fiction,Thriller,12000000,79567667,67567667,6.630638916666666,114.0,Standard (90-119 min),23.161754,7.0,Good (7-7.9),504,Medium (100-999),Released
9281,Witness,Witness,en,1985-02-08,1985.0,Crime | Drama | Romance | Thriller,Crime,12000000,68706993,56706993,5.72558275,113.0,Standard (90-119 min),19.195399,7.0,Good (7-7.9),375,Medium (100-999),Released
75674,Act of Valor,Act of Valor,en,2012-02-24,2012.0,Action | Thriller | War,Action,12000000,81272766,69272766,6.7727305,110.0,Standard (90-119 min),21.958055,6.3,Medium (5-6.9),417,Medium (100-999),Released
9762,Step Up,Step Up,en,2006-08-11,2006.0,Music | Drama | Romance | Crime,Music,12000000,114194847,102194847,9.51623725,104.0,Standard (90-119 min),45.477802,6.7,Medium (5-6.9),1060,High (1K-4.9K),Released
3179,Beavis and Butt-Head Do America,Beavis and Butt-Head Do America,en,1996-12-15,1996.0,Animation | Comedy,Animation,12000000,0,-12000000,0.0,81.0,Short (<90 min),12.60629,6.5,Medium (5-6.9),168,Medium (100-999),Released
184,Jackie Brown,Jackie Brown,en,1997-12-24,1997.0,Comedy | Crime | Romance,Comedy,12000000,39673162,27673162,3.306096833333333,154.0,Very Long (150+ min),40.631671,7.3,Good (7-7.9),1514,High (1K-4.9K),Released
13335,Harold & Kumar Escape from Guantanamo Bay,Harold & Kumar Escape from Guantanamo Bay,en,2008-04-25,2008.0,Comedy | Adventure,Comedy,12000000,43493123,31493123,3.6244269166666667,107.0,Standard (90-119 min),26.219598,6.2,Medium (5-6.9),497,Medium (100-999),Released
76726,Chronicle,Chronicle,en,2012-02-01,2012.0,Science Fiction | Drama | Thriller,Science Fiction,15000000,145000000,130000000,9.666666666666666,84.0,Short (<90 min),64.504747,6.6,Medium (5-6.9),1935,High (1K-4.9K),Released
10269,Yentl,Yentl,en,1983-11-18,1983.0,Music | Drama | Romance,Music,12000000,30400000,18400000,2.533333333333333,132.0,Long (120-149 min),3.389249,6.2,Medium (5-6.9),51,Low (<100),Released
36819,Time Bandits,Time Bandits,en,1981-07-13,1981.0,Family | Fantasy | Science Fiction | Adventure | Comedy,Family,5000000,42365581,37365581,8.4731162,116.0,Standard (90-119 min),14.779537,6.6,Medium (5-6.9),249,Medium (100-999),Released
17130,Crossroads,Crossroads,en,2002-02-15,2002.0,Action | Adventure | Comedy | Drama | Family | Music | Romance,Action,12000000,61141030,49141030,5.095085833333333,93.0,Standard (90-119 min),6.703319,4.7,Low (<5),158,Medium (100-999),Released
57214,Project X,Project X,en,2012-03-01,2012.0,Comedy | Crime,Comedy,12000000,100000000,88000000,8.333333333333334,88.0,Short (<90 min),49.070321,6.5,Medium (5-6.9),1564,High (1K-4.9K),Released
11202,Patton,Patton,en,1970-01-25,1970.0,Drama | History | War,Drama,12000000,89800000,77800000,7.483333333333333,172.0,Very Long (150+ min),21.933822,7.3,Good (7-7.9),323,Medium (100-999),Released
9357,One Hour Photo,One Hour Photo,en,2002-08-21,2002.0,Horror | Thriller,Horror,12000000,52223306,40223306,4.3519421666666664,96.0,Standard (90-119 min),20.624896,6.6,Medium (5-6.9),435,Medium (100-999),Released
13812,Quarantine,Quarantine,en,2008-10-10,2008.0,Horror | Science Fiction | Thriller,Horror,12000000,40855419,28855419,3.40461825,89.0,Short (<90 min),8.083995,5.5,Medium (5-6.9),339,Medium (100-999),Released
9030,The Eye,The Eye,en,2008-02-01,2008.0,Drama | Horror | Thriller,Drama,12000000,56309766,44309766,4.6924805,98.0,Standard (90-119 min),11.135734,5.5,Medium (5-6.9),281,Medium (100-999),Released
19084,Johnson Family Vacation,Johnson Family Vacation,en,2004-04-07,2004.0,Comedy | Family,Comedy,12000000,31179516,19179516,2.598293,97.0,Standard (90-119 min),4.623609,4.7,Low (<5),30,Low (<100),Released
8386,How High,How High,en,2001-12-21,2001.0,Comedy,Comedy,12000000,31155435,19155435,2.59628625,93.0,Standard (90-119 min),11.510281,6.3,Medium (5-6.9),218,Medium (100-999),Released
10437,The Muppet Christmas Carol,The Muppet Christmas Carol,en,1992-12-10,1992.0,Comedy | Family | Fantasy | Drama,Comedy,0,27281507,27281507,0.0,85.0,Short (<90 min),15.085981,7.2,Good (7-7.9),212,Medium (100-999),Released
1360,Frida,Frida,en,2002-08-29,2002.0,Drama | Romance,Drama,12000000,56298474,44298474,4.6915395,123.0,Long (120-149 min),18.422327,7.3,Good (7-7.9),383,Medium (100-999),Released
101267,Katy Perry: Part of Me,Katy Perry: Part of Me,en,2012-06-28,2012.0,Documentary | Music,Documentary,12000000,32726956,20726956,2.7272463333333334,93.0,Standard (90-119 min),8.410688,6.5,Medium (5-6.9),85,Low (<100),Released
222935,The Fault in Our Stars,The Fault in Our Stars,en,2014-05-16,2014.0,Romance | Drama,Romance,12000000,307166834,295166834,25.597236166666665,125.0,Long (120-149 min),74.358971,7.6,Good (7-7.9),3759,High (1K-4.9K),Released
10220,Rounders,Rounders,en,1998-09-11,1998.0,Drama | Crime,Drama,12000000,22921898,10921898,1.9101581666666667,121.0,Long (120-149 min),18.422008,6.9,Medium (5-6.9),439,Medium (100-999),Released
284296,Top Five,Top Five,en,2014-12-12,2014.0,Drama | Comedy,Drama,0,25434291,25434291,0.0,102.0,Standard (90-119 min),15.896312,6.3,Medium (5-6.9),210,Medium (100-999),Released
31915,Prophecy,Prophecy,en,1979-01-01,1979.0,Horror | Science Fiction,Horror,12000000,54000000,42000000,4.5,102.0,Standard (90-119 min),8.61659,5.4,Medium (5-6.9),25,Low (<100),Released
11601,Stir of Echoes,Stir of Echoes,en,1999-09-10,1999.0,Horror | Mystery | Thriller,Horror,12000000,21133087,9133087,1.7610905833333332,99.0,Standard (90-119 min),6.044161,6.5,Medium (5-6.9),330,Medium (100-999),Released
205220,Philomena,Philomena,en,2013-11-01,2013.0,Drama,Drama,12000000,100129872,88129872,8.344156,98.0,Standard (90-119 min),29.019504,7.4,Good (7-7.9),579,Medium (100-999),Released
11354,The Upside of Anger,The Upside of Anger,en,2005-01-23,2005.0,Comedy | Drama,Comedy,0,0,0,0.0,118.0,Standard (90-119 min),6.2464,6.4,Medium (5-6.9),72,Low (<100),Released
16241,The Boys from Brazil,The Boys from Brazil,en,1978-10-05,1978.0,Horror | Drama | Thriller | Science Fiction,Horror,0,0,0,0.0,125.0,Long (120-149 min),5.315213,6.6,Medium (5-6.9),101,Medium (100-999),Released
14191,Aquamarine,Aquamarine,en,2006-03-03,2006.0,Fantasy | Romance | Family | Comedy,Fantasy,12000000,23006849,11006849,1.9172374166666666,104.0,Standard (90-119 min),16.931846,5.8,Medium (5-6.9),364,Medium (100-999),Released
286565,Paper Towns,Paper Towns,en,2015-06-18,2015.0,Drama | Mystery | Romance,Drama,12000000,85512300,73512300,7.126025,109.0,Standard (90-119 min),64.610671,6.1,Medium (5-6.9),1937,High (1K-4.9K),Released
26710,My Baby's Daddy,My Baby's Daddy,en,2004-01-09,2004.0,Comedy,Comedy,0,51,51,0.0,86.0,Short (<90 min),4.480167,4.3,Low (<5),15,Low (<100),Released
129670,Nebraska,Nebraska,en,2013-09-21,2013.0,Drama | Adventure,Drama,12000000,17654912,5654912,1.4712426666666667,115.0,Standard (90-119 min),29.223881,7.4,Good (7-7.9),636,Medium (100-999),Released
9059,Tales from the Crypt: Demon Knight,Tales from the Crypt: Demon Knight,en,1995-01-13,1995.0,Horror | Comedy | Thriller,Horror,0,0,0,0.0,92.0,Standard (90-119 min),7.710797,6.7,Medium (5-6.9),94,Low (<100),Released
34549,Max Keeble's Big Move,Max Keeble's Big Move,en,2001-10-05,2001.0,Comedy | Family | Fantasy | Science Fiction,Comedy,12000000,17292381,5292381,1.44103175,86.0,Short (<90 min),1.081822,5.4,Medium (5-6.9),33,Low (<100),Released
57157,Young Adult,Young Adult,en,2011-12-16,2011.0,Comedy | Drama,Comedy,12000000,22939027,10939027,1.9115855833333333,94.0,Standard (90-119 min),16.183746,5.6,Medium (5-6.9),364,Medium (100-999),Released
1948,Crank,Crank,en,2006-08-31,2006.0,Action | Thriller | Crime,Action,12000000,42931041,30931041,3.57758675,88.0,Short (<90 min),47.992817,6.6,Medium (5-6.9),1151,High (1K-4.9K),Released
28353,Def Jam's How to Be a Player,How to Be a Player,en,1997-08-06,1997.0,Comedy | Romance,Comedy,0,13960203,13960203,0.0,93.0,Standard (90-119 min),1.20245,5.3,Medium (5-6.9),8,Low (<100),Released
46889,Living Out Loud,Living Out Loud,en,1998-10-30,1998.0,Comedy | Drama | Romance,Comedy,12000000,12902790,902790,1.0752325,100.0,Standard (90-119 min),0.700792,5.3,Medium (5-6.9),11,Low (<100),Released
38093,Just Wright,Just Wright,en,2010-05-14,2010.0,Comedy | Drama | Romance,Comedy,0,21520719,21520719,0.0,100.0,Standard (90-119 min),10.409253,6.1,Medium (5-6.9),99,Low (<100),Released
14976,Rachel Getting Married,Rachel Getting Married,en,2008-10-03,2008.0,Drama,Drama,0,0,0,0.0,113.0,Standard (90-119 min),14.345428,6.1,Medium (5-6.9),163,Medium (100-999),Released
11027,The Postman Always Rings Twice,The Postman Always Rings Twice,en,1981-03-20,1981.0,Romance | Crime | Drama,Romance,12000000,0,-12000000,0.0,122.0,Long (120-149 min),6.803763,6.4,Medium (5-6.9),110,Medium (100-999),Released
3635,Girl with a Pearl Earring,Girl with a Pearl Earring,en,2003-08-31,2003.0,Drama | Romance,Drama,0,31466789,31466789,0.0,101.0,Standard (90-119 min),19.944479,6.4,Medium (5-6.9),377,Medium (100-999),Released
387,Das Boot,Das Boot,de,1981-09-16,1981.0,Action | Drama | History | War | Adventure,Action,14000000,85000000,71000000,6.071428571428571,149.0,Long (120-149 min),26.967494,7.9,Good (7-7.9),613,Medium (100-999),Released
6020,Sorority Boys,Sorority Boys,en,2002-03-22,2002.0,Comedy,Comedy,12000000,0,-12000000,0.0,93.0,Standard (90-119 min),3.444542,4.6,Low (<5),47,Low (<100),Released
122906,About Time,About Time,en,2013-08-16,2013.0,Comedy | Drama | Science Fiction,Comedy,0,87100449,87100449,0.0,123.0,Long (120-149 min),74.817641,7.8,Good (7-7.9),2067,High (1K-4.9K),Released
9550,House of Flying Daggers,十面埋伏,zh,2004-05-19,2004.0,Adventure | Drama | Action | Romance,Adventure,0,92863945,92863945,0.0,119.0,Standard (90-119 min),21.064082,7.1,Good (7-7.9),439,Medium (100-999),Released
60599,Arbitrage,Arbitrage,en,2012-09-14,2012.0,Drama | Thriller,Drama,12000000,35485056,23485056,2.957088,100.0,Standard (90-119 min),16.40512,6.1,Medium (5-6.9),294,Medium (100-999),Released
227719,Project Almanac,Project Almanac,en,2015-01-30,2015.0,Science Fiction | Thriller,Science Fiction,12000000,32248241,20248241,2.687353416666667,106.0,Standard (90-119 min),32.940597,6.4,Medium (5-6.9),933,Medium (100-999),Released
14299,Cadillac Records,Cadillac Records,en,2008-12-05,2008.0,Drama | History | Music,Drama,12000000,0,-12000000,0.0,109.0,Standard (90-119 min),13.427427,6.9,Medium (5-6.9),86,Low (<100),Released
19419,Screwed,Screwed,en,2000-05-12,2000.0,Action | Comedy,Action,0,0,0,0.0,81.0,Short (<90 min),5.359381,4.9,Low (<5),23,Low (<100),Released
12088,Fortress,Fortress,en,1992-09-30,1992.0,Action | Thriller | Science Fiction,Action,8000000,6739141,-1260859,0.842392625,95.0,Standard (90-119 min),8.708229,5.7,Medium (5-6.9),168,Medium (100-999),Released
14799,For Your Consideration,For Your Consideration,en,2006-11-22,2006.0,Comedy | Drama,Comedy,12000000,5542025,-6457975,0.46183541666666666,86.0,Short (<90 min),4.330428,5.9,Medium (5-6.9),43,Low (<100),Released
9466,Celebrity,Celebrity,en,1998-09-07,1998.0,Drama | Comedy,Drama,0,0,0,0.0,113.0,Standard (90-119 min),7.594593,6.0,Medium (5-6.9),111,Medium (100-999),Released
7510,Running with Scissors,Running with Scissors,en,2006-10-27,2006.0,Drama | Comedy,Drama,12000000,6754898,-5245102,0.5629081666666667,116.0,Standard (90-119 min),4.770195,5.8,Medium (5-6.9),78,Low (<100),Released
31246,From Justin to Kelly,From Justin to Kelly,en,2003-06-20,2003.0,Comedy | Romance,Comedy,12000000,4922166,-7077834,0.4101805,90.0,Standard (90-119 min),1.623338,3.0,Low (<5),23,Low (<100),Released
61752,Girl 6,Girl 6,en,1996-03-22,1996.0,Comedy,Comedy,12000000,4939939,-7060061,0.41166158333333336,108.0,Standard (90-119 min),2.993939,5.7,Medium (5-6.9),16,Low (<100),Released
10944,In the Cut,In the Cut,en,2003-09-09,2003.0,Mystery | Thriller,Mystery,12000000,23,-11999977,1.916666666666667e-06,119.0,Standard (90-119 min),10.536092,4.6,Low (<5),89,Low (<100),Released
10362,Two Lovers,Two Lovers,en,2008-11-19,2008.0,Drama | Romance,Drama,12000000,3148182,-8851818,0.2623485,110.0,Standard (90-119 min),8.290636,6.6,Medium (5-6.9),154,Medium (100-999),Released
14778,Last Orders,Last Orders,en,2001-09-10,2001.0,Comedy | Drama,Comedy,0,0,0,0.0,109.0,Standard (90-119 min),3.603842,6.0,Medium (5-6.9),22,Low (<100),Released
1255,The Host,괴물,ko,2006-07-27,2006.0,Horror | Drama | Science Fiction,Horror,11000000,88489643,77489643,8.044513,119.0,Standard (90-119 min),27.65527,6.7,Medium (5-6.9),537,Medium (100-999),Released
45226,The Pursuit of D.B. Cooper,The Pursuit of D.B. Cooper,en,1981-11-13,1981.0,Adventure | Crime | Thriller,Adventure,0,0,0,0.0,100.0,Standard (90-119 min),1.379643,6.8,Medium (5-6.9),4,Low (<100),Released
10212,Ravenous,Ravenous,en,1999-03-16,1999.0,Comedy | Horror | Thriller | Western,Comedy,12000000,0,-12000000,0.0,100.0,Standard (90-119 min),9.164386,6.9,Medium (5-6.9),141,Medium (100-999),Released
8669,Charlie Bartlett,Charlie Bartlett,en,2008-02-22,2008.0,Comedy | Drama,Comedy,12000000,0,-12000000,0.0,97.0,Standard (90-119 min),9.779444,6.5,Medium (5-6.9),225,Medium (100-999),Released
179144,The Great Beauty,La grande bellezza,it,2013-05-21,2013.0,Comedy | Drama,Comedy,12400000,8371085,-4028915,0.6750875,142.0,Long (120-149 min),32.523573,7.3,Good (7-7.9),720,Medium (100-999),Released
16857,The Dangerous Lives of Altar Boys,The Dangerous Lives of Altar Boys,en,2002-06-14,2002.0,Comedy | Drama,Comedy,0,0,0,0.0,104.0,Standard (90-119 min),2.24888,6.4,Medium (5-6.9),53,Low (<100),Released
86825,Stoker,Stoker,en,2013-02-28,2013.0,Drama | Horror | Thriller,Drama,12000000,12077441,77441,1.0064534166666668,99.0,Standard (90-119 min),27.322212,6.5,Medium (5-6.9),882,Medium (100-999),Released
844,2046,2046,zh,2004-05-20,2004.0,Fantasy | Drama | Science Fiction | Romance,Fantasy,12000000,19271312,7271312,1.6059426666666667,129.0,Long (120-149 min),12.664787,6.9,Medium (5-6.9),206,Medium (100-999),Released
8060,Married Life,Married Life,en,2007-09-12,2007.0,Crime | Drama | Romance,Crime,12000000,0,-12000000,0.0,90.0,Standard (90-119 min),3.004432,6.1,Medium (5-6.9),38,Low (<100),Released
15907,Duma,Duma,en,2005-04-22,2005.0,Adventure | Drama | Family,Adventure,12000000,0,-12000000,0.0,100.0,Standard (90-119 min),4.795244,6.9,Medium (5-6.9),41,Low (<100),Released
38448,Ondine,Ondine,en,2009-09-14,2009.0,Drama | Romance,Drama,12000000,1644755,-10355245,0.13706291666666667,111.0,Standard (90-119 min),5.841285,6.5,Medium (5-6.9),84,Low (<100),Released
327,Brother,Brother,ja,2000-09-09,2000.0,Crime | Drama | Thriller,Crime,12000000,15250000,3250000,1.2708333333333333,114.0,Standard (90-119 min),5.327714,6.8,Medium (5-6.9),107,Medium (100-999),Released
9260,Welcome to Collinwood,Welcome to Collinwood,en,2002-05-24,2002.0,Comedy,Comedy,1200000,0,-1200000,0.0,86.0,Short (<90 min),3.582733,6.2,Medium (5-6.9),50,Low (<100),Released
61337,Critical Care,Critical Care,en,1997-10-31,1997.0,Comedy | Drama,Comedy,0,0,0,0.0,107.0,Standard (90-119 min),2.678715,6.1,Medium (5-6.9),9,Low (<100),Released
13079,The Life Before Her Eyes,The Life Before Her Eyes,en,2007-09-08,2007.0,Thriller | Drama | Mystery,Thriller,8000000,0,-8000000,0.0,90.0,Standard (90-119 min),9.728143,6.1,Medium (5-6.9),88,Low (<100),Released
89325,Darling Companion,Darling Companion,en,2012-04-20,2012.0,Drama | Romance,Drama,0,0,0,0.0,103.0,Standard (90-119 min),2.303865,5.3,Medium (5-6.9),22,Low (<100),Released
4170,Trade,Trade,en,2007-01-23,2007.0,Drama | Thriller,Drama,12000000,0,-12000000,0.0,120.0,Long (120-149 min),11.237374,6.8,Medium (5-6.9),67,Low (<100),Released
41508,Fateless,Sorstalanság,hu,2005-02-10,2005.0,War | Drama,War,0,0,0,0.0,140.0,Long (120-149 min),1.906807,6.5,Medium (5-6.9),28,Low (<100),Released
12479,Breakfast of Champions,Breakfast of Champions,en,1999-02-13,1999.0,Comedy,Comedy,12000000,0,-12000000,0.0,110.0,Standard (90-119 min),2.695896,5.2,Medium (5-6.9),28,Low (<100),Released
44555,"A Woman, a Gun and a Noodle Shop",三枪拍案惊奇,zh,2009-12-11,2009.0,Comedy | Drama | Thriller,Comedy,0,0,0,0.0,95.0,Standard (90-119 min),1.416796,4.8,Low (<5),13,Low (<100),Released
10133,Cypher,Cypher,en,2002-10-01,2002.0,Thriller | Science Fiction | Mystery,Thriller,7500000,0,-7500000,0.0,95.0,Standard (90-119 min),11.636883,6.7,Medium (5-6.9),192,Medium (100-999),Released
21345,City of Life and Death,南京!南京!,zh,2009-04-22,2009.0,Drama | History | War,Drama,12000000,10652498,-1347502,0.8877081666666666,132.0,Long (120-149 min),4.793348,7.6,Good (7-7.9),55,Low (<100),Released
173931,Legend of a Rabbit,兔侠传奇,zh,2011-01-01,2011.0,Animation | Family | Action | Adventure | Comedy,Animation,19000000,2570000,-16430000,0.13526315789473684,89.0,Short (<90 min),0.738652,3.0,Low (<5),3,Low (<100),Released
61984,Space Battleship Yamato,Space Battleship Yamato,ja,2010-12-01,2010.0,Science Fiction,Science Fiction,12000000,11212294,-787706,0.9343578333333333,131.0,Long (120-149 min),5.158067,6.3,Medium (5-6.9),59,Low (<100),Released
50601,5 Days of War,5 Days of War,en,2011-04-14,2011.0,War | Drama,War,20000000,17479,-19982521,0.00087395,113.0,Standard (90-119 min),5.727602,5.8,Medium (5-6.9),62,Low (<100),Released
26466,Triangle,Triangle,en,2009-10-16,2009.0,Horror,Horror,12000000,0,-12000000,0.0,99.0,Standard (90-119 min),25.496926,6.9,Medium (5-6.9),612,Medium (100-999),Released
345003,10 Days in a Madhouse,10 Days in a Madhouse,en,2015-11-20,2015.0,Drama,Drama,1200000,0,-1200000,0.0,111.0,Standard (90-119 min),0.489271,4.3,Low (<5),5,Low (<100),Released
236751,Heaven is for Real,Heaven is for Real,en,2014-04-16,2014.0,Drama,Drama,12000000,101332962,89332962,8.4444135,99.0,Standard (90-119 min),11.150261,6.0,Medium (5-6.9),229,Medium (100-999),Released
107,Snatch,Snatch,en,2000-09-01,2000.0,Thriller | Crime,Thriller,10000000,83557872,73557872,8.3557872,103.0,Standard (90-119 min),53.595686,7.7,Good (7-7.9),2912,High (1K-4.9K),Released
357837,Dancin' It's On,Dancin' It's On,cs,2015-10-16,2015.0,Drama | Romance,Drama,0,0,0,0.0,89.0,Short (<90 min),0.186234,4.3,Low (<5),2,Low (<100),Post Production
8913,Pet Sematary,Pet Sematary,en,1989-04-21,1989.0,Drama | Horror,Drama,11500000,57469467,45969467,4.997344956521739,103.0,Standard (90-119 min),20.747994,6.4,Medium (5-6.9),407,Medium (100-999),Released
13889,Madadayo,まあだだよ,ja,1993-04-17,1993.0,Drama,Drama,0,0,0,0.0,134.0,Long (120-149 min),2.930853,7.5,Good (7-7.9),20,Low (<100),Released
18530,The Cry of the Owl,The Cry of the Owl,en,2009-02-07,2009.0,Drama,Drama,11500000,0,-11500000,0.0,101.0,Standard (90-119 min),4.75919,5.5,Medium (5-6.9),29,Low (<100),Released
358451,A Tale of Three Cities,三城记,zh,2015-08-28,2015.0,Drama | History | Romance,Drama,0,0,0,0.0,130.0,Long (120-149 min),0.753362,6.3,Medium (5-6.9),5,Low (<100),Released
927,Gremlins,Gremlins,en,1984-06-07,1984.0,Fantasy | Horror | Comedy,Fantasy,11000000,153083102,142083102,13.916645636363636,106.0,Standard (90-119 min),45.072136,6.9,Medium (5-6.9),1596,High (1K-4.9K),Released
11,Star Wars,Star Wars,en,1977-05-25,1977.0,Adventure | Action | Science Fiction,Adventure,11000000,775398007,764398007,70.49072790909091,121.0,Long (120-149 min),126.393695,8.1,Excellent (8+),6624,Very High (5K+),Released
291870,Dirty Grandpa,Dirty Grandpa,en,2016-01-21,2016.0,Comedy,Comedy,11500000,94073028,82573028,8.180263304347825,102.0,Standard (90-119 min),56.805781,5.7,Medium (5-6.9),1406,High (1K-4.9K),Released
907,Doctor Zhivago,Doctor Zhivago,en,1965-12-22,1965.0,Drama | Romance | War,Drama,11000000,111858363,100858363,10.168942090909091,197.0,Very Long (150+ min),12.854853,7.4,Good (7-7.9),247,Medium (100-999),Released
206563,Trash,Trash,pt,2014-10-09,2014.0,Adventure | Crime | Drama | Thriller,Adventure,0,0,0,0.0,112.0,Standard (90-119 min),14.637357,7.1,Good (7-7.9),242,Medium (100-999),Released
11887,High School Musical 3: Senior Year,High School Musical 3: Senior Year,en,2008-10-22,2008.0,Comedy | Drama | Family | Music | Romance,Comedy,0,0,0,0.0,116.0,Standard (90-119 min),21.801188,6.2,Medium (5-6.9),821,Medium (100-999),Released
45317,The Fighter,The Fighter,en,2010-12-17,2010.0,Drama,Drama,25000000,93617009,68617009,3.74468036,116.0,Standard (90-119 min),31.019381,7.2,Good (7-7.9),1486,High (1K-4.9K),Released
12094,Jackass Number Two,Jackass Number Two,en,2006-09-22,2006.0,Action | Comedy | Documentary,Action,11000000,72778712,61778712,6.616246545454546,95.0,Standard (90-119 min),11.227087,6.4,Medium (5-6.9),298,Medium (100-999),Released
10377,My Cousin Vinny,My Cousin Vinny,en,1992-03-13,1992.0,Comedy | Drama,Comedy,11000000,64088552,53088552,5.826232,120.0,Long (120-149 min),19.231507,7.3,Good (7-7.9),384,Medium (100-999),Released
249164,If I Stay,If I Stay,en,2014-08-21,2014.0,Drama,Drama,11000000,78874843,67874843,7.170440272727273,106.0,Standard (90-119 min),31.162838,7.3,Good (7-7.9),1368,High (1K-4.9K),Released
256092,Drive Hard,Drive Hard,en,2014-05-26,2014.0,Action | Comedy | Crime,Action,12000000,0,-12000000,0.0,96.0,Standard (90-119 min),3.94487,3.9,Low (<5),74,Low (<100),Released
9942,Major League,Major League,en,1989-02-16,1989.0,Comedy,Comedy,11000000,49797148,38797148,4.527013454545455,107.0,Standard (90-119 min),7.559192,6.6,Medium (5-6.9),217,Medium (100-999),Released
10748,St. Trinian's,St. Trinian's,en,2007-12-21,2007.0,Comedy | Family | Science Fiction,Comedy,0,0,0,0.0,101.0,Standard (90-119 min),7.377587,5.6,Medium (5-6.9),142,Medium (100-999),Released
1817,Phone Booth,Phone Booth,en,2002-09-09,2002.0,Thriller | Drama,Thriller,13000000,97837138,84837138,7.525933692307692,81.0,Short (<90 min),38.018085,6.7,Medium (5-6.9),1062,High (1K-4.9K),Released
10229,A Walk to Remember,A Walk to Remember,en,2002-01-25,2002.0,Drama | Romance,Drama,11000000,41227069,30227069,3.7479153636363636,101.0,Standard (90-119 min),33.283554,7.5,Good (7-7.9),1018,High (1K-4.9K),Released
687,Dead Man Walking,Dead Man Walking,en,1995-12-29,1995.0,Drama,Drama,11000000,39363635,28363635,3.5785122727272727,122.0,Long (120-149 min),15.864928,7.3,Good (7-7.9),337,Medium (100-999),Released
796,Cruel Intentions,Cruel Intentions,en,1999-03-05,1999.0,Drama | Romance | Thriller,Drama,10500000,75902208,65402208,7.228781714285715,97.0,Standard (90-119 min),23.449703,6.6,Medium (5-6.9),827,Medium (100-999),Released
22804,Saw VI,Saw VI,en,2009-10-22,2009.0,Horror | Mystery,Horror,11000000,68233629,57233629,6.203057181818182,90.0,Standard (90-119 min),31.900899,6.0,Medium (5-6.9),722,Medium (100-999),Released
10156,History of the World: Part I,History of the World: Part I,en,1981-06-12,1981.0,Comedy,Comedy,11000000,31672907,20672907,2.8793551818181817,92.0,Standard (90-119 min),14.282314,6.5,Medium (5-6.9),204,Medium (100-999),Released
12837,The Secret Life of Bees,The Secret Life of Bees,en,2008-09-17,2008.0,Adventure,Adventure,11000000,38105395,27105395,3.464126818181818,114.0,Standard (90-119 min),7.645979,7.4,Good (7-7.9),158,Medium (100-999),Released
17708,Corky Romano,Corky Romano,en,2001-10-12,2001.0,Action | Comedy | Crime,Action,11000000,23978402,12978402,2.179854727272727,86.0,Short (<90 min),3.495758,4.1,Low (<5),54,Low (<100),Released
13937,Raising Cain,Raising Cain,en,1992-08-07,1992.0,Drama | Horror | Thriller | Crime,Drama,12000000,37170057,25170057,3.09750475,91.0,Standard (90-119 min),7.558959,5.9,Medium (5-6.9),65,Low (<100),Released
28932,F.I.S.T.,F.I.S.T.,en,1978-04-26,1978.0,Drama | Action,Drama,11,11,0,1.0,145.0,Long (120-149 min),3.375208,6.4,Medium (5-6.9),29,Low (<100),Released
31909,Invaders from Mars,Invaders from Mars,en,1986-01-01,1986.0,Science Fiction,Science Fiction,12000000,4884663,-7115337,0.40705525,100.0,Standard (90-119 min),4.234269,5.5,Medium (5-6.9),57,Low (<100),Released
167073,Brooklyn,Brooklyn,en,2015-10-20,2015.0,Drama | Romance,Drama,11000000,62076141,51076141,5.643285545454545,111.0,Standard (90-119 min),39.337949,7.2,Good (7-7.9),1213,High (1K-4.9K),Released
3175,Barry Lyndon,Barry Lyndon,en,1975-12-18,1975.0,Drama | Romance | War,Drama,11000000,20000000,9000000,1.8181818181818181,184.0,Very Long (150+ min),29.543331,7.7,Good (7-7.9),505,Medium (100-999),Released
14369,Out Cold,Out Cold,en,2001-11-21,2001.0,Comedy,Comedy,24000000,14782676,-9217324,0.6159448333333334,89.0,Short (<90 min),4.12064,5.8,Medium (5-6.9),53,Low (<100),Released
16888,The Ladies Man,The Ladies Man,en,2000-10-13,2000.0,Comedy,Comedy,24000000,13700000,-10300000,0.5708333333333333,84.0,Short (<90 min),2.259537,5.7,Medium (5-6.9),34,Low (<100),Released
121826,Quartet,Quartet,en,2012-09-08,2012.0,Drama | Comedy | Romance,Drama,11000000,59520298,48520298,5.410936181818182,98.0,Standard (90-119 min),7.722021,6.3,Medium (5-6.9),139,Medium (100-999),Released
10646,Tomcats,Tomcats,en,2001-03-30,2001.0,Comedy | Romance,Comedy,11000000,23430766,12430766,2.130069636363636,95.0,Standard (90-119 min),7.063053,4.9,Low (<5),74,Low (<100),Released
12149,Frailty,Frailty,en,2001-11-17,2001.0,Drama | Thriller | Crime,Drama,11000000,13110448,2110448,1.191858909090909,100.0,Standard (90-119 min),16.003958,7.0,Good (7-7.9),334,Medium (100-999),Released
304357,Woman in Gold,Woman in Gold,en,2015-04-10,2015.0,Drama,Drama,11000000,61619773,50619773,5.601797545454546,120.0,Long (120-149 min),21.204929,7.3,Good (7-7.9),440,Medium (100-999),Released
11184,Kinsey,Kinsey,en,2004-09-04,2004.0,Drama,Drama,0,0,0,0.0,118.0,Standard (90-119 min),6.799314,6.6,Medium (5-6.9),131,Medium (100-999),Released
766,Army of Darkness,Army of Darkness,en,1992-10-09,1992.0,Fantasy | Horror | Comedy,Fantasy,11000000,0,-11000000,0.0,81.0,Short (<90 min),33.758281,7.3,Good (7-7.9),838,Medium (100-999),Released
20009,Slackers,Slackers,en,2002-02-01,2002.0,Comedy | Romance,Comedy,14000000,6413915,-7586085,0.45813678571428573,86.0,Short (<90 min),9.371811,5.4,Medium (5-6.9),60,Low (<100),Released
1587,What's Eating Gilbert Grape,What's Eating Gilbert Grape,en,1993-12-17,1993.0,Romance | Drama,Romance,11000000,30000000,19000000,2.727272727272727,118.0,Standard (90-119 min),33.282794,7.5,Good (7-7.9),919,Medium (100-999),Released
30973,The Visual Bible: The Gospel of John,The Visual Bible: The Gospel of John,en,2003-09-11,2003.0,Drama | History,Drama,10000000,4069090,-5930910,0.406909,125.0,Long (120-149 min),3.208172,8.2,Excellent (8+),12,Low (<100),Released
11109,Vera Drake,Vera Drake,en,2004-10-22,2004.0,Crime | Drama,Crime,11000000,0,-11000000,0.0,125.0,Long (120-149 min),4.131918,6.8,Medium (5-6.9),80,Low (<100),Released
9027,The Guru,The Guru,en,2002-08-21,2002.0,Comedy | Romance,Comedy,0,0,0,0.0,91.0,Standard (90-119 min),4.093288,5.1,Medium (5-6.9),75,Low (<100),Released
63020,The Perez Family,The Perez Family,en,1995-05-12,1995.0,Comedy | Drama | Romance,Comedy,11000000,2832826,-8167174,0.25752963636363635,113.0,Standard (90-119 min),1.187671,6.6,Medium (5-6.9),9,Low (<100),Released
86829,Inside Llewyn Davis,Inside Llewyn Davis,en,2013-10-06,2013.0,Drama | Music,Drama,11000000,32935319,21935319,2.994119909090909,105.0,Standard (90-119 min),36.319205,7.2,Good (7-7.9),834,Medium (100-999),Released
11065,O,O,en,2001-08-31,2001.0,Drama | Romance | Thriller,Drama,0,16017403,16017403,0.0,95.0,Standard (90-119 min),4.146752,5.8,Medium (5-6.9),75,Low (<100),Released
13888,Return to the Blue Lagoon,Return to the Blue Lagoon,en,1991-08-02,1991.0,Drama | Adventure | Romance,Drama,11000000,2807854,-8192146,0.25525945454545457,98.0,Standard (90-119 min),9.705589,5.1,Medium (5-6.9),153,Medium (100-999),Released
42345,The Molly Maguires,The Molly Maguires,en,1970-01-27,1970.0,Drama | History,Drama,11000000,2200000,-8800000,0.2,124.0,Long (120-149 min),1.396985,5.9,Medium (5-6.9),16,Low (<100),Released
13994,Romance & Cigarettes,Romance & Cigarettes,en,2005-09-13,2005.0,Comedy | Music | Romance,Comedy,0,2945242,2945242,0.0,105.0,Standard (90-119 min),4.056774,6.0,Medium (5-6.9),33,Low (<100),Released
1590,Copying Beethoven,Copying Beethoven,en,2006-09-10,2006.0,Drama,Drama,11000000,0,-11000000,0.0,104.0,Standard (90-119 min),5.062687,6.2,Medium (5-6.9),42,Low (<100),Released
62728,Brighton Rock,Brighton Rock,en,2010-09-13,2010.0,Drama | Thriller | Crime,Drama,0,0,0,0.0,111.0,Standard (90-119 min),3.122152,5.6,Medium (5-6.9),35,Low (<100),Released
11917,Saw V,Saw V,en,2008-10-23,2008.0,Horror | Thriller | Crime,Horror,10800000,113857533,103057533,10.542364166666667,92.0,Standard (90-119 min),32.943848,5.9,Medium (5-6.9),820,Medium (100-999),Released
45138,Machine Gun McCain,Gli intoccabili,it,1969-04-01,1969.0,Drama | Action | Thriller | Crime | Foreign,Drama,0,0,0,0.0,116.0,Standard (90-119 min),0.700127,7.3,Good (7-7.9),6,Low (<100),Released
80271,LOL,LOL,en,2012-02-10,2012.0,Drama | Comedy | Romance,Drama,11000000,0,-11000000,0.0,97.0,Standard (90-119 min),31.763201,5.9,Medium (5-6.9),881,Medium (100-999),Released
4657,Jindabyne,Jindabyne,en,2006-07-20,2006.0,Crime | Drama | Mystery | Thriller,Crime,0,0,0,0.0,123.0,Long (120-149 min),8.950864,5.7,Medium (5-6.9),25,Low (<100),Released
14395,Kabhi Alvida Naa Kehna,कभी अलविदा ना कहना,hi,2006-08-11,2006.0,Drama | Romance,Drama,7400000,17000000,9600000,2.2972972972972974,193.0,Very Long (150+ min),3.246903,6.1,Medium (5-6.9),42,Low (<100),Released
24137,An Ideal Husband,An Ideal Husband,en,1999-04-15,1999.0,Drama | Comedy | Romance,Drama,14000000,18535191,4535191,1.3239422142857142,97.0,Standard (90-119 min),4.519523,6.3,Medium (5-6.9),46,Low (<100),Released
190847,The Last Days on Mars,The Last Days on Mars,en,2013-08-11,2013.0,Science Fiction | Thriller | Horror,Science Fiction,0,0,0,0.0,98.0,Standard (90-119 min),18.764453,5.2,Medium (5-6.9),302,Medium (100-999),Released
11056,Darkness,Darkness,en,2002-10-02,2002.0,Horror,Horror,0,0,0,0.0,102.0,Standard (90-119 min),6.340135,5.6,Medium (5-6.9),112,Medium (100-999),Released
62,2001: A Space Odyssey,2001: A Space Odyssey,en,1968-04-10,1968.0,Science Fiction | Mystery | Adventure,Science Fiction,10500000,68700000,58200000,6.542857142857143,149.0,Long (120-149 min),86.201184,7.9,Good (7-7.9),2998,High (1K-4.9K),Released
601,E.T. the Extra-Terrestrial,E.T. the Extra-Terrestrial,en,1982-04-03,1982.0,Science Fiction | Adventure | Family | Fantasy,Science Fiction,10500000,792910554,782410554,75.51529085714286,115.0,Standard (90-119 min),56.105798,7.3,Good (7-7.9),3269,High (1K-4.9K),Released
13067,In the Land of Women,In the Land of Women,en,2007-04-16,2007.0,Romance | Comedy | Drama,Romance,10000000,17500000,7500000,1.75,97.0,Standard (90-119 min),12.792446,5.8,Medium (5-6.9),160,Medium (100-999),Released
25379,The Blue Butterfly,The Blue Butterfly,en,2004-02-20,2004.0,Adventure | Drama | Family,Adventure,0,0,0,0.0,97.0,Standard (90-119 min),1.985552,6.8,Medium (5-6.9),6,Low (<100),Released
88641,There Goes My Baby,There Goes My Baby,en,1994-09-02,1994.0,Drama | Comedy,Drama,10500000,123509,-10376491,0.011762761904761904,99.0,Standard (90-119 min),0.037073,8.5,Excellent (8+),2,Low (<100),Released
58051,Housefull,Housefull,hi,2010-04-30,2010.0,Drama | Comedy | Romance | Foreign,Drama,0,0,0,0.0,135.0,Long (120-149 min),0.12082,5.2,Medium (5-6.9),29,Low (<100),Released
14877,September Dawn,September Dawn,en,2007-05-17,2007.0,Drama | Action | History | Western | Romance,Drama,11000000,0,-11000000,0.0,110.0,Standard (90-119 min),3.646848,5.0,Medium (5-6.9),16,Low (<100),Released
96399,For Greater Glory - The True Story of Cristiada,For Greater Glory - The True Story of Cristiada,en,2012-06-01,2012.0,History | Drama,History,12000000,9622846,-2377154,0.8019038333333334,145.0,Long (120-149 min),5.759545,6.4,Medium (5-6.9),35,Low (<100),Released
304410,The Bélier Family,La Famille Bélier,fr,2014-12-17,2014.0,Comedy | Drama | Music,Comedy,11000000,0,-11000000,0.0,105.0,Standard (90-119 min),25.302978,7.0,Good (7-7.9),766,Medium (100-999),Released
489,Good Will Hunting,Good Will Hunting,en,1997-12-05,1997.0,Drama,Drama,10000000,225933435,215933435,22.5933435,126.0,Long (120-149 min),43.734886,7.9,Good (7-7.9),2811,High (1K-4.9K),Released
373314,Misconduct,Misconduct,en,2016-02-05,2016.0,Drama | Thriller,Drama,11000000,0,-11000000,0.0,106.0,Standard (90-119 min),10.016909,5.3,Medium (5-6.9),149,Medium (100-999),Released
214,Saw III,Saw III,en,2006-10-27,2006.0,Horror | Thriller | Crime,Horror,10000000,163876815,153876815,16.3876815,108.0,Standard (90-119 min),33.124871,6.1,Medium (5-6.9),1071,High (1K-4.9K),Released
10890,Stripes,Stripes,en,1981-06-25,1981.0,Action | Comedy,Action,10000000,85300000,75300000,8.53,106.0,Standard (90-119 min),10.892398,6.5,Medium (5-6.9),249,Medium (100-999),Released
1588,Bring It On,Bring It On,en,2000-08-25,2000.0,Comedy,Comedy,28000000,90449929,62449929,3.230354607142857,98.0,Standard (90-119 min),14.754281,5.8,Medium (5-6.9),568,Medium (100-999),Released
316727,The Purge: Election Year,The Purge: Election Year,en,2016-06-29,2016.0,Action | Horror | Thriller,Action,10000000,118587880,108587880,11.858788,105.0,Standard (90-119 min),53.727146,6.1,Medium (5-6.9),1306,High (1K-4.9K),Released
10314,She's All That,She's All That,en,1999-01-29,1999.0,Comedy | Romance,Comedy,10000000,103166989,93166989,10.3166989,95.0,Standard (90-119 min),8.9876,5.7,Medium (5-6.9),418,Medium (100-999),Released
663,Saw IV,Saw IV,en,2007-10-25,2007.0,Horror | Thriller | Crime,Horror,10000000,139352633,129352633,13.9352633,93.0,Standard (90-119 min),29.244768,5.9,Medium (5-6.9),903,Medium (100-999),Released
11804,White Noise,White Noise,en,2005-01-07,2005.0,Drama | Horror | Thriller,Drama,10000000,91196419,81196419,9.1196419,101.0,Standard (90-119 min),14.447723,5.6,Medium (5-6.9),261,Medium (100-999),Released
16781,Madea's Family Reunion,Madea's Family Reunion,en,2006-02-24,2006.0,Drama | Comedy | Romance,Drama,6000000,57231524,51231524,9.538587333333334,110.0,Standard (90-119 min),5.882208,6.0,Medium (5-6.9),77,Low (<100),Released
11873,The Color of Money,The Color of Money,en,1986-10-07,1986.0,Drama,Drama,13800000,52293982,38493982,3.7894189855072464,119.0,Standard (90-119 min),17.3393,6.7,Medium (5-6.9),291,Medium (100-999),Released
9289,The Longest Day,The Longest Day,en,1962-09-25,1962.0,Action | Drama | History | War,Action,10000000,50100000,40100000,5.01,178.0,Very Long (150+ min),19.524972,7.2,Good (7-7.9),234,Medium (100-999),Released
10414,The Mighty Ducks,The Mighty Ducks,en,1992-10-01,1992.0,Comedy | Family,Comedy,10000000,50752337,40752337,5.0752337,101.0,Standard (90-119 min),8.932837,6.4,Medium (5-6.9),198,Medium (100-999),Released
1970,The Grudge,The Grudge,en,2004-10-22,2004.0,Horror | Mystery | Thriller,Horror,10000000,183474602,173474602,18.3474602,92.0,Standard (90-119 min),35.695442,5.8,Medium (5-6.9),865,Medium (100-999),Released
9614,Happy Gilmore,Happy Gilmore,en,1996-02-16,1996.0,Comedy,Comedy,12000000,41205099,29205099,3.43375825,92.0,Standard (90-119 min),26.598884,6.5,Medium (5-6.9),755,Medium (100-999),Released
8922,Jeepers Creepers,Jeepers Creepers,en,2001-07-01,2001.0,Horror | Thriller,Horror,10000000,59217789,49217789,5.9217789,90.0,Standard (90-119 min),23.316208,6.1,Medium (5-6.9),720,Medium (100-999),Released
1648,Bill & Ted's Excellent Adventure,Bill & Ted's Excellent Adventure,en,1989-02-17,1989.0,Adventure | Comedy | Science Fiction,Adventure,10000000,40485039,30485039,4.0485039,90.0,Standard (90-119 min),25.929893,6.7,Medium (5-6.9),454,Medium (100-999),Released
17917,Oliver!,Oliver!,en,1968-09-26,1968.0,Drama | Family | Music,Drama,10000000,37402877,27402877,3.7402877,153.0,Very Long (150+ min),8.305998,7.0,Good (7-7.9),103,Medium (100-999),Released
74534,The Best Exotic Marigold Hotel,The Best Exotic Marigold Hotel,en,2011-11-28,2011.0,Drama | Comedy,Drama,10000000,136836156,126836156,13.6836156,124.0,Long (120-149 min),21.258991,6.9,Medium (5-6.9),459,Medium (100-999),Released
19405,Recess: School's Out,Recess: School's Out,en,2001-01-27,2001.0,Science Fiction | Animation | Comedy | Family,Science Fiction,10000000,44460850,34460850,4.446085,83.0,Short (<90 min),5.699058,6.6,Medium (5-6.9),67,Low (<100),Released
9355,Mad Max Beyond Thunderdome,Mad Max Beyond Thunderdome,en,1985-06-29,1985.0,Action | Adventure | Science Fiction,Action,12305523,36230219,23924696,2.9442242316722336,107.0,Standard (90-119 min),36.582038,5.9,Medium (5-6.9),748,Medium (100-999),Released
10999,Commando,Commando,en,1985-10-03,1985.0,Action | Adventure | Thriller,Action,10000000,57500000,47500000,5.75,90.0,Standard (90-119 min),34.224204,6.4,Medium (5-6.9),742,Medium (100-999),Released
321258,The Boy,The Boy,en,2016-01-22,2016.0,Horror | Mystery | Thriller,Horror,10000000,64188367,54188367,6.4188367,97.0,Standard (90-119 min),38.179483,5.8,Medium (5-6.9),1102,High (1K-4.9K),Released
44040,Devil,Devil,en,2010-01-13,2010.0,Horror | Mystery | Thriller,Horror,10000000,33583175,23583175,3.3583175,80.0,Short (<90 min),30.934688,5.8,Medium (5-6.9),816,Medium (100-999),Released
10426,Friday After Next,Friday After Next,en,2002-11-22,2002.0,Comedy,Comedy,20000000,33526835,13526835,1.67634175,85.0,Short (<90 min),7.499639,6.0,Medium (5-6.9),100,Medium (100-999),Released
280092,Insidious: Chapter 3,Insidious: Chapter 3,en,2015-06-04,2015.0,Drama | Horror | Thriller,Drama,10000000,104303851,94303851,10.4303851,97.0,Standard (90-119 min),45.946524,6.2,Medium (5-6.9),983,Medium (100-999),Released
13938,The Last Dragon,The Last Dragon,en,1985-03-22,1985.0,Action | Adventure | Comedy,Action,10000000,25754284,15754284,2.5754284,108.0,Standard (90-119 min),4.928777,6.4,Medium (5-6.9),69,Low (<100),Released
10163,The Lawnmower Man,The Lawnmower Man,en,1992-03-05,1992.0,Horror | Thriller | Science Fiction,Horror,10000000,32101000,22101000,3.2101,108.0,Standard (90-119 min),10.125029,5.4,Medium (5-6.9),197,Medium (100-999),Released
12182,Nick and Norah's Infinite Playlist,Nick and Norah's Infinite Playlist,en,2008-10-03,2008.0,Comedy | Music | Romance,Comedy,9000000,32973937,23973937,3.6637707777777777,89.0,Short (<90 min),20.452449,6.4,Medium (5-6.9),379,Medium (100-999),Released
1832,Dogma,Dogma,en,1999-11-12,1999.0,Fantasy | Comedy | Adventure,Fantasy,10000000,30652890,20652890,3.065289,130.0,Long (120-149 min),14.543435,6.8,Medium (5-6.9),823,Medium (100-999),Released
9034,The Banger Sisters,The Banger Sisters,en,2002-09-20,2002.0,Comedy | Drama,Comedy,10000000,0,-10000000,0.0,98.0,Standard (90-119 min),6.015354,5.5,Medium (5-6.9),62,Low (<100),Released
15301,Twilight Zone: The Movie,Twilight Zone: The Movie,en,1983-06-24,1983.0,Drama | Fantasy | Horror | Science Fiction | Thriller,Drama,10000000,29450919,19450919,2.9450919,101.0,Standard (90-119 min),12.902975,6.2,Medium (5-6.9),161,Medium (100-999),Released
10135,Road House,Road House,en,1989-05-19,1989.0,Action | Thriller,Action,15000000,30050028,15050028,2.0033352,114.0,Standard (90-119 min),6.216203,6.3,Medium (5-6.9),252,Medium (100-999),Released
26352,A Low Down Dirty Shame,A Low Down Dirty Shame,en,1994-11-23,1994.0,Action | Comedy | Crime,Action,10000000,29392418,19392418,2.9392418,100.0,Standard (90-119 min),3.290639,6.0,Medium (5-6.9),31,Low (<100),Released
20616,Swimfan,Swimfan,en,2002-09-06,2002.0,Drama | Thriller,Drama,8500000,34411240,25911240,4.048381176470588,84.0,Short (<90 min),4.844451,5.0,Medium (5-6.9),70,Low (<100),Released
9794,Employee of the Month,Employee of the Month,en,2006-10-06,2006.0,Comedy | Romance,Comedy,12000000,38368909,26368909,3.1974090833333335,103.0,Standard (90-119 min),9.559737,5.3,Medium (5-6.9),153,Medium (100-999),Released
15037,Can't Hardly Wait,Can't Hardly Wait,en,1998-06-12,1998.0,Comedy | Drama | Romance,Comedy,10000000,25605015,15605015,2.5605015,100.0,Standard (90-119 min),11.350382,6.1,Medium (5-6.9),122,Medium (100-999),Released
227,The Outsiders,The Outsiders,en,1983-03-25,1983.0,Crime | Drama,Crime,10000000,33697647,23697647,3.3697647,91.0,Standard (90-119 min),13.455373,6.9,Medium (5-6.9),291,Medium (100-999),Released
294272,Pete's Dragon,Pete's Dragon,en,2016-08-10,2016.0,Adventure | Family | Fantasy,Adventure,65000000,143695338,78695338,2.210697507692308,102.0,Standard (90-119 min),31.974359,6.2,Medium (5-6.9),679,Medium (100-999),Released
11336,The Dead Zone,The Dead Zone,en,1983-10-21,1983.0,Horror | Science Fiction | Thriller,Horror,10000000,20766616,10766616,2.0766616,103.0,Standard (90-119 min),16.78512,6.9,Medium (5-6.9),311,Medium (100-999),Released
283445,Sinister 2,Sinister 2,en,2015-08-19,2015.0,Horror,Horror,10000000,52882018,42882018,5.2882018,97.0,Standard (90-119 min),26.090495,5.4,Medium (5-6.9),581,Medium (100-999),Released
88036,Sparkle,Sparkle,en,2012-08-17,2012.0,Drama | Music,Drama,14000000,24637469,10637469,1.7598192142857143,116.0,Standard (90-119 min),2.698185,5.8,Medium (5-6.9),36,Low (<100),Released
10984,Valentine,Valentine,en,2001-02-01,2001.0,Horror | Thriller,Horror,0,0,0,0.0,96.0,Standard (90-119 min),5.904126,5.0,Medium (5-6.9),114,Medium (100-999),Released
22824,The Fourth Kind,The Fourth Kind,en,2009-11-06,2009.0,Mystery | Science Fiction | Thriller,Mystery,10000000,42333295,32333295,4.2333295,98.0,Standard (90-119 min),22.888173,5.8,Medium (5-6.9),441,Medium (100-999),Released
9526,A Prairie Home Companion,A Prairie Home Companion,en,2006-06-09,2006.0,Drama | Comedy | Music,Drama,10000000,0,-10000000,0.0,105.0,Standard (90-119 min),5.025446,6.4,Medium (5-6.9),81,Low (<100),Released
39349,Sugar Hill,Sugar Hill,en,1994-02-25,1994.0,Drama | Action | Thriller,Drama,0,0,0,0.0,123.0,Long (120-149 min),2.580808,5.2,Medium (5-6.9),13,Low (<100),Released
15983,Invasion U.S.A.,Invasion U.S.A.,en,1985-09-27,1985.0,Action | Thriller,Action,0,0,0,0.0,107.0,Standard (90-119 min),4.192064,5.3,Medium (5-6.9),49,Low (<100),Released
14544,Roll Bounce,Roll Bounce,en,2005-09-23,2005.0,Comedy | Drama | Family,Comedy,0,0,0,0.0,112.0,Standard (90-119 min),2.596338,6.1,Medium (5-6.9),27,Low (<100),Released
11545,Rushmore,Rushmore,en,1998-09-17,1998.0,Comedy | Drama,Comedy,9000000,17096053,8096053,1.8995614444444444,93.0,Standard (90-119 min),18.289303,7.5,Good (7-7.9),676,Medium (100-999),Released
42684,Skyline,Skyline,en,2010-11-11,2010.0,Science Fiction,Science Fiction,10000000,66821036,56821036,6.6821036,100.0,Standard (90-119 min),26.268209,4.7,Low (<5),507,Medium (100-999),Released
268238,The Second Best Exotic Marigold Hotel,The Second Best Exotic Marigold Hotel,en,2015-02-26,2015.0,Drama | Comedy,Drama,10000000,85978266,75978266,8.5978266,122.0,Long (120-149 min),17.592299,6.3,Medium (5-6.9),272,Medium (100-999),Released
8359,Kit Kittredge: An American Girl,Kit Kittredge: An American Girl,en,2008-07-02,2008.0,Comedy | Drama | Family,Comedy,0,0,0,0.0,101.0,Standard (90-119 min),6.27141,6.4,Medium (5-6.9),34,Low (<100),Released
15648,The Perfect Man,The Perfect Man,en,2005-06-17,2005.0,Comedy | Drama | Family | Romance,Comedy,0,0,0,0.0,100.0,Standard (90-119 min),11.158906,5.5,Medium (5-6.9),203,Medium (100-999),Released
41823,Mo' Better Blues,Mo' Better Blues,en,1990-08-03,1990.0,Drama | Romance,Drama,10000000,16153593,6153593,1.6153593,129.0,Long (120-149 min),3.079862,6.3,Medium (5-6.9),47,Low (<100),Released
11891,Kung Pow: Enter the Fist,Kung Pow: Enter the Fist,en,2002-01-25,2002.0,Action | Comedy,Action,0,0,0,0.0,81.0,Short (<90 min),8.288813,6.1,Medium (5-6.9),159,Medium (100-999),Released
9362,Tremors,Tremors,en,1990-01-19,1990.0,Action | Horror,Action,11000000,48572000,37572000,4.415636363636364,96.0,Standard (90-119 min),32.579697,6.6,Medium (5-6.9),864,Medium (100-999),Released
9902,Wrong Turn,Wrong Turn,en,2003-05-30,2003.0,Horror | Thriller,Horror,12600000,28650575,16050575,2.2738551587301585,84.0,Short (<90 min),33.555764,6.0,Medium (5-6.9),635,Medium (100-999),Released
14729,The Long Riders,The Long Riders,en,1980-05-12,1980.0,Western | History,Western,10000000,15795189,5795189,1.5795189,99.0,Standard (90-119 min),2.959547,6.6,Medium (5-6.9),50,Low (<100),Released
9455,The Corruptor,The Corruptor,en,1999-03-12,1999.0,Action | Crime | Mystery | Thriller,Action,25000000,15156200,-9843800,0.606248,110.0,Standard (90-119 min),4.068107,6.0,Medium (5-6.9),57,Low (<100),Released
103731,Mud,Mud,en,2013-05-01,2013.0,Drama,Drama,10000000,21587700,11587700,2.15877,130.0,Long (120-149 min),17.663353,7.0,Good (7-7.9),1068,High (1K-4.9K),Released
10090,Reno 911!: Miami,Reno 911!: Miami,en,2007-02-23,2007.0,Action | Adventure | Comedy | Crime,Action,10000000,20342161,10342161,2.0342161,84.0,Short (<90 min),4.207456,5.6,Medium (5-6.9),72,Low (<100),Released
164558,One Direction: This Is Us,One Direction: This Is Us,en,2013-08-28,2013.0,Documentary | Music,Documentary,10000000,0,-10000000,0.0,92.0,Standard (90-119 min),7.944457,8.0,Excellent (8+),201,Medium (100-999),Released
19905,"The Goods: Live Hard, Sell Hard","The Goods: Live Hard, Sell Hard",en,2009-08-14,2009.0,Comedy,Comedy,10000000,0,-10000000,0.0,90.0,Standard (90-119 min),3.352702,5.4,Medium (5-6.9),58,Low (<100),Released
17710,Hey Arnold! The Movie,Hey Arnold! The Movie,en,2002-06-28,2002.0,Animation | Family,Animation,0,0,0,0.0,76.0,Short (<90 min),5.856363,5.6,Medium (5-6.9),62,Low (<100),Released
75900,My Week with Marilyn,My Week with Marilyn,en,2011-10-17,2011.0,Drama,Drama,6400000,35057696,28657696,5.477765,99.0,Standard (90-119 min),21.006078,6.6,Medium (5-6.9),406,Medium (100-999),Released
9515,The Matador,The Matador,en,2005-05-12,2005.0,Action | Comedy | Crime | Drama | Thriller,Action,10000000,17297244,7297244,1.7297244,96.0,Standard (90-119 min),5.647538,6.2,Medium (5-6.9),136,Medium (100-999),Released
27322,Love Jones,Love Jones,en,1997-03-14,1997.0,Comedy | Drama | Romance,Comedy,10000000,0,-10000000,0.0,104.0,Standard (90-119 min),1.000178,8.1,Excellent (8+),12,Low (<100),Released
328425,The Gift,The Gift,en,2015-07-30,2015.0,Thriller | Mystery,Thriller,5000000,58978653,53978653,11.7957306,108.0,Standard (90-119 min),27.247013,6.7,Medium (5-6.9),1049,High (1K-4.9K),Released
14120,End of the Spear,End of the Spear,en,2005-12-02,2005.0,Adventure | Drama,Adventure,0,0,0,0.0,108.0,Standard (90-119 min),1.83428,6.1,Medium (5-6.9),15,Low (<100),Released
10050,Get Over It,Get Over It,en,2001-03-08,2001.0,Comedy | Romance,Comedy,10000000,0,-10000000,0.0,87.0,Short (<90 min),11.592129,5.5,Medium (5-6.9),75,Low (<100),Released
1542,Office Space,Office Space,en,1999-02-19,1999.0,Comedy | Crime,Comedy,10000000,12827813,2827813,1.2827813,89.0,Short (<90 min),18.366362,7.4,Good (7-7.9),1050,High (1K-4.9K),Released
10490,Drop Dead Gorgeous,Drop Dead Gorgeous,en,1999-07-23,1999.0,Comedy,Comedy,10000000,10571408,571408,1.0571408,98.0,Standard (90-119 min),6.736274,6.4,Medium (5-6.9),86,Low (<100),Released
87093,Big Eyes,Big Eyes,en,2014-12-24,2014.0,Drama,Drama,10000000,28883511,18883511,2.8883511,105.0,Standard (90-119 min),28.570174,6.8,Medium (5-6.9),1196,High (1K-4.9K),Released
10029,Very Bad Things,Very Bad Things,en,1998-09-11,1998.0,Comedy | Crime | Thriller,Comedy,30000000,9898412,-20101588,0.3299470666666667,100.0,Standard (90-119 min),5.671691,6.2,Medium (5-6.9),179,Medium (100-999),Released
9893,Sleepover,Sleepover,en,2004-07-09,2004.0,Comedy | Family,Comedy,0,0,0,0.0,89.0,Short (<90 min),5.842299,5.3,Medium (5-6.9),101,Medium (100-999),Released
11507,Body Double,Body Double,en,1984-10-25,1984.0,Crime | Mystery | Horror | Thriller,Crime,10000000,8801940,-1198060,0.880194,114.0,Standard (90-119 min),9.525626,6.4,Medium (5-6.9),137,Medium (100-999),Released
37931,MacGruber,MacGruber,en,2010-05-21,2010.0,Action | Adventure | Comedy,Action,10000000,6110000,-3890000,0.611,90.0,Standard (90-119 min),14.038512,5.1,Medium (5-6.9),179,Medium (100-999),Released
3472,Dirty Pretty Things,Dirty Pretty Things,en,2002-09-05,2002.0,Crime | Drama | Thriller,Crime,0,0,0,0.0,97.0,Standard (90-119 min),9.177896,6.8,Medium (5-6.9),131,Medium (100-999),Released
87818,Movie 43,Movie 43,en,2013-01-01,2013.0,Comedy,Comedy,6000000,32438988,26438988,5.406498,90.0,Standard (90-119 min),35.350303,4.4,Low (<5),797,Medium (100-999),Released
13160,Over Her Dead Body,Over Her Dead Body,en,2008-02-01,2008.0,Comedy,Comedy,10000000,0,-10000000,0.0,95.0,Standard (90-119 min),12.067921,5.3,Medium (5-6.9),145,Medium (100-999),Released
88005,Seeking a Friend for the End of the World,Seeking a Friend for the End of the World,en,2012-06-22,2012.0,Comedy | Drama | Romance | Science Fiction,Comedy,10000000,9636289,-363711,0.9636289,101.0,Standard (90-119 min),30.863082,6.3,Medium (5-6.9),700,Medium (100-999),Released
52067,Cedar Rapids,Cedar Rapids,en,2011-02-11,2011.0,Comedy,Comedy,0,6861102,6861102,0.0,87.0,Short (<90 min),10.254807,5.9,Medium (5-6.9),135,Medium (100-999),Released
73,American History X,American History X,en,1998-10-30,1998.0,Drama,Drama,20000000,23875127,3875127,1.19375635,119.0,Standard (90-119 min),73.567232,8.2,Excellent (8+),3016,High (1K-4.9K),Released
134597,The Collection,The Collection,en,2012-09-21,2012.0,Horror | Thriller,Horror,0,6842058,6842058,0.0,94.0,Standard (90-119 min),16.361743,5.9,Medium (5-6.9),289,Medium (100-999),Released
24034,Teacher's Pet,Teacher's Pet,en,2004-01-16,2004.0,Animation | Drama | Family | Music,Animation,10000000,0,-10000000,0.0,74.0,Short (<90 min),1.374409,5.5,Medium (5-6.9),2,Low (<100),Released
14283,The Red Violin,The Red Violin,en,1998-09-10,1998.0,Drama | Thriller | Mystery | Music | Romance,Drama,18000000,9495408,-8504592,0.5275226666666667,131.0,Long (120-149 min),6.18869,7.3,Good (7-7.9),99,Low (<100),Released
404,The Straight Story,The Straight Story,en,1999-10-15,1999.0,Drama,Drama,10000000,0,-10000000,0.0,112.0,Standard (90-119 min),15.280261,7.7,Good (7-7.9),306,Medium (100-999),Released
13201,Deuces Wild,Deuces Wild,en,2002-05-03,2002.0,Action | Crime | Drama | Romance,Action,0,0,0,0.0,96.0,Standard (90-119 min),0.753481,5.5,Medium (5-6.9),34,Low (<100),Released
209403,Bad Words,Bad Words,en,2013-09-06,2013.0,Comedy,Comedy,9500000,7800000,-1700000,0.8210526315789474,88.0,Short (<90 min),14.105392,6.4,Medium (5-6.9),334,Medium (100-999),Released
7942,"Run, Fatboy, Run",Run Fatboy Run,en,2007-09-06,2007.0,Comedy | Romance,Comedy,10000000,33000000,23000000,3.3,100.0,Standard (90-119 min),14.905357,6.2,Medium (5-6.9),238,Medium (100-999),Released
73247,Heartbeeps,Heartbeeps,en,1981-12-18,1981.0,Comedy | Romance | Family,Comedy,10000000,2154696,-7845304,0.2154696,79.0,Short (<90 min),0.518056,3.8,Low (<5),6,Low (<100),Released
253331,Black or White,Black or White,en,2014-09-06,2014.0,Drama,Drama,9000000,21571189,12571189,2.3967987777777777,121.0,Long (120-149 min),12.172131,6.5,Medium (5-6.9),115,Medium (100-999),Released
34043,On the Line,On the Line,en,2001-10-26,2001.0,Comedy | Family | Romance,Comedy,0,0,0,0.0,85.0,Short (<90 min),3.084874,4.1,Low (<5),10,Low (<100),Released
9952,Rescue Dawn,Rescue Dawn,en,2006-09-09,2006.0,Adventure | Drama | War,Adventure,10000000,7177143,-2822857,0.7177143,126.0,Long (120-149 min),17.078656,6.9,Medium (5-6.9),336,Medium (100-999),Released
256924,Danny Collins,Danny Collins,en,2015-03-19,2015.0,Comedy | Drama | Music,Comedy,10000000,10835752,835752,1.0835752,107.0,Standard (90-119 min),16.318608,6.6,Medium (5-6.9),183,Medium (100-999),Released
82532,"Jeff, Who Lives at Home","Jeff, Who Lives at Home",en,2011-09-13,2011.0,Drama | Comedy,Drama,10000000,4417580,-5582420,0.441758,83.0,Short (<90 min),10.409155,6.1,Medium (5-6.9),217,Medium (100-999),Released
41110,I Am Love,Io sono l'amore,it,2009-09-05,2009.0,Drama | Romance,Drama,0,0,0,0.0,120.0,Long (120-149 min),5.355763,6.9,Medium (5-6.9),73,Low (<100),Released
134371,Atlas Shrugged Part II,Atlas Shrugged Part II,en,2012-10-12,2012.0,Drama | Science Fiction | Mystery,Drama,0,0,0,0.0,112.0,Standard (90-119 min),4.725357,5.4,Medium (5-6.9),41,Low (<100),Released
2088,Romeo Is Bleeding,Romeo Is Bleeding,en,1993-09-13,1993.0,Action | Crime | Drama | Thriller,Action,11500000,3275585,-8224415,0.2848334782608696,100.0,Standard (90-119 min),4.850402,5.7,Medium (5-6.9),36,Low (<100),Released
10388,The Limey,The Limey,en,1999-05-15,1999.0,Action | Crime | Drama | Mystery | Thriller,Action,10000000,3193102,-6806898,0.3193102,89.0,Short (<90 min),8.902102,6.6,Medium (5-6.9),105,Medium (100-999),Released
1640,Crash,Crash,en,2004-01-13,2004.0,Drama,Drama,6500000,98410061,91910061,15.140009384615384,112.0,Standard (90-119 min),28.223163,7.2,Good (7-7.9),1149,High (1K-4.9K),Released
25520,The House of Mirth,The House of Mirth,en,2000-09-23,2000.0,Drama | Romance,Drama,10000000,5164404,-4835596,0.5164404,140.0,Long (120-149 min),3.007816,6.4,Medium (5-6.9),25,Low (<100),Released
27342,Malone,Malone,en,1987-05-01,1987.0,Action | Thriller,Action,0,0,0,0.0,92.0,Standard (90-119 min),1.610132,6.8,Medium (5-6.9),15,Low (<100),Released
13689,Peaceful Warrior,Peaceful Warrior,en,2006-03-30,2006.0,Drama | Romance,Drama,0,0,0,0.0,120.0,Long (120-149 min),8.326131,7.3,Good (7-7.9),90,Low (<100),Released
67911,Bucky Larson: Born to Be a Star,Bucky Larson: Born to Be a Star,en,2011-09-09,2011.0,Comedy,Comedy,10000000,0,-10000000,0.0,97.0,Standard (90-119 min),3.919057,4.4,Low (<5),51,Low (<100),Released
24664,Bamboozled,Bamboozled,en,2000-10-06,2000.0,Comedy | Drama,Comedy,0,0,0,0.0,135.0,Long (120-149 min),2.23411,6.3,Medium (5-6.9),24,Low (<100),Released
329440,The Forest,The Forest,en,2016-01-07,2016.0,Horror | Thriller,Horror,10000000,40055439,30055439,4.0055439,95.0,Standard (90-119 min),19.865989,4.8,Low (<5),448,Medium (100-999),Released
47890,Sphinx,Sphinx,en,1981-02-11,1981.0,Adventure | Mystery | Thriller,Adventure,14000000,439564,-13560436,0.03139742857142857,118.0,Standard (90-119 min),0.310513,6.0,Medium (5-6.9),2,Low (<100),Released
252512,While We're Young,While We're Young,en,2015-04-03,2015.0,Comedy | Drama | Mystery,Comedy,10000000,7587485,-2412515,0.7587485,97.0,Standard (90-119 min),19.263477,5.8,Medium (5-6.9),383,Medium (100-999),Released
55720,A Better Life,A Better Life,en,2011-06-24,2011.0,Drama,Drama,10000000,1759252,-8240748,0.1759252,98.0,Standard (90-119 min),4.123533,7.0,Good (7-7.9),54,Low (<100),Released
9613,Spider,Spider,en,2002-12-13,2002.0,Drama | Mystery | Thriller,Drama,0,0,0,0.0,98.0,Standard (90-119 min),6.948401,6.4,Medium (5-6.9),168,Medium (100-999),Released
29076,Gun Shy,Gun Shy,en,2000-02-04,2000.0,Action | Comedy | Romance | Thriller,Action,10000000,1631839,-8368161,0.1631839,101.0,Standard (90-119 min),3.988432,5.4,Medium (5-6.9),24,Low (<100),Released
29339,Nicholas Nickleby,Nicholas Nickleby,en,2002-12-27,2002.0,Adventure | Drama | Action | Family,Adventure,0,0,0,0.0,132.0,Long (120-149 min),5.099923,6.8,Medium (5-6.9),49,Low (<100),Released
68812,The Iceman,The Iceman,en,2012-09-01,2012.0,Thriller | Crime | Drama,Thriller,20000000,1969193,-18030807,0.09845965,105.0,Standard (90-119 min),19.494703,6.4,Medium (5-6.9),365,Medium (100-999),Released
32740,Krrish,कृष,hi,2006-06-23,2006.0,Action | Science Fiction,Action,0,0,0,0.0,154.0,Very Long (150+ min),3.759988,5.5,Medium (5-6.9),46,Low (<100),Released
14195,Cecil B. Demented,Cecil B. Demented,en,2000-05-17,2000.0,Thriller | Comedy | Crime,Thriller,10000000,0,-10000000,0.0,87.0,Short (<90 min),4.176066,6.2,Medium (5-6.9),51,Low (<100),Released
73567,Killer Joe,Killer Joe,en,2011-09-10,2011.0,Crime | Drama | Thriller,Crime,10000000,3665069,-6334931,0.3665069,102.0,Standard (90-119 min),16.436178,6.5,Medium (5-6.9),425,Medium (100-999),Released
41479,The Joneses,The Joneses,en,2009-09-13,2009.0,Comedy | Drama,Comedy,10000000,7022728,-2977272,0.7022728,96.0,Standard (90-119 min),14.979375,6.1,Medium (5-6.9),210,Medium (100-999),Released
15394,Owning Mahowny,Owning Mahowny,en,2003-05-02,2003.0,Crime | Drama | Thriller,Crime,0,0,0,0.0,104.0,Standard (90-119 min),8.045488,6.8,Medium (5-6.9),37,Low (<100),Released
10071,The Brothers Solomon,The Brothers Solomon,en,2007-09-07,2007.0,Comedy,Comedy,0,0,0,0.0,93.0,Standard (90-119 min),8.312153,4.9,Low (<5),46,Low (<100),Released
1989,My Blueberry Nights,My Blueberry Nights,en,2007-05-16,2007.0,Drama | Romance,Drama,10000000,21786738,11786738,2.1786738,111.0,Standard (90-119 min),10.733761,6.0,Medium (5-6.9),190,Medium (100-999),Released
91076,Illuminata,Illuminata,en,1998-05-21,1998.0,Drama,Drama,0,0,0,0.0,119.0,Standard (90-119 min),0.111313,6.3,Medium (5-6.9),7,Low (<100),Released
12779,Swept Away,Swept Away,en,2002-10-11,2002.0,Comedy | Romance,Comedy,10000000,598645,-9401355,0.0598645,89.0,Short (<90 min),4.570043,4.8,Low (<5),50,Low (<100),Released
13191,"War, Inc.","War, Inc.",en,2008-04-28,2008.0,Action | Adventure | Comedy | Thriller,Action,5000000,1296184,-3703816,0.2592368,106.0,Standard (90-119 min),6.265659,5.6,Medium (5-6.9),86,Low (<100),Released
11770,Shaolin Soccer,少林足球,cn,2001-07-12,2001.0,Action | Comedy,Action,0,42776760,42776760,0.0,113.0,Standard (90-119 min),17.54768,6.6,Medium (5-6.9),491,Medium (100-999),Released
12703,The Brown Bunny,The Brown Bunny,en,2004-08-27,2004.0,Drama,Drama,10000000,0,-10000000,0.0,93.0,Standard (90-119 min),3.412162,5.5,Medium (5-6.9),62,Low (<100),Released
64559,The Swindle,Rien ne va plus,fr,1997-10-15,1997.0,Comedy | Crime | Thriller,Comedy,0,0,0,0.0,105.0,Standard (90-119 min),0.627964,6.4,Medium (5-6.9),5,Low (<100),Released
222649,Rosewater,Rosewater,en,2014-11-07,2014.0,Drama,Drama,0,0,0,0.0,103.0,Standard (90-119 min),5.75555,6.5,Medium (5-6.9),98,Low (<100),Released
115872,The Chambermaid on the Titanic,La femme de chambre du Titanic,en,1997-10-10,1997.0,Drama,Drama,0,0,0,0.0,100.0,Standard (90-119 min),1.031142,5.3,Medium (5-6.9),3,Low (<100),Released
101173,Coriolanus,Coriolanus,en,2011-02-14,2011.0,Drama | Thriller,Drama,7700000,1072602,-6627398,0.13929896103896103,123.0,Long (120-149 min),7.554799,5.9,Medium (5-6.9),131,Medium (100-999),Released
25350,Imaginary Heroes,Imaginary Heroes,en,2004-09-14,2004.0,Comedy | Drama,Comedy,10000000,0,-10000000,0.0,111.0,Standard (90-119 min),2.85283,6.3,Medium (5-6.9),29,Low (<100),Released
10034,High Heels and Low Lifes,High Heels and Low Lifes,en,2001-07-16,2001.0,Action | Crime | Comedy,Action,0,0,0,0.0,86.0,Short (<90 min),1.769593,6.4,Medium (5-6.9),12,Low (<100),Released
20178,World's Greatest Dad,World's Greatest Dad,en,2009-08-20,2009.0,Comedy | Romance,Comedy,10000000,295750,-9704250,0.029575,99.0,Standard (90-119 min),9.805551,6.5,Medium (5-6.9),177,Medium (100-999),Released
5072,Severance,Severance,en,2006-05-19,2006.0,Horror | Comedy | Thriller,Horror,0,0,0,0.0,96.0,Standard (90-119 min),12.898984,6.4,Medium (5-6.9),169,Medium (100-999),Released
18191,Edmond,Edmond,en,2005-08-31,2005.0,Drama | Thriller,Drama,10000000,0,-10000000,0.0,82.0,Short (<90 min),2.803642,6.0,Medium (5-6.9),50,Low (<100),Released
31007,Welcome to the Rileys,Welcome to the Rileys,en,2010-10-29,2010.0,Drama,Drama,0,42145,42145,0.0,110.0,Standard (90-119 min),6.085879,6.4,Medium (5-6.9),139,Medium (100-999),Released
11546,Police Academy: Mission to Moscow,Police Academy: Mission to Moscow,en,1994-06-09,1994.0,Comedy | Crime,Comedy,0,126247,126247,0.0,83.0,Short (<90 min),11.946898,4.1,Low (<5),178,Medium (100-999),Released
41894,Blood Done Sign My Name,Blood Done Sign My Name,en,2010-02-01,2010.0,Drama | Crime,Drama,0,0,0,0.0,0.0,Short (<90 min),0.397341,6.0,Medium (5-6.9),5,Low (<100),Released
184374,Cinco de Mayo: La Batalla,Cinco de Mayo: La Batalla,es,2013-05-03,2013.0,War | History | Drama,War,10000000,0,-10000000,0.0,125.0,Long (120-149 min),0.072085,5.8,Medium (5-6.9),14,Low (<100),Released
268171,Elsa & Fred,Elsa & Fred,en,2014-03-07,2014.0,Comedy | Family | Romance,Comedy,10000000,0,-10000000,0.0,104.0,Standard (90-119 min),2.849895,6.2,Medium (5-6.9),31,Low (<100),Released
78149,"An Alan Smithee Film: Burn, Hollywood, Burn","An Alan Smithee Film: Burn, Hollywood, Burn",en,1998-02-20,1998.0,Comedy,Comedy,10000000,45779,-9954221,0.0045779,86.0,Short (<90 min),0.666218,3.0,Low (<5),9,Low (<100),Released
24663,The Open Road,The Open Road,en,2009-02-07,2009.0,Comedy | Drama | Romance,Comedy,0,0,0,0.0,90.0,Standard (90-119 min),1.388136,4.8,Low (<5),19,Low (<100),Released
39037,The Good Guy,The Good Guy,en,2009-04-25,2009.0,Comedy | Romance,Comedy,3200000,0,-3200000,0.0,90.0,Standard (90-119 min),2.631688,5.4,Medium (5-6.9),59,Low (<100),Released
22805,Motherhood,Motherhood,en,2009-01-21,2009.0,Comedy | Drama,Comedy,0,0,0,0.0,90.0,Standard (90-119 min),10.955567,4.7,Low (<5),44,Low (<100),Released
39055,Free Style,Free Style,en,2008-12-24,2008.0,Drama | Family,Drama,0,140987,140987,0.0,94.0,Standard (90-119 min),0.122874,5.8,Medium (5-6.9),4,Low (<100),Released
245846,Strangerland,Strangerland,en,2015-07-01,2015.0,Drama | Thriller,Drama,10000000,17472,-9982528,0.0017472,111.0,Standard (90-119 min),5.145655,5.1,Medium (5-6.9),83,Low (<100),Released
25186,Janky Promoters,Janky Promoters,en,2009-10-16,2009.0,Comedy,Comedy,10000000,9069,-9990931,0.0009069,85.0,Short (<90 min),1.728816,7.0,Good (7-7.9),5,Low (<100),Released
15017,Blonde Ambition,Blonde Ambition,en,2007-12-21,2007.0,Comedy | Romance,Comedy,10000000,0,-10000000,0.0,93.0,Standard (90-119 min),3.064563,3.9,Low (<5),29,Low (<100),Released
12245,The Oxford Murders,The Oxford Murders,en,2008-01-18,2008.0,Crime | Mystery | Thriller,Crime,14100000,0,-14100000,0.0,107.0,Standard (90-119 min),9.318033,5.7,Medium (5-6.9),188,Medium (100-999),Released
49787,The Reef,The Reef,en,2010-05-15,2010.0,Drama | Horror | Thriller,Drama,0,0,0,0.0,94.0,Standard (90-119 min),7.245108,5.4,Medium (5-6.9),130,Medium (100-999),Released
16358,Eulogy,Eulogy,en,2004-10-15,2004.0,Comedy | Drama,Comedy,0,0,0,0.0,91.0,Standard (90-119 min),9.085482,6.4,Medium (5-6.9),34,Low (<100),Released
7006,White Noise 2: The Light,White Noise 2: The Light,en,2007-01-05,2007.0,Thriller | Drama | Horror | Fantasy,Thriller,0,0,0,0.0,99.0,Standard (90-119 min),6.814247,5.6,Medium (5-6.9),80,Low (<100),Released
66767,Beat the World,Beat the World,en,2011-06-10,2011.0,Music | Drama,Music,10000000,0,-10000000,0.0,91.0,Standard (90-119 min),2.873796,4.3,Low (<5),16,Low (<100),Released
17622,Fifty Dead Men Walking,Fifty Dead Men Walking,en,2008-09-10,2008.0,Action | Thriller,Action,0,0,0,0.0,117.0,Standard (90-119 min),4.481897,6.1,Medium (5-6.9),35,Low (<100),Released
283671,Jungle Shuffle,Jungle Shuffle,en,2014-08-07,2014.0,Family | Animation | Adventure,Family,0,0,0,0.0,85.0,Short (<90 min),1.413934,6.5,Medium (5-6.9),1,Low (<100),Released
18516,Adam Resurrected,Adam Resurrected,en,2008-08-08,2008.0,Drama | War,Drama,10000000,0,-10000000,0.0,106.0,Standard (90-119 min),2.574014,6.4,Medium (5-6.9),22,Low (<100),Released
217708,Of Horses and Men,Hross í oss,is,2013-08-30,2013.0,Drama | Romance | Comedy,Drama,10,11,1,1.1,85.0,Short (<90 min),1.617943,6.9,Medium (5-6.9),26,Low (<100),Released
42057,It's a Wonderful Afterlife,Hai Marjawaan!,en,2010-05-07,2010.0,Comedy | Romance,Comedy,0,0,0,0.0,99.0,Standard (90-119 min),1.259968,4.3,Low (<5),9,Low (<100),Released
17577,The Devil's Tomb,The Devil's Tomb,en,2009-05-26,2009.0,Action | Horror | Thriller | Science Fiction,Action,10000000,0,-10000000,0.0,90.0,Standard (90-119 min),5.099472,4.0,Low (<5),53,Low (<100),Released
14608,Partition,Partition,en,2007-02-02,2007.0,Drama | Foreign | Romance,Drama,0,0,0,0.0,116.0,Standard (90-119 min),2.131524,6.4,Medium (5-6.9),6,Low (<100),Released
34417,Good Intentions,Good Intentions,en,2010-03-09,2010.0,Comedy,Comedy,0,0,0,0.0,85.0,Short (<90 min),0.304566,5.0,Medium (5-6.9),6,Low (<100),Released
15067,"The Good, The Bad, The Weird","좋은 놈, 나쁜 놈, 이상한 놈",ko,2008-07-16,2008.0,Action | Adventure | Comedy | Western,Action,10000000,0,-10000000,0.0,130.0,Long (120-149 min),11.847324,7.1,Good (7-7.9),193,Medium (100-999),Released
78383,Nurse 3-D,Nurse 3-D,en,2013-09-28,2013.0,Horror | Thriller,Horror,10,10000000,9999990,1000000.0,99.0,Standard (90-119 min),10.013629,4.9,Low (<5),119,Medium (100-999),Released
43090,Gunless,Gunless,en,2010-04-30,2010.0,Drama | Action | Comedy | Western,Drama,10000000,0,-10000000,0.0,89.0,Short (<90 min),3.753703,6.7,Medium (5-6.9),27,Low (<100),Released
16614,Adventureland,Adventureland,en,2009-04-03,2009.0,Comedy,Comedy,9500000,17164377,7664377,1.8067765263157896,107.0,Standard (90-119 min),19.978021,6.4,Medium (5-6.9),737,Medium (100-999),Released
9700,The Lost City,The Lost City,en,2005-09-03,2005.0,Drama | Romance,Drama,9600000,4386236,-5213764,0.45689958333333336,144.0,Long (120-149 min),3.588529,6.0,Medium (5-6.9),24,Low (<100),Released
10471,Next Friday,Next Friday,en,2000-01-12,2000.0,Comedy,Comedy,11000000,59827328,48827328,5.438848,98.0,Standard (90-119 min),9.337388,6.4,Medium (5-6.9),135,Medium (100-999),Released
250066,American Heist,American Heist,en,2014-09-11,2014.0,Action,Action,10000000,0,-10000000,0.0,94.0,Standard (90-119 min),11.431434,4.3,Low (<5),158,Medium (100-999),Released
667,You Only Live Twice,You Only Live Twice,en,1967-06-12,1967.0,Action | Thriller | Adventure,Action,9500000,111584787,102084787,11.74576705263158,117.0,Standard (90-119 min),28.675891,6.5,Medium (5-6.9),531,Medium (100-999),Released
208869,Plastic,Plastic,en,2014-04-30,2014.0,Drama | Action | Comedy | Crime,Drama,10,0,-10,0.0,102.0,Standard (90-119 min),9.70276,6.1,Medium (5-6.9),86,Low (<100),Released
86837,Amour,Amour,fr,2012-07-01,2012.0,Drama | Romance,Drama,8900000,19839492,10939492,2.229156404494382,127.0,Long (120-149 min),17.151293,7.5,Good (7-7.9),400,Medium (100-999),Released
10306,Poltergeist III,Poltergeist III,en,1988-06-10,1988.0,Horror | Thriller,Horror,10500000,14144000,3644000,1.347047619047619,98.0,Standard (90-119 min),11.225044,4.5,Low (<5),123,Medium (100-999),Released
106845,Re-Kill,Re-Kill,en,2015-10-16,2015.0,Horror | Science Fiction,Horror,9500000,0,-9500000,0.0,87.0,Short (<90 min),5.346205,4.9,Low (<5),34,Low (<100),Released
11576,"It's a Mad, Mad, Mad, Mad World","It's a Mad, Mad, Mad, Mad World",en,1963-11-07,1963.0,Action | Adventure | Comedy | Crime,Action,9400000,60000000,50600000,6.382978723404255,163.0,Very Long (150+ min),14.562991,7.0,Good (7-7.9),140,Medium (100-999),Released
219,Volver,Volver,es,2006-03-16,2006.0,Comedy | Drama | Romance,Comedy,12899867,85582407,72682540,6.634363517081223,121.0,Long (120-149 min),19.747809,7.3,Good (7-7.9),406,Medium (100-999),Released
11827,Heavy Metal,Heavy Metal,en,1981-08-07,1981.0,Animation | Science Fiction,Animation,9300000,0,-9300000,0.0,90.0,Standard (90-119 min),12.928269,6.2,Medium (5-6.9),148,Medium (100-999),Released
22820,Gentlemen Broncos,Gentlemen Broncos,en,2009-09-30,2009.0,Action | Comedy | Thriller,Action,10000000,0,-10000000,0.0,89.0,Short (<90 min),3.193777,6.2,Medium (5-6.9),51,Low (<100),Released
31174,Richard III,Richard III,en,1995-12-29,1995.0,Drama | War,Drama,0,0,0,0.0,104.0,Standard (90-119 min),5.107235,6.9,Medium (5-6.9),49,Low (<100),Released
244316,Into the Grizzly Maze,Into the Grizzly Maze,en,2015-02-27,2015.0,Action | Horror | Thriller,Action,10000000,0,-10000000,0.0,94.0,Standard (90-119 min),10.073144,5.1,Medium (5-6.9),74,Low (<100),Released
37737,Kites,Kites,en,2010-05-21,2010.0,Drama | Action | Romance,Drama,0,0,0,0.0,131.0,Long (120-149 min),4.807549,6.0,Medium (5-6.9),40,Low (<100),Released
62215,Melancholia,Melancholia,da,2011-05-26,2011.0,Drama | Science Fiction,Drama,7400000,21817298,14417298,2.9482835135135135,136.0,Long (120-149 min),36.173598,7.0,Good (7-7.9),885,Medium (100-999),Released
66125,Red Dog,Red Dog,en,2011-08-04,2011.0,Drama | Comedy | Family,Drama,0,0,0,0.0,92.0,Standard (90-119 min),5.499412,7.1,Good (7-7.9),83,Low (<100),Released
132316,Jab Tak Hai Jaan,Jab Tak Hai Jaan,hi,2012-11-13,2012.0,Drama | Romance,Drama,0,0,0,0.0,176.0,Very Long (150+ min),5.900535,7.3,Good (7-7.9),66,Low (<100),Released
348,Alien,Alien,en,1979-05-25,1979.0,Horror | Action | Thriller | Science Fiction,Horror,11000000,104931801,93931801,9.539254636363637,117.0,Standard (90-119 min),94.184658,7.9,Good (7-7.9),4470,High (1K-4.9K),Released
30497,The Texas Chain Saw Massacre,The Texas Chain Saw Massacre,en,1974-10-01,1974.0,Horror,Horror,85000,30859000,30774000,363.0470588235294,83.0,Short (<90 min),29.262427,7.2,Good (7-7.9),590,Medium (100-999),Released
27586,The Runaways,The Runaways,en,2010-03-19,2010.0,Drama | Music,Drama,10000000,2995811,-7004189,0.2995811,106.0,Standard (90-119 min),17.611971,6.3,Medium (5-6.9),254,Medium (100-999),Released
14811,Fiddler on the Roof,Fiddler on the Roof,en,1971-11-03,1971.0,Drama | Romance,Drama,9000000,83304330,74304330,9.256036666666667,181.0,Very Long (150+ min),7.623979,7.4,Good (7-7.9),134,Medium (100-999),Released
660,Thunderball,Thunderball,en,1965-12-16,1965.0,Adventure | Action | Thriller,Adventure,5500000,141195658,135695658,25.671937818181817,130.0,Long (120-149 min),31.036,6.5,Medium (5-6.9),562,Medium (100-999),Released
68684,Detention,Detention,en,2011-03-16,2011.0,Horror | Comedy | Science Fiction,Horror,10000000,0,-10000000,0.0,93.0,Standard (90-119 min),10.424596,5.7,Medium (5-6.9),129,Medium (100-999),Released
40794,Loose Cannons,Mine vaganti,it,2010-02-12,2010.0,Comedy | Drama | Romance,Comedy,7000000,8220215,1220215,1.1743164285714285,110.0,Standard (90-119 min),7.720692,7.0,Good (7-7.9),118,Medium (100-999),Released
9400,Set It Off,Set It Off,en,1996-11-06,1996.0,Drama | Action | Crime,Drama,9000000,41590886,32590886,4.621209555555556,118.0,Standard (90-119 min),6.717994,6.9,Medium (5-6.9),66,Low (<100),Released
16162,The Best Man,The Best Man,en,1999-10-22,1999.0,Drama | Comedy,Drama,9000000,34573780,25573780,3.8415311111111112,120.0,Long (120-149 min),3.951041,6.8,Medium (5-6.9),38,Low (<100),Released
10585,Child's Play,Child's Play,en,1988-11-08,1988.0,Horror | Thriller,Horror,9000000,44196684,35196684,4.910742666666667,87.0,Short (<90 min),27.600843,6.3,Medium (5-6.9),581,Medium (100-999),Released
2359,Sicko,Sicko,en,2007-05-18,2007.0,Documentary,Documentary,9000000,24538513,15538513,2.7265014444444446,123.0,Long (120-149 min),14.098952,7.3,Good (7-7.9),235,Medium (100-999),Released
238636,The Purge: Anarchy,The Purge: Anarchy,en,2014-07-17,2014.0,Horror | Thriller,Horror,9000000,108782847,99782847,12.086983,104.0,Standard (90-119 min),82.975841,6.6,Medium (5-6.9),1954,High (1K-4.9K),Released
10472,Down to You,Down to You,en,2000-01-21,2000.0,Comedy | Drama | Family | Romance,Comedy,9000000,0,-9000000,0.0,91.0,Standard (90-119 min),3.269459,4.9,Low (<5),70,Low (<100),Released
11282,Harold & Kumar Go to White Castle,Harold & Kumar Go to White Castle,en,2004-05-30,2004.0,Comedy | Adventure,Comedy,9000000,23936908,14936908,2.6596564444444444,88.0,Short (<90 min),18.514292,6.6,Medium (5-6.9),693,Medium (100-999),Released
6521,The Contender,The Contender,en,2000-10-13,2000.0,Drama | Thriller,Drama,9000000,0,-9000000,0.0,126.0,Long (120-149 min),7.029126,6.7,Medium (5-6.9),60,Low (<100),Released
14181,Boiler Room,Boiler Room,en,2000-02-18,2000.0,Crime | Drama | Thriller,Crime,26000000,28780255,2780255,1.1069328846153845,118.0,Standard (90-119 min),11.233081,6.5,Medium (5-6.9),201,Medium (100-999),Released
1621,Trading Places,Trading Places,en,1983-06-07,1983.0,Comedy,Comedy,40600000,90400000,49800000,2.226600985221675,116.0,Standard (90-119 min),34.022209,7.1,Good (7-7.9),738,Medium (100-999),Released
9656,Black Christmas,Black Christmas,en,2006-12-25,2006.0,Horror | Thriller,Horror,9000000,21510851,12510851,2.3900945555555557,84.0,Short (<90 min),4.134327,4.8,Low (<5),119,Medium (100-999),Released
16428,Breakin' All the Rules,Breakin' All the Rules,en,2004-05-14,2004.0,Comedy | Romance,Comedy,0,0,0,0.0,85.0,Short (<90 min),6.904734,5.8,Medium (5-6.9),21,Low (<100),Released
10705,Henry V,Henry V,en,1989-10-05,1989.0,War | Drama | History | Action | Romance,War,9000000,0,-9000000,0.0,137.0,Long (120-149 min),4.641006,7.4,Good (7-7.9),71,Low (<100),Released
8272,The Savages,The Savages,en,2007-01-19,2007.0,Drama,Drama,0,0,0,0.0,114.0,Standard (90-119 min),5.663889,6.8,Medium (5-6.9),110,Medium (100-999),Released
24621,Chasing Papi,Chasing Papi,en,2003-04-16,2003.0,Comedy | Romance,Comedy,0,6126237,6126237,0.0,80.0,Short (<90 min),1.118511,6.3,Medium (5-6.9),16,Low (<100),Released
1619,The Way of the Gun,The Way of the Gun,en,2000-09-08,2000.0,Action | Crime | Drama | Thriller,Action,8500000,19125401,10625401,2.2500471764705883,119.0,Standard (90-119 min),8.775844,6.4,Medium (5-6.9),100,Medium (100-999),Released
9685,Igby Goes Down,Igby Goes Down,en,2002-09-13,2002.0,Comedy | Drama,Comedy,9000000,4777465,-4222535,0.5308294444444445,97.0,Standard (90-119 min),2.062087,6.5,Medium (5-6.9),95,Low (<100),Released
14425,PCU,PCU,en,1994-04-29,1994.0,Comedy,Comedy,9000000,4350774,-4649226,0.4834193333333333,79.0,Short (<90 min),8.738737,6.0,Medium (5-6.9),41,Low (<100),Released
14624,The Ultimate Gift,The Ultimate Gift,en,2006-10-20,2006.0,Romance | Drama | Family,Romance,0,0,0,0.0,114.0,Standard (90-119 min),4.976268,6.8,Medium (5-6.9),78,Low (<100),Released
10179,The Ice Pirates,The Ice Pirates,en,1984-03-16,1984.0,Action | Science Fiction | Comedy,Action,9000000,0,-9000000,0.0,91.0,Standard (90-119 min),3.810697,5.7,Medium (5-6.9),49,Low (<100),Released
15568,Gracie,Gracie,en,2007-06-01,2007.0,Drama,Drama,9000000,2955039,-6044961,0.3283376666666667,97.0,Standard (90-119 min),2.365328,6.0,Medium (5-6.9),17,Low (<100),Released
14057,Trust the Man,Trust the Man,en,2005-09-01,2005.0,Comedy | Drama | Romance,Comedy,9000000,0,-9000000,0.0,103.0,Standard (90-119 min),5.2545,5.5,Medium (5-6.9),29,Low (<100),Released
12621,Hamlet 2,Hamlet 2,en,2008-01-21,2008.0,Comedy | Music,Comedy,0,0,0,0.0,92.0,Standard (90-119 min),5.293363,6.1,Medium (5-6.9),56,Low (<100),Released
1808,Velvet Goldmine,Velvet Goldmine,en,1998-10-23,1998.0,Drama | Music,Drama,0,1053788,1053788,0.0,119.0,Standard (90-119 min),10.932711,6.9,Medium (5-6.9),116,Medium (100-999),Released
293670,The Wailing,곡성,ko,2016-05-12,2016.0,Horror | Mystery,Horror,0,0,0,0.0,156.0,Very Long (150+ min),9.05029,7.2,Good (7-7.9),250,Medium (100-999),Released
67675,Glee: The Concert Movie,Glee: The Concert Movie,en,2011-08-11,2011.0,Documentary | Music | Family,Documentary,9000000,18663238,9663238,2.073693111111111,84.0,Short (<90 min),9.933926,6.8,Medium (5-6.9),79,Low (<100),Released
27329,The Legend of Suriyothai,สุริโยไท,th,2001-08-17,2001.0,Drama | Foreign | History | War,Drama,0,0,0,0.0,185.0,Very Long (150+ min),0.843067,5.1,Medium (5-6.9),6,Low (<100),Released
29514,Two Evil Eyes,Due occhi diabolici,en,1990-01-25,1990.0,Horror | Thriller,Horror,9000000,0,-9000000,0.0,120.0,Long (120-149 min),8.218383,6.0,Medium (5-6.9),35,Low (<100),Released
250349,Barbecue,Barbecue,fr,2014-04-30,2014.0,Comedy,Comedy,6000000,14348529,8348529,2.3914215,98.0,Standard (90-119 min),5.119593,5.8,Medium (5-6.9),214,Medium (100-999),Released
12454,All or Nothing,All or Nothing,en,2002-05-17,2002.0,Comedy | Drama,Comedy,9000000,0,-9000000,0.0,128.0,Long (120-149 min),2.872281,7.0,Good (7-7.9),33,Low (<100),Released
39806,Princess Kaiulani,Princess Kaiulani,en,2010-05-14,2010.0,Drama,Drama,9000000,771499,-8228501,0.08572211111111111,130.0,Long (120-149 min),0.717811,4.8,Low (<5),14,Low (<100),Released
15699,Opal Dream,Opal Dream,en,2006-11-22,2006.0,Drama | Family | Foreign,Drama,5000000,140666,-4859334,0.0281332,86.0,Short (<90 min),1.458884,6.1,Medium (5-6.9),7,Low (<100),Released
8883,Flame & Citron,Flammen & Citronen,da,2008-03-25,2008.0,Crime | Drama | History | War,Crime,6500000,0,-6500000,0.0,130.0,Long (120-149 min),7.028946,6.8,Medium (5-6.9),68,Low (<100),Released
17926,Undiscovered,Undiscovered,en,2005-08-26,2005.0,Comedy | Romance,Comedy,9000000,1046166,-7953834,0.11624066666666667,97.0,Standard (90-119 min),2.009597,4.5,Low (<5),12,Low (<100),Released
291081,Red Riding: In the Year of Our Lord 1974,Red Riding: In the Year of Our Lord 1974,en,2009-02-28,2009.0,Thriller | Mystery | Crime | Drama,Thriller,0,0,0,0.0,102.0,Standard (90-119 min),7.247023,7.0,Good (7-7.9),54,Low (<100),Released
41248,The Girl on the Train,La Fille du RER,fr,2009-03-18,2009.0,Drama | Romance,Drama,0,0,0,0.0,105.0,Standard (90-119 min),2.351706,5.6,Medium (5-6.9),10,Low (<100),Released
25968,Veronika Decides to Die,Veronika Decides to Die,en,2009-05-16,2009.0,Drama | Romance,Drama,9000000,0,-9000000,0.0,103.0,Standard (90-119 min),4.799022,5.8,Medium (5-6.9),75,Low (<100),Released
9671,Crocodile Dundee,Crocodile Dundee,en,1986-09-26,1986.0,Adventure | Comedy,Adventure,5000000,328203506,323203506,65.6407012,97.0,Standard (90-119 min),16.072466,6.3,Medium (5-6.9),503,Medium (100-999),Released
52010,"Ultramarines: A Warhammer 40,000 Movie","Ultramarines: A Warhammer 40,000 Movie",en,2010-12-10,2010.0,Animation | Science Fiction,Animation,0,0,0,0.0,76.0,Short (<90 min),3.891186,5.2,Medium (5-6.9),27,Low (<100),Released
11588,The I Inside,The I Inside,en,2004-01-15,2004.0,Thriller | Mystery | Science Fiction,Thriller,8800000,0,-8800000,0.0,90.0,Standard (90-119 min),3.789485,5.9,Medium (5-6.9),62,Low (<100),Released
43418,Beneath Hill 60,Beneath Hill 60,en,2010-04-15,2010.0,Drama | History | War,Drama,7347125,0,-7347125,0.0,122.0,Long (120-149 min),3.949796,7.3,Good (7-7.9),40,Low (<100),Released
71157,Polisse,Polisse,fr,2011-10-06,2011.0,Drama,Drama,0,20374201,20374201,0.0,127.0,Long (120-149 min),14.038703,7.9,Good (7-7.9),285,Medium (100-999),Released
13483,Awake,Awake,en,2007-11-28,2007.0,Thriller | Crime | Mystery,Thriller,86000000,14373825,-71626175,0.1671375,84.0,Short (<90 min),18.172736,6.3,Medium (5-6.9),395,Medium (100-999),Released
333355,Star Wars: Clone Wars: Volume 1,Star Wars: Clone Wars (Volume 1),en,2005-03-21,2005.0,Action | Adventure | Animation | Fantasy | Science Fiction,Action,0,0,0,0.0,69.0,Short (<90 min),1.881466,8.0,Excellent (8+),27,Low (<100),Released
327833,Skin Trade,Skin Trade,en,2014-11-07,2014.0,Thriller | Action | Drama,Thriller,9000000,0,-9000000,0.0,96.0,Standard (90-119 min),6.677926,5.6,Medium (5-6.9),61,Low (<100),Released
1547,The Lost Boys,The Lost Boys,en,1987-07-31,1987.0,Horror | Comedy,Horror,8500000,32222567,23722567,3.7908902352941176,97.0,Standard (90-119 min),24.750909,6.8,Medium (5-6.9),538,Medium (100-999),Released
25196,Crazy Heart,Crazy Heart,en,2009-12-16,2009.0,Drama | Music | Romance,Drama,7000000,39462438,32462438,5.637491142857143,112.0,Standard (90-119 min),17.697042,6.8,Medium (5-6.9),274,Medium (100-999),Released
16323,The Rose,The Rose,en,1979-11-07,1979.0,Drama | Music | Romance,Drama,9250000,29174648,19924648,3.154016,125.0,Long (120-149 min),7.000949,6.8,Medium (5-6.9),28,Low (<100),Released
175528,Baggage Claim,Baggage Claim,en,2013-09-27,2013.0,Comedy,Comedy,8500000,22456509,13956509,2.6419422352941178,96.0,Standard (90-119 min),11.436405,5.6,Medium (5-6.9),85,Low (<100),Released
8069,Barbarella,Barbarella,en,1968-10-10,1968.0,Science Fiction,Science Fiction,9000000,2500000,-6500000,0.2777777777777778,98.0,Standard (90-119 min),14.171759,5.7,Medium (5-6.9),146,Medium (100-999),Released
71805,Shipwrecked,Håkon Håkonsen,en,1990-10-03,1990.0,Adventure | Family,Adventure,0,0,0,0.0,92.0,Standard (90-119 min),0.702971,6.1,Medium (5-6.9),14,Low (<100),Released
9451,Election,Election,en,1999-04-23,1999.0,Comedy,Comedy,0,0,0,0.0,99.0,Standard (90-119 min),13.476596,6.7,Medium (5-6.9),270,Medium (100-999),Released
16727,The Namesake,The Namesake,en,2006-09-02,2006.0,Drama,Drama,12000000,20138836,8138836,1.6782363333333334,122.0,Long (120-149 min),3.604863,6.8,Medium (5-6.9),50,Low (<100),Released
272693,The DUFF,The DUFF,en,2015-02-20,2015.0,Romance | Comedy,Romance,8500000,43528634,35028634,5.1210157647058825,100.0,Standard (90-119 min),40.28709,6.8,Medium (5-6.9),1322,High (1K-4.9K),Released
10696,Glitter,Glitter,en,2001-09-21,2001.0,Drama | Romance,Drama,22000000,5271666,-16728334,0.23962118181818182,104.0,Standard (90-119 min),3.809131,3.4,Low (<5),38,Low (<100),Released
150202,The Haunting in Connecticut 2: Ghosts of Georgia,The Haunting in Connecticut 2: Ghosts of Georgia,en,2013-02-01,2013.0,Horror | Drama | Thriller,Horror,0,0,0,0.0,101.0,Standard (90-119 min),11.708343,5.6,Medium (5-6.9),175,Medium (100-999),Released
19644,Silmido,실미도,ko,2003-12-24,2003.0,Action | Drama | History,Action,8000000,0,-8000000,0.0,135.0,Long (120-149 min),2.60632,6.6,Medium (5-6.9),28,Low (<100),Released
29963,Bright Star,Bright Star,en,2009-11-05,2009.0,Drama | Romance,Drama,8500000,4440055,-4059945,0.5223594117647059,119.0,Standard (90-119 min),9.230073,6.8,Medium (5-6.9),107,Medium (100-999),Released
26022,My Name Is Khan,My Name Is Khan,en,2010-02-12,2010.0,Drama | Romance,Drama,12000000,42345360,30345360,3.52878,145.0,Long (120-149 min),14.719886,7.7,Good (7-7.9),232,Medium (100-999),Released
152747,All Is Lost,All Is Lost,en,2013-10-18,2013.0,Action | Adventure | Drama,Action,9000000,6108720,-2891280,0.6787466666666667,106.0,Standard (90-119 min),28.540614,6.6,Medium (5-6.9),671,Medium (100-999),Released
62676,Limbo,Limbo,en,1999-06-04,1999.0,Adventure | Drama | Thriller,Adventure,8000000,1997807,-6002193,0.249725875,126.0,Long (120-149 min),0.034259,7.0,Good (7-7.9),17,Low (<100),Released
20360,Namastey London,Namastey London,en,2007-03-27,2007.0,Drama | Foreign | Romance,Drama,0,0,0,0.0,128.0,Long (120-149 min),1.840511,6.6,Medium (5-6.9),29,Low (<100),Released
1116,The Wind That Shakes the Barley,The Wind That Shakes the Barley,en,2006-05-18,2006.0,Drama | History | War,Drama,6500000,22889018,16389018,3.5213873846153847,124.0,Long (120-149 min),6.787967,7.1,Good (7-7.9),154,Medium (100-999),Released
185008,Yeh Jawaani Hai Deewani,Yeh Jawaani Hai Deewani,hi,2013-05-31,2013.0,Romance,Romance,7700000,46000000,38300000,5.974025974025974,159.0,Very Long (150+ min),3.353176,7.2,Good (7-7.9),79,Low (<100),Released
11620,Quo Vadis,Quo Vadis,en,1951-11-08,1951.0,Drama | History | Romance,Drama,8250000,30000000,21750000,3.6363636363636362,171.0,Very Long (150+ min),7.973109,7.0,Good (7-7.9),63,Low (<100),Released
14353,Repo! The Genetic Opera,Repo! The Genetic Opera,en,2008-07-18,2008.0,Horror | Comedy | Music | Science Fiction,Horror,0,188126,188126,0.0,98.0,Standard (90-119 min),5.897479,6.7,Medium (5-6.9),100,Medium (100-999),Released
11818,Valley of the Wolves: Iraq,Kurtlar vadisi - Irak,tr,2006-02-03,2006.0,Adventure | Drama | Action,Adventure,10000000,0,-10000000,0.0,122.0,Long (120-149 min),1.465762,4.3,Low (<5),7,Low (<100),Released
680,Pulp Fiction,Pulp Fiction,en,1994-10-08,1994.0,Thriller | Crime,Thriller,8000000,213928762,205928762,26.74109525,154.0,Very Long (150+ min),121.463076,8.3,Excellent (8+),8428,Very High (5K+),Released
11176,The Muppet Movie,The Muppet Movie,en,1979-05-31,1979.0,Adventure | Comedy | Family,Adventure,0,76657000,76657000,0.0,97.0,Standard (90-119 min),10.639916,7.0,Good (7-7.9),164,Medium (100-999),Released
242582,Nightcrawler,Nightcrawler,en,2014-10-23,2014.0,Crime | Drama | Thriller,Crime,8500000,38697217,30197217,4.552613764705883,117.0,Standard (90-119 min),89.095538,7.6,Good (7-7.9),3395,High (1K-4.9K),Released
11217,Club Dread,Club Dread,en,2004-02-27,2004.0,Comedy | Horror,Comedy,8500000,5001655,-3498345,0.58843,104.0,Standard (90-119 min),2.62082,5.1,Medium (5-6.9),107,Medium (100-999),Released
15121,The Sound of Music,The Sound of Music,en,1965-03-02,1965.0,Drama | Family | Music | Romance,Drama,8200000,286214286,278014286,34.904181219512196,174.0,Very Long (150+ min),37.960289,7.4,Good (7-7.9),941,Medium (100-999),Released
2619,Splash,Splash,en,1984-03-09,1984.0,Comedy | Fantasy | Romance,Comedy,8000000,69821334,61821334,8.72766675,111.0,Standard (90-119 min),21.735068,6.1,Medium (5-6.9),321,Medium (100-999),Released
773,Little Miss Sunshine,Little Miss Sunshine,en,2006-07-26,2006.0,Comedy | Drama,Comedy,8000000,100523181,92523181,12.565397625,102.0,Standard (90-119 min),14.793177,7.5,Good (7-7.9),1686,High (1K-4.9K),Released
235,Stand by Me,Stand by Me,en,1986-08-22,1986.0,Crime | Drama,Crime,8000000,52287414,44287414,6.53592675,89.0,Short (<90 min),51.109279,7.8,Good (7-7.9),1522,High (1K-4.9K),Released
170,28 Days Later,28 Days Later,en,2002-10-31,2002.0,Horror | Thriller | Science Fiction,Horror,5000000,82719885,77719885,16.543977,113.0,Standard (90-119 min),45.490374,7.1,Good (7-7.9),1777,High (1K-4.9K),Released
14114,You Got Served,You Got Served,en,2004-01-30,2004.0,Drama,Drama,0,0,0,0.0,95.0,Standard (90-119 min),3.804597,4.8,Low (<5),75,Low (<100),Released
10734,Escape from Alcatraz,Escape from Alcatraz,en,1979-06-22,1979.0,Crime | Drama,Crime,8000000,43000000,35000000,5.375,111.0,Standard (90-119 min),26.356697,7.2,Good (7-7.9),561,Medium (100-999),Released
37964,Brown Sugar,Brown Sugar,en,2002-10-05,2002.0,Comedy | Romance,Comedy,8000000,27362712,19362712,3.420339,109.0,Standard (90-119 min),3.501158,7.0,Good (7-7.9),31,Low (<100),Released
28121,A Thin Line Between Love and Hate,A Thin Line Between Love and Hate,en,1996-04-04,1996.0,Comedy | Thriller | Crime | Romance,Comedy,0,0,0,0.0,108.0,Standard (90-119 min),2.088251,5.7,Medium (5-6.9),15,Low (<100),Released
40807,50/50,50/50,en,2011-09-30,2011.0,Comedy | Drama,Comedy,8000000,39187783,31187783,4.898472875,100.0,Standard (90-119 min),33.372828,7.0,Good (7-7.9),1261,High (1K-4.9K),Released
10885,Shutter,Shutter,en,2008-03-21,2008.0,Horror | Mystery | Thriller,Horror,0,0,0,0.0,85.0,Short (<90 min),8.864368,5.3,Medium (5-6.9),180,Medium (100-999),Released
225565,That Awkward Moment,That Awkward Moment,en,2014-01-29,2014.0,Comedy | Romance,Comedy,8000000,26049082,18049082,3.25613525,94.0,Standard (90-119 min),37.821106,6.1,Medium (5-6.9),1004,High (1K-4.9K),Released
16471,Modern Problems,Modern Problems,en,1981-12-25,1981.0,Comedy,Comedy,0,0,0,0.0,89.0,Short (<90 min),4.293706,5.6,Medium (5-6.9),23,Low (<100),Released
385736,Kicks,Kicks,en,2016-09-09,2016.0,Adventure,Adventure,0,0,0,0.0,80.0,Short (<90 min),3.467923,7.5,Good (7-7.9),18,Low (<100),Released
11971,Much Ado About Nothing,Much Ado About Nothing,en,1993-05-07,1993.0,Drama | Comedy | Romance,Drama,8000000,0,-8000000,0.0,111.0,Standard (90-119 min),10.19377,7.2,Good (7-7.9),189,Medium (100-999),Released
668,On Her Majesty's Secret Service,On Her Majesty's Secret Service,en,1969-12-12,1969.0,Adventure | Action | Thriller,Adventure,6500000,81974493,75474493,12.611460461538462,142.0,Long (120-149 min),25.289665,6.5,Medium (5-6.9),456,Medium (100-999),Released
11596,New Nightmare,New Nightmare,en,1994-10-13,1994.0,Horror | Thriller | Mystery | Fantasy,Horror,14000000,18090181,4090181,1.2921557857142858,112.0,Standard (90-119 min),14.730796,6.4,Medium (5-6.9),291,Medium (100-999),Released
14429,Drive Me Crazy,Drive Me Crazy,en,1999-10-01,1999.0,Drama | Comedy | Romance | Family,Drama,8000000,22593409,14593409,2.824176125,91.0,Standard (90-119 min),4.482714,5.8,Medium (5-6.9),62,Low (<100),Released
13751,Akeelah and the Bee,Akeelah and the Bee,en,2006-04-28,2006.0,Drama,Drama,8000000,18948425,10948425,2.368553125,112.0,Standard (90-119 min),4.932893,6.7,Medium (5-6.9),81,Low (<100),Released
9490,Half Baked,Half Baked,en,1998-01-16,1998.0,Comedy | Crime,Comedy,8000000,17460020,9460020,2.1825025,82.0,Short (<90 min),7.894489,6.4,Medium (5-6.9),177,Medium (100-999),Released
14536,New in Town,New in Town,en,2009-01-30,2009.0,Comedy,Comedy,8000000,29010817,21010817,3.626352125,97.0,Standard (90-119 min),13.987772,5.2,Medium (5-6.9),99,Low (<100),Released
1359,American Psycho,American Psycho,en,2000-04-13,2000.0,Thriller | Drama | Crime,Thriller,7000000,34266564,27266564,4.895223428571429,102.0,Standard (90-119 min),45.310443,7.3,Good (7-7.9),2066,High (1K-4.9K),Released
9962,The Good Girl,The Good Girl,en,2002-01-12,2002.0,Drama | Comedy | Romance,Drama,8000000,16856124,8856124,2.1070155,93.0,Standard (90-119 min),9.799177,6.1,Medium (5-6.9),181,Medium (100-999),Released
15049,Bon Cop Bad Cop,Bon Cop Bad Cop,fr,2006-07-06,2006.0,Action | Comedy | Crime,Action,8000000,12671300,4671300,1.5839125,116.0,Standard (90-119 min),5.069095,6.5,Medium (5-6.9),42,Low (<100),Released
22821,The Boondock Saints II: All Saints Day,The Boondock Saints II: All Saints Day,en,2009-11-24,2009.0,Action | Thriller | Crime,Action,8000000,10629321,2629321,1.328665125,118.0,Standard (90-119 min),13.517017,5.9,Medium (5-6.9),261,Medium (100-999),Released
42819,The City of Your Final Destination,The City of Your Final Destination,en,2009-03-21,2009.0,Drama,Drama,0,0,0,0.0,114.0,Standard (90-119 min),1.353971,5.7,Medium (5-6.9),9,Low (<100),Released
209263,Enough Said,Enough Said,en,2013-09-18,2013.0,Comedy | Drama | Romance,Comedy,0,25288872,25288872,0.0,93.0,Standard (90-119 min),14.969093,6.6,Medium (5-6.9),348,Medium (100-999),Released
37735,Easy A,Easy A,en,2010-09-10,2010.0,Comedy,Comedy,8000000,74952305,66952305,9.369038125,92.0,Standard (90-119 min),45.395839,6.7,Medium (5-6.9),2210,High (1K-4.9K),Released
59930,The Inkwell,The Inkwell,en,1994-04-22,1994.0,Comedy | Drama | Romance,Comedy,0,8880705,8880705,0.0,110.0,Standard (90-119 min),0.269661,3.9,Low (<5),5,Low (<100),Released
10873,Shadow of the Vampire,Shadow of the Vampire,en,2000-05-15,2000.0,Drama | Horror,Drama,8000000,8279017,279017,1.034877125,92.0,Standard (90-119 min),5.93923,6.6,Medium (5-6.9),148,Medium (100-999),Released
51588,Prom,Prom,en,2011-04-29,2011.0,Comedy,Comedy,8000000,10130000,2130000,1.26625,104.0,Standard (90-119 min),11.837067,5.7,Medium (5-6.9),134,Medium (100-999),Released
23570,The Pallbearer,The Pallbearer,en,1996-05-03,1996.0,Comedy | Romance,Comedy,8000000,0,-8000000,0.0,97.0,Standard (90-119 min),2.149469,4.6,Low (<5),30,Low (<100),Released
19489,Held Up,Held Up,en,1999-10-08,1999.0,Comedy,Comedy,0,0,0,0.0,89.0,Short (<90 min),1.569449,4.9,Low (<5),11,Low (<100),Released
14629,Woman on Top,Woman on Top,en,2000-09-22,2000.0,Comedy | Drama | Romance,Comedy,8000000,0,-8000000,0.0,92.0,Standard (90-119 min),3.535789,5.5,Medium (5-6.9),46,Low (<100),Released
8293,Howards End,Howards End,en,1992-03-13,1992.0,Drama | Romance,Drama,0,25966555,25966555,0.0,140.0,Long (120-149 min),5.897391,6.9,Medium (5-6.9),95,Low (<100),Released
291270,Anomalisa,Anomalisa,en,2015-12-30,2015.0,Animation | Comedy | Drama | Romance,Animation,8000000,5659286,-2340714,0.70741075,90.0,Standard (90-119 min),21.024346,7.0,Good (7-7.9),459,Medium (100-999),Released
44009,Another Year,Another Year,en,2010-11-05,2010.0,Comedy | Drama,Comedy,8000000,18124262,10124262,2.26553275,129.0,Long (120-149 min),7.235794,7.0,Good (7-7.9),97,Low (<100),Released
1958,8 Women,8 femmes,fr,2002-01-08,2002.0,Comedy | Thriller | Music | Crime | Mystery,Comedy,8000000,0,-8000000,0.0,111.0,Standard (90-119 min),8.204829,6.9,Medium (5-6.9),196,Medium (100-999),Released
13154,Showdown in Little Tokyo,Showdown in Little Tokyo,en,1991-08-23,1991.0,Action | Thriller,Action,8000000,2275557,-5724443,0.284444625,79.0,Short (<90 min),8.403859,5.7,Medium (5-6.9),95,Low (<100),Released
26618,Clay Pigeons,Clay Pigeons,en,1998-09-25,1998.0,Comedy | Crime | Drama | Thriller,Comedy,0,0,0,0.0,104.0,Standard (90-119 min),4.221313,6.3,Medium (5-6.9),39,Low (<100),Released
43923,It's Kind of a Funny Story,It's Kind of a Funny Story,en,2010-07-06,2010.0,Comedy | Drama,Comedy,8000000,6491240,-1508760,0.811405,101.0,Standard (90-119 min),13.143045,6.9,Medium (5-6.9),672,Medium (100-999),Released
46138,Made in Dagenham,Made in Dagenham,en,2010-09-11,2010.0,Comedy | Drama | History,Comedy,7200000,0,-7200000,0.0,113.0,Standard (90-119 min),6.138802,6.6,Medium (5-6.9),94,Low (<100),Released
45791,When Did You Last See Your Father?,And When Did You Last See Your Father?,en,2007-10-05,2007.0,Drama,Drama,0,92,92,0.0,92.0,Standard (90-119 min),1.939054,6.9,Medium (5-6.9),13,Low (<100),Released
26306,Prefontaine,Prefontaine,en,1997-01-24,1997.0,Drama | Romance,Drama,8000000,589304,-7410696,0.073663,106.0,Standard (90-119 min),8.717235,6.7,Medium (5-6.9),21,Low (<100),Released
110683,The Wicked Lady,The Wicked Lady,en,1983-04-21,1983.0,Drama | Adventure,Drama,0,0,0,0.0,98.0,Standard (90-119 min),0.289433,4.3,Low (<5),4,Low (<100),Released
26963,The Secret of Kells,The Secret of Kells,en,2009-02-09,2009.0,Animation | Family | Fantasy,Animation,0,0,0,0.0,75.0,Short (<90 min),10.621353,7.3,Good (7-7.9),181,Medium (100-999),Released
198277,Begin Again,Begin Again,en,2013-09-07,2013.0,Comedy | Music | Romance | Drama,Comedy,8000000,63464861,55464861,7.933107625,104.0,Standard (90-119 min),35.735689,7.3,Good (7-7.9),1254,High (1K-4.9K),Released
7870,Down in the Valley,Down in the Valley,en,2005-05-13,2005.0,Drama | Romance,Drama,8000000,852872,-7147128,0.106609,112.0,Standard (90-119 min),7.433574,5.9,Medium (5-6.9),63,Low (<100),Released
13072,Brooklyn Rules,Brooklyn Rules,en,2007-04-30,2007.0,Drama | Action | Thriller,Drama,8000000,458232,-7541768,0.057279,99.0,Standard (90-119 min),4.090382,5.8,Medium (5-6.9),18,Low (<100),Released
153397,Restless,Restless,en,2012-12-07,2012.0,TV Movie | Romance | Drama,TV Movie,0,0,0,0.0,180.0,Very Long (150+ min),0.812776,4.9,Low (<5),8,Low (<100),Released
30141,The Singing Detective,The Singing Detective,en,2003-10-24,2003.0,Comedy | Music | Mystery | Crime,Comedy,0,0,0,0.0,109.0,Standard (90-119 min),6.335881,5.9,Medium (5-6.9),41,Low (<100),Released
17044,The Land Girls,The Land Girls,en,1998-09-25,1998.0,Drama | Romance | War,Drama,0,0,0,0.0,111.0,Standard (90-119 min),1.278092,7.0,Good (7-7.9),3,Low (<100),Released
10288,Fido,Fido,en,2006-09-07,2006.0,Romance | Comedy | Drama | Horror,Romance,8000000,426224,-7573776,0.053278,91.0,Standard (90-119 min),5.244518,6.6,Medium (5-6.9),135,Medium (100-999),Released
12183,The Wendell Baker Story,The Wendell Baker Story,en,2005-08-03,2005.0,Comedy | Drama | Romance,Comedy,0,0,0,0.0,99.0,Standard (90-119 min),1.265683,5.2,Medium (5-6.9),16,Low (<100),Released
44147,Wild Target,Wild Target,en,2010-06-17,2010.0,Action | Comedy,Action,8000000,3453043,-4546957,0.431630375,98.0,Standard (90-119 min),10.791954,6.4,Medium (5-6.9),215,Medium (100-999),Released
12192,Pathology,Pathology,en,2008-04-11,2008.0,Crime | Horror | Thriller,Crime,8000000,0,-8000000,0.0,95.0,Standard (90-119 min),9.782433,5.6,Medium (5-6.9),144,Medium (100-999),Released
36597,Wuthering Heights,Wuthering Heights,en,2009-01-18,2009.0,Drama,Drama,0,0,0,0.0,142.0,Long (120-149 min),4.409263,6.9,Medium (5-6.9),37,Low (<100),Released
13197,10th & Wolf,10th & Wolf,en,2006-02-19,2006.0,Action | Crime | Drama | Mystery | Thriller,Action,8000000,143451,-7856549,0.017931375,107.0,Standard (90-119 min),3.942464,6.3,Medium (5-6.9),24,Low (<100),Released
10913,Dear Wendy,Dear Wendy,en,2005-01-22,2005.0,Comedy | Crime | Drama | Romance,Comedy,0,0,0,0.0,105.0,Standard (90-119 min),2.597665,5.6,Medium (5-6.9),33,Low (<100),Released
251321,Aloft,Aloft,en,2014-02-12,2014.0,Drama,Drama,8000000,53086,-7946914,0.00663575,112.0,Standard (90-119 min),6.500835,5.1,Medium (5-6.9),41,Low (<100),Released
149,Akira,アキラ,ja,1988-07-16,1988.0,Science Fiction | Animation,Science Fiction,8000000,553171,-7446829,0.069146375,124.0,Long (120-149 min),39.338097,7.8,Good (7-7.9),773,Medium (100-999),Released
10425,The Death and Life of Bobby Z,The Death and Life of Bobby Z,en,2007-07-23,2007.0,Drama | Action | Thriller | Crime,Drama,22000000,413454,-21586546,0.018793363636363636,97.0,Standard (90-119 min),12.893219,5.8,Medium (5-6.9),103,Medium (100-999),Released
49081,The Rocket: The Legend of Rocket Richard,Maurice Richard,fr,2005-10-25,2005.0,Drama,Drama,8000000,2019009,-5980991,0.252376125,124.0,Long (120-149 min),0.983484,6.1,Medium (5-6.9),17,Low (<100),Released
256687,Swelter,Swelter,en,2014-04-20,2014.0,Action | Drama | Thriller,Action,0,0,0,0.0,96.0,Standard (90-119 min),2.214925,4.6,Low (<5),21,Low (<100),Released
220488,My Lucky Star,非常幸运,zh,2013-09-17,2013.0,Comedy | Romance,Comedy,0,0,0,0.0,114.0,Standard (90-119 min),1.86453,4.3,Low (<5),8,Low (<100),Released
1544,Imagine Me & You,Imagine Me & You,en,2005-02-01,2005.0,Drama | Comedy | Romance,Drama,0,2455831,2455831,0.0,93.0,Standard (90-119 min),9.100352,7.0,Good (7-7.9),177,Medium (100-999),Released
374461,Mr. Church,Mr. Church,en,2016-09-16,2016.0,Drama,Drama,8000000,0,-8000000,0.0,104.0,Standard (90-119 min),7.828459,7.0,Good (7-7.9),129,Medium (100-999),Released
302,Swimming Pool,Swimming Pool,en,2003-05-18,2003.0,Thriller | Crime,Thriller,7800000,22441323,14641323,2.8770926923076923,102.0,Standard (90-119 min),11.000654,6.4,Medium (5-6.9),153,Medium (100-999),Released
182873,Green Street Hooligans: Underground,Green Street Hooligans: Underground,en,2013-01-01,2013.0,Action | Drama,Action,0,0,0,0.0,90.0,Standard (90-119 min),5.0005,5.4,Medium (5-6.9),33,Low (<100),Released
21512,The Blood of Heroes,The Blood of Heroes,en,1989-10-19,1989.0,Action | Adventure | Science Fiction,Action,0,882290,882290,0.0,100.0,Standard (90-119 min),6.41678,5.9,Medium (5-6.9),31,Low (<100),Released
389425,Code of Honor,Code of Honor,en,2016-05-06,2016.0,Action | Crime | Thriller,Action,8000000,0,-8000000,0.0,106.0,Standard (90-119 min),2.101718,4.1,Low (<5),16,Low (<100),Released
403,Driving Miss Daisy,Driving Miss Daisy,en,1989-12-13,1989.0,Comedy | Drama,Comedy,7500000,145793296,138293296,19.439106133333333,99.0,Standard (90-119 min),19.585801,7.0,Good (7-7.9),350,Medium (100-999),Released
29461,Soul Food,Soul Food,en,1997-09-26,1997.0,Comedy | Drama,Comedy,0,0,0,0.0,114.0,Standard (90-119 min),4.105363,6.6,Medium (5-6.9),19,Low (<100),Released
33542,Rumble in the Bronx,紅番區,cn,1995-01-30,1995.0,Crime | Action | Comedy | Thriller,Crime,7500000,32392047,24892047,4.3189396,91.0,Standard (90-119 min),17.318839,6.5,Medium (5-6.9),240,Medium (100-999),Released
283708,Far from Men,Loin des hommes,fr,2014-08-30,2014.0,Drama | War,Drama,7700000,0,-7700000,0.0,110.0,Standard (90-119 min),3.363973,6.6,Medium (5-6.9),43,Low (<100),Released
9388,Thank You for Smoking,Thank You for Smoking,en,2005-09-05,2005.0,Comedy | Drama,Comedy,6500000,24793509,18293509,3.814386,92.0,Standard (90-119 min),29.01153,7.1,Good (7-7.9),664,Medium (100-999),Released
1691,Hostel: Part II,Hostel: Part II,en,2007-06-08,2007.0,Horror,Horror,10200000,35619521,25419521,3.4921099019607844,93.0,Standard (90-119 min),20.745052,5.6,Medium (5-6.9),453,Medium (100-999),Released
24684,An Education,An Education,en,2009-10-29,2009.0,Drama | Romance,Drama,7500000,26096852,18596852,3.479580266666667,100.0,Standard (90-119 min),16.990308,6.8,Medium (5-6.9),409,Medium (100-999),Released
2610,Shopgirl,Shopgirl,en,2005-10-21,2005.0,Comedy | Drama | Romance,Comedy,10284523,11588205,1303682,1.1267615425625477,104.0,Standard (90-119 min),4.820166,5.7,Medium (5-6.9),75,Low (<100),Released
11308,The Hotel New Hampshire,The Hotel New Hampshire,en,1984-03-09,1984.0,Comedy | Drama,Comedy,7500000,0,-7500000,0.0,109.0,Standard (90-119 min),2.226412,5.8,Medium (5-6.9),26,Low (<100),Released
11022,Narc,Narc,en,2002-01-14,2002.0,Action | Crime | Drama | Thriller,Action,6500000,12633747,6133747,1.9436533846153845,105.0,Standard (90-119 min),8.526635,6.8,Medium (5-6.9),142,Medium (100-999),Released
34341,Men with Brooms,Men with Brooms,en,2002-09-20,2002.0,Comedy,Comedy,7500000,4245870,-3254130,0.566116,102.0,Standard (90-119 min),1.369528,4.5,Low (<5),7,Low (<100),Released
15365,Witless Protection,Witless Protection,en,2008-02-22,2008.0,Action | Adventure | Comedy | Crime,Action,0,0,0,0.0,97.0,Standard (90-119 min),1.82184,4.0,Low (<5),26,Low (<100),Released
36046,The Work and the Glory,The Work and the Glory,en,2004-11-24,2004.0,Drama | Romance,Drama,7500000,3347647,-4152353,0.4463529333333333,110.0,Standard (90-119 min),0.571663,6.1,Medium (5-6.9),7,Low (<100),Released
12569,Extract,Extract,en,2009-09-03,2009.0,Comedy,Comedy,8000000,10848783,2848783,1.356097875,92.0,Standard (90-119 min),14.652342,5.7,Medium (5-6.9),192,Medium (100-999),Released
24356,Masked and Anonymous,Masked and Anonymous,en,2003-08-08,2003.0,Drama | Music,Drama,0,0,0,0.0,112.0,Standard (90-119 min),1.71729,5.2,Medium (5-6.9),13,Low (<100),Released
55903,Betty Fisher and Other Stories,Betty Fisher et autres histoires,fr,2001-09-01,2001.0,Drama | Thriller | Crime | Foreign,Drama,0,0,0,0.0,103.0,Standard (90-119 min),0.024186,7.0,Good (7-7.9),3,Low (<100),Released
2577,Code 46,Code 46,en,2003-09-02,2003.0,Drama | Romance | Science Fiction | Thriller,Drama,7500000,0,-7500000,0.0,92.0,Standard (90-119 min),8.859657,6.2,Medium (5-6.9),116,Medium (100-999),Released
103903,Outside Bet,Outside Bet,en,2012-04-27,2012.0,Comedy,Comedy,7500000,0,-7500000,0.0,101.0,Standard (90-119 min),0.086731,5.8,Medium (5-6.9),2,Low (<100),Released
73873,Albert Nobbs,Albert Nobbs,en,2011-12-21,2011.0,Drama,Drama,8000000,5634828,-2365172,0.7043535,113.0,Standard (90-119 min),7.802245,6.2,Medium (5-6.9),132,Medium (100-999),Released
312113,Black November,Black November,en,2012-12-07,2012.0,Drama | Action | Crime,Drama,12500000,0,-12500000,0.0,95.0,Standard (90-119 min),1.589693,6.4,Medium (5-6.9),4,Low (<100),Released
14165,Ta Ra Rum Pum,Ta Ra Rum Pum,hi,2007-04-27,2007.0,Family | Comedy | Romance,Family,0,0,0,0.0,156.0,Very Long (150+ min),0.553752,6.0,Medium (5-6.9),13,Low (<100),Released
2011,Persepolis,Persepolis,fr,2007-05-23,2007.0,Animation | Drama,Animation,7300000,0,-7300000,0.0,95.0,Standard (90-119 min),24.281951,7.7,Good (7-7.9),450,Medium (100-999),Released
45650,The Hole,The Hole,en,2009-09-09,2009.0,Thriller | Adventure | Fantasy,Thriller,0,0,0,0.0,92.0,Standard (90-119 min),9.983004,5.6,Medium (5-6.9),244,Medium (100-999),Released
7735,The Wave,Die Welle,de,2008-03-11,2008.0,Drama | Thriller,Drama,7500000,19000000,11500000,2.533333333333333,107.0,Standard (90-119 min),25.281197,7.5,Good (7-7.9),841,Medium (100-999),Released
301365,The Neon Demon,The Neon Demon,en,2016-06-08,2016.0,Thriller | Horror,Thriller,7000000,1333124,-5666876,0.1904462857142857,117.0,Standard (90-119 min),38.150787,6.4,Medium (5-6.9),887,Medium (100-999),Released
25941,Harry Brown,Harry Brown,en,2009-11-11,2009.0,Thriller | Crime | Drama | Action,Thriller,7300000,10329747,3029747,1.4150338356164383,103.0,Standard (90-119 min),16.829837,6.7,Medium (5-6.9),348,Medium (100-999),Released
29064,The Omega Code,The Omega Code,en,1999-10-15,1999.0,Horror | Thriller,Horror,0,2400000,2400000,0.0,100.0,Standard (90-119 min),1.288173,4.4,Low (<5),17,Low (<100),Released
7326,Juno,Juno,en,2007-12-05,2007.0,Comedy | Drama | Romance,Comedy,7500000,231411584,223911584,30.854877866666666,96.0,Standard (90-119 min),19.782725,7.0,Good (7-7.9),2244,High (1K-4.9K),Released
326284,Pound of Flesh,Pound of Flesh,en,2015-05-07,2015.0,Action,Action,7500000,0,-7500000,0.0,104.0,Standard (90-119 min),4.943588,5.5,Medium (5-6.9),63,Low (<100),Released
681,Diamonds Are Forever,Diamonds Are Forever,en,1971-12-13,1971.0,Adventure | Action | Thriller,Adventure,7200000,116019547,108819547,16.113825972222223,120.0,Long (120-149 min),34.634181,6.3,Medium (5-6.9),553,Medium (100-999),Released
238,The Godfather,The Godfather,en,1972-03-14,1972.0,Drama | Crime,Drama,6000000,245066411,239066411,40.844401833333336,175.0,Very Long (150+ min),143.659698,8.4,Excellent (8+),5893,Very High (5K+),Released
535,Flashdance,Flashdance,en,1983-04-14,1983.0,Drama | Music | Romance,Drama,4000000,92921203,88921203,23.23030075,95.0,Standard (90-119 min),18.422323,6.1,Medium (5-6.9),302,Medium (100-999),Released
19913,(500) Days of Summer,(500) Days of Summer,en,2009-07-17,2009.0,Comedy | Drama | Romance,Comedy,7500000,60722734,53222734,8.096364533333333,95.0,Standard (90-119 min),45.610993,7.2,Good (7-7.9),2904,High (1K-4.9K),Released
713,The Piano,The Piano,en,1993-05-19,1993.0,Drama | Romance,Drama,7000000,116700000,109700000,16.67142857142857,121.0,Long (120-149 min),17.681707,7.1,Good (7-7.9),281,Medium (100-999),Released
77930,Magic Mike,Magic Mike,en,2012-06-28,2012.0,Drama | Comedy,Drama,7000000,167221571,160221571,23.888795857142856,110.0,Standard (90-119 min),35.897151,6.1,Medium (5-6.9),1040,High (1K-4.9K),Released
10727,Darkness Falls,Darkness Falls,en,2003-01-24,2003.0,Thriller | Horror,Thriller,0,0,0,0.0,86.0,Short (<90 min),11.199544,4.9,Low (<5),161,Medium (100-999),Released
253,Live and Let Die,Live and Let Die,en,1973-07-05,1973.0,Adventure | Action | Thriller,Adventure,7000000,161777836,154777836,23.111119428571428,121.0,Long (120-149 min),30.465138,6.4,Medium (5-6.9),533,Medium (100-999),Released
17908,My Dog Skip,My Dog Skip,en,2000-01-14,2000.0,Comedy | Drama | Family,Comedy,7000000,0,-7000000,0.0,95.0,Standard (90-119 min),5.675535,6.5,Medium (5-6.9),69,Low (<100),Released
8390,"Definitely, Maybe","Definitely, Maybe",en,2008-02-08,2008.0,Comedy | Romance,Comedy,0,55447968,55447968,0.0,112.0,Standard (90-119 min),29.173266,6.7,Medium (5-6.9),620,Medium (100-999),Released
57119,Jumping the Broom,Jumping the Broom,en,2011-05-06,2011.0,Comedy,Comedy,6600000,37710610,31110610,5.713728787878788,112.0,Standard (90-119 min),4.492455,6.0,Medium (5-6.9),56,Low (<100),Released
3291,"Good Night, and Good Luck.","Good Night, and Good Luck.",en,2005-09-16,2005.0,Drama | History,Drama,7000000,54600000,47600000,7.8,93.0,Standard (90-119 min),17.717681,6.8,Medium (5-6.9),273,Medium (100-999),Released
398,Capote,Capote,en,2005-09-30,2005.0,Crime | Drama,Crime,7000000,49084830,42084830,7.012118571428571,114.0,Standard (90-119 min),17.434862,6.8,Medium (5-6.9),384,Medium (100-999),Released
8068,Desperado,Desperado,en,1995-08-25,1995.0,Thriller | Action | Crime,Thriller,7000000,25405445,18405445,3.6293492857142855,104.0,Standard (90-119 min),25.511217,6.8,Medium (5-6.9),881,Medium (100-999),Released
10803,Logan's Run,Logan's Run,en,1976-06-23,1976.0,Adventure | Action | Romance | Science Fiction,Adventure,9000000,25000000,16000000,2.7777777777777777,119.0,Standard (90-119 min),12.268143,6.6,Medium (5-6.9),269,Medium (100-999),Released
682,The Man with the Golden Gun,The Man with the Golden Gun,en,1974-12-01,1974.0,Adventure | Action | Thriller,Adventure,7000000,97572000,90572000,13.938857142857144,125.0,Long (120-149 min),30.214716,6.3,Medium (5-6.9),524,Medium (100-999),Released
10117,Action Jackson,Action Jackson,en,1988-02-12,1988.0,Action | Adventure | Comedy | Crime | Drama,Action,7000000,20256975,13256975,2.8938535714285716,96.0,Standard (90-119 min),6.872784,4.9,Low (<5),50,Low (<100),Released
9392,The Descent,The Descent,en,2005-07-08,2005.0,Adventure | Horror,Adventure,0,0,0,0.0,99.0,Standard (90-119 min),23.413188,6.8,Medium (5-6.9),1005,High (1K-4.9K),Released
24977,Michael Jordan to the Max,Michael Jordan to the Max,en,2000-05-05,2000.0,Documentary,Documentary,0,21268532,21268532,0.0,46.0,Short (<90 min),1.830306,7.5,Good (7-7.9),10,Low (<100),Released
79316,Devil's Due,Devil's Due,en,2014-01-08,2014.0,Horror,Horror,7000000,36433975,29433975,5.204853571428571,89.0,Short (<90 min),14.741589,4.4,Low (<5),216,Medium (100-999),Released
2074,Flirting with Disaster,Flirting with Disaster,en,1996-03-22,1996.0,Comedy | Romance,Comedy,7000000,14702438,7702438,2.100348285714286,92.0,Standard (90-119 min),5.500324,6.3,Medium (5-6.9),66,Low (<100),Released
1696,The Devil's Rejects,The Devil's Rejects,en,2005-07-22,2005.0,Drama | Horror | Crime,Drama,0,0,0,0.0,107.0,Standard (90-119 min),16.754452,6.6,Medium (5-6.9),322,Medium (100-999),Released
308639,Dope,Dope,en,2015-06-19,2015.0,Crime | Drama | Comedy,Crime,700000,17986781,17286781,25.69540142857143,103.0,Standard (90-119 min),29.761163,7.2,Good (7-7.9),691,Medium (100-999),Released
22314,In Too Deep,In Too Deep,en,1999-08-25,1999.0,Drama | Action | Thriller | Crime,Drama,7000000,14011454,7011454,2.0016362857142855,97.0,Standard (90-119 min),2.772178,6.2,Medium (5-6.9),17,Low (<100),Released
2662,House of 1000 Corpses,House of 1000 Corpses,en,2003-04-11,2003.0,Horror,Horror,7000000,16829545,9829545,2.404220714285714,89.0,Short (<90 min),19.301432,6.0,Medium (5-6.9),306,Medium (100-999),Released
77156,Alien Zone,Alien Zone,en,1978-11-22,1978.0,Horror | Action | Thriller | Science Fiction,Horror,0,0,0,0.0,90.0,Standard (90-119 min),0.000372,4.0,Low (<5),3,Low (<100),Released
12573,A Serious Man,A Serious Man,en,2009-10-02,2009.0,Comedy | Drama,Comedy,7000000,31430334,24430334,4.490047714285715,105.0,Standard (90-119 min),23.612409,6.6,Medium (5-6.9),483,Medium (100-999),Released
44718,Get Low,Get Low,en,2010-01-22,2010.0,Comedy | Drama | Mystery,Comedy,7500000,0,-7500000,0.0,103.0,Standard (90-119 min),6.557643,6.5,Medium (5-6.9),100,Medium (100-999),Released
11342,Warlock,Warlock,en,1989-06-01,1989.0,Adventure | Comedy | Fantasy | Horror,Adventure,7000000,0,-7000000,0.0,103.0,Standard (90-119 min),9.887662,5.8,Medium (5-6.9),95,Low (<100),Released
241771,Beyond the Lights,Beyond the Lights,en,2014-09-10,2014.0,Romance | Drama,Romance,7000000,14618727,7618727,2.0883895714285714,116.0,Standard (90-119 min),8.079046,7.0,Good (7-7.9),139,Medium (100-999),Released
34653,A Single Man,A Single Man,en,2009-10-19,2009.0,Drama | Romance,Drama,7000000,0,-7000000,0.0,101.0,Standard (90-119 min),21.626288,7.3,Good (7-7.9),463,Medium (100-999),Released
11051,The Last Temptation of Christ,The Last Temptation of Christ,en,1988-08-12,1988.0,Drama,Drama,7000000,8373585,1373585,1.1962264285714286,164.0,Very Long (150+ min),14.672151,7.0,Good (7-7.9),201,Medium (100-999),Released
14578,Outside Providence,Outside Providence,en,1999-08-16,1999.0,Romance | Comedy | Drama,Romance,7000000,7292175,292175,1.0417392857142858,96.0,Standard (90-119 min),2.627232,5.6,Medium (5-6.9),30,Low (<100),Released
57825,Bride & Prejudice,Bride & Prejudice,en,2004-02-11,2004.0,Drama | Comedy | Music | Romance,Drama,7000000,0,-7000000,0.0,111.0,Standard (90-119 min),12.150871,6.5,Medium (5-6.9),110,Medium (100-999),Released
9555,Rabbit-Proof Fence,Rabbit-Proof Fence,en,2002-02-04,2002.0,Adventure | Drama | Action | History,Adventure,0,0,0,0.0,94.0,Standard (90-119 min),2.128211,6.8,Medium (5-6.9),84,Low (<100),Released
15581,Who's Your Caddy?,Who's Your Caddy?,en,2007-07-27,2007.0,Comedy,Comedy,0,0,0,0.0,93.0,Standard (90-119 min),2.881239,3.8,Low (<5),18,Low (<100),Released
13006,Split Second,Split Second,en,1992-05-01,1992.0,Thriller | Action | Horror | Science Fiction | Crime,Thriller,7,5,-2,0.7142857142857143,90.0,Standard (90-119 min),4.857028,5.7,Medium (5-6.9),63,Low (<100),Released
16651,The Other Side of Heaven,The Other Side of Heaven,en,2001-04-12,2001.0,Action | Adventure | Drama | Family,Action,7000000,4720371,-2279629,0.6743387142857142,113.0,Standard (90-119 min),2.206097,6.7,Medium (5-6.9),14,Low (<100),Released
4251,Veer-Zaara,Veer-Zaara,hi,2004-11-12,2004.0,Drama | Romance,Drama,7000000,29385320,22385320,4.197902857142857,192.0,Very Long (150+ min),3.721858,7.4,Good (7-7.9),64,Low (<100),Released
12400,Redbelt,Redbelt,en,2008-04-07,2008.0,Drama,Drama,7000000,0,-7000000,0.0,99.0,Standard (90-119 min),5.091253,6.4,Medium (5-6.9),76,Low (<100),Released
39053,Cyrus,Cyrus,en,2010-06-18,2010.0,Comedy | Drama | Romance,Comedy,7000000,0,-7000000,0.0,91.0,Standard (90-119 min),15.212569,6.1,Medium (5-6.9),133,Medium (100-999),Released
104896,A Dog Of Flanders,A Dog Of Flanders,en,1999-08-27,1999.0,Drama | Family,Drama,0,0,0,0.0,96.0,Standard (90-119 min),0.838938,6.4,Medium (5-6.9),6,Low (<100),Released
14112,Auto Focus,Auto Focus,en,2002-10-18,2002.0,Drama | Crime,Drama,7000000,2062066,-4937934,0.29458085714285714,104.0,Standard (90-119 min),7.051521,6.1,Medium (5-6.9),56,Low (<100),Released
12271,Factory Girl,Factory Girl,en,2006-12-29,2006.0,Drama,Drama,7000000,0,-7000000,0.0,90.0,Standard (90-119 min),11.400229,6.2,Medium (5-6.9),81,Low (<100),Released
71859,We Need to Talk About Kevin,We Need to Talk About Kevin,en,2011-09-28,2011.0,Drama | Thriller,Drama,7000000,6038942,-961058,0.862706,112.0,Standard (90-119 min),21.276864,7.4,Good (7-7.9),677,Medium (100-999),Released
226354,The Christmas Candle,The Christmas Candle,en,2013-11-22,2013.0,Drama | Family,Drama,0,0,0,0.0,100.0,Standard (90-119 min),1.799504,5.8,Medium (5-6.9),8,Low (<100),Released
48620,The Mighty Macs,The Mighty Macs,en,2009-10-21,2009.0,Action | Drama,Action,7000000,0,-7000000,0.0,102.0,Standard (90-119 min),2.932784,5.0,Medium (5-6.9),15,Low (<100),Released
33676,Losin' It,Losin' It,en,1983-04-08,1983.0,Comedy,Comedy,7000000,1246141,-5753859,0.17802014285714285,100.0,Standard (90-119 min),2.550045,4.5,Low (<5),31,Low (<100),Released
37080,Mother and Child,Mother and Child,en,2009-11-07,2009.0,Drama | Romance,Drama,7000000,0,-7000000,0.0,125.0,Long (120-149 min),5.517597,6.7,Medium (5-6.9),46,Low (<100),Released
25388,March or Die,March or Die,en,1977-09-08,1977.0,Action | Adventure | Drama | War,Action,0,0,0,0.0,107.0,Standard (90-119 min),3.829937,6.2,Medium (5-6.9),16,Low (<100),Released
11687,The Visitors,Les visiteurs,fr,1993-01-27,1993.0,Fantasy | Comedy | Science Fiction,Fantasy,0,0,0,0.0,107.0,Standard (90-119 min),8.893676,7.1,Good (7-7.9),420,Medium (100-999),Released
39210,Somewhere,Somewhere,en,2010-09-03,2010.0,Comedy | Drama,Comedy,8000000,0,-8000000,0.0,98.0,Standard (90-119 min),9.590373,6.0,Medium (5-6.9),208,Medium (100-999),Released
30128,I Hope They Serve Beer in Hell,I Hope They Serve Beer in Hell,en,2009-09-25,2009.0,Comedy | Drama,Comedy,7000000,1429299,-5570701,0.20418557142857144,106.0,Standard (90-119 min),7.155519,5.7,Medium (5-6.9),20,Low (<100),Released
31535,Chairman of the Board,Chairman of the Board,en,1998-03-13,1998.0,Comedy,Comedy,0,0,0,0.0,95.0,Standard (90-119 min),0.587276,2.7,Low (<5),13,Low (<100),Released
44835,Hesher,Hesher,en,2010-01-22,2010.0,Drama,Drama,7000000,382946,-6617054,0.05470657142857143,106.0,Standard (90-119 min),13.635828,6.7,Medium (5-6.9),212,Medium (100-999),Released
192134,Dom Hemingway,Dom Hemingway,en,2013-11-15,2013.0,Comedy | Crime | Drama,Comedy,0,523511,523511,0.0,93.0,Standard (90-119 min),10.416332,5.8,Medium (5-6.9),212,Medium (100-999),Released
1956,Gerry,Gerry,en,2002-01-12,2002.0,Mystery | Drama | Adventure,Mystery,3500000,0,-3500000,0.0,103.0,Standard (90-119 min),5.038953,6.2,Medium (5-6.9),68,Low (<100),Released
24985,The Heart of Me,The Heart of Me,en,2002-01-01,2002.0,Drama | Romance,Drama,7000000,0,-7000000,0.0,96.0,Standard (90-119 min),1.498245,7.7,Good (7-7.9),5,Low (<100),Released
306745,Freeheld,Freeheld,en,2015-10-02,2015.0,Romance | Drama,Romance,7000000,573335,-6426665,0.081905,103.0,Standard (90-119 min),8.184588,7.1,Good (7-7.9),164,Medium (100-999),Released
47088,The Extra Man,The Extra Man,en,2010-08-01,2010.0,Comedy,Comedy,7000000,453079,-6546921,0.06472557142857142,108.0,Standard (90-119 min),2.26778,5.9,Medium (5-6.9),29,Low (<100),Released
110402,Hard to Be a God,Трудно быть богом,ru,2013-02-27,2013.0,Drama | Science Fiction,Drama,7000000,1310673,-5689327,0.187239,170.0,Very Long (150+ min),3.120016,6.7,Medium (5-6.9),41,Low (<100),Released
27004,Ca$h,Ca$h,en,2010-01-01,2010.0,Crime | Thriller | Comedy,Crime,7000000,46488,-6953512,0.006641142857142857,108.0,Standard (90-119 min),8.207425,6.0,Medium (5-6.9),73,Low (<100),Released
15013,Wah-Wah,Wah-Wah,en,2005-08-17,2005.0,Drama,Drama,0,0,0,0.0,120.0,Long (120-149 min),2.356244,6.3,Medium (5-6.9),8,Low (<100),Released
8374,The Boondock Saints,The Boondock Saints,en,1999-01-22,1999.0,Action | Thriller | Crime,Action,6000000,30471,-5969529,0.0050785,108.0,Standard (90-119 min),34.917447,7.2,Good (7-7.9),837,Medium (100-999),Released
277519,Z Storm,Z 風暴,cn,2014-06-19,2014.0,Crime | Thriller,Crime,0,0,0,0.0,92.0,Standard (90-119 min),0.542814,5.8,Medium (5-6.9),5,Low (<100),Released
78381,Twixt,Twixt,en,2011-09-10,2011.0,Horror | Thriller,Horror,7000000,0,-7000000,0.0,84.0,Short (<90 min),5.060656,5.0,Medium (5-6.9),85,Low (<100),Released
164372,The Snow Queen,Снежная королева,ru,2012-10-11,2012.0,Animation | Fantasy,Animation,7000000,12400000,5400000,1.7714285714285714,76.0,Short (<90 min),5.33861,5.1,Medium (5-6.9),47,Low (<100),Released
294512,Alpha and Omega: The Legend of the Saw Tooth Cave,Alpha and Omega: The Legend of the Saw Tooth Cave,en,2014-07-21,2014.0,Family | Animation | Comedy | Adventure,Family,0,0,0,0.0,53.0,Short (<90 min),1.874783,6.5,Medium (5-6.9),4,Low (<100),Released
8879,Pale Rider,Pale Rider,en,1985-06-28,1985.0,Romance | Western,Romance,0,41410568,41410568,0.0,115.0,Standard (90-119 min),14.574995,7.0,Good (7-7.9),251,Medium (100-999),Released
13001,Stargate: The Ark of Truth,Stargate: The Ark of Truth,en,2008-03-11,2008.0,Adventure | Science Fiction,Adventure,7000000,8900000,1900000,1.2714285714285714,97.0,Standard (90-119 min),8.591387,6.9,Medium (5-6.9),140,Medium (100-999),Released
9571,Dazed and Confused,Dazed and Confused,en,1993-09-24,1993.0,Comedy | Drama,Comedy,6900000,7993039,1093039,1.1584114492753623,102.0,Standard (90-119 min),26.181753,7.4,Good (7-7.9),583,Medium (100-999),Released
13649,High School Musical 2,High School Musical 2,en,2007-08-17,2007.0,Comedy | Drama | Family | Music,Comedy,0,7000000,7000000,0.0,104.0,Standard (90-119 min),21.01755,6.1,Medium (5-6.9),843,Medium (100-999),Released
325373,Two Lovers and a Bear,Two Lovers and a Bear,en,2016-10-02,2016.0,Drama | Romance,Drama,0,0,0,0.0,96.0,Standard (90-119 min),3.139294,6.8,Medium (5-6.9),27,Low (<100),Released
334527,Criminal Activities,Criminal Activities,en,2015-11-20,2015.0,Thriller | Crime | Drama,Thriller,7000000,0,-7000000,0.0,94.0,Standard (90-119 min),6.665164,5.8,Medium (5-6.9),110,Medium (100-999),Released
2211,Aimee & Jaguar,Aimee & Jaguar,de,1999-02-10,1999.0,Drama | History | Romance,Drama,0,0,0,0.0,125.0,Long (120-149 min),2.832628,6.3,Medium (5-6.9),20,Low (<100),Released
13919,The Chumscrubber,The Chumscrubber,en,2005-06-08,2005.0,Comedy | Drama,Comedy,0,0,0,0.0,108.0,Standard (90-119 min),3.528643,6.7,Medium (5-6.9),62,Low (<100),Released
14576,Shade,Shade,en,2003-05-18,2003.0,Action | Thriller | Crime,Action,6800000,0,-6800000,0.0,101.0,Standard (90-119 min),4.665309,6.1,Medium (5-6.9),73,Low (<100),Released
82505,House at the End of the Street,House at the End of the Street,en,2012-09-21,2012.0,Horror | Thriller,Horror,6900000,44287131,37387131,6.418424782608696,101.0,Standard (90-119 min),25.613197,5.6,Medium (5-6.9),555,Medium (100-999),Released
46738,Incendies,Incendies,fr,2010-09-04,2010.0,Drama | War | Mystery,Drama,6800000,7103838,303838,1.0446820588235295,130.0,Long (120-149 min),21.285206,7.9,Good (7-7.9),479,Medium (100-999),Released
38970,"Remember Me, My Love",Ricordati di me,it,2003-02-11,2003.0,Drama | Comedy | Romance,Drama,0,0,0,0.0,125.0,Long (120-149 min),4.240495,5.8,Medium (5-6.9),44,Low (<100),Released
41009,Perrier’s Bounty,Perrier’s Bounty,en,2009-09-11,2009.0,Action | Comedy | Crime | Drama,Action,0,0,0,0.0,88.0,Short (<90 min),3.810943,5.1,Medium (5-6.9),24,Low (<100),Released
7347,Elite Squad,Tropa de Elite,pt,2007-10-12,2007.0,Drama | Action | Crime,Drama,4000000,0,-4000000,0.0,115.0,Standard (90-119 min),23.604936,7.8,Good (7-7.9),504,Medium (100-999),Released
250546,Annabelle,Annabelle,en,2014-10-02,2014.0,Horror,Horror,6500000,255273813,248773813,39.272894307692304,99.0,Standard (90-119 min),60.225219,5.6,Medium (5-6.9),1517,High (1K-4.9K),Released
38415,Bran Nue Dae,Bran Nue Dae,en,2009-08-09,2009.0,Comedy | Drama | Foreign | Romance,Comedy,7,7,0,1.0,82.0,Short (<90 min),0.050456,5.2,Medium (5-6.9),6,Low (<100),Released
650,Boyz n the Hood,Boyz n the Hood,en,1991-07-12,1991.0,Crime | Drama,Crime,6500000,57504069,51004069,8.846779846153845,112.0,Standard (90-119 min),17.705671,7.4,Good (7-7.9),364,Medium (100-999),Released
16620,La Bamba,La Bamba,en,1987-07-24,1987.0,Drama | Music,Drama,6500000,54215416,47715416,8.340833230769231,108.0,Standard (90-119 min),6.847099,6.8,Medium (5-6.9),116,Medium (100-999),Released
25113,The Four Seasons,The Four Seasons,en,1981-05-22,1981.0,Comedy | Drama | Romance,Comedy,0,0,0,0.0,107.0,Standard (90-119 min),8.067702,6.3,Medium (5-6.9),16,Low (<100),Released
11033,Dressed to Kill,Dressed to Kill,en,1980-06-25,1980.0,Horror | Mystery | Thriller,Horror,6500000,31899000,25399000,4.907538461538461,105.0,Standard (90-119 min),11.208769,6.8,Medium (5-6.9),157,Medium (100-999),Released
34723,The Adventures of Huck Finn,The Adventures of Huck Finn,en,1993-04-02,1993.0,Action | Adventure | Drama | Family,Action,6500000,0,-6500000,0.0,108.0,Standard (90-119 min),2.163683,6.2,Medium (5-6.9),42,Low (<100),Released
9430,Go,Go,en,1999-04-09,1999.0,Crime | Comedy | Thriller,Crime,6500000,28451622,21951622,4.377172615384615,98.0,Standard (90-119 min),11.142389,7.0,Good (7-7.9),196,Medium (100-999),Released
8998,Friends with Money,Friends with Money,en,2006-09-07,2006.0,Comedy | Drama | Romance,Comedy,6500000,13368437,6868437,2.056682615384615,88.0,Short (<90 min),11.885221,5.1,Medium (5-6.9),128,Medium (100-999),Released
10514,The Andromeda Strain,The Andromeda Strain,en,1971-03-12,1971.0,Science Fiction | Thriller,Science Fiction,6500000,12376563,5876563,1.9040866153846154,131.0,Long (120-149 min),12.524953,7.0,Good (7-7.9),190,Medium (100-999),Released
10496,Bats,Bats,en,1999-10-22,1999.0,Horror | Thriller,Horror,0,10,10,0.0,91.0,Standard (90-119 min),1.537859,4.1,Low (<5),35,Low (<100),Released
1591,Nowhere in Africa,Nirgendwo in Afrika,de,2001-12-11,2001.0,Drama,Drama,0,0,0,0.0,140.0,Long (120-149 min),3.481517,7.0,Good (7-7.9),32,Low (<100),Released
76025,Shame,Shame,en,2011-10-02,2011.0,Drama,Drama,6500000,17693675,11193675,2.7221038461538463,100.0,Standard (90-119 min),40.688426,7.0,Good (7-7.9),875,Medium (100-999),Released
4836,Layer Cake,Layer Cake,en,2004-09-30,2004.0,Drama | Thriller | Crime,Drama,6500000,11850214,5350214,1.8231098461538462,105.0,Standard (90-119 min),24.0034,7.0,Good (7-7.9),559,Medium (100-999),Released
14631,The Work and the Glory II: American Zion,The Work and the Glory II: American Zion,en,2005-10-21,2005.0,Drama,Drama,6500000,2025032,-4474968,0.3115433846153846,100.0,Standard (90-119 min),2.639106,8.0,Excellent (8+),6,Low (<100),Released
87499,The East,The East,en,2013-05-31,2013.0,Drama | Thriller,Drama,6500000,2401510,-4098490,0.36946307692307695,116.0,Standard (90-119 min),16.574756,6.5,Medium (5-6.9),305,Medium (100-999),Released
18923,A Home at the End of the World,A Home at the End of the World,en,2004-07-23,2004.0,Romance | Drama,Romance,6500000,1548955,-4951045,0.23830076923076923,96.0,Standard (90-119 min),5.483531,6.8,Medium (5-6.9),45,Low (<100),Released
26665,Aberdeen,Aberdeen,en,2000-07-05,2000.0,Drama | Comedy | Foreign,Drama,0,0,0,0.0,113.0,Standard (90-119 min),1.068819,7.0,Good (7-7.9),6,Low (<100),Released
28089,The Messenger,The Messenger,en,2009-11-13,2009.0,Drama | History,Drama,6500000,1521261,-4978739,0.23404015384615384,113.0,Standard (90-119 min),8.432401,7.1,Good (7-7.9),119,Medium (100-999),Released
62255,Tracker,Tracker,en,2010-05-20,2010.0,Action | Drama | Thriller | Adventure,Action,6500000,0,-6500000,0.0,102.0,Standard (90-119 min),2.074295,6.0,Medium (5-6.9),16,Low (<100),Released
5708,Control,Control,en,2007-09-26,2007.0,Drama,Drama,0,8159508,8159508,0.0,121.0,Long (120-149 min),11.357474,7.5,Good (7-7.9),200,Medium (100-999),Released
218,The Terminator,The Terminator,en,1984-10-26,1984.0,Action | Thriller | Science Fiction,Action,6400000,78371200,71971200,12.2455,108.0,Standard (90-119 min),74.234793,7.3,Good (7-7.9),4128,High (1K-4.9K),Released
338,"Good bye, Lenin!","Good bye, Lenin!",de,2003-02-09,2003.0,Comedy | Drama | Romance,Comedy,4800000,79384880,74584880,16.538516666666666,121.0,Long (120-149 min),11.086001,7.4,Good (7-7.9),586,Medium (100-999),Released
21641,The Damned United,The Damned United,en,2009-03-27,2009.0,Drama,Drama,10000000,0,-10000000,0.0,97.0,Standard (90-119 min),13.409125,7.2,Good (7-7.9),152,Medium (100-999),Released
10925,The Return of the Living Dead,The Return of the Living Dead,en,1985-05-15,1985.0,Comedy | Horror,Comedy,4000000,14237000,10237000,3.55925,91.0,Standard (90-119 min),14.961629,7.3,Good (7-7.9),267,Medium (100-999),Released
2293,Mallrats,Mallrats,en,1995-10-20,1995.0,Romance | Comedy,Romance,6000000,2122561,-3877439,0.35376016666666665,94.0,Standard (90-119 min),16.139771,6.8,Medium (5-6.9),392,Medium (100-999),Released
621,Grease,Grease,en,1978-07-07,1978.0,Romance,Romance,6000000,181813770,175813770,30.302295,110.0,Standard (90-119 min),67.608041,7.2,Good (7-7.9),1581,High (1K-4.9K),Released
792,Platoon,Platoon,en,1986-12-18,1986.0,Drama | War | Action,Drama,6000000,138530565,132530565,23.0884275,120.0,Long (120-149 min),49.802914,7.5,Good (7-7.9),1205,High (1K-4.9K),Released
1777,Fahrenheit 9/11,Fahrenheit 9/11,en,2004-06-25,2004.0,Documentary,Documentary,6000000,119114517,113114517,19.8524195,122.0,Long (120-149 min),16.20985,6.8,Medium (5-6.9),397,Medium (100-999),Released
642,Butch Cassidy and the Sundance Kid,Butch Cassidy and the Sundance Kid,en,1969-09-23,1969.0,History | Drama | Western | Crime,History,6000000,102308889,96308889,17.0514815,110.0,Standard (90-119 min),24.499996,7.4,Good (7-7.9),650,Medium (100-999),Released
433,Mary Poppins,Mary Poppins,en,1964-08-27,1964.0,Comedy | Family | Fantasy,Comedy,6000000,102272727,96272727,17.0454545,139.0,Long (120-149 min),59.961523,7.4,Good (7-7.9),1183,High (1K-4.9K),Released
16619,Ordinary People,Ordinary People,en,1980-09-19,1980.0,Drama,Drama,6000000,0,-6000000,0.0,124.0,Long (120-149 min),12.541983,7.4,Good (7-7.9),145,Medium (100-999),Released
1725,West Side Story,West Side Story,en,1961-10-18,1961.0,Crime | Drama | Music,Crime,6000000,43656822,37656822,7.276137,152.0,Very Long (150+ min),23.431117,7.0,Good (7-7.9),389,Medium (100-999),Released
11977,Caddyshack,Caddyshack,en,1980-07-25,1980.0,Comedy,Comedy,6000000,39846344,33846344,6.641057333333333,98.0,Standard (90-119 min),15.929648,6.6,Medium (5-6.9),365,Medium (100-999),Released
20322,The Brothers,The Brothers,en,2001-03-23,2001.0,Comedy | Drama | Romance,Comedy,0,0,0,0.0,106.0,Standard (90-119 min),3.029944,6.5,Medium (5-6.9),10,Low (<100),Released
16158,The Wood,The Wood,en,1999-07-16,1999.0,Comedy | Drama | Romance,Comedy,6000000,25059640,19059640,4.176606666666666,106.0,Standard (90-119 min),5.537646,7.1,Good (7-7.9),34,Low (<100),Released
629,The Usual Suspects,The Usual Suspects,en,1995-07-19,1995.0,Drama | Crime | Thriller,Drama,6000000,23341568,17341568,3.890261333333333,106.0,Standard (90-119 min),64.025031,8.1,Excellent (8+),3254,High (1K-4.9K),Released
10160,A Nightmare on Elm Street 5: The Dream Child,A Nightmare on Elm Street 5: The Dream Child,en,1989-08-11,1989.0,Horror | Thriller,Horror,8000000,22168359,14168359,2.771044875,89.0,Short (<90 min),12.654051,5.5,Medium (5-6.9),245,Medium (100-999),Released
11452,National Lampoon’s Van Wilder,National Lampoon’s Van Wilder,en,2002-03-29,2002.0,Comedy | Romance,Comedy,5000000,38275483,33275483,7.6550966,92.0,Standard (90-119 min),35.108498,5.9,Medium (5-6.9),858,Medium (100-999),Released
12163,The Wrestler,The Wrestler,en,2008-09-07,2008.0,Drama | Romance,Drama,6000000,44703995,38703995,7.450665833333334,109.0,Standard (90-119 min),40.196514,7.3,Good (7-7.9),1000,High (1K-4.9K),Released
32275,Duel in the Sun,Duel in the Sun,en,1946-12-31,1946.0,Western,Western,6000000,20400000,14400000,3.4,144.0,Long (120-149 min),7.60445,6.2,Medium (5-6.9),37,Low (<100),Released
13785,Best in Show,Best in Show,en,2000-09-19,2000.0,Comedy,Comedy,0,0,0,0.0,90.0,Standard (90-119 min),10.982255,6.7,Medium (5-6.9),166,Medium (100-999),Released
1103,Escape from New York,Escape from New York,en,1981-05-22,1981.0,Science Fiction | Action,Science Fiction,6000000,50244700,44244700,8.374116666666668,99.0,Standard (90-119 min),24.351305,6.9,Medium (5-6.9),703,Medium (100-999),Released
36739,School Daze,School Daze,en,1988-02-12,1988.0,Comedy | Drama,Comedy,0,0,0,0.0,121.0,Long (120-149 min),3.159574,6.2,Medium (5-6.9),26,Low (<100),Released
14144,Daddy Day Camp,Daddy Day Camp,en,2007-08-08,2007.0,Comedy | Family,Comedy,6000000,18197398,12197398,3.0328996666666668,89.0,Short (<90 min),12.601677,4.4,Low (<5),91,Low (<100),Released
10622,Mr. Nice Guy,一個好人,cn,1997-01-31,1997.0,Crime | Action | Comedy,Crime,12716953,18814720,6097767,1.479499059247919,113.0,Standard (90-119 min),7.077505,6.3,Medium (5-6.9),128,Medium (100-999),Released
13370,A Mighty Wind,A Mighty Wind,en,2003-04-16,2003.0,Comedy | Music,Comedy,6000000,18750246,12750246,3.125041,91.0,Standard (90-119 min),4.053017,6.6,Medium (5-6.9),74,Low (<100),Released
11191,Mystic Pizza,Mystic Pizza,en,1988-10-13,1988.0,Comedy | Drama | Romance,Comedy,0,0,0,0.0,104.0,Standard (90-119 min),6.379933,5.9,Medium (5-6.9),123,Medium (100-999),Released
10215,Sliding Doors,Sliding Doors,en,1998-04-23,1998.0,Comedy | Drama | Fantasy | Romance,Comedy,6000000,58000000,52000000,9.666666666666666,99.0,Standard (90-119 min),15.639016,6.5,Medium (5-6.9),354,Medium (100-999),Released
25066,Tales from the Hood,Tales from the Hood,en,1995-05-24,1995.0,Crime | Horror | Thriller,Crime,6000000,12000000,6000000,2.0,98.0,Standard (90-119 min),3.89204,5.4,Medium (5-6.9),32,Low (<100),Released
1523,The Last King of Scotland,The Last King of Scotland,en,2006-09-01,2006.0,Drama,Drama,6000000,48027970,42027970,8.004661666666667,121.0,Long (120-149 min),26.286954,7.4,Good (7-7.9),558,Medium (100-999),Released
11361,Halloween 5: The Revenge of Michael Myers,Halloween 5: The Revenge of Michael Myers,en,1989-10-12,1989.0,Horror | Thriller,Horror,5000000,11642254,6642254,2.3284508,96.0,Standard (90-119 min),8.008844,5.2,Medium (5-6.9),183,Medium (100-999),Released
92591,Bernie,Bernie,en,2012-04-27,2012.0,Comedy | Crime | Drama,Comedy,5000000,9206470,4206470,1.841294,100.0,Standard (90-119 min),12.68514,6.5,Medium (5-6.9),320,Medium (100-999),Released
57612,Dolphins and Whales: Tribes of the Ocean,Dolphins and Whales: Tribes of the Ocean,en,2008-02-15,2008.0,Documentary,Documentary,6000000,7518876,1518876,1.253146,42.0,Short (<90 min),0.041651,8.0,Excellent (8+),3,Low (<100),Released
12509,Pollock,Pollock,en,2000-09-06,2000.0,Drama | Romance,Drama,0,0,0,0.0,122.0,Long (120-149 min),8.483531,6.6,Medium (5-6.9),91,Low (<100),Released
15256,200 Cigarettes,200 Cigarettes,en,1999-02-26,1999.0,Comedy | Drama | Romance,Comedy,6000000,6852450,852450,1.142075,101.0,Standard (90-119 min),3.561198,6.1,Medium (5-6.9),44,Low (<100),Released
83686,The Words,The Words,en,2012-09-07,2012.0,Drama | Thriller,Drama,6000000,13231461,7231461,2.2052435,96.0,Standard (90-119 min),14.988746,6.4,Medium (5-6.9),379,Medium (100-999),Released
80304,Casa De Mi Padre,Casa De Mi Padre,en,2012-03-15,2012.0,Comedy | Western,Comedy,0,0,0,0.0,84.0,Short (<90 min),5.754416,5.5,Medium (5-6.9),103,Medium (100-999),Released
28053,City Island,City Island,en,2009-03-06,2009.0,Drama | Comedy,Drama,6000000,6670712,670712,1.1117853333333334,104.0,Standard (90-119 min),6.497285,6.9,Medium (5-6.9),113,Medium (100-999),Released
67913,The Guard,The Guard,en,2011-07-07,2011.0,Action | Comedy | Thriller | Crime,Action,6000000,19560274,13560274,3.2600456666666666,96.0,Standard (90-119 min),19.411141,6.8,Medium (5-6.9),372,Medium (100-999),Released
13991,College,College,en,2008-08-28,2008.0,Comedy,Comedy,7000000,6230276,-769724,0.8900394285714286,94.0,Standard (90-119 min),7.034618,4.8,Low (<5),48,Low (<100),Released
1443,The Virgin Suicides,The Virgin Suicides,en,1999-04-21,1999.0,Drama | Romance,Drama,6000000,10409377,4409377,1.7348961666666667,97.0,Standard (90-119 min),26.218912,7.1,Good (7-7.9),817,Medium (100-999),Released
8545,Little Voice,Little Voice,en,1998-11-05,1998.0,Comedy | Drama,Comedy,0,0,0,0.0,97.0,Standard (90-119 min),4.647547,6.6,Medium (5-6.9),61,Low (<100),Released
19556,Miss March,Miss March,en,2009-03-13,2009.0,Comedy | Romance,Comedy,0,0,0,0.0,89.0,Short (<90 min),9.371534,5.4,Medium (5-6.9),77,Low (<100),Released
231576,Wish I Was Here,Wish I Was Here,en,2014-01-18,2014.0,Drama | Comedy,Drama,5500000,5483299,-16701,0.9969634545454545,120.0,Long (120-149 min),15.015271,6.4,Medium (5-6.9),300,Medium (100-999),Released
16172,Simply Irresistible,Simply Irresistible,en,1999-02-05,1999.0,Comedy,Comedy,6000000,4398989,-1601011,0.7331648333333334,95.0,Standard (90-119 min),5.696491,5.5,Medium (5-6.9),52,Low (<100),Released
13403,Hedwig and the Angry Inch,Hedwig and the Angry Inch,en,2001-07-20,2001.0,Comedy | Music,Comedy,0,0,0,0.0,95.0,Standard (90-119 min),4.25422,7.4,Good (7-7.9),80,Low (<100),Released
15797,Only the Strong,Only the Strong,en,1993-08-27,1993.0,Action,Action,6000000,3283371,-2716629,0.5472285,99.0,Standard (90-119 min),5.411243,6.9,Medium (5-6.9),29,Low (<100),Released
347764,Goddess of Love,Goddess of Love,en,2015-08-31,2015.0,Mystery | Drama | Thriller | Horror,Mystery,0,0,0,0.0,96.0,Standard (90-119 min),1.273773,6.2,Medium (5-6.9),9,Low (<100),Released
13537,Shattered Glass,Shattered Glass,en,2003-11-14,2003.0,Drama | History,Drama,6000000,2944752,-3055248,0.490792,94.0,Standard (90-119 min),6.27257,6.6,Medium (5-6.9),111,Medium (100-999),Released
20794,Novocaine,Novocaine,en,2001-11-23,2001.0,Comedy | Crime | Thriller,Comedy,6000000,2025238,-3974762,0.3375396666666667,95.0,Standard (90-119 min),4.148253,6.0,Medium (5-6.9),44,Low (<100),Released
31064,The Business of Strangers,The Business of Strangers,en,2001-01-19,2001.0,Drama | Thriller,Drama,0,0,0,0.0,84.0,Short (<90 min),1.369649,5.7,Medium (5-6.9),19,Low (<100),Released
576,The Wild Bunch,The Wild Bunch,en,1969-06-17,1969.0,Adventure | Western,Adventure,6244087,638641,-5605446,0.10227932442325034,145.0,Long (120-149 min),14.970654,7.6,Good (7-7.9),259,Medium (100-999),Released
13990,The Wackness,The Wackness,en,2008-07-03,2008.0,Drama,Drama,6000000,2899975,-3100025,0.48332916666666664,99.0,Standard (90-119 min),7.161051,6.2,Medium (5-6.9),94,Low (<100),Released
11583,The First Great Train Robbery,The First Great Train Robbery,en,1979-01-25,1979.0,Thriller | Adventure | Drama | Crime,Thriller,6000000,0,-6000000,0.0,110.0,Standard (90-119 min),12.434688,6.6,Medium (5-6.9),74,Low (<100),Released
18602,Morvern Callar,Morvern Callar,en,2002-01-01,2002.0,Drama,Drama,0,0,0,0.0,97.0,Standard (90-119 min),2.507912,7.2,Good (7-7.9),34,Low (<100),Released
27549,Beastmaster 2: Through the Portal of Time,Beastmaster 2: Through the Portal of Time,en,1991-06-08,1991.0,Action | Adventure | Fantasy | Science Fiction,Action,6000000,869325,-5130675,0.1448875,107.0,Standard (90-119 min),1.478505,4.6,Low (<5),17,Low (<100),Released
59728,The 5th Quarter,The 5th Quarter,en,2011-03-25,2011.0,Drama,Drama,6000000,399611,-5600389,0.06660183333333333,97.0,Standard (90-119 min),0.215464,4.7,Low (<5),12,Low (<100),Released
10930,The Flower of Evil,La fleur du mal,fr,2003-02-09,2003.0,Drama,Drama,0,0,0,0.0,104.0,Standard (90-119 min),1.229667,5.7,Medium (5-6.9),10,Low (<100),Released
32395,The Greatest,The Greatest,en,2009-01-17,2009.0,Drama,Drama,6000000,0,-6000000,0.0,99.0,Standard (90-119 min),6.903186,6.2,Medium (5-6.9),34,Low (<100),Released
58882,Snow Flower and the Secret Fan,Snow Flower and the Secret Fan,en,2011-07-15,2011.0,Drama | History,Drama,134005,1332231,1198226,9.941651430916757,104.0,Standard (90-119 min),2.260315,5.3,Medium (5-6.9),22,Low (<100),Released
7547,Come Early Morning,Come Early Morning,en,2006-01-10,2006.0,Drama | Romance,Drama,6000000,0,-6000000,0.0,97.0,Standard (90-119 min),3.427061,5.9,Medium (5-6.9),10,Low (<100),Released
35944,Lucky Break,Lucky Break,en,2001-08-24,2001.0,Action | Comedy,Action,0,0,0,0.0,107.0,Standard (90-119 min),0.669169,6.5,Medium (5-6.9),11,Low (<100),Released
42222,Julia,Julia,en,1977-10-02,1977.0,Drama,Drama,0,0,0,0.0,117.0,Standard (90-119 min),6.077735,6.3,Medium (5-6.9),30,Low (<100),Released
13827,"Surfer, Dude","Surfer, Dude",en,2008-09-05,2008.0,Comedy,Comedy,6000000,69497,-5930503,0.011582833333333334,85.0,Short (<90 min),2.404626,4.7,Low (<5),25,Low (<100),Released
44260,Lake of Fire,Lake of Fire,en,2006-09-09,2006.0,Documentary,Documentary,0,25,25,0.0,152.0,Very Long (150+ min),0.475748,8.0,Excellent (8+),10,Low (<100),Released
9282,11:14,11:14,en,2003-05-16,2003.0,Crime | Drama | Thriller,Crime,6000000,0,-6000000,0.0,86.0,Short (<90 min),15.048067,6.8,Medium (5-6.9),206,Medium (100-999),Released
38940,Men of War,Men of War,en,1994-09-04,1994.0,Action | Thriller,Action,0,0,0,0.0,103.0,Standard (90-119 min),1.734764,5.4,Medium (5-6.9),29,Low (<100),Released
35689,Don McKay,Don McKay,en,2009-04-24,2009.0,Crime | Mystery | Thriller,Crime,0,0,0,0.0,87.0,Short (<90 min),1.496454,5.4,Medium (5-6.9),21,Low (<100),Released
97614,Deadfall,Deadfall,en,2012-11-08,2012.0,Crime | Drama | Thriller,Crime,12000000,66351,-11933649,0.00552925,95.0,Standard (90-119 min),10.19041,5.6,Medium (5-6.9),224,Medium (100-999),Released
37206,A Shine of Rainbows,A Shine of Rainbows,en,2009-10-01,2009.0,Drama | Family,Drama,6000000,0,-6000000,0.0,101.0,Standard (90-119 min),12.099486,6.3,Medium (5-6.9),14,Low (<100),Released
58626,The Hit List,The Hit List,en,2011-04-02,2011.0,Action | Thriller,Action,6000000,0,-6000000,0.0,90.0,Standard (90-119 min),4.957014,5.2,Medium (5-6.9),73,Low (<100),Released
183894,Emma,Emma,en,2009-10-11,2009.0,Romance | Comedy | Drama,Romance,0,0,0,0.0,240.0,Very Long (150+ min),2.135689,7.6,Good (7-7.9),38,Low (<100),Released
837,Videodrome,Videodrome,en,1983-02-04,1983.0,Horror | Mystery | Science Fiction,Horror,5952000,2120439,-3831561,0.35625655241935483,87.0,Short (<90 min),18.119265,7.1,Good (7-7.9),454,Medium (100-999),Released
1555,The Spanish Apartment,L'Auberge espagnole,fr,2002-05-17,2002.0,Drama | Comedy | Romance,Drama,5300000,3897799,-1402201,0.7354337735849057,122.0,Long (120-149 min),13.034602,7.0,Good (7-7.9),266,Medium (100-999),Released
244783,Song One,Song One,en,2014-01-20,2014.0,Drama,Drama,6000000,32251,-5967749,0.005375166666666667,86.0,Short (<90 min),6.349218,5.5,Medium (5-6.9),87,Low (<100),Released
16564,Winter in Wartime,Oorlogswinter,nl,2008-11-17,2008.0,Drama | History | War,Drama,4000000,530048,-3469952,0.132512,103.0,Standard (90-119 min),5.013575,6.8,Medium (5-6.9),66,Low (<100),Released
168027,Freaky Deaky,Freaky Deaky,en,2012-04-22,2012.0,Comedy,Comedy,0,0,0,0.0,90.0,Standard (90-119 min),4.448353,4.9,Low (<5),18,Low (<100),Released
3482,The Train,The Train,en,1964-09-21,1964.0,Action | Drama | Thriller | War,Action,5800000,6800000,1000000,1.1724137931034482,133.0,Long (120-149 min),4.49029,7.2,Good (7-7.9),72,Low (<100),Released
135595,Trade Of Innocents,Trade Of Innocents,en,2012-09-27,2012.0,Drama | Thriller,Drama,0,0,0,0.0,91.0,Standard (90-119 min),2.204138,5.5,Medium (5-6.9),12,Low (<100),Released
8982,The Protector,ต้มยำกุ้ง,th,2005-08-11,2005.0,Action | Crime | Drama | Thriller,Action,6000000,27165581,21165581,4.527596833333333,108.0,Standard (90-119 min),11.81832,6.8,Medium (5-6.9),167,Medium (100-999),Released
89861,Stiff Upper Lips,Stiff Upper Lips,en,1998-06-12,1998.0,Comedy,Comedy,0,0,0,0.0,99.0,Standard (90-119 min),0.356495,10.0,Excellent (8+),1,Low (<100),Released
455,Bend It Like Beckham,Bend It Like Beckham,en,2002-04-11,2002.0,Comedy | Drama | Romance,Comedy,3500159,76578641,73078482,21.878617799934233,112.0,Standard (90-119 min),22.054546,6.2,Medium (5-6.9),578,Medium (100-999),Released
57022,Sunshine State,Sunshine State,en,2002-06-21,2002.0,Drama,Drama,0,0,0,0.0,141.0,Long (120-149 min),4.245123,6.0,Medium (5-6.9),10,Low (<100),Released
14351,Crossover,Crossover,en,2006-09-01,2006.0,Action | Adventure | Drama,Action,5800000,7000000,1200000,1.206896551724138,95.0,Standard (90-119 min),3.201886,4.2,Low (<5),10,Low (<100),Released
147767,Khiladi 786,Khiladi 786,en,2012-12-07,2012.0,Action | Comedy,Action,0,126,126,0.0,139.0,Long (120-149 min),0.114342,4.7,Low (<5),11,Low (<100),Released
10664,[REC]²,[REC]²,es,2009-09-15,2009.0,Thriller | Horror,Thriller,5600000,18469680,12869680,3.298157142857143,85.0,Short (<90 min),22.341462,6.4,Medium (5-6.9),489,Medium (100-999),Released
55567,Standing Ovation,Standing Ovation,en,2010-07-16,2010.0,Comedy | Music | Family,Comedy,0,531826,531826,0.0,105.0,Standard (90-119 min),0.305922,3.9,Low (<5),6,Low (<100),Released
9277,The Sting,The Sting,en,1973-12-25,1973.0,Comedy | Crime | Drama,Comedy,5500000,159616327,154116327,29.021150363636362,129.0,Long (120-149 min),28.500913,7.9,Good (7-7.9),622,Medium (100-999),Released
9443,Chariots of Fire,Chariots of Fire,en,1981-05-15,1981.0,Drama | History,Drama,5500000,58972904,53472904,10.722346181818182,123.0,Long (120-149 min),10.439971,6.8,Medium (5-6.9),207,Medium (100-999),Released
16186,Diary of a Mad Black Woman,Diary of a Mad Black Woman,en,2005-02-25,2005.0,Comedy | Drama | Romance,Comedy,0,0,0,0.0,116.0,Standard (90-119 min),3.784535,6.4,Medium (5-6.9),71,Low (<100),Released
7863,Shine,Shine,en,1996-01-21,1996.0,Drama,Drama,0,0,0,0.0,105.0,Standard (90-119 min),10.396305,7.3,Good (7-7.9),131,Medium (100-999),Released
138697,Don Jon,Don Jon,en,2013-07-26,2013.0,Romance | Comedy | Drama,Romance,6000000,0,-6000000,0.0,90.0,Standard (90-119 min),33.296684,5.9,Medium (5-6.9),1671,High (1K-4.9K),Released
11901,High Plains Drifter,High Plains Drifter,en,1973-04-19,1973.0,Western,Western,5500000,15700000,10200000,2.8545454545454545,105.0,Standard (90-119 min),19.127239,7.4,Good (7-7.9),278,Medium (100-999),Released
1548,Ghost World,Ghost World,en,2001-07-20,2001.0,Comedy | Drama,Comedy,7000000,0,-7000000,0.0,111.0,Standard (90-119 min),14.072941,7.1,Good (7-7.9),426,Medium (100-999),Released
11889,Iris,Iris,en,2001-12-14,2001.0,Drama | Romance,Drama,0,0,0,0.0,91.0,Standard (90-119 min),2.714043,6.2,Medium (5-6.9),47,Low (<100),Released
33155,Galaxina,Galaxina,en,1980-06-06,1980.0,Comedy | Science Fiction,Comedy,5500000,4865000,-635000,0.8845454545454545,95.0,Standard (90-119 min),2.141143,3.3,Low (<5),16,Low (<100),Released
5528,The Chorus,Les Choristes,fr,2004-03-17,2004.0,Drama,Drama,0,0,0,0.0,96.0,Standard (90-119 min),20.982455,7.5,Good (7-7.9),526,Medium (100-999),Released
321,Mambo Italiano,Mambo Italiano,en,2003-06-06,2003.0,Comedy | Romance,Comedy,4361898,3031801,-1330097,0.6950646255368649,92.0,Standard (90-119 min),2.080741,5.6,Medium (5-6.9),28,Low (<100),Released
4997,Wonderland,Wonderland,en,2003-10-23,2003.0,Crime | Drama | Mystery | Thriller,Crime,5000000,2466444,-2533556,0.4932888,104.0,Standard (90-119 min),7.79068,6.2,Medium (5-6.9),73,Low (<100),Released
925,Do the Right Thing,Do the Right Thing,en,1989-06-30,1989.0,Drama,Drama,6500000,37295445,30795445,5.7377607692307695,120.0,Long (120-149 min),15.580335,7.6,Good (7-7.9),292,Medium (100-999),Released
27451,Harvard Man,Harvard Man,en,2001-01-01,2001.0,Drama,Drama,0,0,0,0.0,99.0,Standard (90-119 min),5.336243,4.8,Low (<5),15,Low (<100),Released
73532,Le Havre,Le Havre,fr,2011-05-17,2011.0,Drama | Comedy,Drama,3850000,0,-3850000,0.0,93.0,Standard (90-119 min),10.787322,6.8,Medium (5-6.9),97,Low (<100),Released
979,Irreversible,Irréversible,fr,2002-05-22,2002.0,Drama | Thriller | Crime | Mystery,Drama,0,792,792,0.0,97.0,Standard (90-119 min),32.476098,7.1,Good (7-7.9),538,Medium (100-999),Released
193722,R100,R100,ja,2013-10-05,2013.0,Comedy | Drama,Comedy,5500000,0,-5500000,0.0,100.0,Standard (90-119 min),3.21392,5.4,Medium (5-6.9),31,Low (<100),Released
7913,Rang De Basanti,Rang De Basanti,hi,2006-01-26,2006.0,Drama,Drama,2200000,11502151,9302151,5.228250454545455,157.0,Very Long (150+ min),5.206967,7.2,Good (7-7.9),97,Low (<100),Released
253253,Animals,Animals,en,2014-05-15,2014.0,Drama,Drama,0,0,0,0.0,90.0,Standard (90-119 min),1.5846,6.2,Medium (5-6.9),9,Low (<100),Released
51995,Salvation Boulevard,Salvation Boulevard,en,2011-07-15,2011.0,Comedy | Thriller | Action | Drama,Comedy,8000000,0,-8000000,0.0,96.0,Standard (90-119 min),3.653305,5.6,Medium (5-6.9),28,Low (<100),Released
13173,The Ten,The Ten,en,2007-08-03,2007.0,Comedy,Comedy,0,0,0,0.0,96.0,Standard (90-119 min),3.865122,4.9,Low (<5),57,Low (<100),Released
22908,A Room for Romeo Brass,A Room for Romeo Brass,en,1999-08-23,1999.0,Drama | Comedy | Foreign,Drama,0,0,0,0.0,90.0,Standard (90-119 min),1.391958,7.3,Good (7-7.9),18,Low (<100),Released
70670,Headhunters,Hodejegerne,en,2011-08-04,2011.0,Thriller | Crime,Thriller,0,15699707,15699707,0.0,100.0,Standard (90-119 min),20.821846,7.1,Good (7-7.9),399,Medium (100-999),Released
84204,Grabbers,Grabbers,en,2012-08-10,2012.0,Science Fiction | Comedy | Thriller | Horror,Science Fiction,0,0,0,0.0,94.0,Standard (90-119 min),9.451228,6.0,Medium (5-6.9),140,Medium (100-999),Released
25248,Saint Ralph,Saint Ralph,en,2004-09-11,2004.0,Comedy | Drama,Comedy,0,0,0,0.0,95.0,Standard (90-119 min),1.688495,7.3,Good (7-7.9),24,Low (<100),Released
230266,Miss Julie,Miss Julie,en,2014-09-07,2014.0,Drama,Drama,5500000,5000000,-500000,0.9090909090909091,120.0,Long (120-149 min),5.033065,5.9,Medium (5-6.9),45,Low (<100),Released
16633,Somewhere in Time,Somewhere in Time,en,1980-10-02,1980.0,Science Fiction | Drama | Fantasy | Romance,Science Fiction,5100000,0,-5100000,0.0,103.0,Standard (90-119 min),5.934016,7.2,Good (7-7.9),102,Medium (100-999),Released
63006,Dum Maaro Dum,Dum Maaro Dum,hi,2011-04-22,2011.0,Drama | Action | Crime | Foreign,Drama,0,0,0,0.0,130.0,Long (120-149 min),0.075817,5.4,Medium (5-6.9),7,Low (<100),Released
91586,Insidious: Chapter 2,Insidious: Chapter 2,en,2013-09-12,2013.0,Horror | Thriller,Horror,5000000,0,-5000000,0.0,106.0,Standard (90-119 min),48.375848,6.5,Medium (5-6.9),1211,High (1K-4.9K),Released
215,Saw II,Saw II,en,2005-10-28,2005.0,Horror,Horror,4000000,152925093,148925093,38.23127325,92.0,Standard (90-119 min),42.187986,6.3,Medium (5-6.9),1251,High (1K-4.9K),Released
333371,10 Cloverfield Lane,10 Cloverfield Lane,en,2016-03-10,2016.0,Thriller | Science Fiction | Drama,Thriller,15000000,108286421,93286421,7.219094733333334,103.0,Standard (90-119 min),53.698683,6.8,Medium (5-6.9),2468,High (1K-4.9K),Released
9012,Jackass: The Movie,Jackass: The Movie,en,2002-10-21,2002.0,Documentary | Comedy,Documentary,5000000,64282312,59282312,12.8564624,87.0,Short (<90 min),14.752587,6.1,Medium (5-6.9),345,Medium (100-999),Released
345911,Lights Out,Lights Out,en,2016-07-21,2016.0,Horror | Thriller,Horror,4900000,44107032,39207032,9.001435102040816,81.0,Short (<90 min),48.170508,6.3,Medium (5-6.9),1129,High (1K-4.9K),Released
72571,Paranormal Activity 3,Paranormal Activity 3,en,2011-10-19,2011.0,Horror,Horror,5000000,205703818,200703818,41.1407636,83.0,Short (<90 min),29.15813,5.9,Medium (5-6.9),669,Medium (100-999),Released
242512,Ouija,Ouija,en,2014-10-24,2014.0,Horror,Horror,5000000,103590271,98590271,20.7180542,89.0,Short (<90 min),56.30466,4.9,Low (<5),983,Medium (100-999),Released
10072,A Nightmare on Elm Street 3: Dream Warriors,A Nightmare on Elm Street 3: Dream Warriors,en,1987-02-27,1987.0,Horror | Thriller,Horror,5000000,44793222,39793222,8.9586444,96.0,Standard (90-119 min),17.304055,6.5,Medium (5-6.9),354,Medium (100-999),Released
211954,Instructions Not Included,No se Aceptan Devoluciones,es,2013-07-20,2013.0,Comedy | Drama,Comedy,5500000,99067206,93567206,18.012219272727272,115.0,Standard (90-119 min),9.59729,7.5,Good (7-7.9),205,Medium (100-999),Released
82990,Paranormal Activity 4,Paranormal Activity 4,en,2012-10-17,2012.0,Horror,Horror,5000000,142817992,137817992,28.5635984,95.0,Standard (90-119 min),20.326337,5.2,Medium (5-6.9),563,Medium (100-999),Released
29912,The Robe,The Robe,en,1953-09-16,1953.0,Drama,Drama,4100000,36000000,31900000,8.78048780487805,135.0,Long (120-149 min),4.028875,6.4,Medium (5-6.9),42,Low (<100),Released
11843,The Return of the Pink Panther,The Return of the Pink Panther,en,1975-05-21,1975.0,Comedy,Comedy,5000000,41833347,36833347,8.3666694,113.0,Standard (90-119 min),6.470766,6.7,Medium (5-6.9),137,Medium (100-999),Released
11284,Freddy's Dead: The Final Nightmare,Freddy's Dead: The Final Nightmare,en,1991-09-05,1991.0,Horror | Thriller | Comedy,Horror,11000000,34872033,23872033,3.170184818181818,89.0,Short (<90 min),16.856231,5.1,Medium (5-6.9),272,Medium (100-999),Released
504,Monster,Monster,en,2003-11-16,2003.0,Crime | Drama,Crime,8000000,60378584,52378584,7.547323,110.0,Standard (90-119 min),19.683187,7.0,Good (7-7.9),485,Medium (100-999),Released
173,"20,000 Leagues Under the Sea","20,000 Leagues Under the Sea",en,1954-12-23,1954.0,Adventure | Drama | Science Fiction,Adventure,5000000,28200000,23200000,5.64,127.0,Long (120-149 min),9.358197,6.8,Medium (5-6.9),157,Medium (100-999),Released
227348,Paranormal Activity: The Marked Ones,Paranormal Activity: The Marked Ones,en,2014-01-01,2014.0,Horror | Thriller,Horror,5000000,86362372,81362372,17.2724744,84.0,Short (<90 min),19.984477,5.2,Medium (5-6.9),449,Medium (100-999),Released
1955,The Elephant Man,The Elephant Man,en,1980-10-02,1980.0,Drama | History,Drama,5000000,26010864,21010864,5.2021728,124.0,Long (120-149 min),30.271066,7.9,Good (7-7.9),719,Medium (100-999),Released
152532,Dallas Buyers Club,Dallas Buyers Club,en,2013-09-07,2013.0,Drama | History,Drama,5000000,55198285,50198285,11.039657,117.0,Standard (90-119 min),59.454473,7.9,Good (7-7.9),2886,High (1K-4.9K),Released
243940,The Lazarus Effect,The Lazarus Effect,en,2015-01-29,2015.0,Thriller | Horror,Thriller,3300000,64110728,60810728,19.427493333333334,83.0,Short (<90 min),20.304235,5.1,Medium (5-6.9),505,Medium (100-999),Released
77,Memento,Memento,en,2000-10-11,2000.0,Mystery | Thriller,Mystery,9000000,39723096,30723096,4.413677333333333,113.0,Standard (90-119 min),60.715151,8.1,Excellent (8+),4028,High (1K-4.9K),Released
157547,Oculus,Oculus,en,2013-09-08,2013.0,Horror,Horror,5000000,44030246,39030246,8.8060492,104.0,Standard (90-119 min),35.871248,6.3,Medium (5-6.9),1050,High (1K-4.9K),Released
2295,Clerks II,Clerks II,en,2006-05-25,2006.0,Comedy,Comedy,5000000,26888376,21888376,5.3776752,97.0,Standard (90-119 min),18.077963,6.9,Medium (5-6.9),398,Medium (100-999),Released
71,Billy Elliot,Billy Elliot,en,2000-05-18,2000.0,Drama | Comedy | Music,Drama,5000000,110000000,105000000,22.0,110.0,Standard (90-119 min),20.428237,7.4,Good (7-7.9),750,Medium (100-999),Released
147773,The Way Way Back,The Way Way Back,en,2013-06-06,2013.0,Comedy | Drama,Comedy,4600000,23198652,18598652,5.043185217391304,103.0,Standard (90-119 min),32.14444,7.1,Good (7-7.9),688,Medium (100-999),Released
16096,House Party 2,House Party 2,en,1991-10-23,1991.0,Comedy,Comedy,0,0,0,0.0,94.0,Standard (90-119 min),3.673566,4.7,Low (<5),21,Low (<100),Released
24266,The Man from Snowy River,The Man from Snowy River,en,1982-03-02,1982.0,Family | Drama | Action | Western | Romance,Family,3500000,20659423,17159423,5.902692285714286,104.0,Standard (90-119 min),3.656491,6.8,Medium (5-6.9),37,Low (<100),Released
16508,Doug's 1st Movie,Doug's 1st Movie,en,1999-03-26,1999.0,Animation | Family | Comedy,Animation,0,0,0,0.0,77.0,Short (<90 min),1.88484,5.4,Medium (5-6.9),22,Low (<100),Released
2895,The Apostle,The Apostle,en,1997-10-09,1997.0,Drama,Drama,5000000,0,-5000000,0.0,134.0,Long (120-149 min),4.227807,6.1,Medium (5-6.9),38,Low (<100),Released
15660,Mommie Dearest,Mommie Dearest,en,1981-09-18,1981.0,Drama,Drama,0,0,0,0.0,129.0,Long (120-149 min),3.102862,6.5,Medium (5-6.9),54,Low (<100),Released
59968,Our Idiot Brother,Our Idiot Brother,en,2011-08-26,2011.0,Comedy | Drama,Comedy,10000000,17273593,7273593,1.7273593,90.0,Standard (90-119 min),15.688439,5.9,Medium (5-6.9),365,Medium (100-999),Released
323677,Race,Race,en,2016-02-19,2016.0,Action | Drama,Action,5000000,24804129,19804129,4.9608258,134.0,Long (120-149 min),22.9951,7.1,Good (7-7.9),478,Medium (100-999),Released
19848,The Players Club,The Players Club,en,1998-04-08,1998.0,Drama,Drama,0,0,0,0.0,104.0,Standard (90-119 min),5.769822,6.4,Medium (5-6.9),14,Low (<100),Released
256274,"As Above, So Below","As Above, So Below",en,2014-08-14,2014.0,Horror | Thriller,Horror,5000000,40100000,35100000,8.02,93.0,Standard (90-119 min),26.510558,6.1,Medium (5-6.9),766,Medium (100-999),Released
235271,Addicted,Addicted,en,2014-10-10,2014.0,Drama | Thriller,Drama,0,0,0,0.0,105.0,Standard (90-119 min),7.544515,5.4,Medium (5-6.9),63,Low (<100),Released
45153,Eve's Bayou,Eve's Bayou,en,1997-09-07,1997.0,Drama,Drama,0,0,0,0.0,109.0,Standard (90-119 min),1.126941,6.1,Medium (5-6.9),27,Low (<100),Released
284293,Still Alice,Still Alice,en,2014-12-05,2014.0,Drama,Drama,5000000,43884652,38884652,8.7769304,99.0,Standard (90-119 min),35.307577,7.5,Good (7-7.9),1104,High (1K-4.9K),Released
24973,The Egyptian,The Egyptian,en,1954-08-25,1954.0,History | Drama,History,5000000,15000000,10000000,3.0,139.0,Long (120-149 min),4.079111,6.0,Medium (5-6.9),11,Low (<100),Released
21610,Nighthawks,Nighthawks,en,1981-03-17,1981.0,Action | Crime | Thriller,Action,5000000,19905359,14905359,3.9810718,99.0,Standard (90-119 min),7.058868,6.4,Medium (5-6.9),86,Low (<100),Released
10283,Friday the 13th Part VIII: Jason Takes Manhattan,Friday the 13th Part VIII: Jason Takes Manhattan,en,1989-07-28,1989.0,Horror | Thriller,Horror,5000000,14000000,9000000,2.8,100.0,Standard (90-119 min),12.904615,4.8,Low (<5),191,Medium (100-999),Released
8346,My Big Fat Greek Wedding,My Big Fat Greek Wedding,en,2002-02-22,2002.0,Comedy | Drama | Romance,Comedy,5000000,368744044,363744044,73.7488088,95.0,Standard (90-119 min),18.115566,6.2,Medium (5-6.9),671,Medium (100-999),Released
122081,Spring Breakers,Spring Breakers,en,2013-01-24,2013.0,Drama | Crime,Drama,5000000,31724284,26724284,6.3448568,94.0,Standard (90-119 min),62.554173,5.0,Medium (5-6.9),1551,High (1K-4.9K),Released
10987,Halloween: The Curse of Michael Myers,Halloween: The Curse of Michael Myers,en,1995-09-29,1995.0,Horror | Thriller,Horror,5000000,15116634,10116634,3.0233268,88.0,Short (<90 min),9.483717,5.0,Medium (5-6.9),170,Medium (100-999),Released
1391,Y Tu Mamá También,Y tu mamá también,es,2001-06-08,2001.0,Drama | Romance,Drama,5000000,33616692,28616692,6.7233384,106.0,Standard (90-119 min),16.890285,7.3,Good (7-7.9),315,Medium (100-999),Released
747,Shaun of the Dead,Shaun of the Dead,en,2004-04-09,2004.0,Horror | Comedy,Horror,4000000,30039392,26039392,7.509848,99.0,Standard (90-119 min),49.12486,7.5,Good (7-7.9),2420,High (1K-4.9K),Released
14745,The Haunting of Molly Hartley,The Haunting of Molly Hartley,en,2008-10-31,2008.0,Drama | Horror,Drama,0,0,0,0.0,82.0,Short (<90 min),8.309894,4.3,Low (<5),48,Low (<100),Released
26748,Lone Star,Lone Star,en,1996-06-21,1996.0,Drama | Mystery | Romance,Drama,5000000,13269963,8269963,2.6539926,135.0,Long (120-149 min),5.960149,6.9,Medium (5-6.9),77,Low (<100),Released
11357,Halloween 4: The Return of Michael Myers,Halloween 4: The Return of Michael Myers,en,1988-10-21,1988.0,Horror | Thriller,Horror,5000000,17768757,12768757,3.5537514,88.0,Short (<90 min),9.302349,5.9,Medium (5-6.9),209,Medium (100-999),Released
24913,April Fool's Day,April Fool's Day,en,1986-03-27,1986.0,Horror | Mystery,Horror,5000000,0,-5000000,0.0,89.0,Short (<90 min),8.190888,5.8,Medium (5-6.9),73,Low (<100),Released
13776,Diner,Diner,en,1982-04-02,1982.0,Comedy | Drama,Comedy,0,0,0,0.0,110.0,Standard (90-119 min),5.87193,6.9,Medium (5-6.9),83,Low (<100),Released
14854,Lone Wolf McQuade,Lone Wolf McQuade,en,1983-04-14,1983.0,Action | Crime | Drama | Romance | Thriller | Western,Action,5000000,12232628,7232628,2.4465256,107.0,Standard (90-119 min),8.452666,5.5,Medium (5-6.9),67,Low (<100),Released
50357,Apollo 18,Apollo 18,en,2011-07-20,2011.0,Horror | Thriller | Science Fiction,Horror,5000000,25562924,20562924,5.1125848,86.0,Short (<90 min),17.028252,5.0,Medium (5-6.9),356,Medium (100-999),Released
13090,Sunshine Cleaning,Sunshine Cleaning,en,2008-01-18,2008.0,Comedy | Drama,Comedy,5000000,16174377,11174377,3.2348754,102.0,Standard (90-119 min),19.336367,6.5,Medium (5-6.9),255,Medium (100-999),Released
192141,No Escape,No Escape,en,2015-08-26,2015.0,Action | Thriller,Action,5000000,54418872,49418872,10.8837744,103.0,Standard (90-119 min),38.006982,6.7,Medium (5-6.9),777,Medium (100-999),Released
16441,The Beastmaster,The Beastmaster,en,1982-08-20,1982.0,Action | Fantasy,Action,0,14056528,14056528,0.0,118.0,Standard (90-119 min),6.377523,6.0,Medium (5-6.9),97,Low (<100),Released
29996,Solomon and Sheba,Solomon and Sheba,en,1959-12-25,1959.0,Drama | History | Romance | War,Drama,5000000,12200000,7200000,2.44,139.0,Long (120-149 min),0.835617,5.4,Medium (5-6.9),8,Low (<100),Released
351819,Fifty Shades of Black,Fifty Shades of Black,en,2016-01-28,2016.0,Romance | Comedy,Romance,20000000,21164799,1164799,1.05823995,92.0,Standard (90-119 min),14.947588,4.3,Low (<5),331,Medium (100-999),Released
14834,Not Easily Broken,Not Easily Broken,en,2009-01-09,2009.0,Drama | Romance,Drama,0,0,0,0.0,99.0,Standard (90-119 min),5.1299,6.3,Medium (5-6.9),9,Low (<100),Released
22649,A Farewell to Arms,A Farewell to Arms,en,1932-12-08,1932.0,Drama | Romance | War,Drama,4,25,21,6.25,89.0,Short (<90 min),1.199451,6.2,Medium (5-6.9),28,Low (<100),Released
378200,The Perfect Match,The Perfect Match,en,2016-03-11,2016.0,Comedy | Romance,Comedy,0,0,0,0.0,96.0,Standard (90-119 min),3.810827,5.2,Medium (5-6.9),42,Low (<100),Released
20455,Digimon: The Movie,Digimon: The Movie,en,2000-03-17,2000.0,Fantasy | Animation | Science Fiction | Family,Fantasy,5500000,0,-5500000,0.0,82.0,Short (<90 min),3.7387,6.2,Medium (5-6.9),72,Low (<100),Released
13193,Saved!,Saved!,en,2004-01-21,2004.0,Comedy | Drama,Comedy,0,0,0,0.0,92.0,Standard (90-119 min),9.85123,6.3,Medium (5-6.9),147,Medium (100-999),Released
11042,The Barbarian Invasions,Les Invasions barbares,fr,2003-05-21,2003.0,Comedy | Crime | Drama,Comedy,8000000,3432342,-4567658,0.42904275,99.0,Standard (90-119 min),3.03091,6.7,Medium (5-6.9),77,Low (<100),Released
10786,Robin and Marian,Robin and Marian,en,1976-03-11,1976.0,Action | Adventure | Drama | Romance,Action,0,0,0,0.0,106.0,Standard (90-119 min),3.199904,6.6,Medium (5-6.9),50,Low (<100),Released
12484,The Forsaken,The Forsaken,en,2001-04-27,2001.0,Action | Adventure | Horror | Thriller,Action,5000000,0,-5000000,0.0,90.0,Standard (90-119 min),2.739307,4.9,Low (<5),47,Low (<100),Released
17339,Force 10 from Navarone,Force 10 from Navarone,en,1978-11-01,1978.0,Action | Adventure | War | Thriller,Action,5000000,7230000,2230000,1.446,118.0,Standard (90-119 min),5.348446,6.4,Medium (5-6.9),91,Low (<100),Released
11959,UHF,UHF,en,1989-07-21,1989.0,Comedy,Comedy,5000000,0,-5000000,0.0,97.0,Standard (90-119 min),4.070044,6.7,Medium (5-6.9),89,Low (<100),Released
9900,Grandma's Boy,Grandma's Boy,en,2006-01-06,2006.0,Comedy,Comedy,0,6538177,6538177,0.0,94.0,Standard (90-119 min),9.974681,6.6,Medium (5-6.9),220,Medium (100-999),Released
14662,Slums of Beverly Hills,Slums of Beverly Hills,en,1998-08-14,1998.0,Comedy | Drama,Comedy,5000000,0,-5000000,0.0,91.0,Standard (90-119 min),6.308298,6.5,Medium (5-6.9),44,Low (<100),Released
335,Once Upon a Time in the West,C'era una volta il West,it,1968-12-21,1968.0,Western,Western,5000000,5321508,321508,1.0643016,175.0,Very Long (150+ min),49.333137,8.1,Excellent (8+),1128,High (1K-4.9K),Released
15745,Made,Made,en,2001-07-13,2001.0,Action | Comedy | Thriller,Action,5000000,5476060,476060,1.095212,94.0,Standard (90-119 min),4.149628,6.3,Medium (5-6.9),55,Low (<100),Released
17431,Moon,Moon,en,2009-06-12,2009.0,Science Fiction | Drama,Science Fiction,5000000,9760104,4760104,1.9520208,97.0,Standard (90-119 min),46.114184,7.6,Good (7-7.9),1794,High (1K-4.9K),Released
21014,Keeping Up with the Steins,Keeping Up with the Steins,en,2006-05-12,2006.0,Comedy,Comedy,0,0,0,0.0,90.0,Standard (90-119 min),3.562563,5.2,Medium (5-6.9),18,Low (<100),Released
78394,Sea Rex 3D: Journey to a Prehistoric World,Sea Rex 3D: Journey to a Prehistoric World,en,2010-05-14,2010.0,Documentary,Documentary,5000000,4074023,-925977,0.8148046,41.0,Short (<90 min),4.498368,5.9,Medium (5-6.9),11,Low (<100),Released
10217,The Sweet Hereafter,The Sweet Hereafter,en,1997-05-14,1997.0,Drama,Drama,5000000,3263585,-1736415,0.652717,112.0,Standard (90-119 min),7.673124,6.8,Medium (5-6.9),103,Medium (100-999),Released
46332,Of Gods and Men,Des hommes et des dieux,fr,2010-05-18,2010.0,Drama | History,Drama,4000000,41424067,37424067,10.35601675,120.0,Long (120-149 min),4.992475,6.5,Medium (5-6.9),91,Low (<100),Released
13996,Bottle Shock,Bottle Shock,en,2008-08-06,2008.0,Comedy | Drama,Comedy,5000000,4040588,-959412,0.8081176,110.0,Standard (90-119 min),6.174435,6.6,Medium (5-6.9),60,Low (<100),Released
3028,Jekyll and Hyde ... Together Again,Jekyll and Hyde ... Together Again,en,1982-11-10,1982.0,Comedy | Horror | Science Fiction,Comedy,0,0,0,0.0,87.0,Short (<90 min),0.805312,4.6,Low (<5),5,Low (<100),Released
1024,Heavenly Creatures,Heavenly Creatures,en,1994-09-02,1994.0,Drama | Fantasy,Drama,5000000,3049135,-1950865,0.609827,99.0,Standard (90-119 min),8.753409,7.0,Good (7-7.9),294,Medium (100-999),Released
343795,90 Minutes in Heaven,90 Minutes in Heaven,en,2015-09-11,2015.0,Drama,Drama,5000000,4842699,-157301,0.9685398,121.0,Long (120-149 min),3.943706,5.4,Medium (5-6.9),40,Low (<100),Released
45658,Everything Must Go,Everything Must Go,en,2010-10-15,2010.0,Comedy | Drama | Romance,Comedy,5000000,2614773,-2385227,0.5229546,97.0,Standard (90-119 min),9.169411,6.0,Medium (5-6.9),208,Medium (100-999),Released
16148,Zero Effect,Zero Effect,en,1998-01-30,1998.0,Comedy | Crime | Mystery | Thriller,Comedy,5000000,1980338,-3019662,0.3960676,116.0,Standard (90-119 min),2.732031,6.0,Medium (5-6.9),55,Low (<100),Released
4553,The Machinist,The Machinist,en,2004-02-09,2004.0,Thriller | Drama,Thriller,5000000,8203235,3203235,1.640647,101.0,Standard (90-119 min),35.252056,7.3,Good (7-7.9),1247,High (1K-4.9K),Released
36351,Light Sleeper,Light Sleeper,en,1992-08-21,1992.0,Drama | Crime,Drama,5000000,0,-5000000,0.0,103.0,Standard (90-119 min),6.063868,5.7,Medium (5-6.9),15,Low (<100),Released
245916,Kill the Messenger,Kill the Messenger,en,2014-10-09,2014.0,Thriller | Crime | Drama | Mystery,Thriller,5000000,2450846,-2549154,0.4901692,112.0,Standard (90-119 min),21.343093,6.6,Medium (5-6.9),355,Medium (100-999),Released
27585,Rabbit Hole,Rabbit Hole,en,2010-12-16,2010.0,Drama,Drama,5000000,5129058,129058,1.0258116,91.0,Standard (90-119 min),10.095184,6.9,Medium (5-6.9),165,Medium (100-999),Released
1415,Party Monster,Party Monster,en,2003-09-05,2003.0,Comedy | Drama | Crime,Comedy,5000000,742898,-4257102,0.1485796,98.0,Standard (90-119 min),4.129165,5.9,Medium (5-6.9),58,Low (<100),Released
313922,Green Room,Green Room,en,2016-04-15,2016.0,Horror | Crime | Thriller,Horror,5000000,3220371,-1779629,0.6440742,95.0,Standard (90-119 min),30.001024,6.7,Medium (5-6.9),683,Medium (100-999),Released
14474,The Oh in Ohio,The Oh in Ohio,en,2006-03-30,2006.0,Comedy | Drama | Romance,Comedy,5000000,0,-5000000,0.0,88.0,Short (<90 min),6.759235,5.8,Medium (5-6.9),27,Low (<100),Released
199933,Atlas Shrugged Part III: Who is John Galt?,Atlas Shrugged Part III: Who is John Galt?,en,2014-09-12,2014.0,Drama | Science Fiction | Mystery,Drama,5000000,846704,-4153296,0.1693408,99.0,Standard (90-119 min),1.731035,3.9,Low (<5),15,Low (<100),Released
13685,Bottle Rocket,Bottle Rocket,en,1996-02-21,1996.0,Comedy | Crime | Drama,Comedy,7000000,560069,-6439931,0.08000985714285715,91.0,Standard (90-119 min),11.700578,6.8,Medium (5-6.9),281,Medium (100-999),Released
8744,Albino Alligator,Albino Alligator,en,1996-09-09,1996.0,Crime | Drama | Thriller,Crime,6000000,0,-6000000,0.0,97.0,Standard (90-119 min),2.388683,5.6,Medium (5-6.9),45,Low (<100),Released
38428,"Gandhi, My Father","Gandhi, My Father",hi,2007-08-03,2007.0,Drama | Foreign | History,Drama,0,0,0,0.0,136.0,Long (120-149 min),0.080704,6.0,Medium (5-6.9),2,Low (<100),Released
8847,Standard Operating Procedure,Standard Operating Procedure,en,2008-02-12,2008.0,Documentary,Documentary,0,0,0,0.0,117.0,Standard (90-119 min),0.888986,6.6,Medium (5-6.9),14,Low (<100),Released
39269,Out of the Blue,Out of the Blue,en,1980-05-01,1980.0,Drama,Drama,0,0,0,0.0,94.0,Standard (90-119 min),0.679351,6.5,Medium (5-6.9),17,Low (<100),Released
46838,Tucker and Dale vs Evil,Tucker and Dale vs Evil,en,2010-01-22,2010.0,Comedy | Horror,Comedy,5000000,5476793,476793,1.0953586,89.0,Short (<90 min),19.940245,7.3,Good (7-7.9),847,Medium (100-999),Released
51384,"Lovely, Still","Lovely, Still",en,2008-01-01,2008.0,Drama | Romance,Drama,0,0,0,0.0,92.0,Standard (90-119 min),1.286991,6.2,Medium (5-6.9),13,Low (<100),Released
56930,Tycoon,Tycoon,en,1947-12-27,1947.0,Action | Drama | Romance,Action,0,0,0,0.0,128.0,Long (120-149 min),0.042442,6.6,Medium (5-6.9),4,Low (<100),Released
41730,Desert Blue,Desert Blue,en,1999-06-06,1999.0,Comedy | Drama,Comedy,0,0,0,0.0,90.0,Standard (90-119 min),1.116206,5.5,Medium (5-6.9),9,Low (<100),Released
18442,Decoys,Decoys,en,2004-02-27,2004.0,Horror | Science Fiction | Thriller,Horror,5000000,0,-5000000,0.0,95.0,Standard (90-119 min),3.05434,4.7,Low (<5),33,Low (<100),Released
298312,The Visit,The Visit,en,2015-09-10,2015.0,Horror | Thriller,Horror,5000000,98450062,93450062,19.6900124,94.0,Standard (90-119 min),38.94708,6.0,Medium (5-6.9),1360,High (1K-4.9K),Released
11600,Redacted,Redacted,en,2007-01-01,2007.0,Drama | War,Drama,5000000,782102,-4217898,0.1564204,90.0,Standard (90-119 min),3.792015,6.2,Medium (5-6.9),37,Low (<100),Released
71547,Fascination,Fascination,de,2004-10-13,2004.0,Romance | Thriller,Romance,0,0,0,0.0,95.0,Standard (90-119 min),0.219799,3.8,Low (<5),4,Low (<100),Released
57876,Area 51,Area 51,en,2015-05-15,2015.0,Horror | Thriller | Science Fiction,Horror,5000000,0,-5000000,0.0,91.0,Standard (90-119 min),7.794,4.2,Low (<5),151,Medium (100-999),Released
77495,Sleep Tight,Mientras duermes,es,2011-10-14,2011.0,Thriller,Thriller,5000000,0,-5000000,0.0,107.0,Standard (90-119 min),9.136965,7.0,Good (7-7.9),202,Medium (100-999),Released
13849,The Cottage,The Cottage,en,2008-02-07,2008.0,Horror | Comedy | Crime | Thriller,Horror,0,0,0,0.0,92.0,Standard (90-119 min),8.39685,6.3,Medium (5-6.9),80,Low (<100),Released
14849,Dead Like Me: Life After Death,Dead Like Me: Life After Death,en,2009-02-17,2009.0,Drama | Fantasy | Comedy,Drama,0,0,0,0.0,87.0,Short (<90 min),7.864905,5.8,Medium (5-6.9),65,Low (<100),Released
12486,Farce of the Penguins,Farce of the Penguins,en,2006-12-01,2006.0,Comedy | Documentary,Comedy,0,0,0,0.0,80.0,Short (<90 min),1.963219,3.2,Low (<5),13,Low (<100),Released
19615,Flying By,Flying By,en,2009-01-01,2009.0,Drama,Drama,0,0,0,0.0,95.0,Standard (90-119 min),1.546169,7.0,Good (7-7.9),2,Low (<100),Released
244403,Rudderless,Rudderless,en,2014-10-17,2014.0,Music | Drama | Comedy,Music,5000000,0,-5000000,0.0,105.0,Standard (90-119 min),10.619574,7.4,Good (7-7.9),105,Medium (100-999),Released
292481,Henry & Me,Henry & Me,en,2014-08-18,2014.0,Family | Animation,Family,5000000,0,-5000000,0.0,67.0,Short (<90 min),0.999655,3.0,Low (<5),3,Low (<100),Released
340816,Christmas Eve,Christmas Eve,en,2015-12-04,2015.0,Romance | Comedy,Romance,0,0,0,0.0,95.0,Standard (90-119 min),1.985243,6.1,Medium (5-6.9),24,Low (<100),Released
78814,We Have Your Husband,We Have Your Husband,en,2011-11-12,2011.0,TV Movie | Crime | Drama | Thriller,TV Movie,0,0,0,0.0,89.0,Short (<90 min),0.102003,5.0,Medium (5-6.9),3,Low (<100),Released
297596,Dying of the Light,Dying of the Light,en,2014-12-04,2014.0,Thriller | Drama,Thriller,15000000,0,-15000000,0.0,94.0,Standard (90-119 min),10.48009,4.5,Low (<5),118,Medium (100-999),Released
299552,Born Of War,Born Of War,en,2013-12-05,2013.0,Action | Thriller | War,Action,0,0,0,0.0,109.0,Standard (90-119 min),1.136568,4.1,Low (<5),7,Low (<100),Released
11935,Capricorn One,Capricorn One,en,1977-12-10,1977.0,Drama | Action | Thriller | Science Fiction,Drama,5000000,0,-5000000,0.0,123.0,Long (120-149 min),11.095219,6.4,Medium (5-6.9),131,Medium (100-999),Released
113406,Should've Been Romeo,Should've Been Romeo,en,2012-04-28,2012.0,Comedy | Drama,Comedy,0,0,0,0.0,0.0,Short (<90 min),0.40703,0.0,Low (<5),0,Low (<100),Released
447027,Running Forever,Running Forever,en,2015-10-27,2015.0,Family,Family,0,0,0,0.0,88.0,Short (<90 min),0.028756,0.0,Low (<5),0,Low (<100),Released
290825,Yoga Hosers,Yoga Hosers,en,2016-07-08,2016.0,Comedy | Fantasy | Horror | Thriller,Comedy,5000000,0,-5000000,0.0,88.0,Short (<90 min),8.618793,4.7,Low (<5),102,Medium (100-999),Released
361159,Navy Seals vs. Zombies,Navy Seals vs. Zombies,en,2015-10-08,2015.0,Horror | Action,Horror,0,0,0,0.0,97.0,Standard (90-119 min),2.394613,3.5,Low (<5),36,Low (<100),Released
12555,I Served the King of England,Obsluhoval jsem anglického krále,cs,2006-12-19,2006.0,Comedy | Drama,Comedy,0,0,0,0.0,120.0,Long (120-149 min),2.387463,7.0,Good (7-7.9),22,Low (<100),Released
31175,Soul Kitchen,Soul Kitchen,de,2009-09-09,2009.0,Drama | Comedy,Drama,5000000,17872796,12872796,3.5745592,99.0,Standard (90-119 min),5.461487,7.1,Good (7-7.9),116,Medium (100-999),Released
12498,Sling Blade,Sling Blade,en,1996-08-30,1996.0,Drama,Drama,1000000,24475416,23475416,24.475416,135.0,Long (120-149 min),14.805264,7.4,Good (7-7.9),231,Medium (100-999),Released
77949,The Awakening,The Awakening,en,2011-08-17,2011.0,Horror | Thriller,Horror,4798235,209696,-4588539,0.043702736527077145,107.0,Standard (90-119 min),25.30216,6.3,Medium (5-6.9),458,Medium (100-999),Released
1690,Hostel,Hostel,en,2005-01-06,2005.0,Horror,Horror,4800000,80578934,75778934,16.787277916666667,94.0,Standard (90-119 min),38.83192,5.7,Medium (5-6.9),887,Medium (100-999),Released
8435,A Cock and Bull Story,A Cock and Bull Story,en,2005-07-17,2005.0,Comedy | Drama,Comedy,0,0,0,0.0,94.0,Standard (90-119 min),3.500741,6.2,Medium (5-6.9),43,Low (<100),Released
64720,Take Shelter,Take Shelter,en,2011-11-25,2011.0,Thriller | Drama,Thriller,5000000,3099314,-1900686,0.6198628,120.0,Long (120-149 min),19.807295,7.1,Good (7-7.9),471,Medium (100-999),Released
49365,Lady in White,Lady in White,en,1988-04-22,1988.0,Horror | Thriller,Horror,0,0,0,0.0,112.0,Standard (90-119 min),1.435742,6.3,Medium (5-6.9),25,Low (<100),Released
11404,Driving Lessons,Driving Lessons,en,2006-04-30,2006.0,Drama | Comedy,Drama,0,0,0,0.0,98.0,Standard (90-119 min),7.667888,6.3,Medium (5-6.9),47,Low (<100),Released
300706,Let's Kill Ward's Wife,Let's Kill Ward's Wife,en,2014-12-23,2014.0,Comedy,Comedy,5000000,0,-5000000,0.0,81.0,Short (<90 min),8.496364,5.5,Medium (5-6.9),76,Low (<100),Released
16337,The Texas Chainsaw Massacre 2,The Texas Chainsaw Massacre 2,en,1986-08-22,1986.0,Horror,Horror,4700000,8025872,3325872,1.707632340425532,101.0,Standard (90-119 min),9.617777,5.9,Medium (5-6.9),139,Medium (100-999),Released
11577,Pat Garrett & Billy the Kid,Pat Garrett & Billy the Kid,en,1973-05-23,1973.0,Western,Western,4638783,11000000,6361217,2.3713116134123973,106.0,Standard (90-119 min),4.495256,7.2,Good (7-7.9),65,Low (<100),Released
77987,Only God Forgives,Only God Forgives,en,2013-05-30,2013.0,Drama | Thriller | Crime,Drama,4800000,10337387,5537387,2.1536222916666667,90.0,Standard (90-119 min),35.754865,5.6,Medium (5-6.9),862,Medium (100-999),Released
40185,Camping Sauvage,Camping Sauvage,fr,2005-10-13,2005.0,Drama | Romance,Drama,0,0,0,0.0,80.0,Short (<90 min),0.20323,4.8,Low (<5),4,Low (<100),Released
68202,Without Men,Without Men,en,2011-06-29,2011.0,Comedy | Romance,Comedy,4,0,-4,0.0,83.0,Short (<90 min),0.28076,4.6,Low (<5),8,Low (<100),Released
8981,Dear Frankie,Dear Frankie,en,2004-05-18,2004.0,Drama | Family,Drama,0,0,0,0.0,105.0,Standard (90-119 min),3.11319,7.0,Good (7-7.9),46,Low (<100),Released
10914,All Hat,All Hat,en,2007-09-11,2007.0,Action | Comedy | Drama | Western,Action,0,0,0,0.0,89.0,Short (<90 min),0.137535,1.0,Low (<5),1,Low (<100),Released
50848,The Names of Love,Le Nom des gens,fr,2010-11-24,2010.0,Drama | Comedy | Romance,Drama,4600000,0,-4600000,0.0,100.0,Standard (90-119 min),6.368933,7.3,Good (7-7.9),93,Low (<100),Released
166624,Treading Water,Treading Water,en,2013-09-13,2013.0,Drama | Comedy,Drama,4700000,0,-4700000,0.0,92.0,Standard (90-119 min),0.217538,5.6,Medium (5-6.9),6,Low (<100),Released
10822,Savage Grace,Savage Grace,en,2007-05-18,2007.0,Drama,Drama,4600000,0,-4600000,0.0,97.0,Standard (90-119 min),3.531877,5.7,Medium (5-6.9),60,Low (<100),Released
10844,Out of the Blue,Out of the Blue,en,2006-10-12,2006.0,Drama,Drama,0,0,0,0.0,103.0,Standard (90-119 min),0.706355,5.9,Medium (5-6.9),18,Low (<100),Released
9336,Police Academy,Police Academy,en,1984-03-22,1984.0,Comedy | Crime,Comedy,4500000,146198896,141698896,32.488643555555555,96.0,Standard (90-119 min),15.002502,6.5,Medium (5-6.9),602,Medium (100-999),Released
5689,The Blue Lagoon,The Blue Lagoon,en,1980-07-05,1980.0,Romance | Adventure | Drama,Romance,4500000,58853106,54353106,13.078468,104.0,Standard (90-119 min),22.585384,5.8,Medium (5-6.9),408,Medium (100-999),Released
712,Four Weddings and a Funeral,Four Weddings and a Funeral,en,1994-03-09,1994.0,Comedy | Drama | Romance,Comedy,6000000,254700832,248700832,42.45013866666667,117.0,Standard (90-119 min),29.834065,6.6,Medium (5-6.9),632,Medium (100-999),Released
13342,Fast Times at Ridgemont High,Fast Times at Ridgemont High,en,1982-08-13,1982.0,Comedy,Comedy,4500000,27092880,22592880,6.02064,90.0,Standard (90-119 min),20.403344,7.0,Good (7-7.9),322,Medium (100-999),Released
10339,Moby Dick,Moby Dick,en,1956-06-27,1956.0,Adventure | Drama,Adventure,4500000,10400000,5900000,2.311111111111111,116.0,Standard (90-119 min),5.224593,6.9,Medium (5-6.9),89,Low (<100),Released
1429,25th Hour,25th Hour,en,2002-12-16,2002.0,Crime | Drama,Crime,15000000,13060843,-1939157,0.8707228666666667,135.0,Long (120-149 min),30.196039,7.2,Good (7-7.9),629,Medium (100-999),Released
9303,Bound,Bound,en,1996-09-13,1996.0,Crime | Drama | Romance | Thriller,Crime,4500000,7011317,2511317,1.5580704444444444,108.0,Standard (90-119 min),15.359952,6.9,Medium (5-6.9),198,Medium (100-999),Released
641,Requiem for a Dream,Requiem for a Dream,en,2000-10-27,2000.0,Crime | Drama,Crime,4500000,7390108,2890108,1.6422462222222223,102.0,Standard (90-119 min),11.573034,7.9,Good (7-7.9),2443,High (1K-4.9K),Released
27686,State Fair,State Fair,en,1945-08-29,1945.0,Music | Romance,Music,0,0,0,0.0,96.0,Standard (90-119 min),1.847822,6.2,Medium (5-6.9),19,Low (<100),Released
65749,Tango,"Tango, no me dejes nunca",es,1998-02-12,1998.0,Drama | Foreign | Romance,Drama,0,0,0,0.0,115.0,Standard (90-119 min),0.425551,6.8,Medium (5-6.9),6,Low (<100),Released
6106,Salvador,Salvador,en,1986-04-23,1986.0,Drama,Drama,4500000,0,-4500000,0.0,123.0,Long (120-149 min),3.819796,7.0,Good (7-7.9),71,Low (<100),Released
252680,Moms' Night Out,Moms' Night Out,en,2014-03-25,2014.0,Comedy,Comedy,5000000,10429707,5429707,2.0859414,98.0,Standard (90-119 min),10.274542,5.5,Medium (5-6.9),121,Medium (100-999),Released
141,Donnie Darko,Donnie Darko,en,2001-01-18,2001.0,Fantasy | Drama | Mystery,Fantasy,6000000,1270522,-4729478,0.21175366666666667,113.0,Standard (90-119 min),61.210016,7.7,Good (7-7.9),3452,High (1K-4.9K),Released
66607,Saving Private Perez,Salvando al Soldado Perez,en,2011-03-18,2011.0,Action | Comedy | Foreign,Action,0,0,0,0.0,105.0,Standard (90-119 min),0.177356,6.1,Medium (5-6.9),18,Low (<100),Released
17139,Character,Karakter,nl,1997-04-17,1997.0,Drama | Foreign | History,Drama,4500000,0,-4500000,0.0,122.0,Long (120-149 min),0.011697,7.7,Good (7-7.9),25,Low (<100),Released
12079,Spun,Spun,en,2002-06-01,2002.0,Comedy | Crime | Drama,Comedy,2000000,0,-2000000,0.0,101.0,Standard (90-119 min),6.249262,6.6,Medium (5-6.9),132,Medium (100-999),Released
39800,Life During Wartime,Life During Wartime,en,2009-10-10,2009.0,Comedy | Drama,Comedy,4500000,744816,-3755184,0.16551466666666667,97.0,Standard (90-119 min),3.108881,6.3,Medium (5-6.9),30,Low (<100),Released
4550,Sympathy for Lady Vengeance,친절한 금자씨,ko,2005-07-29,2005.0,Drama | Thriller,Drama,0,23803308,23803308,0.0,115.0,Standard (90-119 min),17.074843,7.4,Good (7-7.9),356,Medium (100-999),Released
62116,Mozart's Sister,"Nannerl, la soeur de Mozart",fr,2010-06-09,2010.0,Drama,Drama,0,0,0,0.0,120.0,Long (120-149 min),0.774442,6.2,Medium (5-6.9),13,Low (<100),Released
9991,Mean Machine,Mean Machine,en,2001-12-26,2001.0,Comedy | Drama,Comedy,0,0,0,0.0,99.0,Standard (90-119 min),8.816995,6.0,Medium (5-6.9),157,Medium (100-999),Released
13807,Exiled,放‧逐,cn,2006-09-06,2006.0,Action | Crime | Thriller,Action,4500000,0,-4500000,0.0,110.0,Standard (90-119 min),8.48639,7.0,Good (7-7.9),46,Low (<100),Released
68818,Blackthorn,Blackthorn,en,2011-08-31,2011.0,Adventure | Action | Western,Adventure,0,623528,623528,0.0,98.0,Standard (90-119 min),5.223096,6.6,Medium (5-6.9),73,Low (<100),Released
12093,Lilya 4-ever,Lilja 4-Ever,sv,2002-08-23,2002.0,Crime | Drama,Crime,0,0,0,0.0,109.0,Standard (90-119 min),7.759215,7.7,Good (7-7.9),139,Medium (100-999),Released
36419,After.Life,After.Life,en,2010-04-09,2010.0,Drama | Horror | Mystery | Thriller,Drama,4500000,3606395,-893605,0.8014211111111111,104.0,Standard (90-119 min),14.570359,5.4,Medium (5-6.9),251,Medium (100-999),Released
281730,Fugly,Fugly,en,2014-06-13,2014.0,Comedy | Drama | Thriller,Comedy,0,0,0,0.0,134.0,Long (120-149 min),0.371337,5.3,Medium (5-6.9),2,Low (<100),Released
510,One Flew Over the Cuckoo's Nest,One Flew Over the Cuckoo's Nest,en,1975-11-18,1975.0,Drama,Drama,3000000,108981275,105981275,36.32709166666667,133.0,Long (120-149 min),127.525581,8.2,Excellent (8+),2919,High (1K-4.9K),Released
362105,R.L. Stine's Monsterville: The Cabinet of Souls,R.L. Stine's Monsterville: The Cabinet of Souls,en,2015-09-29,2015.0,Comedy | Horror,Comedy,4400000,0,-4400000,0.0,85.0,Short (<90 min),3.898737,6.9,Medium (5-6.9),35,Low (<100),Released
10970,Silent Movie,Silent Movie,en,1976-06-17,1976.0,Comedy,Comedy,0,0,0,0.0,86.0,Short (<90 min),7.315935,6.7,Medium (5-6.9),78,Low (<100),Released
375290,Airlift,Airlift,hi,2016-01-22,2016.0,Thriller | Action | Drama | History,Thriller,4500000,32000000,27500000,7.111111111111111,126.0,Long (120-149 min),2.551559,7.3,Good (7-7.9),57,Low (<100),Released
17663,Anne of Green Gables,Anne of Green Gables,en,1985-12-01,1985.0,Drama | Family,Drama,0,0,0,0.0,199.0,Very Long (150+ min),8.772574,8.2,Excellent (8+),68,Low (<100),Released
270938,Falcon Rising,Falcon Rising,en,2014-09-05,2014.0,Adventure | Action,Adventure,0,0,0,0.0,103.0,Standard (90-119 min),6.988357,5.5,Medium (5-6.9),71,Low (<100),Released
116613,The Sweeney,The Sweeney,en,2012-09-11,2012.0,Action | Drama | Crime,Action,3730500,6294161,2563661,1.6872164589197158,112.0,Standard (90-119 min),6.938854,5.7,Medium (5-6.9),109,Medium (100-999),Released
11826,Sexy Beast,Sexy Beast,en,2000-09-13,2000.0,Crime | Drama | Thriller,Crime,5000000,0,-5000000,0.0,89.0,Short (<90 min),11.21273,7.0,Good (7-7.9),217,Medium (100-999),Released
29920,Easy Money,Snabba Cash,sv,2010-01-15,2010.0,Drama | Thriller | Crime,Drama,0,0,0,0.0,124.0,Long (120-149 min),7.217328,6.5,Medium (5-6.9),63,Low (<100),Released
1088,Whale Rider,Whale Rider,en,2003-01-30,2003.0,Drama | Family,Drama,8000000,41400000,33400000,5.175,101.0,Standard (90-119 min),12.439495,7.1,Good (7-7.9),111,Medium (100-999),Released
26379,Paa,Paa,en,2009-12-04,2009.0,Drama | Family | Foreign,Drama,3250000,0,-3250000,0.0,133.0,Long (120-149 min),2.126139,6.6,Medium (5-6.9),19,Low (<100),Released
34069,Cargo,Cargo,de,2009-09-24,2009.0,Thriller | Mystery | Science Fiction,Thriller,0,0,0,0.0,120.0,Long (120-149 min),10.142218,5.9,Medium (5-6.9),140,Medium (100-999),Released
10947,High School Musical,High School Musical,en,2006-01-20,2006.0,Comedy | Drama | Family | Music | TV Movie,Comedy,4200000,0,-4200000,0.0,98.0,Standard (90-119 min),16.536374,6.1,Medium (5-6.9),1000,High (1K-4.9K),Released
47452,Love and Death on Long Island,Love and Death on Long Island,en,1997-01-01,1997.0,Drama | Romance | Foreign,Drama,0,0,0,0.0,93.0,Standard (90-119 min),0.933891,6.9,Medium (5-6.9),11,Low (<100),Released
3040,Night Watch,Ночной дозор,ru,2004-06-27,2004.0,Fantasy | Action | Thriller,Fantasy,4200000,32000000,27800000,7.619047619047619,114.0,Standard (90-119 min),12.540624,6.3,Medium (5-6.9),210,Medium (100-999),Released
11386,The Crying Game,The Crying Game,en,1992-09-02,1992.0,Romance | Crime | Drama | Thriller,Romance,3705538,62548947,58843409,16.879855772630048,112.0,Standard (90-119 min),8.839651,6.9,Medium (5-6.9),176,Medium (100-999),Released
10246,Porky's,Porky's,en,1981-11-13,1981.0,Comedy,Comedy,4000000,125728258,121728258,31.4320645,94.0,Standard (90-119 min),12.891276,6.1,Medium (5-6.9),183,Medium (100-999),Released
29426,Survival of the Dead,Survival of the Dead,en,2010-05-06,2010.0,Horror | Science Fiction,Horror,4000000,0,-4000000,0.0,90.0,Standard (90-119 min),10.789912,4.6,Low (<5),116,Medium (100-999),Released
10331,Night of the Living Dead,Night of the Living Dead,en,1968-10-01,1968.0,Horror,Horror,114000,30000000,29886000,263.1578947368421,96.0,Standard (90-119 min),25.666029,7.5,Good (7-7.9),580,Medium (100-999),Released
153,Lost in Translation,Lost in Translation,en,2003-08-31,2003.0,Drama,Drama,4000000,119723856,115723856,29.930964,102.0,Standard (90-119 min),45.66662,7.3,Good (7-7.9),1895,High (1K-4.9K),Released
703,Annie Hall,Annie Hall,en,1977-04-19,1977.0,Comedy | Drama | Romance,Comedy,4000000,38251425,34251425,9.56285625,93.0,Standard (90-119 min),35.892034,7.8,Good (7-7.9),1010,High (1K-4.9K),Released
27191,The Greatest Show on Earth,The Greatest Show on Earth,en,1952-01-10,1952.0,Action | Drama | Romance,Action,4000000,36000000,32000000,9.0,152.0,Very Long (150+ min),8.988455,6.6,Medium (5-6.9),50,Low (<100),Released
1365,Monster's Ball,Monster's Ball,en,2001-11-11,2001.0,Drama | Romance,Drama,4000000,44909486,40909486,11.2273715,111.0,Standard (90-119 min),14.042041,6.5,Medium (5-6.9),250,Medium (100-999),Released
287424,Maggie,Maggie,en,2015-05-08,2015.0,Horror,Horror,4000000,187112,-3812888,0.046778,95.0,Standard (90-119 min),40.016306,5.2,Medium (5-6.9),593,Medium (100-999),Released
451,Leaving Las Vegas,Leaving Las Vegas,en,1995-10-27,1995.0,Drama | Romance,Drama,3600000,49800000,46200000,13.833333333333334,112.0,Standard (90-119 min),22.030517,7.1,Good (7-7.9),360,Medium (100-999),Released
165864,Hansel and Gretel Get Baked,Hansel and Gretel Get Baked,en,2013-02-19,2013.0,Horror | Comedy,Horror,4500000,0,-4500000,0.0,86.0,Short (<90 min),2.503612,4.8,Low (<5),67,Low (<100),Released
987,The Front Page,The Front Page,en,1974-12-01,1974.0,Romance | Drama | Comedy,Romance,4000000,0,-4000000,0.0,105.0,Standard (90-119 min),4.117968,6.9,Medium (5-6.9),68,Low (<100),Released
241251,The Boy Next Door,The Boy Next Door,en,2015-01-23,2015.0,Thriller,Thriller,4000000,52425855,48425855,13.10646375,91.0,Standard (90-119 min),24.161735,4.1,Low (<5),1022,High (1K-4.9K),Released
40494,Trapeze,Trapeze,en,1956-05-30,1956.0,Drama,Drama,4000000,14400000,10400000,3.6,105.0,Standard (90-119 min),1.379354,6.4,Medium (5-6.9),22,Low (<100),Released
39781,The Kids Are All Right,The Kids Are All Right,en,2010-07-09,2010.0,Comedy | Drama,Comedy,3500000,34705850,31205850,9.915957142857144,106.0,Standard (90-119 min),15.338211,6.5,Medium (5-6.9),506,Medium (100-999),Released
8337,They Live,They Live,en,1988-11-23,1988.0,Action | Horror | Science Fiction | Thriller,Action,4000000,13008928,9008928,3.252232,94.0,Standard (90-119 min),29.852608,7.1,Good (7-7.9),550,Medium (100-999),Released
5925,The Great Escape,The Great Escape,en,1963-06-20,1963.0,Adventure | Drama | History | Thriller | War,Adventure,4000000,11744471,7744471,2.93611775,172.0,Very Long (150+ min),35.061467,7.8,Good (7-7.9),717,Medium (100-999),Released
8357,What the #$*! Do We (K)now!?,What the #$*! Do We (K)now!?,en,2004-04-23,2004.0,Documentary,Documentary,0,10000000,10000000,0.0,109.0,Standard (90-119 min),7.288352,5.8,Medium (5-6.9),34,Low (<100),Released
146203,The Last Exorcism Part II,The Last Exorcism Part II,en,2013-02-28,2013.0,Horror | Thriller,Horror,5000000,15179302,10179302,3.0358604,88.0,Short (<90 min),10.605752,4.4,Low (<5),203,Medium (100-999),Released
85350,Boyhood,Boyhood,en,2014-06-05,2014.0,Drama,Drama,4000000,44349000,40349000,11.08725,164.0,Very Long (150+ min),43.40352,7.5,Good (7-7.9),1971,High (1K-4.9K),Released
512,Scoop,Scoop,en,2006-07-27,2006.0,Comedy | Mystery,Comedy,4000000,31584901,27584901,7.89622525,96.0,Standard (90-119 min),17.229537,6.4,Medium (5-6.9),420,Medium (100-999),Released
13408,The Wash,The Wash,en,2001-11-16,2001.0,Action | Comedy,Action,7000000,10229331,3229331,1.461333,93.0,Standard (90-119 min),2.453459,5.3,Medium (5-6.9),26,Low (<100),Released
47816,3 Strikes,3 Strikes,en,2000-03-01,2000.0,Action | Comedy | Romance,Action,6000000,9000000,3000000,1.5,82.0,Short (<90 min),1.433692,5.9,Medium (5-6.9),15,Low (<100),Released
10744,The Cooler,The Cooler,en,2003-01-17,2003.0,Drama | Romance,Drama,32000000,0,-32000000,0.0,101.0,Standard (90-119 min),9.976428,6.7,Medium (5-6.9),89,Low (<100),Released
11536,The Misfits,The Misfits,en,1961-01-01,1961.0,Drama | Action | Romance,Drama,4000000,8200000,4200000,2.05,124.0,Long (120-149 min),2.930058,6.8,Medium (5-6.9),72,Low (<100),Released
9782,The Night Listener,The Night Listener,en,2006-02-12,2006.0,Drama | Thriller,Drama,0,0,0,0.0,91.0,Standard (90-119 min),7.173059,5.5,Medium (5-6.9),57,Low (<100),Released
18713,The Jerky Boys,The Jerky Boys,en,1995-02-03,1995.0,Comedy | Crime,Comedy,0,0,0,0.0,82.0,Short (<90 min),1.735462,4.8,Low (<5),10,Low (<100),Released
6537,The Orphanage,El orfanato,es,2007-08-27,2007.0,Horror | Drama | Thriller,Horror,0,44000000,44000000,0.0,105.0,Standard (90-119 min),29.071955,7.1,Good (7-7.9),633,Medium (100-999),Released
184345,A Haunted House 2,A Haunted House 2,en,2014-04-17,2014.0,Comedy | Horror,Comedy,0,0,0,0.0,87.0,Short (<90 min),18.428909,5.4,Medium (5-6.9),346,Medium (100-999),Released
1809,The Rules of Attraction,The Rules of Attraction,en,2002-10-11,2002.0,Comedy | Drama | Romance,Comedy,4000000,0,-4000000,0.0,110.0,Standard (90-119 min),11.387335,6.3,Medium (5-6.9),168,Medium (100-999),Released
2370,Topaz,Topaz,en,1969-12-18,1969.0,Action | Drama | Mystery | Thriller,Action,4000000,6000000,2000000,1.5,143.0,Long (120-149 min),5.975604,6.1,Medium (5-6.9),77,Low (<100),Released
9809,Let's Go to Prison,Let's Go to Prison,en,2006-11-17,2006.0,Comedy | Crime,Comedy,4000000,4630045,630045,1.15751125,84.0,Short (<90 min),4.59841,5.5,Medium (5-6.9),69,Low (<100),Released
5,Four Rooms,Four Rooms,en,1995-12-09,1995.0,Crime | Comedy,Crime,4000000,4300000,300000,1.075,98.0,Standard (90-119 min),22.87623,6.5,Medium (5-6.9),530,Medium (100-999),Released
11013,Secretary,Secretary,en,2002-01-11,2002.0,Comedy | Drama | Romance,Comedy,4000000,9304609,5304609,2.32615225,104.0,Standard (90-119 min),19.107285,6.7,Medium (5-6.9),376,Medium (100-999),Released
19153,The Real Cancun,The Real Cancun,en,2003-04-23,2003.0,Documentary,Documentary,0,0,0,0.0,96.0,Standard (90-119 min),0.456485,3.3,Low (<5),8,Low (<100),Released
10132,Talk Radio,Talk Radio,en,1988-12-21,1988.0,Drama,Drama,4000000,3468572,-531428,0.867143,110.0,Standard (90-119 min),4.541908,6.7,Medium (5-6.9),46,Low (<100),Released
16448,Waiting for Guffman,Waiting for Guffman,en,1996-01-31,1996.0,Music | Comedy,Music,0,0,0,0.0,84.0,Short (<90 min),4.348416,7.3,Good (7-7.9),63,Low (<100),Released
15122,Love Stinks,Love Stinks,en,1999-09-10,1999.0,Comedy | Romance,Comedy,0,0,0,0.0,94.0,Standard (90-119 min),3.347885,5.4,Medium (5-6.9),11,Low (<100),Released
8141,You Kill Me,You Kill Me,en,2007-02-09,2007.0,Comedy | Crime | Thriller | Romance,Comedy,4000000,2426851,-1573149,0.60671275,90.0,Standard (90-119 min),6.091951,6.2,Medium (5-6.9),80,Low (<100),Released
1546,Thumbsucker,Thumbsucker,en,2005-01-23,2005.0,Comedy | Drama,Comedy,0,1919197,1919197,0.0,96.0,Standard (90-119 min),4.757625,6.1,Medium (5-6.9),67,Low (<100),Released
48572,Red State,Red State,en,2011-08-19,2011.0,Horror | Action | Thriller,Horror,4000000,1104682,-2895318,0.2761705,88.0,Short (<90 min),12.062371,5.9,Medium (5-6.9),316,Medium (100-999),Released
14517,Mirrormask,Mirrormask,en,2005-01-25,2005.0,Fantasy,Fantasy,4000000,866999,-3133001,0.21674975,101.0,Standard (90-119 min),7.758188,6.6,Medium (5-6.9),102,Medium (100-999),Released
89708,Samsara,Samsara,en,2011-09-16,2011.0,Drama | Documentary,Drama,4000000,0,-4000000,0.0,102.0,Standard (90-119 min),12.781973,8.0,Excellent (8+),167,Medium (100-999),Released
27551,The Barbarians,The Barbarians,en,1987-03-01,1987.0,Fantasy | Adventure,Fantasy,0,0,0,0.0,87.0,Short (<90 min),1.631993,5.1,Medium (5-6.9),8,Low (<100),Released
64678,The Art of Getting By,The Art of Getting By,en,2011-06-17,2011.0,Drama | Romance,Drama,0,1406224,1406224,0.0,83.0,Short (<90 min),12.690224,6.5,Medium (5-6.9),415,Medium (100-999),Released
309503,Zipper,Zipper,en,2015-08-28,2015.0,Thriller | Drama,Thriller,0,0,0,0.0,103.0,Standard (90-119 min),8.516229,5.5,Medium (5-6.9),58,Low (<100),Released
14293,Poolhall Junkies,Poolhall Junkies,en,2002-06-07,2002.0,Comedy | Drama | Thriller,Comedy,0,0,0,0.0,99.0,Standard (90-119 min),5.90259,6.5,Medium (5-6.9),25,Low (<100),Released
15059,The Loss of Sexual Innocence,The Loss of Sexual Innocence,en,1999-04-29,1999.0,Drama,Drama,4000000,0,-4000000,0.0,106.0,Standard (90-119 min),2.866934,5.2,Medium (5-6.9),9,Low (<100),Released
103328,Holy Motors,Holy Motors,en,2012-07-02,2012.0,Drama | Fantasy,Drama,0,641100,641100,0.0,115.0,Standard (90-119 min),9.140936,6.9,Medium (5-6.9),228,Medium (100-999),Released
157847,Joe,Joe,en,2014-04-11,2014.0,Drama,Drama,4000000,2365467,-1634533,0.59136675,118.0,Standard (90-119 min),22.987897,6.5,Medium (5-6.9),338,Medium (100-999),Released
25719,Shooting Fish,Shooting Fish,en,1997-08-22,1997.0,Crime | Comedy | Romance,Crime,3000000,302204,-2697796,0.10073466666666667,109.0,Standard (90-119 min),1.204941,7.0,Good (7-7.9),23,Low (<100),Released
48309,Prison,Prison,en,1988-03-04,1988.0,Crime | Drama | Horror | Thriller,Crime,1300000,354704,-945296,0.2728492307692308,102.0,Standard (90-119 min),7.605291,6.7,Medium (5-6.9),27,Low (<100),Released
27723,Psycho Beach Party,Psycho Beach Party,en,2000-08-06,2000.0,Comedy,Comedy,1500000,0,-1500000,0.0,95.0,Standard (90-119 min),2.855963,6.0,Medium (5-6.9),26,Low (<100),Released
20468,The Big Tease,The Big Tease,en,1999-01-01,1999.0,Comedy | Foreign,Comedy,0,0,0,0.0,87.0,Short (<90 min),0.502396,5.8,Medium (5-6.9),6,Low (<100),Released
242575,"Guten Tag, Ramón","Guten Tag, Ramón",en,2013-10-18,2013.0,Drama,Drama,4000000,0,-4000000,0.0,119.0,Standard (90-119 min),1.771584,8.1,Excellent (8+),18,Low (<100),Released
44945,Trust,Trust,en,2010-09-10,2010.0,Crime | Drama | Thriller,Crime,9500000,120000,-9380000,0.01263157894736842,104.0,Standard (90-119 min),21.230737,6.6,Medium (5-6.9),307,Medium (100-999),Released
29122,An Everlasting Piece,An Everlasting Piece,en,2000-12-22,2000.0,Comedy | Crime,Comedy,0,0,0,0.0,103.0,Standard (90-119 min),0.068246,6.0,Medium (5-6.9),1,Low (<100),Released
125123,Among Giants,Among Giants,en,1998-06-24,1998.0,Comedy | Romance,Comedy,0,0,0,0.0,93.0,Standard (90-119 min),0.541652,4.5,Low (<5),2,Low (<100),Released
111190,Adore,Adore,en,2013-04-03,2013.0,Drama,Drama,16000000,318982,-15681018,0.019936375,100.0,Standard (90-119 min),18.790221,6.1,Medium (5-6.9),291,Medium (100-999),Released
133575,The Velocity of Gary,The Velocity of Gary,en,1999-07-16,1999.0,Drama | Romance,Drama,4000000,0,-4000000,0.0,100.0,Standard (90-119 min),0.409089,4.2,Low (<5),5,Low (<100),Released
54580,Mondays in the Sun,Los lunes al sol,es,2002-09-27,2002.0,Drama,Drama,4000000,146402,-3853598,0.0366005,113.0,Standard (90-119 min),3.663108,7.1,Good (7-7.9),36,Low (<100),Released
52015,Stake Land,Stake Land,en,2010-09-30,2010.0,Drama | Horror | Action | Thriller | Science Fiction,Drama,650000,33245,-616755,0.05114615384615385,98.0,Standard (90-119 min),12.496261,6.2,Medium (5-6.9),285,Medium (100-999),Released
34941,The Last Time I Committed Suicide,The Last Time I Committed Suicide,en,1997-06-20,1997.0,Drama,Drama,0,0,0,0.0,92.0,Standard (90-119 min),0.596889,6.7,Medium (5-6.9),7,Low (<100),Released
227975,Futuro Beach,Praia do Futuro,pt,2014-05-01,2014.0,Drama,Drama,0,0,0,0.0,106.0,Standard (90-119 min),2.611364,6.4,Medium (5-6.9),31,Low (<100),Released
60422,Another Happy Day,Another Happy Day,en,2011-11-18,2011.0,Comedy | Drama,Comedy,4000000,355688,-3644312,0.088922,119.0,Standard (90-119 min),3.238466,6.2,Medium (5-6.9),37,Low (<100),Released
81390,A Lonely Place to Die,A Lonely Place to Die,en,2011-04-09,2011.0,Adventure | Action | Thriller | Crime,Adventure,4000000,25345000,21345000,6.33625,99.0,Standard (90-119 min),8.30723,6.2,Medium (5-6.9),157,Medium (100-999),Released
10981,Nothing,Nothing,en,2003-09-09,2003.0,Comedy | Fantasy | Science Fiction,Comedy,0,0,0,0.0,90.0,Standard (90-119 min),3.408955,5.8,Medium (5-6.9),38,Low (<100),Released
225235,The Geographer Drank His Globe Away,Географ глобус пропил,ru,2013-07-26,2013.0,Drama,Drama,0,4037782,4037782,0.0,120.0,Long (120-149 min),1.876621,7.3,Good (7-7.9),23,Low (<100),Released
14902,1776,1776,en,1972-11-09,1972.0,Drama | Comedy | History | Music,Drama,0,0,0,0.0,142.0,Long (120-149 min),1.807571,7.1,Good (7-7.9),20,Low (<100),Released
121676,Inescapable,Inescapable,en,2012-09-14,2012.0,Thriller | Romance,Thriller,0,0,0,0.0,93.0,Standard (90-119 min),6.783053,5.2,Medium (5-6.9),13,Low (<100),Released
22301,Hell's Angels,Hell's Angels,en,1930-11-15,1930.0,Action | Drama | History,Action,3950000,8000000,4050000,2.0253164556962027,127.0,Long (120-149 min),8.484123,6.1,Medium (5-6.9),19,Low (<100),Released
20065,Purple Violets,Purple Violets,en,2007-04-30,2007.0,Comedy | Drama | Romance,Comedy,4000000,0,-4000000,0.0,103.0,Standard (90-119 min),0.936232,5.7,Medium (5-6.9),9,Low (<100),Released
257087,The Veil,The Veil,en,2016-04-21,2016.0,Horror,Horror,4000000,0,-4000000,0.0,93.0,Standard (90-119 min),12.822534,4.5,Low (<5),118,Medium (100-999),Released
46420,The Loved Ones,The Loved Ones,en,2009-09-13,2009.0,Horror,Horror,0,0,0,0.0,84.0,Short (<90 min),4.989985,6.6,Medium (5-6.9),207,Medium (100-999),Released
114635,The Helpers,The Helpers,en,2012-10-27,2012.0,Horror,Horror,4000000,0,-4000000,0.0,78.0,Short (<90 min),1.390659,4.1,Low (<5),8,Low (<100),Released
158150,How to Fall in Love,How to Fall in Love,en,2012-07-21,2012.0,Comedy | Romance | TV Movie,Comedy,4000000,0,-4000000,0.0,0.0,Short (<90 min),1.923514,5.2,Medium (5-6.9),20,Low (<100),Released
251979,The Perfect Wave,The Perfect Wave,en,2014-02-28,2014.0,Romance | Adventure | Drama,Romance,0,0,0,0.0,113.0,Standard (90-119 min),4.118612,4.4,Low (<5),21,Low (<100),Released
874,A Man for All Seasons,A Man for All Seasons,en,1966-12-12,1966.0,Drama | History,Drama,3900000,28350000,24450000,7.269230769230769,120.0,Long (120-149 min),9.541688,7.5,Good (7-7.9),89,Low (<100),Released
10774,Network,Network,en,1976-11-01,1976.0,Drama,Drama,3800000,23689877,19889877,6.234178157894737,121.0,Long (120-149 min),17.234745,7.7,Good (7-7.9),381,Medium (100-999),Released
770,Gone with the Wind,Gone with the Wind,en,1939-12-15,1939.0,Drama | Romance | War,Drama,4000000,400176459,396176459,100.04411475,238.0,Very Long (150+ min),48.98255,7.7,Good (7-7.9),970,Medium (100-999),Released
266102,Desert Dancer,Desert Dancer,en,2014-07-03,2014.0,Drama,Drama,0,0,0,0.0,98.0,Standard (90-119 min),1.972668,6.5,Medium (5-6.9),18,Low (<100),Released
29715,Major Dundee,Major Dundee,en,1965-04-07,1965.0,War | Western,War,3800000,14873,-3785127,0.003913947368421052,123.0,Long (120-149 min),3.490215,6.2,Medium (5-6.9),38,Low (<100),Released
25209,Annie Get Your Gun,Annie Get Your Gun,en,1950-05-17,1950.0,Action | Comedy | Music | Romance | Western,Action,3768785,8000000,4231215,2.122700021359669,107.0,Standard (90-119 min),1.726175,7.3,Good (7-7.9),22,Low (<100),Released
37495,Four Lions,Four Lions,en,2010-05-07,2010.0,Comedy | Crime | Drama,Comedy,967686,4270000,3302314,4.412588380941751,101.0,Standard (90-119 min),20.544999,7.0,Good (7-7.9),423,Medium (100-999),Released
29262,The House of Sand,Casa de Areia,pt,2005-05-13,2005.0,Drama,Drama,0,0,0,0.0,115.0,Standard (90-119 min),0.389471,6.7,Medium (5-6.9),9,Low (<100),Released
34769,Defendor,Defendor,en,2009-09-12,2009.0,Drama | Action | Comedy | Crime,Drama,3500000,44462,-3455538,0.012703428571428572,101.0,Standard (90-119 min),8.45342,6.5,Medium (5-6.9),195,Medium (100-999),Released
35032,The Pirate,The Pirate,en,1948-06-11,1948.0,Music | Romance,Music,3700000,2956000,-744000,0.798918918918919,102.0,Standard (90-119 min),0.90522,6.6,Medium (5-6.9),17,Low (<100),Released
5178,The Good Heart,The Good Heart,en,2009-09-11,2009.0,Drama | Comedy | Romance,Drama,3800000,0,-3800000,0.0,95.0,Standard (90-119 min),2.201678,6.0,Medium (5-6.9),21,Low (<100),Released
8618,The History Boys,The History Boys,en,2006-10-02,2006.0,Comedy | Drama,Comedy,4000000,13401952,9401952,3.350488,109.0,Standard (90-119 min),3.771652,6.6,Medium (5-6.9),66,Low (<100),Released
3116,Midnight Cowboy,Midnight Cowboy,en,1969-05-25,1969.0,Drama,Drama,3600000,44785053,41185053,12.4402925,113.0,Standard (90-119 min),21.119209,7.4,Good (7-7.9),299,Medium (100-999),Released
9427,The Full Monty,The Full Monty,en,1997-08-13,1997.0,Comedy,Comedy,3500000,257850122,254350122,73.67146342857143,91.0,Standard (90-119 min),17.002623,6.8,Medium (5-6.9),363,Medium (100-999),Released
813,Airplane!,Airplane!,en,1980-07-02,1980.0,Comedy,Comedy,3500000,83453539,79953539,23.843868285714287,88.0,Short (<90 min),46.116885,7.1,Good (7-7.9),1074,High (1K-4.9K),Released
352978,Chain of Command,Chain of Command,en,2015-08-30,2015.0,Thriller | Adventure | Action,Thriller,5000000,0,-5000000,0.0,88.0,Short (<90 min),1.398981,5.3,Medium (5-6.9),11,Low (<100),Released
10634,Friday,Friday,en,1995-04-26,1995.0,Comedy,Comedy,3500000,28215918,24715918,8.061690857142857,91.0,Standard (90-119 min),25.5748,7.0,Good (7-7.9),503,Medium (100-999),Released
9516,Menace II Society,Menace II Society,en,1993-05-26,1993.0,Drama | Action | Crime,Drama,3500000,27900000,24400000,7.9714285714285715,97.0,Standard (90-119 min),3.418871,7.2,Good (7-7.9),173,Medium (100-999),Released
16288,Creepshow 2,Creepshow 2,en,1987-05-01,1987.0,Horror,Horror,3500000,14000000,10500000,4.0,92.0,Standard (90-119 min),10.729884,5.9,Medium (5-6.9),129,Medium (100-999),Released
23330,The Ballad of Cable Hogue,The Ballad of Cable Hogue,en,1970-05-13,1970.0,Action | Comedy | Western,Action,3716946,5000000,1283054,1.3451903794136368,121.0,Long (120-149 min),2.676535,6.9,Medium (5-6.9),47,Low (<100),Released
18900,In Cold Blood,In Cold Blood,en,1967-12-14,1967.0,Crime | Drama,Crime,3500000,13007551,9507551,3.716443142857143,134.0,Long (120-149 min),7.821438,7.4,Good (7-7.9),82,Low (<100),Released
27029,The Nun's Story,The Nun's Story,en,1959-06-18,1959.0,Drama,Drama,3500000,12800000,9300000,3.657142857142857,149.0,Long (120-149 min),3.281509,7.4,Good (7-7.9),46,Low (<100),Released
26268,Harper,Harper,en,1966-02-23,1966.0,Action | Drama | Thriller | Crime | Mystery,Action,3500000,12000000,8500000,3.4285714285714284,121.0,Long (120-149 min),2.938973,6.2,Medium (5-6.9),35,Low (<100),Released
573,Frenzy,Frenzy,en,1972-05-25,1972.0,Crime | Drama | Mystery | Thriller,Crime,3500000,12600000,9100000,3.6,116.0,Standard (90-119 min),10.219942,7.1,Good (7-7.9),158,Medium (100-999),Released
310131,The Witch,The Witch,en,2016-02-19,2016.0,Mystery | Horror,Mystery,3500000,40423945,36923945,11.549698571428571,92.0,Standard (90-119 min),50.319662,6.3,Medium (5-6.9),1434,High (1K-4.9K),Released
40505,I Got the Hook Up,I Got the Hook Up,en,1998-05-27,1998.0,Action | Comedy,Action,0,0,0,0.0,93.0,Standard (90-119 min),0.593068,5.4,Medium (5-6.9),8,Low (<100),Released
11363,She's the One,She's the One,en,1996-08-26,1996.0,Comedy | Romance,Comedy,3500000,9482579,5982579,2.7093082857142856,96.0,Standard (90-119 min),8.406025,5.7,Medium (5-6.9),70,Low (<100),Released
3033,Gods and Monsters,Gods and Monsters,en,1998-01-21,1998.0,Drama,Drama,10000000,6451628,-3548372,0.6451628,105.0,Standard (90-119 min),5.588652,6.8,Medium (5-6.9),81,Low (<100),Released
25376,The Secret in Their Eyes,El secreto de sus ojos,es,2009-08-13,2009.0,Crime | Drama | Mystery | Romance,Crime,2000000,33965843,31965843,16.9829215,129.0,Long (120-149 min),25.894065,7.8,Good (7-7.9),626,Medium (100-999),Released
22007,Train,Train,en,2008-10-16,2008.0,Horror | Thriller,Horror,0,0,0,0.0,94.0,Standard (90-119 min),3.280081,4.8,Low (<5),36,Low (<100),Released
765,Evil Dead II,Evil Dead II,en,1987-03-13,1987.0,Horror | Comedy | Fantasy,Horror,3600000,5923044,2323044,1.64529,84.0,Short (<90 min),35.674774,7.6,Good (7-7.9),742,Medium (100-999),Released
10615,Pootie Tang,Pootie Tang,en,2001-06-29,2001.0,Action | Comedy,Action,0,0,0,0.0,81.0,Short (<90 min),3.115754,5.4,Medium (5-6.9),43,Low (<100),Released
205321,Sharknado,Sharknado,en,2013-07-11,2013.0,TV Movie | Horror,TV Movie,1000000,0,-1000000,0.0,86.0,Short (<90 min),20.466433,3.8,Low (<5),476,Medium (100-999),Released
89540,The Other Conquest,La otra conquista,es,1999-04-01,1999.0,Drama | Foreign,Drama,0,0,0,0.0,105.0,Standard (90-119 min),0.015597,5.4,Medium (5-6.9),4,Low (<100),Released
46146,Troll Hunter,Trolljegeren,nb,2010-10-29,2010.0,Fantasy | Horror,Fantasy,3500000,4159678,659678,1.1884794285714286,103.0,Standard (90-119 min),12.982319,6.7,Medium (5-6.9),583,Medium (100-999),Released
38007,Ira & Abby,Ira & Abby,en,2006-01-01,2006.0,Comedy | Romance,Comedy,0,0,0,0.0,104.0,Standard (90-119 min),0.595136,5.8,Medium (5-6.9),9,Low (<100),Released
14256,Winter Passing,Winter Passing,en,2006-02-07,2006.0,Comedy | Drama,Comedy,3500000,113783,-3386217,0.03250942857142857,98.0,Standard (90-119 min),3.643608,6.7,Medium (5-6.9),28,Low (<100),Released
540,D.E.B.S.,D.E.B.S.,en,2004-01-21,2004.0,Action,Action,3500000,0,-3500000,0.0,91.0,Standard (90-119 min),6.396936,5.6,Medium (5-6.9),90,Low (<100),Released
370464,The Masked Saint,The Masked Saint,en,2016-01-08,2016.0,Crime | Action,Crime,0,0,0,0.0,111.0,Standard (90-119 min),0.909067,2.9,Low (<5),7,Low (<100),Released
20055,The Betrayed,The Betrayed,en,2008-09-27,2008.0,Crime | Drama | Mystery | Thriller,Crime,3500000,0,-3500000,0.0,98.0,Standard (90-119 min),1.348114,5.2,Medium (5-6.9),10,Low (<100),Released
224569,Taxman,Taxman,en,1999-09-16,1999.0,Action | Crime | Comedy | Thriller,Action,0,0,0,0.0,104.0,Standard (90-119 min),0.964802,2.0,Low (<5),1,Low (<100),Released
395766,The Secret,The Secret,en,2016-04-29,2016.0,Drama,Drama,0,0,0,0.0,200.0,Very Long (150+ min),0.042346,0.0,Low (<5),0,Low (<100),Released
39303,2:13,2:13,en,2009-04-25,2009.0,Horror | Thriller | Mystery,Horror,3500000,0,-3500000,0.0,96.0,Standard (90-119 min),1.271621,4.6,Low (<5),10,Low (<100),Released
142061,"Batman: The Dark Knight Returns, Part 2","Batman: The Dark Knight Returns, Part 2",en,2013-01-18,2013.0,Action | Animation,Action,3500000,0,-3500000,0.0,78.0,Short (<90 min),25.891466,7.9,Good (7-7.9),419,Medium (100-999),Released
370662,Time to Choose,Time to Choose,en,2015-09-04,2015.0,Documentary,Documentary,3500000,0,-3500000,0.0,100.0,Standard (90-119 min),1.618138,0.0,Low (<5),0,Low (<100),Released
252360,In the Name of the King III,In the Name of the King III,en,2013-12-27,2013.0,Action | Adventure | Drama | Fantasy,Action,3500000,0,-3500000,0.0,85.0,Short (<90 min),4.304341,3.3,Low (<5),19,Low (<100),Released
256740,Wicked Blood,Wicked Blood,en,2014-03-04,2014.0,Action | Drama | Thriller,Action,3500000,0,-3500000,0.0,92.0,Standard (90-119 min),3.158056,5.3,Medium (5-6.9),37,Low (<100),Released
299145,Stranded,Dawn Patrol,en,2015-06-05,2015.0,Drama,Drama,0,0,0,0.0,86.0,Short (<90 min),3.230779,5.0,Medium (5-6.9),11,Low (<100),Released
241766,Lords of London,Lords of London,en,2014-01-06,2014.0,Crime | Mystery | Thriller,Crime,3440000,0,-3440000,0.0,90.0,Standard (90-119 min),1.913302,3.6,Low (<5),6,Low (<100),Released
12535,High Anxiety,High Anxiety,en,1977-12-25,1977.0,Comedy | Music,Comedy,3400000,31063038,27663038,9.136187647058824,94.0,Standard (90-119 min),5.690619,6.5,Medium (5-6.9),84,Low (<100),Released
1667,March of the Penguins,La Marche de l'empereur,fr,2005-01-26,2005.0,Documentary | Family,Documentary,8000000,127392239,119392239,15.924029875,80.0,Short (<90 min),17.537154,6.9,Medium (5-6.9),358,Medium (100-999),Released
50839,Margin Call,Margin Call,en,2011-09-28,2011.0,Thriller | Drama,Thriller,3500000,19504039,16004039,5.572582571428572,107.0,Standard (90-119 min),26.259389,6.7,Medium (5-6.9),524,Medium (100-999),Released
86549,August,August,en,2011-06-09,2011.0,Drama,Drama,0,0,0,0.0,100.0,Standard (90-119 min),1.419431,6.2,Medium (5-6.9),15,Low (<100),Released
13973,Choke,Choke,en,2008-09-26,2008.0,Comedy | Drama,Comedy,3000000,3830137,830137,1.2767123333333332,92.0,Standard (90-119 min),11.637458,6.0,Medium (5-6.9),127,Medium (100-999),Released
244786,Whiplash,Whiplash,en,2014-10-10,2014.0,Drama,Drama,3300000,13092000,9792000,3.9672727272727273,105.0,Standard (90-119 min),192.528841,8.3,Excellent (8+),4254,High (1K-4.9K),Released
598,City of God,Cidade de Deus,pt,2002-02-05,2002.0,Drama | Crime,Drama,3300000,30641770,27341770,9.28538484848485,130.0,Long (120-149 min),44.356711,8.1,Excellent (8+),1814,High (1K-4.9K),Released
11129,Human Traffic,Human Traffic,en,1999-06-04,1999.0,Comedy | Drama,Comedy,600000,4000000,3400000,6.666666666666667,99.0,Standard (90-119 min),4.859873,6.8,Medium (5-6.9),97,Low (<100),Released
75861,To Write Love on Her Arms,To Write Love on Her Arms,en,2015-03-13,2015.0,Drama | Music,Drama,3400000,0,-3400000,0.0,118.0,Standard (90-119 min),6.723057,6.8,Medium (5-6.9),47,Low (<100),Released
13551,The Dead Girl,The Dead Girl,en,2006-11-07,2006.0,Mystery | Drama | Crime | Thriller,Mystery,0,0,0,0.0,85.0,Short (<90 min),3.069605,6.4,Medium (5-6.9),66,Low (<100),Released
103663,The Hunt,Jagten,da,2012-08-28,2012.0,Drama,Drama,3800000,16800000,13000000,4.421052631578948,115.0,Standard (90-119 min),21.826888,7.9,Good (7-7.9),927,Medium (100-999),Released
850,A Christmas Story,A Christmas Story,en,1983-11-18,1983.0,Comedy | Family,Comedy,0,19294144,19294144,0.0,94.0,Standard (90-119 min),15.128316,7.4,Good (7-7.9),344,Medium (100-999),Released
12586,Bella,Bella,en,2006-09-09,2006.0,Drama | Romance,Drama,0,0,0,0.0,91.0,Standard (90-119 min),1.814802,6.7,Medium (5-6.9),37,Low (<100),Released
11564,Class of 1984,Class of 1984,en,1982-08-20,1982.0,Action | Drama | Horror | Crime | Thriller,Action,4300000,0,-4300000,0.0,98.0,Standard (90-119 min),5.643023,6.2,Medium (5-6.9),66,Low (<100),Released
301748,The Opposite Sex,Opposite Sex,en,2014-11-08,2014.0,Comedy,Comedy,3300000,45000,-3255000,0.013636363636363636,96.0,Standard (90-119 min),2.964785,4.1,Low (<5),9,Low (<100),Released
108346,Dreaming of Joseph Lees,Dreaming of Joseph Lees,en,1999-10-29,1999.0,Romance | Drama,Romance,2000000,7,-1999993,3.5e-06,92.0,Standard (90-119 min),0.11615,8.0,Excellent (8+),1,Low (<100),Released
8841,The Class,Entre les murs,fr,2008-09-24,2008.0,Drama,Drama,0,28814580,28814580,0.0,128.0,Long (120-149 min),13.437038,6.8,Medium (5-6.9),174,Medium (100-999),Released
805,Rosemary's Baby,Rosemary's Baby,en,1968-06-12,1968.0,Horror | Drama | Mystery,Horror,3200000,33395426,30195426,10.436070625,136.0,Long (120-149 min),26.180367,7.5,Good (7-7.9),863,Medium (100-999),Released
11697,The Man Who Shot Liberty Valance,The Man Who Shot Liberty Valance,en,1962-04-22,1962.0,Western,Western,3200000,8000000,4800000,2.5,123.0,Long (120-149 min),11.735287,7.4,Good (7-7.9),265,Medium (100-999),Released
22051,Adam,Adam,en,2009-07-29,2009.0,Drama | Romance,Drama,0,2277396,2277396,0.0,99.0,Standard (90-119 min),8.308442,6.9,Medium (5-6.9),150,Medium (100-999),Released
436,Maria Full of Grace,"María, llena eres de gracia",es,2004-01-18,2004.0,Drama | Thriller | Crime,Drama,0,0,0,0.0,101.0,Standard (90-119 min),3.027892,6.9,Medium (5-6.9),101,Medium (100-999),Released
55347,Beginners,Beginners,en,2010-09-11,2010.0,Drama | Romance | Comedy,Drama,3200000,5332926,2132926,1.666539375,105.0,Standard (90-119 min),11.933449,6.8,Medium (5-6.9),347,Medium (100-999),Released
10070,Feast,Feast,en,2005-10-14,2005.0,Action | Comedy | Horror,Action,0,658573,658573,0.0,95.0,Standard (90-119 min),8.825113,6.1,Medium (5-6.9),160,Medium (100-999),Released
8469,Animal House,Animal House,en,1978-07-27,1978.0,Comedy,Comedy,2700000,141000000,138300000,52.22222222222222,109.0,Standard (90-119 min),17.332585,7.0,Good (7-7.9),418,Medium (100-999),Released
658,Goldfinger,Goldfinger,en,1964-09-17,1964.0,Adventure | Action | Thriller,Adventure,2500000,124881062,122381062,49.9524248,110.0,Standard (90-119 min),47.812466,7.2,Good (7-7.9),987,Medium (100-999),Released
125490,Antiviral,Antiviral,en,2012-09-19,2012.0,Science Fiction | Horror,Science Fiction,2400000,0,-2400000,0.0,110.0,Standard (90-119 min),11.753553,5.7,Medium (5-6.9),112,Medium (100-999),Released
1585,It's a Wonderful Life,It's a Wonderful Life,en,1946-12-20,1946.0,Drama | Family | Fantasy,Drama,3180000,9644124,6464124,3.032743396226415,130.0,Long (120-149 min),42.868495,8.0,Excellent (8+),1076,High (1K-4.9K),Released
627,Trainspotting,Trainspotting,en,1996-02-23,1996.0,Drama | Crime,Drama,4000000,16491080,12491080,4.12277,93.0,Standard (90-119 min),63.513324,7.8,Good (7-7.9),2655,High (1K-4.9K),Released
23618,The Original Kings of Comedy,The Original Kings of Comedy,en,2000-08-18,2000.0,Comedy,Comedy,0,0,0,0.0,115.0,Standard (90-119 min),1.918959,6.3,Medium (5-6.9),15,Low (<100),Released
41436,Paranormal Activity 2,Paranormal Activity 2,en,2010-10-20,2010.0,Horror | Thriller,Horror,3000000,177512032,174512032,59.17067733333333,91.0,Standard (90-119 min),22.789649,5.7,Medium (5-6.9),722,Medium (100-999),Released
10162,Waking Ned,Waking Ned,en,1998-09-15,1998.0,Comedy | Romance,Comedy,0,0,0,0.0,91.0,Standard (90-119 min),5.735912,7.4,Good (7-7.9),54,Low (<100),Released
1430,Bowling for Columbine,Bowling for Columbine,en,2002-10-09,2002.0,Documentary,Documentary,4000000,35564473,31564473,8.89111825,120.0,Long (120-149 min),11.414843,7.3,Good (7-7.9),453,Medium (100-999),Released
259943,Coming Home,归来,zh,2014-05-16,2014.0,Drama,Drama,0,0,0,0.0,111.0,Standard (90-119 min),6.017273,6.9,Medium (5-6.9),49,Low (<100),Released
10014,A Nightmare on Elm Street Part 2: Freddy's Revenge,A Nightmare on Elm Street Part 2: Freddy's Revenge,en,1985-10-31,1985.0,Horror,Horror,3000000,29999213,26999213,9.999737666666666,87.0,Short (<90 min),21.607228,5.7,Medium (5-6.9),361,Medium (100-999),Released
11257,A Room with a View,A Room with a View,en,1985-12-13,1985.0,Drama | Romance,Drama,3000000,20966644,17966644,6.9888813333333335,117.0,Standard (90-119 min),7.961559,6.9,Medium (5-6.9),156,Medium (100-999),Released
158015,The Purge,The Purge,en,2013-05-31,2013.0,Science Fiction | Horror | Thriller,Science Fiction,3000000,89328627,86328627,29.776209,86.0,Short (<90 min),54.403033,6.0,Medium (5-6.9),2428,High (1K-4.9K),Released
82507,Sinister,Sinister,en,2012-03-29,2012.0,Horror | Thriller | Mystery,Horror,3000000,77712439,74712439,25.904146333333333,110.0,Standard (90-119 min),41.045084,6.7,Medium (5-6.9),1573,High (1K-4.9K),Released
20337,Martin Lawrence Live: Runteldat,Martin Lawrence Live: Runteldat,en,2002-08-01,2002.0,Comedy,Comedy,3000000,19184015,16184015,6.3946716666666665,113.0,Standard (90-119 min),0.295226,5.0,Medium (5-6.9),1,Low (<100),Released
261,Cat on a Hot Tin Roof,Cat on a Hot Tin Roof,en,1958-02-17,1958.0,Drama | Romance,Drama,3000000,17570324,14570324,5.8567746666666665,108.0,Standard (90-119 min),16.553594,7.6,Good (7-7.9),165,Medium (100-999),Released
1685,Beneath the Planet of the Apes,Beneath the Planet of the Apes,en,1970-05-01,1970.0,Adventure | Science Fiction | Mystery,Adventure,3000000,18999718,15999718,6.333239333333333,95.0,Standard (90-119 min),24.393296,6.2,Medium (5-6.9),361,Medium (100-999),Released
20737,Air Bud,Air Bud,en,1997-08-01,1997.0,Comedy | Family | Drama,Comedy,3000000,23144499,20144499,7.714833,98.0,Standard (90-119 min),11.241802,5.3,Medium (5-6.9),106,Medium (100-999),Released
10991,Pokémon: Spell of the Unknown,Pokémon 3: The Movie,ja,2000-07-08,2000.0,Adventure | Fantasy | Animation | Action | Family,Adventure,16000000,68411275,52411275,4.2757046875,93.0,Standard (90-119 min),9.18885,5.9,Medium (5-6.9),137,Medium (100-999),Released
10225,Friday the 13th Part VI: Jason Lives,Friday the 13th Part VI: Jason Lives,en,1986-08-01,1986.0,Horror | Mystery | Thriller,Horror,3000000,19472057,16472057,6.490685666666667,86.0,Short (<90 min),11.158167,5.7,Medium (5-6.9),216,Medium (100-999),Released
826,The Bridge on the River Kwai,The Bridge on the River Kwai,en,1957-10-02,1957.0,Drama | History | War,Drama,3000000,33300000,30300000,11.1,161.0,Very Long (150+ min),23.109959,7.7,Good (7-7.9),542,Medium (100-999),Released
34086,Spaced Invaders,Spaced Invaders,en,1990-04-27,1990.0,Comedy | Family | Science Fiction,Comedy,3000000,15369573,12369573,5.123191,100.0,Standard (90-119 min),1.586598,4.7,Low (<5),25,Low (<100),Released
5854,Family Plot,Family Plot,en,1976-04-09,1976.0,Comedy | Crime | Thriller,Comedy,2000000,7900000,5900000,3.95,121.0,Long (120-149 min),3.832858,6.7,Medium (5-6.9),86,Low (<100),Released
284,The Apartment,The Apartment,en,1960-06-15,1960.0,Comedy | Drama | Romance,Comedy,3000000,25000000,22000000,8.333333333333334,125.0,Long (120-149 min),22.889294,8.1,Excellent (8+),483,Medium (100-999),Released
10285,Jason Goes to Hell: The Final Friday,Jason Goes to Hell: The Final Friday,en,1993-08-13,1993.0,Fantasy | Horror | Thriller,Fantasy,3000000,15938065,12938065,5.312688333333333,87.0,Short (<90 min),10.341982,4.2,Low (<5),193,Medium (100-999),Released
5780,Torn Curtain,Torn Curtain,en,1966-07-13,1966.0,Mystery | Thriller,Mystery,3000000,13000000,10000000,4.333333333333333,128.0,Long (120-149 min),7.924982,6.4,Medium (5-6.9),120,Medium (100-999),Released
292,Dave Chappelle's Block Party,Dave Chappelle's Block Party,en,2005-09-12,2005.0,Comedy | Documentary | Music,Comedy,3000000,11718595,8718595,3.906198333333333,100.0,Standard (90-119 min),1.697846,6.4,Medium (5-6.9),28,Low (<100),Released
223485,Slow West,Slow West,en,2015-04-16,2015.0,Romance | Thriller | Western,Romance,0,229094,229094,0.0,84.0,Short (<90 min),14.936661,6.6,Medium (5-6.9),367,Medium (100-999),Released
29463,Krush Groove,Krush Groove,en,1985-10-25,1985.0,Drama | Music | Romance,Drama,3000000,0,-3000000,0.0,97.0,Standard (90-119 min),0.720091,7.0,Good (7-7.9),11,Low (<100),Released
18065,Next Day Air,Next Day Air,en,2009-02-06,2009.0,Action | Comedy | Crime,Action,0,0,0,0.0,84.0,Short (<90 min),2.747402,5.3,Medium (5-6.9),36,Low (<100),Released
22013,Elmer Gantry,Elmer Gantry,en,1960-06-19,1960.0,Drama,Drama,3000000,10400000,7400000,3.466666666666667,146.0,Long (120-149 min),6.734965,7.3,Good (7-7.9),41,Low (<100),Released
821,Judgment at Nuremberg,Judgment at Nuremberg,en,1961-12-01,1961.0,Drama | History,Drama,3000000,10000000,7000000,3.3333333333333335,186.0,Very Long (150+ min),13.338539,7.6,Good (7-7.9),155,Medium (100-999),Released
53862,Trippin',Trippin',en,1999-05-12,1999.0,Comedy | Romance,Comedy,0,9016377,9016377,0.0,94.0,Standard (90-119 min),0.185373,4.5,Low (<5),4,Low (<100),Released
3089,Red River,Red River,en,1948-08-26,1948.0,Western,Western,3000000,9012000,6012000,3.004,133.0,Long (120-149 min),5.344815,7.3,Good (7-7.9),82,Low (<100),Released
30139,Phat Girlz,Phat Girlz,en,2006-01-01,2006.0,Comedy | Romance,Comedy,0,0,0,0.0,99.0,Standard (90-119 min),0.982624,3.7,Low (<5),10,Low (<100),Released
132344,Before Midnight,Before Midnight,en,2013-04-05,2013.0,Romance | Drama,Romance,3000000,11176469,8176469,3.725489666666667,108.0,Standard (90-119 min),23.299907,7.4,Good (7-7.9),568,Medium (100-999),Released
15582,Teen Wolf Too,Teen Wolf Too,en,1987-11-20,1987.0,Comedy | Fantasy | Family,Comedy,0,0,0,0.0,95.0,Standard (90-119 min),4.103764,3.8,Low (<5),46,Low (<100),Released
15158,Phantasm II,Phantasm II,en,1988-07-08,1988.0,Action | Horror | Science Fiction | Thriller,Action,3000000,7282851,4282851,2.427617,97.0,Standard (90-119 min),5.003615,6.3,Medium (5-6.9),94,Low (<100),Released
44634,Woman Thou Art Loosed,Woman Thou Art Loosed,en,2004-09-30,2004.0,Drama,Drama,3000000,6804016,3804016,2.2680053333333334,94.0,Standard (90-119 min),0.019984,5.0,Medium (5-6.9),3,Low (<100),Released
30309,Real Women Have Curves,Real Women Have Curves,en,2002-01-01,2002.0,Comedy | Drama,Comedy,0,0,0,0.0,86.0,Short (<90 min),1.026243,5.8,Medium (5-6.9),19,Low (<100),Released
7509,Water,Water,en,2005-09-08,2005.0,Drama | Foreign | Romance,Drama,0,10422387,10422387,0.0,115.0,Standard (90-119 min),2.787375,6.8,Medium (5-6.9),34,Low (<100),Released
10557,East Is East,East Is East,en,1999-05-14,1999.0,Comedy,Comedy,3800000,28200000,24400000,7.421052631578948,97.0,Standard (90-119 min),3.667372,6.5,Medium (5-6.9),59,Low (<100),Released
23531,Whipped,Whipped,en,2000-09-01,2000.0,Comedy | Romance,Comedy,3000000,0,-3000000,0.0,82.0,Short (<90 min),2.144354,3.1,Low (<5),11,Low (<100),Released
28005,Kama Sutra - A Tale of Love,Kama Sutra - A Tale of Love,en,1996-09-11,1996.0,Drama | History | Romance,Drama,3000000,4109095,1109095,1.3696983333333332,117.0,Standard (90-119 min),3.937939,5.7,Medium (5-6.9),35,Low (<100),Released
40247,Please Give,Please Give,en,2010-01-22,2010.0,Comedy | Drama,Comedy,3000000,0,-3000000,0.0,90.0,Standard (90-119 min),5.325156,6.0,Medium (5-6.9),57,Low (<100),Released
252,Willy Wonka & the Chocolate Factory,Willy Wonka & the Chocolate Factory,en,1971-06-29,1971.0,Family | Fantasy,Family,3000000,4000000,1000000,1.3333333333333333,100.0,Standard (90-119 min),23.981601,7.4,Good (7-7.9),798,Medium (100-999),Released
24126,Warlock: The Armageddon,Warlock: The Armageddon,en,1993-05-01,1993.0,Fantasy | Horror | Science Fiction,Fantasy,0,0,0,0.0,98.0,Standard (90-119 min),3.107149,5.2,Medium (5-6.9),38,Low (<100),Released
13982,8 Heads in a Duffel Bag,8 Heads in a Duffel Bag,en,1997-04-18,1997.0,Comedy | Crime,Comedy,0,0,0,0.0,95.0,Standard (90-119 min),5.016607,5.4,Medium (5-6.9),39,Low (<100),Released
16642,Days of Heaven,Days of Heaven,en,1978-09-13,1978.0,Drama | Romance,Drama,0,0,0,0.0,94.0,Standard (90-119 min),13.857194,7.6,Good (7-7.9),234,Medium (100-999),Released
17734,Thirteen Conversations About One Thing,Thirteen Conversations About One Thing,en,2001-09-02,2001.0,Drama,Drama,0,0,0,0.0,104.0,Standard (90-119 min),6.997495,6.4,Medium (5-6.9),25,Low (<100),Released
18892,Jawbreaker,Jawbreaker,en,1999-01-30,1999.0,Comedy,Comedy,3000000,3076820,76820,1.0256066666666668,87.0,Short (<90 min),4.337685,5.9,Medium (5-6.9),90,Low (<100),Released
549,Basquiat,Basquiat,en,1996-08-09,1996.0,Drama | History,Drama,2962051,3011195,49144,1.016591206565991,108.0,Standard (90-119 min),3.636634,6.6,Medium (5-6.9),94,Low (<100),Released
121986,Frances Ha,Frances Ha,en,2013-05-17,2013.0,Comedy | Drama,Comedy,0,4069826,4069826,0.0,86.0,Short (<90 min),15.492257,7.2,Good (7-7.9),345,Medium (100-999),Released
868,Tsotsi,Tsotsi,af,2005-08-18,2005.0,Crime | Drama,Crime,3000000,9879971,6879971,3.2933236666666668,94.0,Standard (90-119 min),2.504169,6.9,Medium (5-6.9),94,Low (<100),Released
10683,Happiness,Happiness,en,1998-10-16,1998.0,Comedy | Drama,Comedy,3000000,2807390,-192610,0.9357966666666667,139.0,Long (120-149 min),10.757539,7.4,Good (7-7.9),194,Medium (100-999),Released
17995,DysFunktional Family,DysFunktional Family,en,2003-04-04,2003.0,Comedy | Documentary,Comedy,0,0,0,0.0,89.0,Short (<90 min),1.580027,6.1,Medium (5-6.9),4,Low (<100),Released
246403,Tusk,Tusk,en,2014-09-19,2014.0,Comedy | Horror,Comedy,2800000,1826705,-973295,0.6523946428571429,102.0,Standard (90-119 min),15.754614,5.1,Medium (5-6.9),366,Medium (100-999),Released
670,Oldboy,올드보이,ko,2003-01-01,2003.0,Drama | Thriller | Mystery | Action,Drama,3000000,14980005,11980005,4.993335,120.0,Long (120-149 min),56.76349,8.0,Excellent (8+),1945,High (1K-4.9K),Released
35691,Letters to God,Letters to God,en,2010-04-09,2010.0,Action | Drama | Family | Thriller,Action,0,0,0,0.0,110.0,Standard (90-119 min),3.644872,6.5,Medium (5-6.9),37,Low (<100),Released
49010,Hobo with a Shotgun,Hobo with a Shotgun,en,2011-05-06,2011.0,Action | Comedy | Thriller,Action,3000000,748453,-2251547,0.24948433333333334,86.0,Short (<90 min),16.900433,5.7,Medium (5-6.9),211,Medium (100-999),Released
317930,Compadres,Compadres,es,2016-03-31,2016.0,Action | Comedy,Action,3000000,0,-3000000,0.0,101.0,Standard (90-119 min),1.569246,5.2,Medium (5-6.9),17,Low (<100),Released
11229,Freeway,Freeway,en,1996-08-23,1996.0,Comedy | Drama | Thriller,Comedy,3000000,0,-3000000,0.0,110.0,Standard (90-119 min),4.682881,6.5,Medium (5-6.9),95,Low (<100),Released
22488,Love's Abiding Joy,Love's Abiding Joy,en,2006-10-06,2006.0,TV Movie | Action | Drama | Family,TV Movie,0,0,0,0.0,87.0,Short (<90 min),1.128559,5.8,Medium (5-6.9),12,Low (<100),Released
24469,Fish Tank,Fish Tank,en,2009-05-14,2009.0,Drama,Drama,3000000,2357852,-642148,0.7859506666666667,123.0,Long (120-149 min),12.68672,6.9,Medium (5-6.9),250,Medium (100-999),Released
82533,Damsels in Distress,Damsels in Distress,en,2012-04-06,2012.0,Comedy | Romance,Comedy,0,0,0,0.0,99.0,Standard (90-119 min),3.750338,5.6,Medium (5-6.9),67,Low (<100),Released
50942,Creature,Creature,en,1998-05-17,1998.0,Horror | Science Fiction | Thriller,Horror,0,0,0,0.0,176.0,Very Long (150+ min),2.857848,4.0,Low (<5),21,Low (<100),Released
84174,Bachelorette,Bachelorette,en,2012-08-06,2012.0,Comedy | Romance,Comedy,3000000,11947954,8947954,3.9826513333333335,87.0,Short (<90 min),20.95282,5.3,Medium (5-6.9),444,Medium (100-999),Released
34099,Brave New Girl,Brave New Girl,en,2004-04-25,2004.0,Drama | Music | Family,Drama,0,0,0,0.0,120.0,Long (120-149 min),0.18094,3.7,Low (<5),3,Low (<100),Released
79940,Tim and Eric's Billion Dollar Movie,Tim and Eric's Billion Dollar Movie,en,2012-03-02,2012.0,Comedy,Comedy,0,0,0,0.0,94.0,Standard (90-119 min),1.75311,5.2,Medium (5-6.9),34,Low (<100),Released
342,Summer Storm,Sommersturm,de,2004-09-02,2004.0,Comedy | Drama,Comedy,2700000,0,-2700000,0.0,98.0,Standard (90-119 min),3.120747,6.7,Medium (5-6.9),59,Low (<100),Released
281230,Fort McCoy,Fort McCoy,en,2014-01-01,2014.0,War | Drama | History,War,0,0,0,0.0,0.0,Short (<90 min),0.384496,6.3,Medium (5-6.9),2,Low (<100),Released
38033,Chain Letter,Chain Letter,en,2010-10-01,2010.0,Horror | Thriller,Horror,0,0,0,0.0,96.0,Standard (90-119 min),2.504156,3.9,Low (<5),37,Low (<100),Released
100975,Just Looking,Just Looking,en,1999-10-21,1999.0,Drama | Comedy,Drama,3000000,0,-3000000,0.0,97.0,Standard (90-119 min),0.431332,5.8,Medium (5-6.9),5,Low (<100),Released
38541,The Divide,The Divide,en,2011-03-13,2011.0,Science Fiction,Science Fiction,3000000,22000,-2978000,0.007333333333333333,112.0,Standard (90-119 min),11.882563,5.7,Medium (5-6.9),197,Medium (100-999),Released
39563,The Eclipse,The Eclipse,en,2009-04-24,2009.0,Drama | Horror | Romance,Drama,0,0,0,0.0,88.0,Short (<90 min),9.342465,6.1,Medium (5-6.9),15,Low (<100),Released
234212,Demonic,Demonic,en,2015-02-12,2015.0,Thriller | Horror,Thriller,3000000,3387000,387000,1.129,83.0,Short (<90 min),12.564554,4.9,Low (<5),148,Medium (100-999),Released
27404,My Big Fat Independent Movie,My Big Fat Independent Movie,en,2005-03-04,2005.0,Comedy,Comedy,0,0,0,0.0,80.0,Short (<90 min),0.68822,3.0,Low (<5),5,Low (<100),Released
170480,The Deported,The Deported,en,2010-06-15,2010.0,Comedy | Family,Comedy,0,0,0,0.0,90.0,Standard (90-119 min),0.194848,0.0,Low (<5),0,Low (<100),Released
71866,Tanner Hall,Tanner Hall,en,2009-09-14,2009.0,Drama,Drama,0,0,0,0.0,96.0,Standard (90-119 min),2.015525,5.4,Medium (5-6.9),32,Low (<100),Released
192210,Open Road,Open Road,en,2013-04-12,2013.0,Action | Drama | Thriller,Action,3000000,0,-3000000,0.0,85.0,Short (<90 min),2.680629,5.2,Medium (5-6.9),18,Low (<100),Released
180296,They Came Together,They Came Together,en,2014-06-27,2014.0,Comedy,Comedy,0,0,0,0.0,84.0,Short (<90 min),12.036888,5.3,Medium (5-6.9),171,Medium (100-999),Released
157058,30 Nights of Paranormal Activity With the Devil Inside the Girl With the Dragon Tattoo,30 Nights of Paranormal Activity With the Devil Inside the Girl With the Dragon Tattoo,en,2013-01-14,2013.0,Comedy,Comedy,0,0,0,0.0,80.0,Short (<90 min),1.737032,2.9,Low (<5),28,Low (<100),Released
70006,Never Back Down 2: The Beatdown,Never Back Down 2: The Beatdown,en,2011-09-13,2011.0,Drama | Action,Drama,3000000,0,-3000000,0.0,90.0,Standard (90-119 min),9.249229,5.8,Medium (5-6.9),136,Medium (100-999),Released
26039,Point Blank,Point Blank,en,1967-08-30,1967.0,Action | Crime | Drama | Thriller,Action,2500000,3200000,700000,1.28,92.0,Standard (90-119 min),5.164423,7.1,Good (7-7.9),95,Low (<100),Released
79587,Four Single Fathers,Four Single Fathers,en,2009-01-15,2009.0,Drama | Comedy,Drama,3,0,-3,0.0,100.0,Standard (90-119 min),0.008263,0.0,Low (<5),0,Low (<100),Released
176077,Enter the Dangerous Mind,Enter the Dangerous Mind,en,2013-03-11,2013.0,Thriller,Thriller,0,0,0,0.0,88.0,Short (<90 min),1.998826,4.8,Low (<5),14,Low (<100),Released
260947,Something Wicked,Something Wicked,en,2014-04-04,2014.0,Mystery | Thriller,Mystery,3000000,0,-3000000,0.0,95.0,Standard (90-119 min),1.968679,4.6,Low (<5),16,Low (<100),Released
342502,AWOL-72,AWOL-72,en,2015-08-07,2015.0,Thriller,Thriller,3000000,0,-3000000,0.0,79.0,Short (<90 min),1.141463,2.8,Low (<5),10,Low (<100),Released
191229,Iguana,Iguana,en,1988-04-01,1988.0,,No Genre,0,0,0,0.0,88.0,Short (<90 min),0.214704,6.0,Medium (5-6.9),1,Low (<100),Released
43213,Chicago Overcoat,Chicago Overcoat,en,2009-10-10,2009.0,Action | Crime | Thriller,Action,3200000,0,-3200000,0.0,95.0,Standard (90-119 min),1.034844,6.1,Medium (5-6.9),5,Low (<100),Released
44594,Barry Munday,Barry Munday,en,2010-03-13,2010.0,Comedy | Drama | Romance,Comedy,0,0,0,0.0,95.0,Standard (90-119 min),1.975941,6.3,Medium (5-6.9),22,Low (<100),Released
666,Central Station,Central do Brasil,pt,1998-01-16,1998.0,Drama,Drama,2900000,5596708,2696708,1.9298993103448276,113.0,Standard (90-119 min),5.928937,7.6,Good (7-7.9),126,Medium (100-999),Released
248,Pocketful of Miracles,Pocketful of Miracles,en,1961-12-18,1961.0,Comedy | Drama,Comedy,2900000,5000000,2100000,1.7241379310344827,136.0,Long (120-149 min),3.370225,7.3,Good (7-7.9),25,Low (<100),Released
325173,Close Range,Close Range,en,2015-12-11,2015.0,Crime | Action,Crime,0,0,0,0.0,80.0,Short (<90 min),5.485217,4.9,Low (<5),54,Low (<100),Released
55831,Boynton Beach Club,Boynton Beach Club,en,2005-08-05,2005.0,Comedy | Drama | Romance,Comedy,0,0,0,0.0,105.0,Standard (90-119 min),0.18887,6.8,Medium (5-6.9),3,Low (<100),Released
351043,Amnesiac,Amnesiac,en,2015-08-14,2015.0,Thriller | Mystery | Drama | Horror,Thriller,3000000,0,-3000000,0.0,90.0,Standard (90-119 min),3.077885,4.1,Low (<5),52,Low (<100),Released
43942,Freakonomics,Freakonomics,en,2010-10-01,2010.0,Documentary,Documentary,3000000,103735,-2896265,0.034578333333333336,93.0,Standard (90-119 min),1.781462,6.6,Medium (5-6.9),36,Low (<100),Released
10226,High Tension,Haute tension,fr,2003-06-18,2003.0,Horror | Thriller | Mystery,Horror,0,0,0,0.0,91.0,Standard (90-119 min),4.952983,6.6,Medium (5-6.9),271,Medium (100-999),Released
66942,Griff the Invisible,Griff the Invisible,en,2011-08-19,2011.0,Romance | Comedy | Drama,Romance,2902660,0,-2902660,0.0,93.0,Standard (90-119 min),1.35088,6.1,Medium (5-6.9),34,Low (<100),Released
356483,Unnatural,Unnatural,en,2015-10-16,2015.0,Thriller | Action | Horror,Thriller,0,0,0,0.0,89.0,Short (<90 min),0.687656,4.3,Low (<5),12,Low (<100),Released
10476,Hustle & Flow,Hustle & Flow,en,2005-07-22,2005.0,Drama,Drama,8000000,23563727,15563727,2.945465875,116.0,Standard (90-119 min),6.39503,6.9,Medium (5-6.9),99,Low (<100),Released
239,Some Like It Hot,Some Like It Hot,en,1959-03-18,1959.0,Comedy | Romance,Comedy,2883848,25000000,22116152,8.668972844615944,122.0,Long (120-149 min),39.30982,8.0,Excellent (8+),808,Medium (100-999),Released
10281,Friday the 13th Part VII: The New Blood,Friday the 13th Part VII: The New Blood,en,1988-05-13,1988.0,Horror | Thriller,Horror,2800000,19170001,16370001,6.846428928571428,88.0,Short (<90 min),9.070842,5.3,Medium (5-6.9),192,Medium (100-999),Released
630,The Wizard of Oz,The Wizard of Oz,en,1939-08-15,1939.0,Adventure | Family | Fantasy,Adventure,2777000,33754967,30977967,12.15519157364062,102.0,Standard (90-119 min),67.417542,7.4,Good (7-7.9),1642,High (1K-4.9K),Released
3034,Young Frankenstein,Young Frankenstein,en,1974-12-15,1974.0,Comedy | Science Fiction,Comedy,2800000,86273333,83473333,30.811904642857144,106.0,Standard (90-119 min),36.444894,7.7,Good (7-7.9),854,Medium (100-999),Released
13025,Diary of the Dead,Diary of the Dead,en,2007-09-08,2007.0,Horror | Action | Science Fiction,Horror,2000000,5364858,3364858,2.682429,95.0,Standard (90-119 min),15.351412,5.4,Medium (5-6.9),190,Medium (100-999),Released
21461,Lage Raho Munna Bhai,Lage Raho Munna Bhai,en,2006-01-01,2006.0,Comedy | Drama | Romance,Comedy,0,0,0,0.0,144.0,Long (120-149 min),2.436019,7.6,Good (7-7.9),44,Low (<100),Released
55306,Ulee's Gold,Ulee's Gold,en,1997-06-13,1997.0,Drama,Drama,0,0,0,0.0,112.0,Standard (90-119 min),0.93392,6.5,Medium (5-6.9),19,Low (<100),Released
17264,The Black Stallion,The Black Stallion,en,1979-10-17,1979.0,Adventure | Family,Adventure,2700000,37799643,35099643,13.999867777777778,118.0,Standard (90-119 min),11.35972,7.0,Good (7-7.9),59,Low (<100),Released
346081,Sardaarji,Sardaarji,en,2015-06-26,2015.0,,No Genre,0,0,0,0.0,0.0,Short (<90 min),0.296981,9.5,Excellent (8+),2,Low (<100),Released
16016,Journey to Saturn,Rejsen til Saturn,en,2008-09-26,2008.0,Action | Adventure | Animation | Comedy | Science Fiction,Action,0,0,0,0.0,90.0,Standard (90-119 min),1.776624,4.9,Low (<5),10,Low (<100),Released
15875,Donovan's Reef,Donovan's Reef,en,1963-06-12,1963.0,Adventure | Comedy | Romance,Adventure,2686000,6600000,3914000,2.4571854058078926,109.0,Standard (90-119 min),1.897263,6.0,Medium (5-6.9),30,Low (<100),Released
5900,The Dress,De jurk,nl,1996-03-21,1996.0,Comedy | Drama,Comedy,0,0,0,0.0,103.0,Standard (90-119 min),0.144031,7.0,Good (7-7.9),3,Low (<100),Released
43306,A Guy Named Joe,A Guy Named Joe,en,1944-03-01,1944.0,Drama | Romance | War,Drama,2627000,5363000,2736000,2.041492196421774,120.0,Long (120-149 min),0.531444,6.0,Medium (5-6.9),8,Low (<100),Released
11072,Blazing Saddles,Blazing Saddles,en,1974-02-07,1974.0,Western | Comedy,Western,2600000,119500000,116900000,45.96153846153846,93.0,Standard (90-119 min),22.793929,7.2,Good (7-7.9),609,Medium (100-999),Released
9730,Friday the 13th: The Final Chapter,Friday the 13th: The Final Chapter,en,1984-04-13,1984.0,Horror | Thriller,Horror,2600000,32980880,30380880,12.684953846153846,91.0,Standard (90-119 min),14.013414,5.9,Medium (5-6.9),237,Medium (100-999),Released
209274,Ida,Ida,pl,2013-10-25,2013.0,Drama,Drama,2159280,10700000,8540720,4.955355488866659,80.0,Short (<90 min),13.265432,7.1,Good (7-7.9),260,Medium (100-999),Released
26371,Maurice,Maurice,en,1987-09-18,1987.0,Drama | Romance,Drama,0,0,0,0.0,134.0,Long (120-149 min),11.552247,7.1,Good (7-7.9),61,Low (<100),Released
14137,Beer League,Beer League,en,2006-09-15,2006.0,Comedy,Comedy,0,0,0,0.0,86.0,Short (<90 min),1.73892,5.3,Medium (5-6.9),22,Low (<100),Released
291,Riding Giants,Riding Giants,en,2004-07-09,2004.0,Documentary,Documentary,2600000,3166000,566000,1.2176923076923076,105.0,Standard (90-119 min),0.895946,7.6,Good (7-7.9),23,Low (<100),Released
14139,Timecrimes,Los cronocrímenes,es,2007-09-20,2007.0,Science Fiction | Thriller,Science Fiction,2600000,553198,-2046802,0.21276846153846155,92.0,Standard (90-119 min),19.02965,7.0,Good (7-7.9),308,Medium (100-999),Released
33106,Silver Medalist,疯狂的赛车,zh,2009-01-20,2009.0,Action | Adventure | Comedy | Drama | Foreign,Action,0,0,0,0.0,99.0,Standard (90-119 min),0.406645,7.4,Good (7-7.9),13,Low (<100),Released
8875,Timber Falls,Timber Falls,en,2007-12-07,2007.0,Horror | Thriller,Horror,2600000,0,-2600000,0.0,97.0,Standard (90-119 min),3.687574,5.2,Medium (5-6.9),38,Low (<100),Released
872,Singin' in the Rain,Singin' in the Rain,en,1952-04-10,1952.0,Comedy | Music | Romance,Comedy,2540800,7200000,4659200,2.8337531486146097,103.0,Standard (90-119 min),36.556954,7.8,Good (7-7.9),727,Medium (100-999),Released
72914,"Fat, Sick & Nearly Dead","Fat, Sick & Nearly Dead",en,2010-04-16,2010.0,Documentary,Documentary,0,0,0,0.0,97.0,Standard (90-119 min),0.545825,7.1,Good (7-7.9),47,Low (<100),Released
139038,A Haunted House,A Haunted House,en,2013-01-11,2013.0,Comedy | Horror,Comedy,2500000,60141683,57641683,24.0566732,86.0,Short (<90 min),18.661541,5.4,Medium (5-6.9),516,Medium (100-999),Released
126509,2016: Obama's America,2016: Obama's America,en,2012-07-13,2012.0,Documentary,Documentary,2500000,33400000,30900000,13.36,87.0,Short (<90 min),0.973582,4.6,Low (<5),19,Low (<100),Released
9591,That Thing You Do!,That Thing You Do!,en,1996-10-04,1996.0,Comedy | Drama,Comedy,0,34585416,34585416,0.0,108.0,Standard (90-119 min),14.885388,6.8,Medium (5-6.9),225,Medium (100-999),Released
10676,Halloween III: Season of the Witch,Halloween III: Season of the Witch,en,1982-10-22,1982.0,Horror | Mystery | Science Fiction,Horror,2500000,14400000,11900000,5.76,98.0,Standard (90-119 min),12.030456,5.0,Medium (5-6.9),229,Medium (100-999),Released
1687,Escape from the Planet of the Apes,Escape from the Planet of the Apes,en,1971-05-20,1971.0,Action | Science Fiction,Action,2500000,12348905,9848905,4.939562,98.0,Standard (90-119 min),18.30961,6.3,Medium (5-6.9),264,Medium (100-999),Released
24748,Hud,Hud,en,1963-05-29,1963.0,Action | Drama | Western,Action,2500000,10000000,7500000,4.0,112.0,Standard (90-119 min),6.82919,7.5,Good (7-7.9),66,Low (<100),Released
181330,Kevin Hart: Let Me Explain,Kevin Hart: Let Me Explain,en,2013-07-03,2013.0,Comedy | Documentary,Comedy,0,32230907,32230907,0.0,74.0,Short (<90 min),9.799357,7.1,Good (7-7.9),95,Low (<100),Released
468,My Own Private Idaho,My Own Private Idaho,en,1991-10-17,1991.0,Drama | Romance,Drama,2500000,0,-2500000,0.0,104.0,Standard (90-119 min),10.363642,7.1,Good (7-7.9),212,Medium (100-999),Released
401,Garden State,Garden State,en,2004-07-28,2004.0,Comedy | Drama | Romance,Comedy,2500000,26781723,24281723,10.7126892,102.0,Standard (90-119 min),30.583959,7.1,Good (7-7.9),618,Medium (100-999),Released
76,Before Sunrise,Before Sunrise,en,1995-01-27,1995.0,Drama | Romance,Drama,2500000,5535405,3035405,2.214162,105.0,Standard (90-119 min),23.672571,7.7,Good (7-7.9),959,Medium (100-999),Released
50538,Evil Words,Sur le seuil,fr,2003-10-03,2003.0,Horror | Mystery | Thriller,Horror,0,0,0,0.0,100.0,Standard (90-119 min),0.205034,6.9,Medium (5-6.9),8,Low (<100),Released
25636,Jesus' Son,Jesus' Son,en,1999-09-05,1999.0,Comedy | Drama | Romance,Comedy,0,0,0,0.0,107.0,Standard (90-119 min),5.581743,6.7,Medium (5-6.9),22,Low (<100),Released
19316,Saving Face,Saving Face,en,2004-09-12,2004.0,Comedy | Romance,Comedy,0,0,0,0.0,91.0,Standard (90-119 min),2.487255,6.8,Medium (5-6.9),32,Low (<100),Released
21074,Brick Lane,Brick Lane,en,2007-11-16,2007.0,Drama,Drama,0,0,0,0.0,102.0,Standard (90-119 min),0.262135,5.2,Medium (5-6.9),15,Low (<100),Released
84329,Robot & Frank,Robot & Frank,en,2012-08-16,2012.0,Science Fiction | Comedy | Drama | Crime,Science Fiction,2500000,3325038,825038,1.3300152,85.0,Short (<90 min),23.419061,6.8,Medium (5-6.9),450,Medium (100-999),Released
20,My Life Without Me,My Life Without Me,en,2003-03-07,2003.0,Drama | Romance,Drama,0,9726954,9726954,0.0,106.0,Standard (90-119 min),7.958831,7.2,Good (7-7.9),77,Low (<100),Released
157386,The Spectacular Now,The Spectacular Now,en,2013-08-02,2013.0,Comedy | Drama | Romance,Comedy,2500000,6854611,4354611,2.7418444,95.0,Standard (90-119 min),25.722747,6.8,Medium (5-6.9),1048,High (1K-4.9K),Released
13007,Religulous,Religulous,en,2008-10-01,2008.0,Comedy | Documentary,Comedy,0,0,0,0.0,101.0,Standard (90-119 min),9.774126,7.2,Good (7-7.9),197,Medium (100-999),Released
13518,Fuel,Fuel,en,2008-11-14,2008.0,Documentary | Drama,Documentary,0,0,0,0.0,90.0,Standard (90-119 min),0.197469,7.0,Good (7-7.9),3,Low (<100),Released
116584,Valley of the Heart's Delight,Valley of the Heart's Delight,en,2006-04-24,2006.0,Drama,Drama,0,0,0,0.0,100.0,Standard (90-119 min),0.142255,7.0,Good (7-7.9),1,Low (<100),Released
46849,Eye of the Dolphin,Eye of the Dolphin,en,2007-08-24,2007.0,Drama,Drama,2500000,71904,-2428096,0.0287616,100.0,Standard (90-119 min),0.301884,7.1,Good (7-7.9),7,Low (<100),Released
40428,8: The Mormon Proposition,8: The Mormon Proposition,en,2010-01-01,2010.0,Documentary,Documentary,0,0,0,0.0,80.0,Short (<90 min),0.424957,5.5,Medium (5-6.9),6,Low (<100),Released
17334,The Other End of the Line,The Other End of the Line,en,2008-10-29,2008.0,Comedy | Romance,Comedy,14000000,0,-14000000,0.0,106.0,Standard (90-119 min),3.393648,6.1,Medium (5-6.9),50,Low (<100),Released
1698,Anatomy,Anatomie,de,2000-02-03,2000.0,Horror | Thriller,Horror,0,0,0,0.0,103.0,Standard (90-119 min),5.025938,6.1,Medium (5-6.9),61,Low (<100),Released
20764,Sleep Dealer,Sleep Dealer,en,2008-12-10,2008.0,Drama | Science Fiction | Thriller,Drama,2500000,107559,-2392441,0.0430236,90.0,Standard (90-119 min),4.624691,6.0,Medium (5-6.9),40,Low (<100),Released
45132,Super,Super,en,2010-09-09,2010.0,Comedy | Action | Drama,Comedy,2500000,324138,-2175862,0.1296552,96.0,Standard (90-119 min),12.204569,6.6,Medium (5-6.9),441,Medium (100-999),Released
76706,Christmas Mail,Christmas Mail,en,2010-12-01,2010.0,Comedy | Family,Comedy,0,0,0,0.0,89.0,Short (<90 min),0.630226,5.0,Medium (5-6.9),15,Low (<100),Released
254472,Stung,Stung,de,2015-07-03,2015.0,Comedy | Horror,Comedy,2500000,0,-2500000,0.0,87.0,Short (<90 min),4.270489,4.9,Low (<5),63,Low (<100),Released
332285,Antibirth,Antibirth,en,2016-09-02,2016.0,Horror,Horror,35000000,0,-35000000,0.0,94.0,Standard (90-119 min),3.674294,4.8,Low (<5),40,Low (<100),Released
49471,Get on the Bus,Get on the Bus,en,1996-10-16,1996.0,Drama,Drama,2400000,5731103,3331103,2.387959583333333,120.0,Long (120-149 min),4.623059,7.0,Good (7-7.9),11,Low (<100),Released
13569,Thr3e,Thr3e,en,2006-12-01,2006.0,Drama | Horror | Thriller,Drama,0,0,0,0.0,101.0,Standard (90-119 min),1.946715,4.8,Low (<5),21,Low (<100),Released
7512,Idiocracy,Idiocracy,en,2006-09-01,2006.0,Adventure | Comedy | Science Fiction,Adventure,30000000,495303,-29504697,0.0165101,84.0,Short (<90 min),27.940093,6.3,Medium (5-6.9),664,Medium (100-999),Released
356216,The Rise of the Krays,The Rise of the Krays,en,2015-08-29,2015.0,Crime,Crime,2500000,0,-2500000,0.0,110.0,Standard (90-119 min),1.759506,4.5,Low (<5),19,Low (<100),Released
11798,This Is England,This Is England,en,2006-09-12,2006.0,Drama | Crime,Drama,2380000,8176544,5796544,3.43552268907563,101.0,Standard (90-119 min),8.395624,7.4,Good (7-7.9),363,Medium (100-999),Released
146631,U.F.O.,U.F.O.,en,2012-12-14,2012.0,Action | Adventure | Science Fiction,Action,2500000,0,-2500000,0.0,101.0,Standard (90-119 min),8.248149,3.1,Low (<5),47,Low (<100),Released
43546,Bathing Beauty,Bathing Beauty,en,1944-07-01,1944.0,Comedy | Music,Comedy,2361000,6892000,4531000,2.919102075391783,101.0,Standard (90-119 min),0.628051,7.0,Good (7-7.9),4,Low (<100),Released
61038,Go for It!,Go for It!,en,2011-05-13,2011.0,Drama | Family,Drama,2450000,0,-2450000,0.0,105.0,Standard (90-119 min),0.500753,4.6,Low (<5),5,Low (<100),Released
78373,"Dancer, Texas Pop. 81","Dancer, Texas Pop. 81",en,1998-05-01,1998.0,Comedy | Drama | Family,Comedy,0,565592,565592,0.0,97.0,Standard (90-119 min),0.376662,10.0,Excellent (8+),1,Low (<100),Released
17820,Show Boat,Show Boat,en,1951-07-13,1951.0,Music | Romance,Music,2300000,11000000,8700000,4.782608695652174,107.0,Standard (90-119 min),1.606314,6.9,Medium (5-6.9),18,Low (<100),Released
74457,Redemption Road,Redemption Road,en,2011-08-26,2011.0,Drama,Drama,0,0,0,0.0,91.0,Standard (90-119 min),0.197264,4.7,Low (<5),6,Low (<100),Released
283384,The Calling,The Calling,en,2014-08-05,2014.0,Thriller,Thriller,0,0,0,0.0,108.0,Standard (90-119 min),5.759493,5.6,Medium (5-6.9),88,Low (<100),Released
19933,The Brave Little Toaster,The Brave Little Toaster,en,1987-07-09,1987.0,Fantasy | Adventure | Animation | Comedy | Family | Music,Fantasy,2000000,0,-2000000,0.0,90.0,Standard (90-119 min),6.86302,6.7,Medium (5-6.9),93,Low (<100),Released
756,Fantasia,Fantasia,en,1940-11-13,1940.0,Animation | Family | Music,Animation,2280000,83320000,81040000,36.54385964912281,124.0,Long (120-149 min),32.875469,7.2,Good (7-7.9),808,Medium (100-999),Released
433715,8 Days,8 Days,en,2014-06-15,2014.0,Thriller | Drama,Thriller,0,0,0,0.0,90.0,Standard (90-119 min),0.015295,0.0,Low (<5),0,Low (<100),Released
9728,Friday the 13th Part III,Friday the 13th Part III,en,1982-08-13,1982.0,Horror | Thriller,Horror,4000000,36690067,32690067,9.17251675,95.0,Standard (90-119 min),14.206525,5.7,Medium (5-6.9),254,Medium (100-999),Released
9731,Friday the 13th: A New Beginning,Friday the 13th: A New Beginning,en,1985-03-22,1985.0,Horror | Thriller,Horror,2200000,21930418,19730418,9.968371818181819,92.0,Standard (90-119 min),12.639469,5.1,Medium (5-6.9),196,Medium (100-999),Released
9916,The Last Sin Eater,The Last Sin Eater,en,2007-02-09,2007.0,Drama,Drama,0,0,0,0.0,117.0,Standard (90-119 min),2.371477,6.2,Medium (5-6.9),11,Low (<100),Released
309425,Do You Believe?,Do You Believe?,en,2015-03-20,2015.0,Fantasy | Drama,Fantasy,0,0,0,0.0,115.0,Standard (90-119 min),2.470443,6.6,Medium (5-6.9),48,Low (<100),Released
14156,Impact Point,Impact Point,en,2008-06-13,2008.0,Thriller | Romance,Thriller,0,0,0,0.0,90.0,Standard (90-119 min),1.532518,5.7,Medium (5-6.9),5,Low (<100),Released
43610,The Valley of Decision,The Valley of Decision,en,1945-06-01,1945.0,Drama,Drama,2160000,9132000,6972000,4.227777777777778,119.0,Standard (90-119 min),0.1813,5.8,Medium (5-6.9),4,Low (<100),Released
360339,Eden,Eden,en,2015-10-22,2015.0,Thriller | Drama,Thriller,2300000,0,-2300000,0.0,97.0,Standard (90-119 min),2.713171,5.6,Medium (5-6.9),19,Low (<100),Released
31163,Chicken Tikka Masala,Chicken Tikka Masala,en,2005-04-22,2005.0,Comedy | Romance | Foreign,Comedy,0,0,0,0.0,90.0,Standard (90-119 min),0.258413,3.5,Low (<5),5,Low (<100),Released
297621,There's Always Woodstock,There's Always Woodstock,en,2014-11-14,2014.0,Romance | Comedy | Music,Romance,0,0,0,0.0,90.0,Standard (90-119 min),2.025701,5.4,Medium (5-6.9),12,Low (<100),Released
16205,Jack Brooks: Monster Slayer,Jack Brooks: Monster Slayer,en,2007-10-09,2007.0,Action | Comedy | Horror,Action,0,0,0,0.0,85.0,Short (<90 min),2.659804,5.7,Medium (5-6.9),59,Low (<100),Released
887,The Best Years of Our Lives,The Best Years of Our Lives,en,1946-12-25,1946.0,Drama | History | Romance,Drama,2100000,23650000,21550000,11.261904761904763,172.0,Very Long (150+ min),8.38717,7.6,Good (7-7.9),143,Medium (100-999),Released
9517,Bully,Bully,en,2001-06-15,2001.0,Crime | Drama,Crime,0,480811,480811,0.0,113.0,Standard (90-119 min),6.677093,6.7,Medium (5-6.9),125,Medium (100-999),Released
6007,Elling,Elling,en,2001-03-16,2001.0,Comedy | Drama,Comedy,0,0,0,0.0,89.0,Short (<90 min),2.526356,7.0,Good (7-7.9),51,Low (<100),Released
364083,Mi America,Mi America,en,2015-10-16,2015.0,Drama | Crime,Drama,2100000,3330,-2096670,0.0015857142857142858,126.0,Long (120-149 min),0.039007,0.0,Low (<5),0,Low (<100),Released
8329,[REC],[REC],es,2007-04-10,2007.0,Horror | Mystery,Horror,1500000,30448000,28948000,20.298666666666666,78.0,Short (<90 min),31.691617,7.1,Good (7-7.9),934,Medium (100-999),Released
69640,Lies in Plain Sight,Lies in Plain Sight,en,2010-10-03,2010.0,Drama | Mystery | Thriller,Drama,0,0,0,0.0,88.0,Short (<90 min),0.47909,4.5,Low (<5),4,Low (<100),Released
371085,Sharkskin,Sharkskin,en,2015-01-01,2015.0,,No Genre,0,0,0,0.0,0.0,Short (<90 min),0.027801,0.0,Low (<5),0,Low (<100),Released
347548,Containment,Containment,en,2015-07-09,2015.0,Thriller | Horror | Science Fiction,Thriller,0,0,0,0.0,77.0,Short (<90 min),2.122451,5.1,Medium (5-6.9),36,Low (<100),Released
322443,The Timber,The Timber,de,2015-02-27,2015.0,Adventure | Drama | Western,Adventure,0,0,0,0.0,81.0,Short (<90 min),0.803761,4.1,Low (<5),15,Low (<100),Released
657,From Russia with Love,From Russia with Love,en,1963-10-11,1963.0,Action | Thriller | Adventure,Action,2000000,78898765,76898765,39.4493825,115.0,Standard (90-119 min),41.298723,6.9,Medium (5-6.9),760,Medium (100-999),Released
28165,The Toxic Avenger Part II,The Toxic Avenger Part II,en,1989-02-24,1989.0,Comedy | Horror | Action,Comedy,0,0,0,0.0,96.0,Standard (90-119 min),1.791331,5.3,Medium (5-6.9),39,Low (<100),Released
11561,Sleeper,Sleeper,en,1973-12-17,1973.0,Comedy | Romance | Science Fiction,Comedy,2000000,18344729,16344729,9.1723645,89.0,Short (<90 min),10.664202,7.0,Good (7-7.9),200,Medium (100-999),Released
270303,It Follows,It Follows,en,2015-02-04,2015.0,Horror | Thriller,Horror,2000000,14674076,12674076,7.337038,100.0,Standard (90-119 min),100.876794,6.6,Medium (5-6.9),1832,High (1K-4.9K),Released
11624,Everything You Always Wanted to Know About Sex *But Were Afraid to Ask,Everything You Always Wanted to Know About Sex *But Were Afraid to Ask,en,1972-08-06,1972.0,Comedy,Comedy,2000000,18016290,16016290,9.008145,88.0,Short (<90 min),13.223111,6.6,Medium (5-6.9),215,Medium (100-999),Released
595,To Kill a Mockingbird,To Kill a Mockingbird,en,1962-12-25,1962.0,Crime | Drama,Crime,2000000,13129846,11129846,6.564923,129.0,Long (120-149 min),22.139842,8.0,Excellent (8+),657,Medium (100-999),Released
8810,Mad Max 2: The Road Warrior,Mad Max 2,en,1981-12-24,1981.0,Adventure | Action | Thriller | Science Fiction,Adventure,2000000,24600832,22600832,12.300416,95.0,Standard (90-119 min),37.117362,7.3,Good (7-7.9),957,Medium (100-999),Released
12207,The Legend of Drunken Master,醉拳二,cn,1994-02-03,1994.0,Action | Comedy,Action,0,0,0,0.0,102.0,Standard (90-119 min),15.046612,7.2,Good (7-7.9),242,Medium (100-999),Released
226,Boys Don't Cry,Boys Don't Cry,en,1999-09-02,1999.0,Crime | Drama,Crime,2000000,11540607,9540607,5.7703035,118.0,Standard (90-119 min),15.557144,7.2,Good (7-7.9),353,Medium (100-999),Released
92182,Silent House,Silent House,en,2011-01-21,2011.0,Horror | Mystery,Horror,2000000,13101672,11101672,6.550836,85.0,Short (<90 min),11.66632,5.2,Medium (5-6.9),125,Medium (100-999),Released
582,The Lives of Others,Das Leben der Anderen,de,2006-03-15,2006.0,Drama | Thriller,Drama,2000000,70000000,68000000,35.0,137.0,Long (120-149 min),34.938177,7.9,Good (7-7.9),958,Medium (100-999),Released
72213,Courageous,Courageous,en,2011-09-30,2011.0,Drama,Drama,1000000,34522221,33522221,34.522221,129.0,Long (120-149 min),5.961119,6.8,Medium (5-6.9),77,Low (<100),Released
990,The Hustler,The Hustler,en,1961-09-25,1961.0,Drama,Drama,2000000,7600000,5600000,3.8,134.0,Long (120-149 min),17.639478,7.6,Good (7-7.9),240,Medium (100-999),Released
55604,Boom Town,Boom Town,en,1940-08-30,1940.0,Adventure | Drama | Romance,Adventure,2000000,9172000,7172000,4.586,119.0,Standard (90-119 min),1.867004,6.5,Medium (5-6.9),8,Low (<100),Released
9662,The Triplets of Belleville,Les triplettes de Belleville,fr,2003-06-11,2003.0,Adventure | Animation | Comedy | Drama,Adventure,8000000,1477676,-6522324,0.1847095,80.0,Short (<90 min),13.944645,7.3,Good (7-7.9),231,Medium (100-999),Released
20862,Smoke Signals,Smoke Signals,en,1998-01-16,1998.0,Drama | Comedy,Drama,0,0,0,0.0,89.0,Short (<90 min),2.304552,6.6,Medium (5-6.9),24,Low (<100),Released
2771,American Splendor,American Splendor,en,2003-08-15,2003.0,Comedy | Drama,Comedy,0,6003587,6003587,0.0,101.0,Standard (90-119 min),7.792851,7.1,Good (7-7.9),120,Medium (100-999),Released
80,Before Sunset,Before Sunset,en,2004-02-10,2004.0,Drama | Romance,Drama,2700000,15992615,13292615,5.923190740740741,80.0,Short (<90 min),14.799323,7.6,Good (7-7.9),718,Medium (100-999),Released
55,Amores perros,Amores perros,es,2000-06-16,2000.0,Drama | Thriller,Drama,2000000,20908467,18908467,10.4542335,154.0,Very Long (150+ min),23.281616,7.6,Good (7-7.9),521,Medium (100-999),Released
11023,Thirteen,Thirteen,en,2003-08-20,2003.0,Crime | Drama,Crime,2000000,4601043,2601043,2.3005215,100.0,Standard (90-119 min),20.331593,6.7,Medium (5-6.9),339,Medium (100-999),Released
33667,Gentleman's Agreement,Gentleman's Agreement,en,1947-11-11,1947.0,Drama | Romance,Drama,2000000,7800000,5800000,3.9,118.0,Standard (90-119 min),5.381536,6.8,Medium (5-6.9),47,Low (<100),Released
39013,Winter's Bone,Winter's Bone,en,2010-06-11,2010.0,Drama,Drama,2000000,13831503,11831503,6.9157515,100.0,Standard (90-119 min),20.834883,6.8,Medium (5-6.9),565,Medium (100-999),Released
11194,Touching the Void,Touching the Void,en,2003-09-05,2003.0,Documentary | Action | Adventure,Documentary,0,13885802,13885802,0.0,106.0,Standard (90-119 min),14.045887,7.6,Good (7-7.9),138,Medium (100-999),Released
43839,Alexander's Ragtime Band,Alexander's Ragtime Band,en,1938-05-24,1938.0,Drama | Music | Romance,Drama,2000000,4000000,2000000,2.0,106.0,Standard (90-119 min),0.483974,4.8,Low (<5),6,Low (<100),Released
1382,Me and You and Everyone We Know,Me and You and Everyone We Know,en,2005-06-17,2005.0,Comedy | Drama,Comedy,0,0,0,0.0,90.0,Standard (90-119 min),9.719094,7.0,Good (7-7.9),107,Medium (100-999),Released
44639,Inside Job,Inside Job,en,2010-10-08,2010.0,Documentary,Documentary,2000000,7871522,5871522,3.935761,109.0,Standard (90-119 min),16.930914,7.7,Good (7-7.9),286,Medium (100-999),Released
301351,We Are Your Friends,We Are Your Friends,en,2015-08-26,2015.0,Drama | Music | Romance,Drama,6000000,11122090,5122090,1.8536816666666667,96.0,Standard (90-119 min),28.819424,6.3,Medium (5-6.9),658,Medium (100-999),Released
4816,Ghost Dog: The Way of the Samurai,Ghost Dog: The Way of the Samurai,en,1999-09-13,1999.0,Crime | Drama,Crime,0,0,0,0.0,116.0,Standard (90-119 min),18.223139,7.2,Good (7-7.9),298,Medium (100-999),Released
7873,Harsh Times,Harsh Times,en,2005-09-11,2005.0,Crime | Drama | Thriller | Action,Crime,2000000,5967038,3967038,2.983519,120.0,Long (120-149 min),12.999023,6.3,Medium (5-6.9),197,Medium (100-999),Released
331190,Captive,Captive,en,2015-09-17,2015.0,Crime | Drama | Thriller,Crime,2000000,2801508,801508,1.400754,97.0,Standard (90-119 min),6.728882,5.6,Medium (5-6.9),92,Low (<100),Released
15186,Full Frontal,Full Frontal,en,2002-08-02,2002.0,Comedy | Drama | Romance,Comedy,2000000,2506446,506446,1.253223,96.0,Standard (90-119 min),1.95686,4.8,Low (<5),26,Low (<100),Released
17994,Witchboard,Witchboard,en,1986-12-31,1986.0,Horror,Horror,0,0,0,0.0,98.0,Standard (90-119 min),7.151154,5.9,Medium (5-6.9),58,Low (<100),Released
1378,Shortbus,Shortbus,en,2006-05-20,2006.0,Romance | Drama | Comedy,Romance,2000000,5179037,3179037,2.5895185,101.0,Standard (90-119 min),14.846001,6.3,Medium (5-6.9),140,Medium (100-999),Released
8885,Waltz with Bashir,Vals Im Bashir,he,2008-06-25,2008.0,Drama | Animation | War,Drama,2000000,11125849,9125849,5.5629245,90.0,Standard (90-119 min),14.08251,7.8,Good (7-7.9),291,Medium (100-999),Released
48382,"The Book of Mormon Movie, Volume 1: The Journey","The Book of Mormon Movie, Volume 1: The Journey",en,2003-09-12,2003.0,,No Genre,2000000,1672730,-327270,0.836365,120.0,Long (120-149 min),0.031947,5.0,Medium (5-6.9),2,Low (<100),Released
12901,No End in Sight,No End in Sight,en,2007-07-27,2007.0,Documentary,Documentary,2000000,1431623,-568377,0.7158115,102.0,Standard (90-119 min),2.283796,7.2,Good (7-7.9),23,Low (<100),Released
250124,The Diary of a Teenage Girl,The Diary of a Teenage Girl,en,2015-08-07,2015.0,Drama | Romance,Drama,2000000,1477002,-522998,0.738501,98.0,Standard (90-119 min),18.224326,6.8,Medium (5-6.9),279,Medium (100-999),Released
14284,In the Shadow of the Moon,In the Shadow of the Moon,en,2007-01-19,2007.0,Documentary,Documentary,2000000,0,-2000000,0.0,109.0,Standard (90-119 min),3.43159,7.6,Good (7-7.9),31,Low (<100),Released
57120,Meek's Cutoff,Meek's Cutoff,en,2010-09-05,2010.0,Drama | Western,Drama,0,876302,876302,0.0,104.0,Standard (90-119 min),4.749885,6.5,Medium (5-6.9),77,Low (<100),Released
12228,Inside Deep Throat,Inside Deep Throat,en,2005-02-11,2005.0,History | Documentary,History,2000000,653621,-1346379,0.3268105,92.0,Standard (90-119 min),3.980072,6.8,Medium (5-6.9),31,Low (<100),Released
22617,Dinner Rush,Dinner Rush,en,2000-09-01,2000.0,Drama | Action | Thriller,Drama,0,0,0,0.0,99.0,Standard (90-119 min),1.096355,7.1,Good (7-7.9),19,Low (<100),Released
55561,Clockwatchers,Clockwatchers,en,1997-01-01,1997.0,Comedy | Drama,Comedy,0,0,0,0.0,96.0,Standard (90-119 min),1.196943,5.6,Medium (5-6.9),13,Low (<100),Released
42889,The Virginity Hit,The Virginity Hit,en,2010-09-10,2010.0,Comedy,Comedy,2000000,563706,-1436294,0.281853,120.0,Long (120-149 min),3.125382,4.6,Low (<5),19,Low (<100),Released
10656,Subway,Subway,fr,1985-04-10,1985.0,Action | Thriller,Action,2000000,390659,-1609341,0.1953295,104.0,Standard (90-119 min),5.261065,6.3,Medium (5-6.9),86,Low (<100),Released
24363,House of D,House of D,en,2005-04-15,2005.0,Comedy | Drama,Comedy,0,0,0,0.0,97.0,Standard (90-119 min),6.337735,6.1,Medium (5-6.9),23,Low (<100),Released
13121,Teeth,Teeth,en,2007-01-19,2007.0,Comedy | Horror,Comedy,0,0,0,0.0,94.0,Standard (90-119 min),7.359286,5.2,Medium (5-6.9),210,Medium (100-999),Released
24746,Six-String Samurai,Six-String Samurai,en,1998-09-18,1998.0,Action | Adventure | Science Fiction,Action,2000000,124494,-1875506,0.062247,91.0,Standard (90-119 min),1.892183,5.8,Medium (5-6.9),36,Low (<100),Released
325140,Hum To Mohabbat Karega,Hum To Mohabbat Karega,en,2000-05-26,2000.0,,No Genre,0,0,0,0.0,0.0,Short (<90 min),0.001186,0.0,Low (<5),0,Low (<100),Released
12109,It's All Gone Pete Tong,It's All Gone Pete Tong,en,2004-09-12,2004.0,Drama | Comedy | Music,Drama,2000000,120620,-1879380,0.06031,90.0,Standard (90-119 min),3.911445,7.1,Good (7-7.9),52,Low (<100),Released
27023,Saint John of Las Vegas,Saint John of Las Vegas,en,2009-06-10,2009.0,Comedy,Comedy,3800000,111731,-3688269,0.029402894736842104,84.0,Short (<90 min),2.559806,5.9,Medium (5-6.9),18,Low (<100),Released
22913,24 7: Twenty Four Seven,24 7: Twenty Four Seven,en,1997-08-31,1997.0,Comedy | Drama | Romance,Comedy,0,0,0,0.0,96.0,Standard (90-119 min),0.744406,6.3,Medium (5-6.9),10,Low (<100),Released
273899,Stonewall,Stonewall,en,2015-09-18,2015.0,Drama,Drama,13500000,187674,-13312326,0.013901777777777779,129.0,Long (120-149 min),5.16023,5.2,Medium (5-6.9),32,Low (<100),Released
20653,Roadside Romeo,Roadside Romeo,en,2008-10-24,2008.0,Animation | Family | Foreign,Animation,7000000,1100000,-5900000,0.15714285714285714,93.0,Standard (90-119 min),0.253595,6.7,Medium (5-6.9),3,Low (<100),Released
67373,This Thing of Ours,This Thing of Ours,en,2005-01-01,2005.0,Drama | Action | Thriller,Drama,0,0,0,0.0,100.0,Standard (90-119 min),0.046868,5.0,Medium (5-6.9),1,Low (<100),Released
171759,The Lost Medallion: The Adventures of Billy Stone,The Lost Medallion: The Adventures of Billy Stone,en,2013-03-01,2013.0,Adventure | Family,Adventure,0,0,0,0.0,97.0,Standard (90-119 min),2.952932,5.6,Medium (5-6.9),13,Low (<100),Released
206296,The Last Five Years,The Last Five Years,en,2014-11-03,2014.0,Comedy | Drama | Music | Romance,Comedy,0,0,0,0.0,94.0,Standard (90-119 min),5.563068,5.5,Medium (5-6.9),143,Medium (100-999),Released
35219,The Missing Person,The Missing Person,en,2009-01-16,2009.0,Comedy | Drama | Mystery | Thriller,Comedy,0,0,0,0.0,95.0,Standard (90-119 min),1.161034,6.4,Medium (5-6.9),9,Low (<100),Released
28260,Return of the Living Dead 3,Return of the Living Dead 3,en,1993-10-01,1993.0,Comedy | Science Fiction | Romance | Horror,Comedy,2000000,54207,-1945793,0.0271035,97.0,Standard (90-119 min),7.502934,5.9,Medium (5-6.9),88,Low (<100),Released
7515,London,London,en,2005-02-10,2005.0,Drama | Action | Romance,Drama,0,0,0,0.0,92.0,Standard (90-119 min),5.350423,6.1,Medium (5-6.9),96,Low (<100),Released
13075,Sherrybaby,Sherrybaby,en,2006-09-08,2006.0,Drama,Drama,2000000,622806,-1377194,0.311403,96.0,Standard (90-119 min),4.261509,6.3,Medium (5-6.9),41,Low (<100),Released
335866,Circle,Circle,en,2015-10-02,2015.0,Horror | Science Fiction,Horror,0,0,0,0.0,87.0,Short (<90 min),6.752141,6.0,Medium (5-6.9),333,Medium (100-999),Released
13510,Eden Lake,Eden Lake,en,2008-09-12,2008.0,Horror | Thriller,Horror,0,3983997,3983997,0.0,91.0,Standard (90-119 min),20.362373,6.7,Medium (5-6.9),406,Medium (100-999),Released
215881,Plush,Plush,en,2013-09-13,2013.0,Thriller,Thriller,0,0,0,0.0,98.0,Standard (90-119 min),5.099368,5.4,Medium (5-6.9),40,Low (<100),Released
18238,Lesbian Vampire Killers,Lesbian Vampire Killers,en,2009-03-16,2009.0,Horror | Comedy,Horror,0,0,0,0.0,86.0,Short (<90 min),6.632891,5.3,Medium (5-6.9),124,Medium (100-999),Released
22600,Gangster's Paradise: Jerusalema,Jerusalema,en,2008-02-11,2008.0,Drama | Action | Crime | Foreign,Drama,0,0,0,0.0,120.0,Long (120-149 min),1.717376,6.8,Medium (5-6.9),16,Low (<100),Released
12612,Freeze Frame,Freeze Frame,en,2004-05-01,2004.0,Thriller | Drama | Crime,Thriller,0,0,0,0.0,99.0,Standard (90-119 min),4.922397,6.9,Medium (5-6.9),18,Low (<100),Released
50698,Grave Encounters,Grave Encounters,en,2011-09-09,2011.0,Thriller | Horror,Thriller,1000000,0,-1000000,0.0,92.0,Standard (90-119 min),13.222268,6.1,Medium (5-6.9),381,Medium (100-999),Released
115210,Stitches,Stitches,en,2012-05-19,2012.0,Horror,Horror,100000,95000,-5000,0.95,86.0,Short (<90 min),7.447714,5.5,Medium (5-6.9),92,Low (<100),Released
34335,Nine Dead,Nine Dead,en,2010-01-01,2010.0,Crime | Drama | Horror | Thriller,Crime,2000000,0,-2000000,0.0,98.0,Standard (90-119 min),9.68793,5.2,Medium (5-6.9),84,Low (<100),Released
459488,"To Be Frank, Sinatra at 100","To Be Frank, Sinatra at 100",en,2015-12-12,2015.0,Documentary,Documentary,2,0,-2,0.0,,Unknown,0.050625,0.0,Low (<5),0,Low (<100),Released
11302,Bananas,Bananas,en,1971-04-28,1971.0,Comedy,Comedy,2000000,11833696,9833696,5.916848,82.0,Short (<90 min),5.941852,6.7,Medium (5-6.9),165,Medium (100-999),Released
119458,Supercapitalist,$upercapitalist,en,2012-08-10,2012.0,Thriller,Thriller,0,0,0,0.0,103.0,Standard (90-119 min),0.174311,3.5,Low (<5),2,Low (<100),Released
20406,Rockaway,Rockaway,en,2007-07-07,2007.0,Action | Adventure | Drama,Action,0,0,0,0.0,76.0,Short (<90 min),0.361554,5.8,Medium (5-6.9),2,Low (<100),Released
3766,The Lady from Shanghai,The Lady from Shanghai,en,1947-12-24,1947.0,Crime | Drama | Mystery,Crime,2300000,0,-2300000,0.0,87.0,Short (<90 min),8.055084,7.2,Good (7-7.9),102,Medium (100-999),Released
18616,No Man's Land: The Rise of Reeker,No Man's Land: The Rise of Reeker,en,2008-05-01,2008.0,Horror | Thriller,Horror,2000000,0,-2000000,0.0,88.0,Short (<90 min),4.346271,4.4,Low (<5),27,Low (<100),Released
18808,Highway,Highway,en,2002-01-01,2002.0,Action | Adventure | Drama,Action,14000000,0,-14000000,0.0,97.0,Standard (90-119 min),3.419685,5.6,Medium (5-6.9),37,Low (<100),Released
95755,Small Apartments,Small Apartments,en,2012-03-10,2012.0,Comedy | Crime,Comedy,2000000,0,-2000000,0.0,96.0,Standard (90-119 min),5.100741,5.7,Medium (5-6.9),50,Low (<100),Released
198062,Coffee Town,Coffee Town,en,2013-07-09,2013.0,Comedy,Comedy,0,0,0,0.0,87.0,Short (<90 min),2.253589,6.7,Medium (5-6.9),45,Low (<100),Released
188652,The Ghastly Love of Johnny X,The Ghastly Love of Johnny X,en,2013-04-26,2013.0,Comedy | Fantasy | Music,Comedy,0,0,0,0.0,106.0,Standard (90-119 min),0.209475,6.6,Medium (5-6.9),8,Low (<100),Released
174311,All Is Bright,All Is Bright,en,2013-09-10,2013.0,Comedy | Drama,Comedy,0,0,0,0.0,107.0,Standard (90-119 min),3.613577,5.3,Medium (5-6.9),36,Low (<100),Released
12602,The Torture Chamber of Dr. Sadism,Die Schlangengrube und das Pendel,de,1967-10-05,1967.0,Mystery | Horror | History,Mystery,0,0,0,0.0,85.0,Short (<90 min),1.296784,6.3,Medium (5-6.9),12,Low (<100),Released
153795,Straight A's,Straight A's,en,2013-01-16,2013.0,Comedy | Drama,Comedy,7000000,0,-7000000,0.0,88.0,Short (<90 min),4.50829,5.2,Medium (5-6.9),46,Low (<100),Released
17768,A Funny Thing Happened on the Way to the Forum,A Funny Thing Happened on the Way to the Forum,en,1966-10-16,1966.0,Comedy | Music,Comedy,0,0,0,0.0,99.0,Standard (90-119 min),8.902102,6.1,Medium (5-6.9),24,Low (<100),Released
13516,Slacker Uprising,Slacker Uprising,en,2007-09-27,2007.0,Documentary,Documentary,0,0,0,0.0,102.0,Standard (90-119 min),1.619635,5.9,Medium (5-6.9),10,Low (<100),Released
98549,The Legend of Hell's Gate: An American Conspiracy,The Legend of Hell's Gate: An American Conspiracy,en,2011-03-03,2011.0,Action | Adventure | History | Western,Action,0,0,0,0.0,108.0,Standard (90-119 min),1.002585,3.9,Low (<5),8,Low (<100),Released
312793,The Walking Deceased,Walking with the Dead,en,2015-03-20,2015.0,Science Fiction | Comedy,Science Fiction,0,0,0,0.0,90.0,Standard (90-119 min),1.332804,4.2,Low (<5),35,Low (<100),Released
309919,The Curse of Downers Grove,The Curse of Downers Grove,en,2015-08-21,2015.0,Thriller | Mystery | Horror | Drama,Thriller,2000000,0,-2000000,0.0,89.0,Short (<90 min),2.00163,4.4,Low (<5),24,Low (<100),Released
299553,Shark Lake,Shark Lake,en,2015-10-02,2015.0,Thriller,Thriller,2000000,0,-2000000,0.0,92.0,Standard (90-119 min),1.187764,4.4,Low (<5),19,Low (<100),Released
21309,River's Edge,River's Edge,en,1986-08-27,1986.0,Crime | Drama,Crime,19000000,0,-19000000,0.0,99.0,Standard (90-119 min),6.463806,6.7,Medium (5-6.9),59,Low (<100),Released
32235,Northfork,Northfork,en,2003-01-01,2003.0,Fantasy | Drama | Science Fiction,Fantasy,0,0,0,0.0,103.0,Standard (90-119 min),1.980265,6.7,Medium (5-6.9),24,Low (<100),Released
329540,The Marine 4: Moving Target,The Marine 4: Moving Target,en,2015-04-10,2015.0,Thriller | Action,Thriller,1950000,0,-1950000,0.0,90.0,Standard (90-119 min),3.696123,5.8,Medium (5-6.9),49,Low (<100),Released
26388,Buried,Buried,en,2010-09-24,2010.0,Drama | Thriller | Mystery,Drama,1987650,19152480,17164830,9.635740698815184,94.0,Standard (90-119 min),32.841229,6.6,Medium (5-6.9),827,Medium (100-999),Released
49020,Submarine,Submarine,en,2011-03-18,2011.0,Drama | Comedy | Romance,Drama,0,864659,864659,0.0,97.0,Standard (90-119 min),8.518866,7.4,Good (7-7.9),443,Medium (100-999),Released
159037,The Square,The Square,ar,2013-06-07,2013.0,Documentary | Drama | History,Documentary,0,0,0,0.0,88.0,Short (<90 min),4.892203,7.8,Good (7-7.9),55,Low (<100),Released
12838,One to Another,Chacun sa nuit,fr,2006-07-21,2006.0,Drama,Drama,0,0,0,0.0,95.0,Standard (90-119 min),4.665026,5.8,Medium (5-6.9),12,Low (<100),Released
157293,ABCD (Any Body Can Dance),एबीसीडी,hi,2013-02-07,2013.0,Drama | Music,Drama,0,222000,222000,0.0,160.0,Very Long (150+ min),1.294967,5.6,Medium (5-6.9),10,Low (<100),Released
14048,Man on Wire,Man on Wire,en,2008-07-25,2008.0,Thriller | Documentary | Crime | History,Thriller,0,2957978,2957978,0.0,94.0,Standard (90-119 min),14.331992,7.5,Good (7-7.9),275,Medium (100-999),Released
356987,Abandoned,Abandoned,en,2015-08-30,2015.0,Drama | Thriller,Drama,0,0,0,0.0,82.0,Short (<90 min),3.068463,5.8,Medium (5-6.9),27,Low (<100),Released
295886,Brotherly Love,Brotherly Love,en,2015-04-24,2015.0,Drama,Drama,1900000,0,-1900000,0.0,89.0,Short (<90 min),1.367751,6.9,Medium (5-6.9),21,Low (<100),Post Production
38358,The Last Exorcism,The Last Exorcism,en,2010-08-27,2010.0,Horror | Drama | Thriller,Horror,1800000,67738090,65938090,37.63227222222222,87.0,Short (<90 min),14.838986,5.6,Medium (5-6.9),328,Medium (100-999),Released
33511,Nowhere Boy,Nowhere Boy,en,2009-12-25,2009.0,Drama,Drama,0,0,0,0.0,98.0,Standard (90-119 min),1.950959,7.2,Good (7-7.9),244,Medium (100-999),Released
702,A Streetcar Named Desire,A Streetcar Named Desire,en,1951-09-18,1951.0,Drama,Drama,1800000,8000000,6200000,4.444444444444445,125.0,Long (120-149 min),14.884756,7.6,Good (7-7.9),281,Medium (100-999),Released
935,Dr. Strangelove or: How I Learned to Stop Worrying and Love the Bomb,Dr. Strangelove or: How I Learned to Stop Worrying and Love the Bomb,en,1964-01-29,1964.0,Drama | Comedy | War,Drama,1800000,9440272,7640272,5.244595555555556,95.0,Standard (90-119 min),41.996783,8.0,Excellent (8+),1442,High (1K-4.9K),Released
542,The Crime of Padre Amaro,El Crimen del Padre Amaro,es,2002-10-01,2002.0,Drama | Romance,Drama,1800000,0,-1800000,0.0,118.0,Standard (90-119 min),2.179428,6.2,Medium (5-6.9),36,Low (<100),Released
84175,Beasts of the Southern Wild,Beasts of the Southern Wild,en,2012-06-29,2012.0,Drama | Fantasy,Drama,1800000,21107746,19307746,11.726525555555556,93.0,Standard (90-119 min),12.471239,6.8,Medium (5-6.9),403,Medium (100-999),Released
1705,Battle for the Planet of the Apes,Battle for the Planet of the Apes,en,1973-06-15,1973.0,Action | Science Fiction,Action,1700000,8844595,7144595,5.2027029411764705,93.0,Standard (90-119 min),13.315383,5.5,Medium (5-6.9),215,Medium (100-999),Released
62677,Songcatcher,Songcatcher,en,2001-03-01,2001.0,Drama | Music,Drama,0,0,0,0.0,109.0,Standard (90-119 min),3.363321,5.6,Medium (5-6.9),9,Low (<100),Released
50875,Higher Ground,Higher Ground,en,2011-08-26,2011.0,Drama | Thriller,Drama,2000000,841733,-1158267,0.4208665,109.0,Standard (90-119 min),1.699101,5.3,Medium (5-6.9),14,Low (<100),Post Production
260778,Vaalu,வாலு,ta,2015-08-14,2015.0,Comedy | Romance,Comedy,0,0,0,0.0,155.0,Very Long (150+ min),0.320387,6.7,Medium (5-6.9),5,Low (<100),Released
58492,The Greatest Movie Ever Sold,The Greatest Movie Ever Sold,en,2011-04-22,2011.0,Comedy | Documentary,Comedy,0,621951,621951,0.0,87.0,Short (<90 min),0.692497,6.4,Medium (5-6.9),88,Low (<100),Released
44562,Ed and His Dead Mother,Ed and His Dead Mother,en,1993-06-04,1993.0,Comedy,Comedy,0,0,0,0.0,93.0,Standard (90-119 min),0.023436,5.5,Medium (5-6.9),12,Low (<100),Released
37232,Travellers and Magicians,Travellers and Magicians,en,2003-09-09,2003.0,Adventure | Drama | Foreign,Adventure,0,0,0,0.0,108.0,Standard (90-119 min),0.749699,6.8,Medium (5-6.9),9,Low (<100),Released
4929,Hang 'em High,Hang 'em High,en,1968-07-31,1968.0,Western,Western,1800000,6800000,5000000,3.7777777777777777,114.0,Standard (90-119 min),11.756943,6.7,Medium (5-6.9),192,Medium (100-999),Released
36334,Deadline - U.S.A.,Deadline - U.S.A.,en,1952-03-14,1952.0,Crime | Drama,Crime,0,0,0,0.0,87.0,Short (<90 min),0.225627,6.9,Medium (5-6.9),17,Low (<100),Released
9783,Sublime,Sublime,en,2007-06-15,2007.0,Horror | Thriller,Horror,0,0,0,0.0,113.0,Standard (90-119 min),6.833164,5.3,Medium (5-6.9),33,Low (<100),Released
386826,A Beginner's Guide to Snuff,A Beginner's Guide to Snuff,en,2016-03-04,2016.0,Thriller | Comedy | Horror,Thriller,0,0,0,0.0,87.0,Short (<90 min),0.060127,0.0,Low (<5),0,Low (<100),Released
205126,Independence Daysaster,Independence Daysaster,en,2013-06-27,2013.0,Action | Science Fiction,Action,1800000,0,-1800000,0.0,86.0,Short (<90 min),1.959405,4.2,Low (<5),22,Low (<100),Released
98557,Dysfunctional Friends,Dysfunctional Friends,en,2012-02-03,2012.0,Comedy | Romance,Comedy,1800000,0,-1800000,0.0,101.0,Standard (90-119 min),0.21544,5.0,Medium (5-6.9),4,Low (<100),Released
104,Run Lola Run,Lola rennt,de,1998-08-20,1998.0,Action | Drama | Thriller,Action,1530000,7267585,5737585,4.750055555555556,81.0,Short (<90 min),27.36562,7.2,Good (7-7.9),664,Medium (100-999),Released
10894,May,May,en,2002-01-13,2002.0,Drama | Horror | Thriller | Romance,Drama,500000,150277,-349723,0.300554,93.0,Standard (90-119 min),8.650779,6.3,Medium (5-6.9),152,Medium (100-999),Released
246449,Against the Wild,Against the Wild,en,2013-12-29,2013.0,Adventure | Family,Adventure,1493619,0,-1493619,0.0,90.0,Standard (90-119 min),2.492747,4.9,Low (<5),19,Low (<100),Released
32579,Under the Same Moon,La misma luna,es,2008-03-20,2008.0,Drama,Drama,0,23311391,23311391,0.0,106.0,Standard (90-119 min),2.756435,7.0,Good (7-7.9),28,Low (<100),Released
1688,Conquest of the Planet of the Apes,Conquest of the Planet of the Apes,en,1972-06-29,1972.0,Action | Science Fiction,Action,1700000,9700000,8000000,5.705882352941177,88.0,Short (<90 min),18.828683,6.1,Medium (5-6.9),236,Medium (100-999),Released
1999,In the Bedroom,In the Bedroom,en,2001-11-23,2001.0,Drama | Thriller,Drama,1700000,0,-1700000,0.0,130.0,Long (120-149 min),6.979638,6.4,Medium (5-6.9),89,Low (<100),Released
43947,I Spit on Your Grave,I Spit on Your Grave,en,2010-06-17,2010.0,Thriller | Crime | Horror,Thriller,2000000,572809,-1427191,0.2864045,108.0,Standard (90-119 min),26.281839,6.3,Medium (5-6.9),519,Medium (100-999),Released
24066,"Happy, Texas","Happy, Texas",en,1999-12-03,1999.0,Comedy | Crime,Comedy,1700000,1943649,243649,1.1433229411764705,98.0,Standard (90-119 min),2.079125,5.5,Medium (5-6.9),39,Low (<100),Released
9709,My Summer of Love,My Summer of Love,en,2004-08-20,2004.0,Drama | Thriller | Romance,Drama,0,0,0,0.0,86.0,Short (<90 min),3.939753,6.0,Medium (5-6.9),59,Low (<100),Released
191714,The Lunchbox,Dabba,hi,2013-09-19,2013.0,Drama | Romance,Drama,1000000,4235151,3235151,4.235151,104.0,Standard (90-119 min),14.017809,7.3,Good (7-7.9),221,Medium (100-999),Released
25312,Yes,Yes,en,2005-08-05,2005.0,Drama | Romance,Drama,0,0,0,0.0,100.0,Standard (90-119 min),3.677831,5.9,Medium (5-6.9),7,Low (<100),Released
34106,You Can't Take It With You,You Can't Take It With You,en,1938-08-23,1938.0,Comedy | Romance,Comedy,1644736,7433101,5788365,4.5193277218957935,126.0,Long (120-149 min),3.426314,7.2,Good (7-7.9),79,Low (<100),Released
11426,From Here to Eternity,From Here to Eternity,en,1953-08-04,1953.0,War | Drama | Romance,War,1650000,30500000,28850000,18.484848484848484,118.0,Standard (90-119 min),6.915201,7.2,Good (7-7.9),133,Medium (100-999),Released
13909,She Wore a Yellow Ribbon,She Wore a Yellow Ribbon,en,1949-10-22,1949.0,Western,Western,1600000,5400000,3800000,3.375,103.0,Standard (90-119 min),8.535178,7.1,Good (7-7.9),61,Low (<100),Released
206284,Grace Unplugged,Grace Unplugged,en,2013-10-04,2013.0,Drama | Music,Drama,0,0,0,0.0,102.0,Standard (90-119 min),2.160586,6.0,Medium (5-6.9),24,Low (<100),Released
27455,Foolish,Foolish,en,1999-04-09,1999.0,Comedy | Drama,Comedy,0,6033999,6033999,0.0,84.0,Short (<90 min),0.796009,6.3,Medium (5-6.9),3,Low (<100),Released
66468,N-Secure,N-Secure,en,2010-10-15,2010.0,Drama | Crime | Thriller,Drama,0,2592808,2592808,0.0,0.0,Short (<90 min),0.13456,4.3,Low (<5),4,Low (<100),Released
7973,Caramel,سكر بنات,ar,2007-07-01,2007.0,Drama | Comedy | Romance,Drama,0,0,0,0.0,96.0,Standard (90-119 min),4.554574,6.8,Medium (5-6.9),52,Low (<100),Released
283686,Out of the Dark,Out of the Dark,en,2014-08-27,2014.0,Thriller | Horror,Thriller,0,0,0,0.0,92.0,Standard (90-119 min),3.215465,4.6,Low (<5),55,Low (<100),Released
15976,The Bubble,Ha-Buah,he,2006-06-06,2006.0,Drama | Romance,Drama,0,0,0,0.0,114.0,Standard (90-119 min),1.49436,7.6,Good (7-7.9),20,Low (<100),Released
592,The Conversation,The Conversation,en,1974-04-07,1974.0,Crime | Drama | Mystery,Crime,1600000,4420000,2820000,2.7625,113.0,Standard (90-119 min),20.810292,7.5,Good (7-7.9),372,Medium (100-999),Released
74084,Dil Jo Bhi Kahey...,दिल जो भी कहे,hi,2006-12-07,2006.0,Romance,Romance,0,0,0,0.0,0.0,Short (<90 min),0.122704,0.0,Low (<5),0,Low (<100),Released
1651,Mississippi Mermaid,La sirène du Mississipi,fr,1969-06-18,1969.0,Crime | Drama | Romance,Crime,0,0,0,0.0,123.0,Long (120-149 min),3.654018,6.7,Medium (5-6.9),32,Low (<100),Released
25428,I Love Your Work,I Love Your Work,en,2003-10-05,2003.0,Drama | Mystery,Drama,0,0,0,0.0,111.0,Standard (90-119 min),3.313339,6.5,Medium (5-6.9),2,Low (<100),Released
298584,Cabin Fever,Cabin Fever,en,2016-02-12,2016.0,Horror,Horror,0,0,0,0.0,99.0,Standard (90-119 min),5.379319,4.4,Low (<5),111,Medium (100-999),Released
10758,Waitress,Waitress,en,2007-05-25,2007.0,Comedy,Comedy,2000000,22179430,20179430,11.089715,108.0,Standard (90-119 min),9.67299,6.7,Medium (5-6.9),129,Medium (100-999),Released
11690,Bloodsport,Bloodsport,en,1988-02-26,1988.0,Action,Action,1500000,11806119,10306119,7.870746,92.0,Standard (90-119 min),17.49699,6.6,Medium (5-6.9),363,Medium (100-999),Released
3083,Mr. Smith Goes to Washington,Mr. Smith Goes to Washington,en,1939-10-19,1939.0,Comedy | Drama,Comedy,1500000,9600000,8100000,6.4,129.0,Long (120-149 min),12.2624,7.9,Good (7-7.9),241,Medium (100-999),Released
9344,Kids,Kids,en,1995-07-28,1995.0,Drama | Crime,Drama,1500000,7412216,5912216,4.941477333333333,91.0,Standard (90-119 min),13.291991,6.8,Medium (5-6.9),279,Medium (100-999),Released
10707,The Squid and the Whale,The Squid and the Whale,en,2005-10-05,2005.0,Comedy | Drama,Comedy,1500000,11098131,9598131,7.398754,81.0,Short (<90 min),13.788054,6.9,Medium (5-6.9),226,Medium (100-999),Released
15647,Kissing Jessica Stein,Kissing Jessica Stein,en,2001-04-21,2001.0,Comedy,Comedy,1000000,10013424,9013424,10.013424,97.0,Standard (90-119 min),3.990215,5.9,Medium (5-6.9),48,Low (<100),Released
308529,Kickboxer: Vengeance,Kickboxer: Vengeance,en,2016-07-14,2016.0,Action | Drama,Action,17000000,0,-17000000,0.0,90.0,Standard (90-119 min),6.526588,4.5,Low (<5),99,Low (<100),Released
4174,Spellbound,Spellbound,en,1945-12-28,1945.0,Drama | Mystery | Thriller,Drama,1500000,7000000,5500000,4.666666666666667,111.0,Standard (90-119 min),11.145915,7.3,Good (7-7.9),160,Medium (100-999),Released
20156,Exotica,Exotica,en,1994-09-24,1994.0,Drama | Mystery,Drama,0,0,0,0.0,103.0,Standard (90-119 min),5.446832,6.5,Medium (5-6.9),64,Low (<100),Released
9464,Buffalo '66,Buffalo '66,en,1998-01-20,1998.0,Romance | Comedy | Crime | Drama,Romance,1500000,2375097,875097,1.583398,110.0,Standard (90-119 min),10.009994,7.1,Good (7-7.9),166,Medium (100-999),Released
49018,Insidious,Insidious,en,2010-09-13,2010.0,Horror | Thriller,Horror,1500000,97009150,95509150,64.67276666666666,103.0,Standard (90-119 min),58.594852,6.8,Medium (5-6.9),1737,High (1K-4.9K),Released
13820,Repo Man,Repo Man,en,1984-02-20,1984.0,Comedy | Crime | Science Fiction | Thriller,Comedy,1500000,2300000,800000,1.5333333333333334,92.0,Standard (90-119 min),11.35344,6.7,Medium (5-6.9),144,Medium (100-999),Released
18079,Nine Queens,Nueve Reinas,es,2000-08-31,2000.0,Crime | Drama | Thriller,Crime,1500000,0,-1500000,0.0,114.0,Standard (90-119 min),8.589355,7.4,Good (7-7.9),153,Medium (100-999),Released
127918,The Gatekeepers,The Gatekeepers,en,2012-07-09,2012.0,Documentary,Documentary,0,0,0,0.0,101.0,Standard (90-119 min),2.828303,6.5,Medium (5-6.9),39,Low (<100),Released
17113,The Ballad of Jack and Rose,The Ballad of Jack and Rose,en,2005-03-25,2005.0,Drama,Drama,1500000,712294,-787706,0.47486266666666666,111.0,Standard (90-119 min),3.618646,6.5,Medium (5-6.9),43,Low (<100),Released
129139,The To Do List,The To Do List,en,2013-07-24,2013.0,Comedy | Romance,Comedy,1500000,3566225,2066225,2.377483333333333,104.0,Standard (90-119 min),15.017068,5.5,Medium (5-6.9),342,Medium (100-999),Released
507,Killing Zoe,Killing Zoe,en,1993-10-01,1993.0,Action | Crime | Drama | Thriller,Action,1500000,418961,-1081039,0.27930733333333335,96.0,Standard (90-119 min),5.817519,6.1,Medium (5-6.9),111,Medium (100-999),Released
4012,The Believer,The Believer,en,2001-01-19,2001.0,Drama,Drama,1500000,416925,-1083075,0.27795,98.0,Standard (90-119 min),9.856826,6.8,Medium (5-6.9),151,Medium (100-999),Released
14054,Snow Angels,Snow Angels,en,2008-03-07,2008.0,Drama | Romance,Drama,0,414404,414404,0.0,106.0,Standard (90-119 min),4.262374,6.5,Medium (5-6.9),48,Low (<100),Released
323271,Unsullied,Unsullied,en,2015-08-28,2015.0,Thriller | Action | Horror,Thriller,0,0,0,0.0,93.0,Standard (90-119 min),0.06124,3.0,Low (<5),1,Low (<100),Released
10972,Session 9,Session 9,en,2001-08-10,2001.0,Horror | Mystery,Horror,1500000,373967,-1126033,0.24931133333333333,100.0,Standard (90-119 min),11.064228,6.2,Medium (5-6.9),251,Medium (100-999),Released
13066,I Want Someone to Eat Cheese With,I Want Someone to Eat Cheese With,en,2006-01-01,2006.0,Comedy | Romance,Comedy,0,0,0,0.0,80.0,Short (<90 min),1.742383,5.7,Medium (5-6.9),12,Low (<100),Released
66025,Mooz-lum,Mooz-lum,en,2011-02-11,2011.0,Drama,Drama,0,330048,330048,0.0,95.0,Standard (90-119 min),0.414754,4.5,Low (<5),3,Low (<100),Released
11908,Hatchet,Hatchet,en,2006-04-27,2006.0,Comedy | Horror,Comedy,0,0,0,0.0,83.0,Short (<90 min),12.677016,5.7,Medium (5-6.9),159,Medium (100-999),Released
3082,Modern Times,Modern Times,en,1936-02-05,1936.0,Drama | Comedy,Drama,1,8500000,8499999,8500000.0,87.0,Short (<90 min),28.27648,8.1,Excellent (8+),856,Medium (100-999),Released
39541,Stolen Summer,Stolen Summer,en,2002-03-22,2002.0,Drama | Family | Comedy,Drama,0,0,0,0.0,91.0,Standard (90-119 min),0.87066,6.4,Medium (5-6.9),9,Low (<100),Released
1961,My Name Is Bruce,My Name Is Bruce,en,2007-10-01,2007.0,Comedy | Horror,Comedy,1500000,173066,-1326934,0.11537733333333333,86.0,Short (<90 min),7.5591,5.9,Medium (5-6.9),107,Medium (100-999),Released
51820,The Salon,The Salon,en,2005-01-13,2005.0,Comedy,Comedy,1500000,0,-1500000,0.0,0.0,Short (<90 min),2.02817,3.5,Low (<5),1,Low (<100),Released
291362,Road Hard,Road Hard,en,2015-03-06,2015.0,Comedy,Comedy,1500000,0,-1500000,0.0,97.0,Standard (90-119 min),0.859014,6.6,Medium (5-6.9),8,Low (<100),Released
30082,Forty Shades of Blue,Forty Shades of Blue,en,2005-12-07,2005.0,Drama | Romance,Drama,1500000,0,-1500000,0.0,108.0,Standard (90-119 min),0.071377,6.0,Medium (5-6.9),2,Low (<100),Released
72913,Amigo,Amigo,en,2010-07-14,2010.0,Drama | History | War,Drama,1200000,0,-1200000,0.0,128.0,Long (120-149 min),0.193172,6.0,Medium (5-6.9),2,Low (<100),Released
23963,Pontypool,Pontypool,en,2009-03-06,2009.0,Horror | Mystery | Science Fiction,Horror,1500000,32000,-1468000,0.021333333333333333,93.0,Standard (90-119 min),4.680206,6.6,Medium (5-6.9),183,Medium (100-999),Released
29406,Trucker,Trucker,en,2008-04-24,2008.0,Drama,Drama,2000000,0,-2000000,0.0,90.0,Standard (90-119 min),1.20173,6.8,Medium (5-6.9),16,Low (<100),Released
361505,Me You and Five Bucks,Me You and Five Bucks,en,2015-07-07,2015.0,Romance | Comedy | Drama,Romance,1,0,-1,0.0,90.0,Standard (90-119 min),0.094105,10.0,Excellent (8+),2,Low (<100),Released
104755,The Lords of Salem,The Lords of Salem,en,2012-09-10,2012.0,Horror | Thriller,Horror,1500000,1165882,-334118,0.7772546666666666,101.0,Standard (90-119 min),14.504326,5.1,Medium (5-6.9),242,Medium (100-999),Released
253306,Housebound,Housebound,en,2014-09-04,2014.0,Horror | Comedy | Thriller,Horror,0,0,0,0.0,109.0,Standard (90-119 min),10.322858,6.5,Medium (5-6.9),358,Medium (100-999),Released
29595,Wal-Mart: The High Cost of Low Price,Wal-Mart: The High Cost of Low Price,en,2005-11-04,2005.0,Documentary,Documentary,0,0,0,0.0,98.0,Standard (90-119 min),1.404175,6.9,Medium (5-6.9),24,Low (<100),Released
46729,Fetching Cody,Fetching Cody,en,2005-10-01,2005.0,Comedy | Drama | Fantasy | Romance | Science Fiction,Comedy,1,0,-1,0.0,87.0,Short (<90 min),0.077876,6.8,Medium (5-6.9),6,Low (<100),Released
294600,Last I Heard,Last I Heard,en,2013-01-01,2013.0,Drama | Comedy,Drama,0,0,0,0.0,98.0,Standard (90-119 min),0.35819,6.0,Medium (5-6.9),1,Low (<100),Released
137347,Closer to the Moon,Closer to the Moon,en,2013-11-29,2013.0,Comedy | Drama,Comedy,9000000,0,-9000000,0.0,112.0,Standard (90-119 min),9.159265,6.4,Medium (5-6.9),13,Low (<100),Released
290370,Mutant World,Mutant World,en,2014-09-27,2014.0,Science Fiction,Science Fiction,0,1500000,1500000,0.0,85.0,Short (<90 min),1.893697,2.6,Low (<5),9,Low (<100),Released
426469,Growing Up Smith,Growing Up Smith,en,2017-02-03,2017.0,Comedy | Family | Drama,Comedy,0,0,0,0.0,102.0,Standard (90-119 min),0.71087,7.4,Good (7-7.9),7,Low (<100),Released
356841,Checkmate,Checkmate,en,2015-07-03,2015.0,Thriller | Action | Crime,Thriller,0,0,0,0.0,102.0,Standard (90-119 min),1.105357,4.2,Low (<5),13,Low (<100),Released
301325,#Horror,#Horror,de,2015-11-20,2015.0,Drama | Mystery | Horror | Thriller,Drama,1500000,0,-1500000,0.0,90.0,Standard (90-119 min),2.815228,3.3,Low (<5),52,Low (<100),Released
347755,Wind Walkers,Wind Walkers,en,2016-01-28,2016.0,Action | Horror | Thriller,Action,0,0,0,0.0,93.0,Standard (90-119 min),0.446858,7.5,Good (7-7.9),6,Low (<100),Released
408,Snow White and the Seven Dwarfs,Snow White and the Seven Dwarfs,en,1937-12-20,1937.0,Fantasy | Animation | Family,Fantasy,1488423,184925486,183437063,124.24256142239135,83.0,Short (<90 min),80.171283,6.9,Medium (5-6.9),1914,High (1K-4.9K),Released
44413,The Holy Girl,La niña santa,es,2004-05-06,2004.0,Drama | Foreign,Drama,1400000,0,-1400000,0.0,106.0,Standard (90-119 min),0.684881,6.8,Medium (5-6.9),10,Low (<100),Released
39209,Shalako,Shalako,en,1968-11-06,1968.0,Western,Western,1455000,2620000,1165000,1.8006872852233677,113.0,Standard (90-119 min),3.598457,5.4,Medium (5-6.9),12,Low (<100),Released
48463,Incident at Loch Ness,Incident at Loch Ness,en,2004-12-17,2004.0,Adventure | Comedy | Horror,Adventure,1,0,-1,0.0,94.0,Standard (90-119 min),1.452152,5.9,Medium (5-6.9),18,Low (<100),Released
394047,The Dog Lover,The Dog Lover,en,2016-07-08,2016.0,Drama,Drama,2000000,0,-2000000,0.0,101.0,Standard (90-119 min),1.193219,5.3,Medium (5-6.9),6,Low (<100),Released
312791,GirlHouse,GirlHouse,en,2014-10-16,2014.0,Horror | Thriller,Horror,3150000,0,-3150000,0.0,100.0,Standard (90-119 min),8.039223,5.2,Medium (5-6.9),97,Low (<100),Released
266034,The Blue Room,La chambre bleue,fr,2014-05-16,2014.0,Drama | Crime | Thriller,Drama,0,0,0,0.0,75.0,Short (<90 min),2.486992,6.2,Medium (5-6.9),32,Low (<100),Released
280381,House at the End of the Drive,House at the End of the Drive,en,2014-01-11,2014.0,Thriller | Horror,Thriller,0,0,0,0.0,91.0,Standard (90-119 min),0.43049,0.0,Low (<5),0,Low (<100),Released
2661,Batman,Batman,en,1966-07-30,1966.0,Family | Adventure | Comedy | Science Fiction | Crime,Family,1377800,0,-1377800,0.0,105.0,Standard (90-119 min),9.815394,6.1,Medium (5-6.9),203,Medium (100-999),Released
100,"Lock, Stock and Two Smoking Barrels","Lock, Stock and Two Smoking Barrels",en,1998-03-05,1998.0,Comedy | Crime,Comedy,1350000,3897569,2547569,2.8870881481481483,105.0,Standard (90-119 min),16.032594,7.5,Good (7-7.9),1648,High (1K-4.9K),Released
218500,The Ballad of Gregorio Cortez,The Ballad of Gregorio Cortez,en,1983-08-19,1983.0,Western,Western,0,0,0,0.0,104.0,Standard (90-119 min),0.592821,0.0,Low (<5),0,Low (<100),Released
309,The Celebration,Festen,da,1998-05-20,1998.0,Drama,Drama,1300000,0,-1300000,0.0,105.0,Standard (90-119 min),10.240917,7.7,Good (7-7.9),207,Medium (100-999),Released
27845,Trees Lounge,Trees Lounge,en,1996-10-11,1996.0,Comedy | Drama,Comedy,0,0,0,0.0,95.0,Standard (90-119 min),3.443916,6.7,Medium (5-6.9),51,Low (<100),Released
25784,Journey from the Fall,Vượt Sóng,vi,2006-02-22,2006.0,Drama,Drama,1300000,639000,-661000,0.49153846153846154,135.0,Long (120-149 min),0.072066,5.0,Medium (5-6.9),1,Low (<100),Released
52790,The Basket,The Basket,en,2000-05-05,2000.0,Drama,Drama,0,619042,619042,0.0,105.0,Standard (90-119 min),0.430758,6.5,Medium (5-6.9),6,Low (<100),Released
100275,Eddie: The Sleepwalking Cannibal,Eddie: The Sleepwalking Cannibal,en,2012-04-22,2012.0,Horror | Comedy,Horror,0,1632,1632,0.0,79.0,Short (<90 min),0.143784,6.1,Medium (5-6.9),30,Low (<100),Released
295914,Queen of the Mountains,Kurmanjan Datka. Queen of the Mountains,ky,2014-08-22,2014.0,Drama | Action,Drama,0,0,0,0.0,135.0,Long (120-149 min),0.077873,0.0,Low (<5),0,Low (<100),Released
42033,Def-Con 4,Def-Con 4,en,1985-03-15,1985.0,Science Fiction,Science Fiction,0,0,0,0.0,88.0,Short (<90 min),0.319792,2.8,Low (<5),10,Low (<100),Released
19187,The Hebrew Hammer,The Hebrew Hammer,en,2003-01-01,2003.0,Action | Comedy,Action,1000000,0,-1000000,0.0,85.0,Short (<90 min),1.600797,5.9,Medium (5-6.9),18,Low (<100),Released
46415,Neal 'n' Nikki,Neal 'n' Nikki,en,2005-12-09,2005.0,Comedy | Romance,Comedy,0,0,0,0.0,122.0,Long (120-149 min),0.285131,2.3,Low (<5),4,Low (<100),Released
38570,The 41–Year–Old Virgin Who Knocked Up Sarah Marshall and Felt Superbad About It,The 41–Year–Old Virgin Who Knocked Up Sarah Marshall and Felt Superbad About It,en,2010-06-08,2010.0,Comedy,Comedy,0,0,0,0.0,82.0,Short (<90 min),5.628399,3.2,Low (<5),34,Low (<100),Released
27588,Forget Me Not,Forget Me Not,en,2009-10-22,2009.0,Drama | Horror | Romance,Drama,0,0,0,0.0,103.0,Standard (90-119 min),5.065752,5.0,Medium (5-6.9),66,Low (<100),Released
223,Rebecca,Rebecca,en,1940-04-12,1940.0,Drama | Mystery,Drama,1288000,6000000,4712000,4.658385093167702,130.0,Long (120-149 min),18.426825,7.7,Good (7-7.9),336,Medium (100-999),Released
9725,Friday the 13th Part 2,Friday the 13th Part 2,en,1981-05-01,1981.0,Horror | Thriller,Horror,1250000,21722776,20472776,17.3782208,87.0,Short (<90 min),16.517777,6.0,Medium (5-6.9),315,Medium (100-999),Released
28580,The Lost Weekend,The Lost Weekend,en,1945-11-25,1945.0,Drama,Drama,1250000,11000000,9750000,8.8,101.0,Standard (90-119 min),6.903314,7.4,Good (7-7.9),112,Medium (100-999),Released
23730,C.H.U.D.,C.H.U.D.,en,1984-08-31,1984.0,Horror | Science Fiction,Horror,1250000,3412497,2162497,2.7299976,88.0,Short (<90 min),4.45544,5.3,Medium (5-6.9),62,Low (<100),Released
84197,Filly Brown,Filly Brown,en,2013-04-19,2013.0,Drama,Drama,0,0,0,0.0,100.0,Standard (90-119 min),0.106949,5.9,Medium (5-6.9),10,Low (<100),Released
46256,The Lion of Judah,The Lion of Judah,en,2011-06-03,2011.0,Adventure | Animation | Comedy | Family,Adventure,15000000,0,-15000000,0.0,87.0,Short (<90 min),0.165909,5.8,Medium (5-6.9),2,Low (<100),Released
19997,Niagara,Niagara,en,1953-01-21,1953.0,Crime | Drama | Thriller,Crime,1250000,8500000,7250000,6.8,92.0,Standard (90-119 min),9.903992,6.7,Medium (5-6.9),79,Low (<100),Released
43266,How Green Was My Valley,How Green Was My Valley,en,1941-10-28,1941.0,Drama,Drama,1250000,6000000,4750000,4.8,118.0,Standard (90-119 min),7.70019,6.8,Medium (5-6.9),72,Low (<100),Released
278316,Da Sweet Blood of Jesus,Da Sweet Blood of Jesus,en,2014-06-22,2014.0,Thriller | Comedy | Romance,Thriller,0,0,0,0.0,123.0,Long (120-149 min),4.480579,4.1,Low (<5),13,Low (<100),Released
1412,"Sex, Lies, and Videotape","Sex, Lies, and Videotape",en,1989-08-18,1989.0,Drama,Drama,1200000,0,-1200000,0.0,100.0,Standard (90-119 min),10.869492,6.7,Medium (5-6.9),185,Medium (100-999),Released
176,Saw,Saw,en,2004-10-01,2004.0,Horror | Mystery | Crime,Horror,1200000,103911669,102711669,86.5930575,103.0,Standard (90-119 min),63.655973,7.2,Good (7-7.9),2184,High (1K-4.9K),Released
39939,Super Troopers,Super Troopers,en,2001-01-18,2001.0,Comedy | Crime | Mystery,Comedy,3000000,18492362,15492362,6.164120666666666,100.0,Standard (90-119 min),16.312803,6.6,Medium (5-6.9),362,Medium (100-999),Released
357834,The Algerian,The Algerian,en,2015-08-07,2015.0,,No Genre,1,0,-1,0.0,99.0,Standard (90-119 min),0.025364,0.0,Low (<5),0,Low (<100),Released
215924,The Amazing Catfish,Los insólitos peces gato,es,2013-08-10,2013.0,Comedy | Drama,Comedy,1300000,0,-1300000,0.0,87.0,Short (<90 min),1.473405,5.7,Medium (5-6.9),17,Low (<100),Released
480,Monsoon Wedding,Monsoon Wedding,hi,2001-08-30,2001.0,Comedy | Drama | Romance,Comedy,0,0,0,0.0,114.0,Standard (90-119 min),8.109958,6.8,Medium (5-6.9),57,Low (<100),Released
14295,You Can Count on Me,You Can Count on Me,en,2000-11-17,2000.0,Drama | Romance,Drama,0,0,0,0.0,111.0,Standard (90-119 min),7.142448,6.8,Medium (5-6.9),88,Low (<100),Released
11219,The Trouble with Harry,The Trouble with Harry,en,1955-10-03,1955.0,Comedy | Mystery | Thriller,Comedy,1200000,7000000,5800000,5.833333333333333,99.0,Standard (90-119 min),6.920873,6.9,Medium (5-6.9),149,Medium (100-999),Released
20770,But I'm a Cheerleader,But I'm a Cheerleader,en,1999-09-12,1999.0,Comedy,Comedy,0,0,0,0.0,85.0,Short (<90 min),4.826908,6.5,Medium (5-6.9),101,Medium (100-999),Released
176124,Home Run,Home Run,en,2013-04-19,2013.0,Drama,Drama,1200000,2861020,1661020,2.3841833333333335,114.0,Standard (90-119 min),3.085411,6.3,Medium (5-6.9),24,Low (<100),Released
500,Reservoir Dogs,Reservoir Dogs,en,1992-09-02,1992.0,Crime | Thriller,Crime,1200000,14661007,13461007,12.217505833333334,99.0,Standard (90-119 min),66.925866,8.0,Excellent (8+),3697,High (1K-4.9K),Released
60400,The Blue Bird,The Blue Bird,en,1940-01-19,1940.0,Drama | Family | Fantasy,Drama,0,0,0,0.0,88.0,Short (<90 min),1.280733,6.4,Medium (5-6.9),8,Low (<100),Released
429,"The Good, the Bad and the Ugly","Il buono, il brutto, il cattivo",it,1966-12-23,1966.0,Western,Western,1200000,6000000,4800000,5.0,161.0,Very Long (150+ min),88.377076,8.1,Excellent (8+),2311,High (1K-4.9K),Released
310569,The Second Mother,Que Horas Ela Volta?,pt,2015-02-08,2015.0,Drama,Drama,0,0,0,0.0,110.0,Standard (90-119 min),9.683622,7.8,Good (7-7.9),165,Medium (100-999),Released
98369,Blue Like Jazz,Blue Like Jazz,en,2012-04-13,2012.0,Drama | Comedy,Drama,1250000,0,-1250000,0.0,106.0,Standard (90-119 min),1.6116,5.8,Medium (5-6.9),25,Low (<100),Released
114065,Down & Out With The Dolls,Down & Out With The Dolls,en,2003-03-20,2003.0,Comedy | Music,Comedy,0,0,0,0.0,88.0,Short (<90 min),0.002386,0.0,Low (<5),0,Low (<100),Released
89750,"Pink Ribbons, Inc.","Pink Ribbons, Inc.",en,2011-09-11,2011.0,Documentary,Documentary,900000,25000,-875000,0.027777777777777776,97.0,Standard (90-119 min),0.097913,6.8,Medium (5-6.9),6,Low (<100),Released
49951,Certifiably Jonathan,Certifiably Jonathan,en,2007-03-01,2007.0,Comedy,Comedy,1200000,0,-1200000,0.0,85.0,Short (<90 min),0.047781,0.0,Low (<5),0,Low (<100),Released
86331,Desire,Q,fr,2011-09-14,2011.0,Drama | Romance,Drama,1344000,0,-1344000,0.0,103.0,Standard (90-119 min),20.422246,4.1,Low (<5),140,Medium (100-999),Released
355629,The Blade of Don Juan,La Navaja De Don Juan,en,2013-10-27,2013.0,Drama | Comedy,Drama,0,0,0,0.0,98.0,Standard (90-119 min),0.021678,0.0,Low (<5),0,Low (<100),Released
16433,Grand Theft Parsons,Grand Theft Parsons,en,2003-06-18,2003.0,Crime | Comedy | Drama | Adventure,Crime,0,0,0,0.0,88.0,Short (<90 min),1.998557,6.0,Medium (5-6.9),11,Low (<100),Released
15544,Extreme Movie,Extreme Movie,en,2008-12-05,2008.0,Comedy,Comedy,0,0,0,0.0,88.0,Short (<90 min),8.148187,3.9,Low (<5),44,Low (<100),Released
43884,The Charge of the Light Brigade,The Charge of the Light Brigade,en,1936-10-20,1936.0,Action | Adventure | Drama | War,Action,1200000,2736000,1536000,2.28,115.0,Standard (90-119 min),2.968235,6.8,Medium (5-6.9),18,Low (<100),Released
107315,Below Zero,Below Zero,en,2011-10-22,2011.0,Thriller | Horror,Thriller,0,0,0,0.0,0.0,Short (<90 min),1.36514,4.4,Low (<5),12,Low (<100),Released
137955,Crowsnest,Crowsnest,en,2012-01-01,2012.0,,No Genre,1200000,0,-1200000,0.0,84.0,Short (<90 min),0.057564,4.8,Low (<5),12,Low (<100),Released
13064,Airborne,Airborne,en,1993-09-17,1993.0,Action | Adventure | Comedy,Action,2600000,2850263,250263,1.096255,91.0,Standard (90-119 min),8.001156,6.1,Medium (5-6.9),20,Low (<100),Released
59917,Cotton Comes to Harlem,Cotton Comes to Harlem,en,1970-05-27,1970.0,Action | Adventure,Action,1200000,0,-1200000,0.0,97.0,Standard (90-119 min),1.079125,6.7,Medium (5-6.9),13,Low (<100),Released
157422,The Wicked Within,The Wicked Within,en,2015-10-16,2015.0,Horror,Horror,0,0,0,0.0,91.0,Standard (90-119 min),1.906151,4.2,Low (<5),26,Low (<100),Released
310933,Bleeding Hearts,Bleeding Hearts,en,2013-06-01,2013.0,Horror,Horror,0,0,0,0.0,0.0,Short (<90 min),0.100533,2.0,Low (<5),1,Low (<100),Released
7553,Waiting...,Waiting...,en,2005-10-07,2005.0,Comedy,Comedy,3000000,18637690,15637690,6.212563333333334,94.0,Standard (90-119 min),10.230583,6.2,Medium (5-6.9),237,Medium (100-999),Released
12877,Dead Man's Shoes,Dead Man's Shoes,en,2004-09-29,2004.0,Drama | Thriller | Crime,Drama,0,0,0,0.0,90.0,Standard (90-119 min),12.818441,7.2,Good (7-7.9),151,Medium (100-999),Released
39895,From a Whisper to a Scream,From a Whisper to a Scream,en,1987-09-25,1987.0,Comedy | Horror,Comedy,1100000,1400000,300000,1.2727272727272727,99.0,Standard (90-119 min),1.220072,6.8,Medium (5-6.9),15,Low (<100),Released
102840,Sex With Strangers,Sex With Strangers,en,2002-02-22,2002.0,Documentary,Documentary,0,0,0,0.0,0.0,Short (<90 min),0.014406,5.0,Medium (5-6.9),1,Low (<100),Released
55616,Dracula: Pages from a Virgin's Diary,Dracula: Pages from a Virgin's Diary,en,2002-02-28,2002.0,Horror,Horror,1596010,0,-1596010,0.0,75.0,Short (<90 min),0.552361,6.9,Medium (5-6.9),8,Low (<100),Released
29697,Faith Like Potatoes,Faith Like Potatoes,en,2006-10-27,2006.0,Drama,Drama,0,0,0,0.0,97.0,Standard (90-119 min),0.147886,6.0,Medium (5-6.9),9,Low (<100),Released
50037,Beyond the Black Rainbow,Beyond the Black Rainbow,en,2010-12-03,2010.0,Fantasy | Science Fiction | Horror,Fantasy,1100000,0,-1100000,0.0,110.0,Standard (90-119 min),7.717237,5.7,Medium (5-6.9),77,Low (<100),Released
94329,The Raid,Serbuan maut,id,2011-09-08,2011.0,Action | Thriller | Crime,Action,1100000,4105187,3005187,3.7319881818181817,101.0,Standard (90-119 min),40.285095,7.3,Good (7-7.9),1055,High (1K-4.9K),Released
53502,The Dead Undead,The Dead Undead,en,2010-05-13,2010.0,Horror | Science Fiction | Action,Horror,0,0,0,0.0,90.0,Standard (90-119 min),0.249457,3.1,Low (<5),6,Low (<100),Released
202604,The Vatican Exorcisms,The Vatican Exorcisms,en,2013-05-29,2013.0,Horror | Documentary | Mystery,Horror,0,0,0,0.0,0.0,Short (<90 min),0.447166,4.4,Low (<5),11,Low (<100),Released
289,Casablanca,Casablanca,en,1942-11-26,1942.0,Drama | Romance,Drama,878000,10462500,9584500,11.916287015945331,102.0,Standard (90-119 min),43.729123,7.9,Good (7-7.9),1422,High (1K-4.9K),Released
27374,Lake Mungo,Lake Mungo,en,2008-06-17,2008.0,Horror | Thriller,Horror,0,0,0,0.0,84.0,Short (<90 min),4.653047,6.1,Medium (5-6.9),90,Low (<100),Released
26815,Rocket Singh: Salesman of the Year,Rocket Singh: Salesman of the Year,hi,2009-12-11,2009.0,Drama | Comedy | Romance,Drama,1250000,0,-1250000,0.0,156.0,Very Long (150+ min),3.000435,7.0,Good (7-7.9),27,Low (<100),Released
811,Silent Running,Silent Running,en,1972-03-09,1972.0,Adventure | Drama | Science Fiction,Adventure,1000000,0,-1000000,0.0,89.0,Short (<90 min),11.095414,6.3,Medium (5-6.9),177,Medium (100-999),Released
1366,Rocky,Rocky,en,1976-11-21,1976.0,Drama,Drama,1000000,117235147,116235147,117.235147,119.0,Standard (90-119 min),72.19808,7.5,Good (7-7.9),1791,High (1K-4.9K),Released
244776,The Sleepwalker,The Sleepwalker,en,2014-01-20,2014.0,Drama,Drama,0,0,0,0.0,92.0,Standard (90-119 min),0.926084,4.1,Low (<5),7,Low (<100),Released
5769,Tom Jones,Tom Jones,en,1963-10-06,1963.0,Adventure | Comedy | History | Romance,Adventure,1000000,37600000,36600000,37.6,128.0,Long (120-149 min),2.833166,6.1,Medium (5-6.9),39,Low (<100),Released
277685,Unfriended,Unfriended,en,2015-04-17,2015.0,Horror | Thriller,Horror,1000000,62882090,61882090,62.88209,82.0,Short (<90 min),41.972329,5.5,Medium (5-6.9),1047,High (1K-4.9K),Released
103,Taxi Driver,Taxi Driver,en,1976-02-07,1976.0,Crime | Drama,Crime,1300000,28262574,26962574,21.74044153846154,114.0,Standard (90-119 min),58.845025,8.0,Excellent (8+),2535,High (1K-4.9K),Released
11298,The Howling,The Howling,en,1981-04-03,1981.0,Drama | Horror,Drama,1000000,17985893,16985893,17.985893,91.0,Standard (90-119 min),6.532855,6.4,Medium (5-6.9),161,Medium (100-999),Released
646,Dr. No,Dr. No,en,1962-10-04,1962.0,Adventure | Action | Thriller,Adventure,950000,59600000,58650000,62.73684210526316,110.0,Standard (90-119 min),48.901542,6.9,Medium (5-6.9),940,Medium (100-999),Released
93856,Chernobyl Diaries,Chernobyl Diaries,en,2012-05-24,2012.0,Horror | Thriller,Horror,0,18112929,18112929,0.0,88.0,Short (<90 min),20.649145,4.9,Low (<5),483,Medium (100-999),Released
9003,Hellraiser,Hellraiser,en,1987-09-11,1987.0,Horror,Horror,1000000,14564027,13564027,14.564027,94.0,Standard (90-119 min),22.583834,6.9,Medium (5-6.9),449,Medium (100-999),Released
347126,God's Not Dead 2,God's Not Dead 2,en,2016-04-01,2016.0,Drama,Drama,5000000,23507567,18507567,4.7015134,121.0,Long (120-149 min),6.96858,5.7,Medium (5-6.9),72,Low (<100),Released
10092,Cry_Wolf,Cry_Wolf,en,2005-09-16,2005.0,Horror | Thriller,Horror,1000000,10047674,9047674,10.047674,90.0,Standard (90-119 min),6.926926,5.6,Medium (5-6.9),126,Medium (100-999),Released
10643,Godzilla 2000,Gojira ni-sen mireniamu,ja,1999-12-11,1999.0,Adventure | Horror | Action | Science Fiction,Adventure,1000000,10037390,9037390,10.03739,107.0,Standard (90-119 min),3.322721,5.9,Medium (5-6.9),43,Low (<100),Released
46705,Blue Valentine,Blue Valentine,en,2010-12-27,2010.0,Drama | Romance,Drama,3500000,16566240,13066240,4.733211428571429,112.0,Standard (90-119 min),26.881611,6.9,Medium (5-6.9),890,Medium (100-999),Released
546,Transamerica,Transamerica,en,2005-12-23,2005.0,Drama,Drama,1000000,13350369,12350369,13.350369,103.0,Standard (90-119 min),9.773398,6.9,Medium (5-6.9),144,Medium (100-999),Released
76487,The Devil Inside,The Devil Inside,en,2012-01-06,2012.0,Thriller | Horror,Thriller,1000000,101758490,100758490,101.75849,83.0,Short (<90 min),13.152822,4.6,Low (<5),262,Medium (100-999),Released
5722,Beyond the Valley of the Dolls,Beyond the Valley of the Dolls,en,1970-07-17,1970.0,Comedy | Drama | Thriller,Comedy,2090000,40000000,37910000,19.138755980861244,109.0,Standard (90-119 min),4.289003,6.6,Medium (5-6.9),53,Low (<100),Released
39833,Love Me Tender,Love Me Tender,en,1956-11-15,1956.0,Drama | Action | Western | Music | Romance,Drama,1000000,9000000,8000000,9.0,89.0,Short (<90 min),1.444258,5.5,Medium (5-6.9),21,Low (<100),Released
1781,An Inconvenient Truth,An Inconvenient Truth,en,2006-01-24,2006.0,Documentary,Documentary,1000000,46243000,45243000,46.243,100.0,Standard (90-119 min),14.139004,6.7,Medium (5-6.9),251,Medium (100-999),Released
18712,Sands of Iwo Jima,Sands of Iwo Jima,en,1949-12-14,1949.0,Action | Drama | History | War,Action,1000000,7800000,6800000,7.8,100.0,Standard (90-119 min),3.851,6.2,Medium (5-6.9),33,Low (<100),Released
7944,Shine a Light,Shine a Light,en,2008-02-07,2008.0,Documentary | Music,Documentary,0,0,0,0.0,122.0,Long (120-149 min),2.162522,7.2,Good (7-7.9),44,Low (<100),Released
171424,The Green Inferno,The Green Inferno,en,2014-09-04,2014.0,Action | Adventure | Horror | Thriller,Action,5000000,6833445,1833445,1.366689,100.0,Standard (90-119 min),17.845161,5.0,Medium (5-6.9),349,Medium (100-999),Released
361475,Departure,Departure,en,2016-05-20,2016.0,Drama | Romance | Family,Drama,0,0,0,0.0,109.0,Standard (90-119 min),0.42583,7.5,Good (7-7.9),12,Low (<100),Released
113947,The Sessions,The Sessions,en,2012-05-02,2012.0,Drama | Romance | Comedy,Drama,1000000,9138338,8138338,9.138338,98.0,Standard (90-119 min),9.115486,6.6,Medium (5-6.9),179,Medium (100-999),Released
18570,"Food, Inc.","Food, Inc.",en,2008-09-07,2008.0,Documentary,Documentary,0,0,0,0.0,94.0,Standard (90-119 min),15.017162,7.4,Good (7-7.9),217,Medium (100-999),Released
83860,October Baby,October Baby,en,2011-10-30,2011.0,Drama,Drama,0,5355847,5355847,0.0,107.0,Standard (90-119 min),1.86221,6.8,Medium (5-6.9),35,Low (<100),Released
41469,Next Stop Wonderland,Next Stop Wonderland,en,1998-08-21,1998.0,Comedy | Drama | Romance,Comedy,0,0,0,0.0,96.0,Standard (90-119 min),1.334481,6.0,Medium (5-6.9),20,Low (<100),Released
244772,The Skeleton Twins,The Skeleton Twins,en,2014-01-18,2014.0,Drama,Drama,0,5284309,5284309,0.0,90.0,Standard (90-119 min),15.699363,6.7,Medium (5-6.9),292,Medium (100-999),Released
50837,Martha Marcy May Marlene,Martha Marcy May Marlene,en,2011-10-21,2011.0,Drama | Thriller,Drama,0,3538446,3538446,0.0,101.0,Standard (90-119 min),17.806082,6.7,Medium (5-6.9),277,Medium (100-999),Released
248774,Obvious Child,Obvious Child,en,2014-06-06,2014.0,Comedy | Romance,Comedy,0,3123963,3123963,0.0,83.0,Short (<90 min),10.12895,6.7,Medium (5-6.9),187,Medium (100-999),Released
10183,Frozen River,Frozen River,en,2008-08-01,2008.0,Drama,Drama,0,0,0,0.0,97.0,Standard (90-119 min),4.805651,6.7,Medium (5-6.9),99,Low (<100),Released
159014,20 Feet from Stardom,20 Feet from Stardom,en,2013-06-14,2013.0,Documentary | Music,Documentary,1000000,0,-1000000,0.0,89.0,Short (<90 min),5.247956,7.4,Good (7-7.9),85,Low (<100),Released
32456,Two Girls and a Guy,Two Girls and a Guy,en,1997-09-07,1997.0,Drama | Romance,Drama,1000000,2057193,1057193,2.057193,84.0,Short (<90 min),4.86805,5.4,Medium (5-6.9),24,Low (<100),Released
49963,Walking and Talking,Walking and Talking,en,1996-07-17,1996.0,Comedy | Drama | Romance,Comedy,0,0,0,0.0,86.0,Short (<90 min),0.367312,6.6,Medium (5-6.9),7,Low (<100),Released
13508,Who Killed the Electric Car?,Who Killed the Electric Car?,en,2006-08-04,2006.0,Documentary,Documentary,1000000,1678874,678874,1.678874,92.0,Standard (90-119 min),5.323184,7.2,Good (7-7.9),59,Low (<100),Released
22597,The Broken Hearts Club: A Romantic Comedy,The Broken Hearts Club: A Romantic Comedy,en,2000-02-01,2000.0,Comedy | Drama | Romance,Comedy,1000000,1744858,744858,1.744858,94.0,Standard (90-119 min),3.424158,6.3,Medium (5-6.9),25,Low (<100),Released
9707,Bubba Ho-tep,Bubba Ho-tep,en,2002-06-09,2002.0,Comedy | Horror | Thriller | Mystery | Fantasy,Comedy,1000000,0,-1000000,0.0,92.0,Standard (90-119 min),9.954848,6.7,Medium (5-6.9),191,Medium (100-999),Released
37532,Slam,Slam,en,1998-10-07,1998.0,Drama,Drama,1,0,-1,0.0,100.0,Standard (90-119 min),0.29245,6.7,Medium (5-6.9),7,Low (<100),Released
26791,Brigham City,Brigham City,en,2001-03-30,2001.0,Crime | Drama | Mystery | Thriller,Crime,1000000,852206,-147794,0.852206,119.0,Standard (90-119 min),0.280083,7.3,Good (7-7.9),4,Low (<100),Released
56666,Fiza,Fiza,hi,2000-09-08,2000.0,Drama | Foreign | Romance,Drama,1000000,623791,-376209,0.623791,170.0,Very Long (150+ min),0.043023,6.1,Medium (5-6.9),7,Low (<100),Released
8675,Orgazmo,Orgazmo,en,1997-09-06,1997.0,Comedy,Comedy,1000000,0,-1000000,0.0,94.0,Standard (90-119 min),5.06516,6.2,Medium (5-6.9),115,Medium (100-999),Released
13132,All the Real Girls,All the Real Girls,en,2003-08-01,2003.0,Drama | Romance,Drama,0,0,0,0.0,108.0,Standard (90-119 min),3.65924,5.9,Medium (5-6.9),30,Low (<100),Released
47686,Dream with the Fishes,Dream with the Fishes,en,1997-01-01,1997.0,Comedy,Comedy,0,0,0,0.0,97.0,Standard (90-119 min),0.948316,7.7,Good (7-7.9),10,Low (<100),Released
46989,Blue Car,Blue Car,en,2002-01-11,2002.0,Drama,Drama,1000000,464000,-536000,0.464,92.0,Standard (90-119 min),0.672695,6.7,Medium (5-6.9),13,Low (<100),Released
192132,Palo Alto,Palo Alto,en,2014-05-09,2014.0,Drama,Drama,0,0,0,0.0,100.0,Standard (90-119 min),16.570708,6.4,Medium (5-6.9),348,Medium (100-999),Released
24424,Ajami,Ajami,he,2009-09-17,2009.0,Crime | Drama,Crime,0,0,0,0.0,120.0,Long (120-149 min),0.51799,6.8,Medium (5-6.9),27,Low (<100),Released
13198,Wristcutters: A Love Story,Wristcutters: A Love Story,en,2006-01-24,2006.0,Comedy | Drama | Fantasy | Romance,Comedy,0,0,0,0.0,88.0,Short (<90 min),8.542921,6.7,Medium (5-6.9),160,Medium (100-999),Released
244267,I Origins,I Origins,en,2014-07-18,2014.0,Science Fiction | Drama,Science Fiction,0,336472,336472,0.0,106.0,Standard (90-119 min),37.555398,7.5,Good (7-7.9),1063,High (1K-4.9K),Released
21413,The Battle of Shaker Heights,The Battle of Shaker Heights,en,2003-08-22,2003.0,Comedy | Drama | Romance,Comedy,1000000,0,-1000000,0.0,79.0,Short (<90 min),5.20209,5.6,Medium (5-6.9),17,Low (<100),Released
123678,The Act of Killing,Jagal,id,2012-08-31,2012.0,Documentary,Documentary,1000000,444575,-555425,0.444575,115.0,Standard (90-119 min),8.887411,7.5,Good (7-7.9),210,Medium (100-999),Released
13362,Taxi to the Dark Side,Taxi to the Dark Side,en,2007-04-30,2007.0,Documentary,Documentary,1000000,274661,-725339,0.274661,106.0,Standard (90-119 min),0.748565,6.6,Medium (5-6.9),53,Low (<100),Released
39183,Once in a Lifetime: The Extraordinary Story of the New York Cosmos,Once in a Lifetime: The Extraordinary Story of the New York Cosmos,en,2006-01-01,2006.0,Documentary,Documentary,1000000,0,-1000000,0.0,97.0,Standard (90-119 min),0.436148,4.7,Low (<5),3,Low (<100),Released
62402,Guiana 1838,Guiana 1838,en,2004-09-24,2004.0,Drama,Drama,0,0,0,0.0,120.0,Long (120-149 min),0.030253,2.8,Low (<5),3,Low (<100),Released
206412,Lisa Picard Is Famous,Lisa Picard Is Famous,en,2000-05-14,2000.0,,No Genre,0,0,0,0.0,90.0,Standard (90-119 min),0.690089,4.0,Low (<5),1,Low (<100),Released
201132,Antarctica: A Year on Ice,Antarctica: A Year on Ice,en,2013-09-05,2013.0,Drama | Adventure | Documentary,Drama,1000000,0,-1000000,0.0,92.0,Standard (90-119 min),1.883947,7.2,Good (7-7.9),29,Low (<100),Released
251471,A LEGO Brickumentary,A LEGO Brickumentary,en,2015-07-31,2015.0,Documentary,Documentary,650000,0,-650000,0.0,93.0,Standard (90-119 min),1.631274,6.4,Medium (5-6.9),55,Low (<100),Released
112456,Hardflip,Hardflip,en,2012-06-01,2012.0,Drama | Action,Drama,1000000,0,-1000000,0.0,114.0,Standard (90-119 min),0.341461,4.7,Low (<5),5,Low (<100),Released
20296,Chocolate: Deep Dark Secrets,Chocolate: Deep Dark Secrets,en,2005-09-16,2005.0,Thriller,Thriller,0,0,0,0.0,200.0,Very Long (150+ min),0.887821,3.4,Low (<5),6,Low (<100),Released
25983,The House of the Devil,The House of the Devil,en,2009-04-25,2009.0,Mystery | Horror,Mystery,0,0,0,0.0,95.0,Standard (90-119 min),8.628485,6.0,Medium (5-6.9),197,Medium (100-999),Released
66195,The Perfect Host,The Perfect Host,en,2010-07-01,2010.0,Comedy | Thriller | Crime,Comedy,0,14870,14870,0.0,93.0,Standard (90-119 min),6.507094,6.2,Medium (5-6.9),135,Medium (100-999),Released
16155,Safe Men,Safe Men,en,1998-08-17,1998.0,Comedy | Crime,Comedy,0,0,0,0.0,88.0,Short (<90 min),1.190729,6.3,Medium (5-6.9),16,Low (<100),Released
46727,Speedway Junky,Speedway Junky,en,1999-02-11,1999.0,Romance | Drama | Crime,Romance,1000000,0,-1000000,0.0,104.0,Standard (90-119 min),0.340019,5.2,Medium (5-6.9),7,Low (<100),Released
55180,The Last Big Thing,The Last Big Thing,en,1998-09-23,1998.0,Comedy | Drama,Comedy,0,0,0,0.0,98.0,Standard (90-119 min),0.678475,6.0,Medium (5-6.9),3,Low (<100),Released
29015,The Specials,The Specials,en,2000-09-22,2000.0,Action | Comedy,Action,0,0,0,0.0,82.0,Short (<90 min),9.055447,5.5,Medium (5-6.9),11,Low (<100),Released
91122,16 to Life,16 to Life,en,2009-09-19,2009.0,Comedy | Romance,Comedy,0,0,0,0.0,118.0,Standard (90-119 min),0.108468,4.4,Low (<5),5,Low (<100),Released
18206,Alone With Her,Alone With Her,en,2006-04-28,2006.0,Crime | Drama | Romance | Thriller,Crime,1000000,10018,-989982,0.010018,78.0,Short (<90 min),2.175696,6.2,Medium (5-6.9),20,Low (<100),Released
320146,Creative Control,Creative Control,en,2016-03-11,2016.0,Drama | Science Fiction,Drama,1000000,0,-1000000,0.0,97.0,Standard (90-119 min),1.50211,5.4,Medium (5-6.9),25,Low (<100),Released
13856,Special,Special,en,2006-01-30,2006.0,Drama | Fantasy | Science Fiction,Drama,1000000,7202,-992798,0.007202,81.0,Short (<90 min),1.260314,6.6,Medium (5-6.9),32,Low (<100),Released
219716,Sparkler,Sparkler,en,1999-03-19,1999.0,,No Genre,0,0,0,0.0,96.0,Standard (90-119 min),0.547654,0.0,Low (<5),1,Low (<100),Released
43630,The Helix... Loaded,The Helix... Loaded,en,2005-01-01,2005.0,Action | Comedy | Science Fiction,Action,0,0,0,0.0,97.0,Standard (90-119 min),0.0206,4.8,Low (<5),2,Low (<100),Rumored
56491,In Her Line of Fire,In Her Line of Fire,en,2006-04-21,2006.0,Drama | Action | Thriller,Drama,0,0,0,0.0,88.0,Short (<90 min),0.429587,3.3,Low (<5),9,Low (<100),Released
99826,The Jimmy Show,The Jimmy Show,en,2002-01-16,2002.0,Comedy | Drama,Comedy,0,0,0,0.0,96.0,Standard (90-119 min),0.098351,8.0,Excellent (8+),1,Low (<100),Released
186935,Heli,Heli,es,2013-08-09,2013.0,Crime | Drama,Crime,1000000,0,-1000000,0.0,105.0,Standard (90-119 min),3.629777,6.2,Medium (5-6.9),32,Low (<100),Released
357441,Karachi se Lahore,Karachi se Lahore,en,2015-07-31,2015.0,Family | Comedy,Family,0,0,0,0.0,0.0,Short (<90 min),0.060003,8.0,Excellent (8+),1,Low (<100),Released
19344,Loving Annabelle,Loving Annabelle,en,2006-03-08,2006.0,Drama | Romance,Drama,900000,0,-900000,0.0,76.0,Short (<90 min),7.145832,6.4,Medium (5-6.9),55,Low (<100),Released
242083,Hits,Hits,en,2014-01-21,2014.0,Drama | Comedy,Drama,1000000,0,-1000000,0.0,96.0,Standard (90-119 min),3.638411,4.9,Low (<5),23,Low (<100),Released
18869,Jimmy and Judy,Jimmy and Judy,en,2006-01-01,2006.0,Action | Crime | Drama | Thriller,Action,0,0,0,0.0,99.0,Standard (90-119 min),1.255771,5.4,Medium (5-6.9),8,Low (<100),Released
26673,Frat Party,Frat Party,en,2009-01-01,2009.0,Comedy | Romance,Comedy,0,0,0,0.0,84.0,Short (<90 min),0.783842,3.5,Low (<5),4,Low (<100),Released
41830,The Party's Over,The Party's Over,en,1965-04-22,1965.0,Drama,Drama,0,0,0,0.0,94.0,Standard (90-119 min),0.118324,6.1,Medium (5-6.9),6,Low (<100),Released
37694,Proud,Proud,en,2004-07-02,2004.0,Drama,Drama,0,0,0,0.0,87.0,Short (<90 min),0.023681,5.5,Medium (5-6.9),3,Low (<100),Released
63287,The Poker House,The Poker House,en,2008-06-20,2008.0,Drama,Drama,0,0,0,0.0,93.0,Standard (90-119 min),2.948576,6.1,Medium (5-6.9),47,Low (<100),Released
335874,Childless,Childless,en,2015-04-03,2015.0,,No Genre,0,0,0,0.0,90.0,Standard (90-119 min),0.243853,4.5,Low (<5),2,Low (<100),Released
34592,ZMD: Zombies of Mass Destruction,ZMD: Zombies of Mass Destruction,en,2009-01-01,2009.0,Horror,Horror,0,0,0,0.0,92.0,Standard (90-119 min),1.563711,4.7,Low (<5),31,Low (<100),Released
92635,Snow White: A Deadly Summer,Snow White: A Deadly Summer,en,2012-03-16,2012.0,Horror | Thriller,Horror,1000000,0,-1000000,0.0,85.0,Short (<90 min),0.653495,4.8,Low (<5),11,Low (<100),Released
258755,Hidden Away,A escondidas,es,2014-10-03,2014.0,Romance | Drama,Romance,0,0,0,0.0,96.0,Standard (90-119 min),1.233688,7.6,Good (7-7.9),26,Low (<100),Released
96534,My Last Day Without You,My Last Day Without You,de,2011-06-11,2011.0,Comedy | Drama | Romance,Comedy,1000000,0,-1000000,0.0,90.0,Standard (90-119 min),0.153625,5.7,Medium (5-6.9),3,Low (<100),Released
21283,Steppin: The Movie,Steppin: The Movie,en,2009-05-19,2009.0,Comedy | Romance,Comedy,0,0,0,0.0,85.0,Short (<90 min),0.328498,5.0,Medium (5-6.9),4,Low (<100),Released
272724,Doc Holliday's Revenge,Doc Holliday's Revenge,en,2014-06-01,2014.0,Western,Western,1000000,0,-1000000,0.0,84.0,Short (<90 min),0.4594,3.2,Low (<5),3,Low (<100),Released
84178,Black Rock,Black Rock,en,2012-01-21,2012.0,Thriller | Horror,Thriller,0,0,0,0.0,83.0,Short (<90 min),7.207051,4.9,Low (<5),78,Low (<100),Released
101179,Truth or Dare,Truth or Dare,en,2012-08-05,2012.0,Horror | Thriller | Mystery,Horror,0,0,0,0.0,95.0,Standard (90-119 min),6.679954,5.7,Medium (5-6.9),117,Medium (100-999),Released
52462,The Pet,The Pet,en,2006-05-17,2006.0,Drama | Thriller,Drama,0,0,0,0.0,94.0,Standard (90-119 min),1.284741,5.3,Medium (5-6.9),3,Low (<100),Released
269057,Bang Bang Baby,Bang Bang Baby,en,2014-09-08,2014.0,Science Fiction | Drama | Music,Science Fiction,1000000,0,-1000000,0.0,90.0,Standard (90-119 min),0.973323,6.6,Medium (5-6.9),8,Low (<100),Released
287524,Fear Clinic,Fear Clinic,en,2014-10-31,2014.0,Horror,Horror,1,0,-1,0.0,95.0,Standard (90-119 min),1.859965,4.0,Low (<5),42,Low (<100),Released
206213,Zombie Hunter,Zombie Hunter,en,2013-07-25,2013.0,Comedy | Action | Science Fiction | Thriller,Comedy,0,0,0,0.0,93.0,Standard (90-119 min),3.418372,3.5,Low (<5),34,Low (<100),Released
248402,A Fine Step,A Fine Step,en,2014-04-16,2014.0,Drama,Drama,0,0,0,0.0,90.0,Standard (90-119 min),0.65434,4.1,Low (<5),7,Low (<100),Released
29146,Charly,Charly,en,1968-09-23,1968.0,Drama | Romance | Science Fiction,Drama,950000,814666,-135334,0.8575431578947369,103.0,Standard (90-119 min),0.178689,6.6,Medium (5-6.9),28,Low (<100),Released
207769,Banshee Chapter,Banshee Chapter,en,2013-08-26,2013.0,Horror | Thriller,Horror,950000,0,-950000,0.0,87.0,Short (<90 min),7.310879,5.7,Medium (5-6.9),92,Low (<100),Released
271185,Ask Me Anything,Ask Me Anything,en,2014-04-19,2014.0,Drama | Mystery | Thriller,Drama,950000,0,-950000,0.0,100.0,Standard (90-119 min),8.976128,5.5,Medium (5-6.9),155,Medium (100-999),Released
29731,And Then Came Love,And Then Came Love,en,2007-01-01,2007.0,Comedy | Romance,Comedy,0,0,0,0.0,90.0,Standard (90-119 min),0.280829,5.0,Medium (5-6.9),1,Low (<100),Released
292539,Food Chains,Food Chains,de,2014-04-26,2014.0,Documentary,Documentary,913000,0,-913000,0.0,83.0,Short (<90 min),0.795698,7.4,Good (7-7.9),8,Low (<100),Released
654,On the Waterfront,On the Waterfront,en,1954-06-22,1954.0,Crime | Drama,Crime,910000,9600000,8690000,10.54945054945055,108.0,Standard (90-119 min),16.015599,8.0,Excellent (8+),357,Medium (100-999),Released
91070,L!fe Happens,L!fe Happens,en,2011-06-18,2011.0,Comedy,Comedy,930000,30905,-899095,0.03323118279569892,100.0,Standard (90-119 min),5.974156,5.3,Medium (5-6.9),66,Low (<100),Released
2009,"4 Months, 3 Weeks and 2 Days","4 luni, 3 săptămîni și 2 zile",ro,2007-08-24,2007.0,Drama,Drama,852510,1185783,333273,1.3909314846746665,113.0,Standard (90-119 min),9.270133,7.3,Good (7-7.9),156,Medium (100-999),Released
323270,The Horror Network Vol. 1,The Horror Network Vol. 1,en,2015-10-27,2015.0,Horror,Horror,0,0,0,0.0,0.0,Short (<90 min),0.392658,5.0,Medium (5-6.9),2,Low (<100),Released
2652,Hard Candy,Hard Candy,en,2005-01-14,2005.0,Drama | Thriller,Drama,950000,7022209,6072209,7.391798947368421,103.0,Standard (90-119 min),25.918007,6.8,Medium (5-6.9),701,Medium (100-999),Released
9813,The Quiet,The Quiet,en,2005-09-12,2005.0,Drama | Thriller,Drama,900000,381420,-518580,0.4238,96.0,Standard (90-119 min),4.0971,6.1,Medium (5-6.9),73,Low (<100),Released
60421,Circumstance,Circumstance,fa,2011-08-26,2011.0,Drama,Drama,0,0,0,0.0,107.0,Standard (90-119 min),2.34239,7.4,Good (7-7.9),23,Low (<100),Released
157354,Fruitvale Station,Fruitvale Station,en,2013-07-25,2013.0,Drama,Drama,0,17385830,17385830,0.0,85.0,Short (<90 min),20.967146,7.3,Good (7-7.9),390,Medium (100-999),Released
127867,The Brass Teapot,The Brass Teapot,en,2012-09-08,2012.0,Comedy | Fantasy | Thriller,Comedy,0,0,0,0.0,100.0,Standard (90-119 min),10.639774,5.8,Medium (5-6.9),160,Medium (100-999),Released
3170,Bambi,Bambi,en,1942-08-14,1942.0,Animation | Drama | Family,Animation,858000,267447150,266589150,311.709965034965,70.0,Short (<90 min),47.651878,6.8,Medium (5-6.9),1405,High (1K-4.9K),Released
14014,The Hammer,The Hammer,en,2007-04-01,2007.0,Comedy,Comedy,0,0,0,0.0,88.0,Short (<90 min),0.957022,6.5,Medium (5-6.9),15,Low (<100),Released
15708,Latter Days,Latter Days,en,2003-07-10,2003.0,Drama | Comedy | Romance,Drama,850000,819939,-30061,0.9646341176470589,107.0,Standard (90-119 min),5.424916,6.7,Medium (5-6.9),56,Low (<100),Released
146882,Elza,Le bonheur d'Elza,fr,2011-04-11,2011.0,Drama,Drama,0,0,0,0.0,78.0,Short (<90 min),0.007254,0.0,Low (<5),0,Low (<100),Released
215918,1982,1982,en,2013-12-31,2013.0,Drama,Drama,1000000,0,-1000000,0.0,90.0,Standard (90-119 min),0.175885,5.0,Medium (5-6.9),1,Low (<100),Released
84200,"For a Good Time, Call...","For a Good Time, Call...",en,2012-08-31,2012.0,Comedy,Comedy,850000,1243961,393961,1.4634835294117647,85.0,Short (<90 min),14.238376,5.8,Medium (5-6.9),110,Medium (100-999),Released
84184,Celeste & Jesse Forever,Celeste & Jesse Forever,en,2012-08-03,2012.0,Comedy | Drama | Romance,Comedy,0,3094813,3094813,0.0,91.0,Standard (90-119 min),9.436431,6.4,Medium (5-6.9),163,Medium (100-999),Released
45767,Time Changer,Time Changer,en,2002-10-25,2002.0,Comedy | Drama | Family | Science Fiction,Comedy,0,0,0,0.0,95.0,Standard (90-119 min),0.339757,5.2,Medium (5-6.9),9,Low (<100),Released
14823,London to Brighton,London to Brighton,en,2006-12-01,2006.0,Crime | Drama | Thriller,Crime,0,0,0,0.0,85.0,Short (<90 min),3.060685,6.5,Medium (5-6.9),34,Low (<100),Released
367551,American Hero,American Hero,en,2015-12-11,2015.0,Action | Comedy | Science Fiction,Action,0,0,0,0.0,86.0,Short (<90 min),5.023091,5.0,Medium (5-6.9),62,Low (<100),Released
343409,Windsor Drive,Windsor Drive,en,2015-06-26,2015.0,Thriller | Mystery,Thriller,0,0,0,0.0,90.0,Standard (90-119 min),0.504251,2.0,Low (<5),1,Low (<100),Released
60243,A Separation,جدایی نادر از سیمین,fa,2011-03-15,2011.0,Drama,Drama,800000,0,-800000,0.0,123.0,Long (120-149 min),12.049373,7.7,Good (7-7.9),469,Medium (100-999),Released
57294,Crying with Laughter,Crying with Laughter,en,2009-06-01,2009.0,Comedy | Drama | Thriller,Comedy,0,0,0,0.0,93.0,Standard (90-119 min),0.108135,7.0,Good (7-7.9),1,Low (<100),Rumored
11446,Welcome to the Dollhouse,Welcome to the Dollhouse,en,1995-05-24,1995.0,Comedy | Drama,Comedy,0,0,0,0.0,88.0,Short (<90 min),5.870319,6.9,Medium (5-6.9),103,Medium (100-999),Released
47889,Ruby in Paradise,Ruby in Paradise,en,1993-10-08,1993.0,Drama | Romance,Drama,800000,1001437,201437,1.25179625,114.0,Standard (90-119 min),0.59424,5.6,Medium (5-6.9),10,Low (<100),Released
25461,Raising Victor Vargas,Raising Victor Vargas,en,2002-05-16,2002.0,Drama | Romance,Drama,800000,2816116,2016116,3.520145,88.0,Short (<90 min),3.643662,7.8,Good (7-7.9),13,Low (<100),Released
905,Pandora's Box,Die Büchse der Pandora,de,1929-01-30,1929.0,Drama | Thriller | Romance,Drama,0,0,0,0.0,109.0,Standard (90-119 min),1.824184,7.6,Good (7-7.9),45,Low (<100),Released
279759,Harrison Montgomery,Harrison Montgomery,en,2008-01-01,2008.0,,No Genre,0,0,0,0.0,0.0,Short (<90 min),0.006943,0.0,Low (<5),0,Low (<100),Released
78705,Live-In Maid,Cama adentro,en,2004-09-21,2004.0,Drama | Foreign,Drama,0,0,0,0.0,83.0,Short (<90 min),0.038706,7.8,Good (7-7.9),3,Low (<100),Released
25212,Deterrence,Deterrence,en,2000-03-10,2000.0,Action | Drama | Mystery | Thriller,Action,0,0,0,0.0,101.0,Standard (90-119 min),2.171288,6.1,Medium (5-6.9),7,Low (<100),Released
26899,The Mudge Boy,The Mudge Boy,en,2003-01-17,2003.0,Drama,Drama,800000,62852,-737148,0.078565,94.0,Standard (90-119 min),5.292536,7.3,Good (7-7.9),23,Low (<100),Released
146269,The Young Unknowns,The Young Unknowns,en,2000-03-12,2000.0,Drama,Drama,0,0,0,0.0,87.0,Short (<90 min),0.004922,0.0,Low (<5),0,Low (<100),Released
292483,Not Cool,Not Cool,en,2014-09-23,2014.0,Comedy,Comedy,0,0,0,0.0,90.0,Standard (90-119 min),1.186971,3.7,Low (<5),25,Low (<100),Released
14451,Dead Snow,Død snø,no,2009-01-09,2009.0,Horror | Comedy,Horror,800000,1984662,1184662,2.4808275,91.0,Standard (90-119 min),11.205726,6.1,Medium (5-6.9),311,Medium (100-999),Released
10105,Saints and Soldiers,Saints and Soldiers,en,2003-09-11,2003.0,Action | Adventure | Drama | History | War,Action,780000,0,-780000,0.0,90.0,Standard (90-119 min),6.003418,6.6,Medium (5-6.9),98,Low (<100),Released
211557,Vessel,Vessel,en,2012-10-28,2012.0,Horror | Science Fiction,Horror,0,0,0,0.0,14.0,Short (<90 min),0.322553,5.9,Medium (5-6.9),8,Low (<100),Released
838,American Graffiti,American Graffiti,en,1973-08-01,1973.0,Comedy | Drama,Comedy,777000,140000000,139223000,180.18018018018017,110.0,Standard (90-119 min),19.326115,6.9,Medium (5-6.9),324,Medium (100-999),Released
40862,Iraq for Sale: The War Profiteers,Iraq for Sale: The War Profiteers,en,2006-01-01,2006.0,Documentary,Documentary,0,0,0,0.0,75.0,Short (<90 min),1.517771,8.0,Excellent (8+),6,Low (<100),Released
13158,Aqua Teen Hunger Force Colon Movie Film for Theaters,Aqua Teen Hunger Force Colon Movie Film for Theaters,en,2007-04-13,2007.0,Animation | Comedy,Animation,0,0,0,0.0,86.0,Short (<90 min),1.453146,6.5,Medium (5-6.9),35,Low (<100),Released
84332,Safety Not Guaranteed,Safety Not Guaranteed,en,2012-06-08,2012.0,Comedy | Romance | Science Fiction | Drama,Comedy,750000,4007792,3257792,5.343722666666666,85.0,Short (<90 min),25.186002,6.8,Medium (5-6.9),556,Medium (100-999),Released
74510,Kevin Hart: Laugh at My Pain,Kevin Hart: Laugh at My Pain,en,2011-09-09,2011.0,Comedy | Documentary,Comedy,0,0,0,0.0,89.0,Short (<90 min),5.498834,7.7,Good (7-7.9),43,Low (<100),Released
74725,Kill List,Kill List,en,2011-09-02,2011.0,Horror | Thriller | Crime,Horror,500000,171760,-328240,0.34352,95.0,Standard (90-119 min),12.203041,6.0,Medium (5-6.9),210,Medium (100-999),Released
58428,The Innkeepers,The Innkeepers,en,2011-12-01,2011.0,Horror | Thriller,Horror,750000,78396,-671604,0.104528,102.0,Standard (90-119 min),14.386807,5.4,Medium (5-6.9),219,Medium (100-999),Released
8416,The Conformist,Il conformista,it,1970-10-21,1970.0,Drama,Drama,750000,0,-750000,0.0,107.0,Standard (90-119 min),8.429295,7.6,Good (7-7.9),127,Medium (100-999),Released
36584,Interview with the Assassin,Interview with the Assassin,en,2002-05-09,2002.0,Drama | Thriller,Drama,500000,0,-500000,0.0,88.0,Short (<90 min),0.471264,5.6,Medium (5-6.9),5,Low (<100),Released
13429,Donkey Punch,Donkey Punch,en,2008-07-18,2008.0,Horror | Drama | Thriller | Crime,Horror,0,0,0,0.0,99.0,Standard (90-119 min),3.283886,4.5,Low (<5),52,Low (<100),Released
9022,All the Boys Love Mandy Lane,All the Boys Love Mandy Lane,en,2008-02-15,2008.0,Horror | Mystery | Thriller,Horror,750000,0,-750000,0.0,90.0,Standard (90-119 min),12.284939,5.7,Medium (5-6.9),209,Medium (100-999),Released
22530,Bled,Bled,en,2008-01-01,2008.0,Horror,Horror,0,0,0,0.0,95.0,Standard (90-119 min),1.039149,3.8,Low (<5),4,Low (<100),Released
288,High Noon,High Noon,en,1952-03-27,1952.0,Western,Western,730000,8000000,7270000,10.95890410958904,85.0,Short (<90 min),18.644023,7.6,Good (7-7.9),334,Medium (100-999),Released
14275,Hoop Dreams,Hoop Dreams,en,1994-09-12,1994.0,Documentary,Documentary,700000,7830611,7130611,11.186587142857142,171.0,Very Long (150+ min),9.188431,7.7,Good (7-7.9),87,Low (<100),Released
2287,Rize,Rize,en,2005-01-15,2005.0,Documentary,Documentary,0,0,0,0.0,86.0,Short (<90 min),1.623769,5.9,Medium (5-6.9),13,Low (<100),Released
18734,L.I.E.,L.I.E. Long Island Expressway,en,2001-01-20,2001.0,Drama,Drama,700000,1667192,967192,2.3817028571428573,97.0,Standard (90-119 min),7.731064,6.7,Medium (5-6.9),31,Low (<100),Released
206197,The Sisterhood of Night,The Sisterhood of Night,en,2015-04-10,2015.0,Mystery | Drama | Thriller,Mystery,0,0,0,0.0,104.0,Standard (90-119 min),2.868942,6.5,Medium (5-6.9),31,Low (<100),Released
26837,B-Girl,B-Girl,en,2009-07-29,2009.0,Crime | Drama | Music,Crime,0,0,0,0.0,84.0,Short (<90 min),0.631571,5.5,Medium (5-6.9),7,Low (<100),Released
7859,Half Nelson,Half Nelson,en,2006-08-11,2006.0,Drama,Drama,700000,4911725,4211725,7.01675,107.0,Standard (90-119 min),12.378031,6.5,Medium (5-6.9),240,Medium (100-999),Released
302579,Naturally Native,Naturally Native,en,1999-10-08,1999.0,Drama,Drama,700000,10508,-689492,0.015011428571428571,107.0,Standard (90-119 min),0.578798,0.0,Low (<5),0,Low (<100),Released
51955,Hav Plenty,Hav Plenty,en,1997-09-11,1997.0,Action | Comedy | Romance | Science Fiction | Thriller,Action,0,0,0,0.0,92.0,Standard (90-119 min),0.003142,0.0,Low (<5),0,Low (<100),Released
376004,Adulterers,Adulterers,en,2016-01-05,2016.0,Thriller | Crime | Drama,Thriller,750000,0,-750000,0.0,80.0,Short (<90 min),1.471139,5.2,Medium (5-6.9),16,Low (<100),Released
158752,Escape from Tomorrow,Escape from Tomorrow,en,2013-10-11,2013.0,Horror | Fantasy,Horror,650,0,-650,0.0,90.0,Standard (90-119 min),1.352222,4.8,Low (<5),87,Low (<100),Released
40658,Starsuckers,Starsuckers,en,2009-09-30,2009.0,Documentary | Foreign,Documentary,0,0,0,0.0,103.0,Standard (90-119 min),0.429083,6.2,Medium (5-6.9),5,Low (<100),Released
296943,The Hadza:  Last of the First,The Hadza:  Last of the First,en,2014-10-31,2014.0,Documentary,Documentary,0,0,0,0.0,70.0,Short (<90 min),0.045648,0.0,Low (<5),0,Low (<100),Released
118612,After,After,en,2012-08-27,2012.0,Mystery | Thriller,Mystery,0,0,0,0.0,90.0,Standard (90-119 min),4.596157,5.6,Medium (5-6.9),63,Low (<100),Released
138976,Treachery,Treachery,en,2013-05-16,2013.0,Drama,Drama,625000,0,-625000,0.0,68.0,Short (<90 min),0.283059,4.8,Low (<5),5,Low (<100),Released
323967,Walter,Walter,en,2015-03-13,2015.0,Drama | Comedy,Drama,700000,0,-700000,0.0,87.0,Short (<90 min),2.659006,5.3,Medium (5-6.9),26,Low (<100),Released
3080,Top Hat,Top Hat,en,1935-09-06,1935.0,Comedy | Music | Romance,Comedy,609000,3202000,2593000,5.257799671592775,101.0,Standard (90-119 min),3.898498,7.4,Good (7-7.9),59,Low (<100),Released
2667,The Blair Witch Project,The Blair Witch Project,en,1999-07-14,1999.0,Horror | Mystery,Horror,60000,248000000,247940000,4133.333333333333,81.0,Short (<90 min),41.690578,6.3,Medium (5-6.9),1055,High (1K-4.9K),Released
9459,Woodstock,Woodstock,en,1970-03-26,1970.0,History | Documentary | Music,History,600000,34505110,33905110,57.508516666666665,225.0,Very Long (150+ min),3.409764,7.1,Good (7-7.9),66,Low (<100),Released
11598,The Kentucky Fried Movie,The Kentucky Fried Movie,en,1977-08-10,1977.0,Comedy,Comedy,600000,0,-600000,0.0,83.0,Short (<90 min),10.861167,6.4,Medium (5-6.9),66,Low (<100),Released
26916,Mercy Streets,Mercy Streets,en,2000-10-31,2000.0,Action | Adventure | Drama,Action,0,0,0,0.0,106.0,Standard (90-119 min),0.099902,5.5,Medium (5-6.9),2,Low (<100),Released
181940,Carousel of Revenge,Arnolds Park,en,2007-07-20,2007.0,Thriller | Mystery,Thriller,0,0,0,0.0,103.0,Standard (90-119 min),0.006069,0.0,Low (<5),0,Low (<100),Released
125263,Broken Vessels,Broken Vessels,en,1998-04-18,1998.0,Drama,Drama,0,0,0,0.0,90.0,Standard (90-119 min),0.069277,6.0,Medium (5-6.9),2,Low (<100),Released
263503,Water & Power,Water & Power,en,2014-05-02,2014.0,Crime | Drama,Crime,0,0,0,0.0,0.0,Short (<90 min),0.350557,3.0,Low (<5),1,Low (<100),Released
324322,They Will Have to Kill Us First,They Will Have to Kill Us First,fr,2015-10-13,2015.0,Music | Documentary,Music,522360,0,-522360,0.0,105.0,Standard (90-119 min),0.071349,5.0,Medium (5-6.9),1,Low (<100),Released
331493,Light from the Darkroom,Light from the Darkroom,en,2014-01-01,2014.0,,No Genre,0,0,0,0.0,0.0,Short (<90 min),0.012942,0.0,Low (<5),0,Low (<100),Released
375950,The Country Doctor,Médecin de campagne,fr,2016-03-23,2016.0,Drama | Comedy,Drama,0,0,0,0.0,102.0,Standard (90-119 min),2.651304,6.0,Medium (5-6.9),63,Low (<100),Released
278348,The Maid's Room,The Maid's Room,en,2014-08-08,2014.0,Thriller,Thriller,0,0,0,0.0,98.0,Standard (90-119 min),1.501688,4.8,Low (<5),4,Low (<100),Released
704,A Hard Day's Night,A Hard Day's Night,en,1964-07-06,1964.0,Comedy | Music,Comedy,560000,12299668,11739668,21.963692857142856,88.0,Short (<90 min),10.730056,7.3,Good (7-7.9),168,Medium (100-999),Released
70875,The Harvest (La Cosecha),The Harvest (La Cosecha),en,2011-07-29,2011.0,Documentary,Documentary,56000,0,-56000,0.0,80.0,Short (<90 min),0.010909,0.0,Low (<5),0,Low (<100),Rumored
75986,Love Letters,Love Letters,en,1983-04-01,1983.0,Drama | Thriller,Drama,550000,0,-550000,0.0,98.0,Standard (90-119 min),0.001586,4.6,Low (<5),4,Low (<100),Released
385636,Juliet and Alfa Romeo,Julija in Alfa Romeo,sl,2015-09-17,2015.0,Comedy | Drama,Comedy,0,0,0,0.0,83.0,Short (<90 min),0.061248,6.0,Medium (5-6.9),1,Low (<100),Released
14438,Fireproof,Fireproof,en,2008-09-26,2008.0,Drama,Drama,500000,33456317,32956317,66.912634,122.0,Long (120-149 min),6.093989,7.0,Good (7-7.9),100,Medium (100-999),Released
211086,Faith Connections,Faith Connections,hi,2013-11-21,2013.0,Documentary | Drama,Documentary,550000,0,-550000,0.0,115.0,Standard (90-119 min),0.48088,4.2,Low (<5),3,Low (<100),Released
23069,Benji,Benji,en,1974-10-17,1974.0,Adventure | Family | Romance,Adventure,0,0,0,0.0,86.0,Short (<90 min),2.651418,6.1,Medium (5-6.9),35,Low (<100),Released
83,Open Water,Open Water,en,2004-08-06,2004.0,Drama | Thriller,Drama,130000,54667954,54537954,420.52272307692306,79.0,Short (<90 min),15.611857,5.4,Medium (5-6.9),315,Medium (100-999),Released
89857,High Road,High Road,en,2012-03-06,2012.0,Comedy,Comedy,0,0,0,0.0,87.0,Short (<90 min),1.292948,5.8,Medium (5-6.9),22,Low (<100),Released
30315,Kingdom of the Spiders,Kingdom of the Spiders,en,1977-08-24,1977.0,Horror | Science Fiction,Horror,500000,17000000,16500000,34.0,97.0,Standard (90-119 min),2.537032,5.7,Medium (5-6.9),30,Low (<100),Released
14358,Mad Hot Ballroom,Mad Hot Ballroom,en,2005-05-13,2005.0,Documentary | Family,Documentary,0,0,0,0.0,105.0,Standard (90-119 min),0.772668,7.2,Good (7-7.9),8,Low (<100),Released
2056,The Station Agent,The Station Agent,en,2003-01-26,2003.0,Drama | Comedy,Drama,500000,8679814,8179814,17.359628,88.0,Short (<90 min),11.578545,7.4,Good (7-7.9),210,Medium (100-999),Released
41144,To Save A Life,To Save A Life,en,2009-11-05,2009.0,Drama,Drama,0,0,0,0.0,120.0,Long (120-149 min),0.05021,6.2,Medium (5-6.9),21,Low (<100),Released
35199,Wordplay,Wordplay,en,2006-06-26,2006.0,Documentary,Documentary,0,0,0,0.0,94.0,Standard (90-119 min),0.906096,7.3,Good (7-7.9),10,Low (<100),Released
14271,Beyond the Mat,Beyond the Mat,en,1999-10-22,1999.0,Documentary,Documentary,2053648,500000,-1553648,0.24346918264473755,102.0,Standard (90-119 min),2.778633,7.8,Good (7-7.9),17,Low (<100),Released
16653,The Singles Ward,The Singles Ward,en,2002-01-30,2002.0,Comedy | Drama | Family | Romance,Comedy,0,0,0,0.0,102.0,Standard (90-119 min),0.920591,7.5,Good (7-7.9),4,Low (<100),Released
14757,Osama,Osama,ps,2003-05-20,2003.0,Drama,Drama,46000,0,-46000,0.0,83.0,Short (<90 min),1.447734,6.3,Medium (5-6.9),32,Low (<100),Released
84401,Sholem Aleichem: Laughing In The Darkness,Sholem Aleichem: Laughing In The Darkness,en,2012-02-24,2012.0,Documentary,Documentary,500000,845188,345188,1.690376,93.0,Standard (90-119 min),0.109579,7.0,Good (7-7.9),2,Low (<100),Released
23655,Groove,Groove,en,2000-06-08,2000.0,Drama | Music | Romance,Drama,0,0,0,0.0,86.0,Short (<90 min),1.09454,5.6,Medium (5-6.9),6,Low (<100),Released
36825,The R.M.,The R.M.,en,2003-01-31,2003.0,Comedy | Crime | Family,Comedy,0,0,0,0.0,101.0,Standard (90-119 min),0.082978,4.8,Low (<5),4,Low (<100),Released
33430,Twin Falls Idaho,Twin Falls Idaho,en,1999-07-30,1999.0,Drama | Romance,Drama,0,0,0,0.0,111.0,Standard (90-119 min),0.619136,7.0,Good (7-7.9),11,Low (<100),Released
12281,Mean Creek,Mean Creek,en,2004-01-15,2004.0,Crime | Drama,Crime,500000,603943,103943,1.207886,90.0,Standard (90-119 min),8.519202,6.9,Medium (5-6.9),106,Medium (100-999),Released
125052,Hurricane Streets,Hurricane Streets,en,1997-01-21,1997.0,Romance | Crime | Drama,Romance,0,0,0,0.0,86.0,Short (<90 min),0.36447,4.8,Low (<5),4,Low (<100),Released
96238,Never Again,Never Again,en,2002-07-12,2002.0,Comedy | Romance,Comedy,0,0,0,0.0,98.0,Standard (90-119 min),0.039077,4.0,Low (<5),3,Low (<100),Released
30246,Civil Brand,Civil Brand,en,2003-08-29,2003.0,Crime | Drama | Thriller,Crime,0,0,0,0.0,95.0,Standard (90-119 min),0.665512,5.3,Medium (5-6.9),4,Low (<100),Released
7301,Lonesome Jim,Lonesome Jim,en,2005-11-16,2005.0,Comedy | Drama | Romance,Comedy,0,0,0,0.0,91.0,Standard (90-119 min),3.433625,6.4,Medium (5-6.9),26,Low (<100),Released
172533,Drinking Buddies,Drinking Buddies,en,2013-08-23,2013.0,Romance | Drama,Romance,0,343341,343341,0.0,90.0,Standard (90-119 min),17.378455,6.0,Medium (5-6.9),356,Medium (100-999),Released
180383,Deceptive Practice: The Mysteries and Mentors of Ricky Jay,Deceptive Practice: The Mysteries and Mentors of Ricky Jay,en,2012-10-04,2012.0,Documentary,Documentary,500000,0,-500000,0.0,88.0,Short (<90 min),0.425195,7.1,Good (7-7.9),17,Low (<100),Released
346,Seven Samurai,七人の侍,ja,1954-04-26,1954.0,Action | Drama,Action,2000000,271841,-1728159,0.1359205,207.0,Very Long (150+ min),39.756748,8.2,Excellent (8+),878,Medium (100-999),Released
84318,The Other Dream Team,Kita svajonių komanda,en,2012-09-28,2012.0,Documentary,Documentary,0,0,0,0.0,89.0,Short (<90 min),0.388401,6.9,Medium (5-6.9),7,Low (<100),Released
45145,Johnny Suede,Johnny Suede,en,1991-08-18,1991.0,Comedy | Romance,Comedy,500000,0,-500000,0.0,97.0,Standard (90-119 min),1.354816,4.7,Low (<5),13,Low (<100),Released
13983,Finishing The Game,Finishing The Game,en,2007-01-21,2007.0,Comedy,Comedy,0,0,0,0.0,84.0,Short (<90 min),0.459625,4.9,Low (<5),8,Low (<100),Released
45649,Rubber,Rubber,en,2010-07-09,2010.0,Comedy | Drama | Fantasy | Horror | Mystery,Comedy,500000,98017,-401983,0.196034,85.0,Short (<90 min),9.108949,5.7,Medium (5-6.9),251,Medium (100-999),Released
19844,Kiss the Bride,Kiss the Bride,en,2007-01-01,2007.0,Drama | Comedy | Romance,Drama,0,0,0,0.0,100.0,Standard (90-119 min),1.65426,4.2,Low (<5),11,Low (<100),Released
21801,The Slaughter Rule,The Slaughter Rule,en,2002-01-01,2002.0,Drama,Drama,0,0,0,0.0,112.0,Standard (90-119 min),1.390909,6.2,Medium (5-6.9),9,Low (<100),Released
43933,Monsters,Monsters,en,2010-06-18,2010.0,Drama | Thriller | Science Fiction,Drama,500000,4242978,3742978,8.485956,94.0,Standard (90-119 min),26.406001,6.2,Medium (5-6.9),587,Medium (100-999),Released
73511,The Californians,The Californians,en,2005-10-21,2005.0,Drama | Comedy,Drama,0,0,0,0.0,91.0,Standard (90-119 min),0.218736,4.0,Low (<5),1,Low (<100),Released
43653,The Living Wake,The Living Wake,en,2007-01-01,2007.0,Comedy,Comedy,0,0,0,0.0,91.0,Standard (90-119 min),0.383442,5.0,Medium (5-6.9),1,Low (<100),Released
139715,Detention of the Dead,Detention of the Dead,en,2012-04-27,2012.0,Comedy | Horror,Comedy,500000,0,-500000,0.0,87.0,Short (<90 min),2.391847,4.5,Low (<5),34,Low (<100),Released
45380,Crazy Stone,疯狂的石头,zh,2006-01-01,2006.0,Action | Comedy,Action,0,0,0,0.0,98.0,Standard (90-119 min),1.68502,6.9,Medium (5-6.9),22,Low (<100),Released
30867,Scott Walker: 30 Century Man,Scott Walker: 30 Century Man,en,2006-10-31,2006.0,Documentary | Music,Documentary,0,0,0,0.0,95.0,Standard (90-119 min),0.607782,7.0,Good (7-7.9),8,Low (<100),Released
81220,Everything Put Together,Everything Put Together,en,2001-11-02,2001.0,Drama,Drama,500000,0,-500000,0.0,87.0,Short (<90 min),0.046903,5.0,Medium (5-6.9),2,Low (<100),Released
253626,Good Kill,Good Kill,en,2015-04-09,2015.0,Action | Drama | Thriller,Action,0,316472,316472,0.0,104.0,Standard (90-119 min),10.924273,5.9,Medium (5-6.9),208,Medium (100-999),Released
294550,The Outrageous Sophie Tucker,The Outrageous Sophie Tucker,en,2014-05-02,2014.0,,No Genre,0,0,0,0.0,96.0,Standard (90-119 min),0.021419,0.0,Low (<5),0,Low (<100),Released
90369,Now Is Good,Now Is Good,en,2012-05-25,2012.0,Drama | Romance,Drama,0,0,0,0.0,103.0,Standard (90-119 min),14.142073,7.3,Good (7-7.9),371,Medium (100-999),Released
117942,Girls Gone Dead,Girls Gone Dead,en,2012-03-28,2012.0,Horror | Comedy,Horror,500000,0,-500000,0.0,104.0,Standard (90-119 min),1.600171,3.5,Low (<5),14,Low (<100),Released
380097,America Is Still the Place,America Is Still the Place,en,,,,No Genre,0,0,0,0.0,0.0,Short (<90 min),0.0,0.0,Low (<5),0,Low (<100),Released
322194,Subconscious,Subconscious,en,2015-03-10,2015.0,Action | Thriller | Mystery,Action,0,0,0,0.0,110.0,Standard (90-119 min),0.397323,3.4,Low (<5),4,Low (<100),Released
98568,Enter Nowhere,Enter Nowhere,en,2011-10-22,2011.0,Mystery | Science Fiction | Thriller,Mystery,0,0,0,0.0,90.0,Standard (90-119 min),3.637857,6.5,Medium (5-6.9),49,Low (<100),Released
119657,El Rey de Najayo,El Rey de Najayo,en,2012-03-01,2012.0,Crime | Drama,Crime,500,0,-500,0.0,101.0,Standard (90-119 min),0.080105,0.0,Low (<5),0,Low (<100),Released
380733,Fight to the Finish,Fight to the Finish,en,2016-02-02,2016.0,Romance | Action,Romance,0,0,0,0.0,94.0,Standard (90-119 min),0.251828,5.2,Medium (5-6.9),3,Low (<100),Released
285743,Alleluia! The Devil's Carnival,Alleluia! The Devil's Carnival,en,2016-03-29,2016.0,Music | Horror,Music,0,0,0,0.0,0.0,Short (<90 min),0.674398,6.0,Medium (5-6.9),2,Low (<100),Released
362765,The Sound and the Shadow,The Sound and the Shadow,en,2014-10-19,2014.0,Thriller | Comedy | Mystery,Thriller,0,0,0,0.0,90.0,Standard (90-119 min),0.072359,0.0,Low (<5),0,Low (<100),Released
379532,Rodeo Girl,Rodeo Girl,en,2016-01-05,2016.0,Family,Family,0,0,0,0.0,108.0,Standard (90-119 min),0.087574,5.5,Medium (5-6.9),1,Low (<100),Released
253261,Born to Fly: Elizabeth Streb vs. Gravity,Born to Fly: Elizabeth Streb vs. Gravity,en,2014-03-08,2014.0,Documentary,Documentary,0,0,0,0.0,82.0,Short (<90 min),0.069244,5.0,Medium (5-6.9),1,Low (<100),Released
297100,The Little Ponderosa Zoo,The Little Ponderosa Zoo,en,2014-09-11,2014.0,,No Genre,500000,0,-500000,0.0,84.0,Short (<90 min),0.073079,2.0,Low (<5),1,Low (<100),Released
15239,The Toxic Avenger,The Toxic Avenger,en,1984-05-01,1984.0,Science Fiction | Action | Comedy | Horror,Science Fiction,0,0,0,0.0,82.0,Short (<90 min),6.672008,6.3,Medium (5-6.9),113,Medium (100-999),Released
94072,Straight Out of Brooklyn,Straight Out of Brooklyn,en,1991-06-13,1991.0,Drama,Drama,0,0,0,0.0,0.0,Short (<90 min),0.161517,4.3,Low (<5),4,Low (<100),Released
4107,Bloody Sunday,Bloody Sunday,en,2002-01-16,2002.0,Action | Adventure | Drama | History,Action,0,773228,773228,0.0,107.0,Standard (90-119 min),7.330691,7.2,Good (7-7.9),53,Low (<100),Released
325579,Diamond Ruff,Diamond Ruff,en,2015-01-01,2015.0,,No Genre,0,0,0,0.0,0.0,Short (<90 min),0.165257,2.4,Low (<5),4,Low (<100),Released
15624,Conversations with Other Women,Conversations with Other Women,en,2006-06-07,2006.0,Drama | Romance,Drama,450000,973525,523525,2.163388888888889,84.0,Short (<90 min),4.442355,6.2,Medium (5-6.9),38,Low (<100),Released
17287,Poultrygeist: Night of the Chicken Dead,Poultrygeist: Night of the Chicken Dead,en,2006-12-26,2006.0,Horror | Comedy,Horror,0,0,0,0.0,103.0,Standard (90-119 min),3.905877,5.9,Medium (5-6.9),41,Low (<100),Released
198370,Mutual Friends,Mutual Friends,en,2014-04-15,2014.0,,No Genre,0,0,0,0.0,0.0,Short (<90 min),0.136721,0.0,Low (<5),0,Low (<100),Released
3062,42nd Street,42nd Street,en,1933-02-02,1933.0,Music | Comedy | Romance,Music,439000,2281000,1842000,5.195899772209567,89.0,Short (<90 min),1.933366,6.1,Medium (5-6.9),37,Low (<100),Released
328307,Rise of the Entrepreneur: The Search for a Better Way,Rise of the Entrepreneur: The Search for a Better Way,en,2014-11-20,2014.0,,No Genre,0,0,0,0.0,0.0,Short (<90 min),0.052942,8.0,Excellent (8+),1,Low (<100),Released
15389,Metropolitan,Metropolitan,en,1990-08-03,1990.0,Comedy | Drama,Comedy,225000,0,-225000,0.0,98.0,Standard (90-119 min),1.014966,7.0,Good (7-7.9),38,Low (<100),Released
464,As It Is in Heaven,Så som i himmelen,sv,2004-09-03,2004.0,Romance | Drama | Comedy | Music,Romance,0,0,0,0.0,132.0,Long (120-149 min),4.321249,6.9,Medium (5-6.9),42,Low (<100),Released
308467,Roadside,Roadside,en,2013-03-01,2013.0,Horror | Drama,Horror,0,0,0,0.0,90.0,Standard (90-119 min),0.160234,4.2,Low (<5),5,Low (<100),Released
8193,Napoleon Dynamite,Napoleon Dynamite,en,2004-06-11,2004.0,Comedy,Comedy,400000,46118097,45718097,115.2952425,95.0,Standard (90-119 min),23.603514,6.7,Medium (5-6.9),554,Medium (100-999),Released
188166,Blue Ruin,Blue Ruin,en,2014-04-25,2014.0,Crime | Thriller,Crime,0,258384,258384,0.0,90.0,Standard (90-119 min),25.349758,6.9,Medium (5-6.9),462,Medium (100-999),Released
23827,Paranormal Activity,Paranormal Activity,en,2007-09-14,2007.0,Horror | Mystery,Horror,15000,193355800,193340800,12890.386666666667,86.0,Short (<90 min),47.456823,5.9,Medium (5-6.9),1316,High (1K-4.9K),Released
1282,Dogtown and Z-Boys,Dogtown and Z-Boys,en,2001-01-18,2001.0,Documentary,Documentary,0,0,0,0.0,91.0,Standard (90-119 min),3.291609,7.2,Good (7-7.9),52,Low (<100),Released
762,Monty Python and the Holy Grail,Monty Python and the Holy Grail,en,1975-03-13,1975.0,Adventure | Comedy | Fantasy,Adventure,400000,5028948,4628948,12.57237,91.0,Standard (90-119 min),64.782984,7.8,Good (7-7.9),1708,High (1K-4.9K),Released
64499,Quinceañera,Quinceañera,it,2006-06-05,2006.0,Drama,Drama,0,0,0,0.0,90.0,Standard (90-119 min),0.034135,7.0,Good (7-7.9),7,Low (<100),Released
281189,Gory Gory Hallelujah,Gory Gory Hallelujah,en,2003-11-05,2003.0,,No Genre,0,0,0,0.0,0.0,Short (<90 min),0.033883,1.0,Low (<5),1,Low (<100),Released
1435,Tarnation,Tarnation,en,2003-10-19,2003.0,Documentary | Drama,Documentary,218,1162014,1161796,5330.339449541284,91.0,Standard (90-119 min),1.063439,7.5,Good (7-7.9),22,Low (<100),Released
47546,I Want Your Money,I Want Your Money,en,2010-07-06,2010.0,Documentary,Documentary,0,0,0,0.0,92.0,Standard (90-119 min),0.084344,3.8,Low (<5),5,Low (<100),Released
189711,Love in the Time of Monsters,Love in the Time of Monsters,en,2014-03-08,2014.0,Horror | Comedy,Horror,0,0,0,0.0,0.0,Short (<90 min),0.133619,5.0,Medium (5-6.9),2,Low (<100),Released
19204,The Beyond,...E tu vivrai nel terrore! L'aldilà,it,1981-04-22,1981.0,Horror,Horror,0,0,0,0.0,87.0,Short (<90 min),8.022122,6.6,Medium (5-6.9),117,Medium (100-999),Released
9029,What Happens in Vegas,What Happens in Vegas,da,2008-05-07,2008.0,Comedy | Romance,Comedy,35000000,170000000,135000000,4.857142857142857,99.0,Standard (90-119 min),38.100488,5.8,Medium (5-6.9),923,Medium (100-999),Released
18045,The Dark Hours,The Dark Hours,en,2005-03-11,2005.0,Horror | Science Fiction | Thriller,Horror,500000,0,-500000,0.0,80.0,Short (<90 min),1.428483,5.5,Medium (5-6.9),22,Low (<100),Released
11240,My Beautiful Laundrette,My Beautiful Laundrette,en,1985-09-07,1985.0,Romance | Drama | Comedy,Romance,860000,2451545,1591545,2.8506337209302326,97.0,Standard (90-119 min),3.703005,6.6,Medium (5-6.9),51,Low (<100),Released
43743,Fabled,Fabled,en,2002-01-01,2002.0,Drama | Mystery | Thriller,Drama,0,0,0,0.0,84.0,Short (<90 min),0.003352,0.0,Low (<5),0,Low (<100),Released
157909,Show Me,Show Me,en,2004-09-23,2004.0,Drama | Thriller,Drama,0,0,0,0.0,97.0,Standard (90-119 min),0.231297,5.6,Medium (5-6.9),4,Low (<100),Released
10238,Cries and Whispers,Viskningar och rop,sv,1972-12-21,1972.0,Drama,Drama,0,0,0,0.0,91.0,Standard (90-119 min),11.347855,7.8,Good (7-7.9),115,Medium (100-999),Released
3059,Intolerance,Intolerance,en,1916-09-04,1916.0,Drama,Drama,385907,8394751,8008844,21.75330066570443,197.0,Very Long (150+ min),3.232447,7.4,Good (7-7.9),60,Low (<100),Released
15800,Trekkies,Trekkies,en,1997-10-18,1997.0,Documentary,Documentary,0,0,0,0.0,86.0,Short (<90 min),2.77754,6.3,Medium (5-6.9),22,Low (<100),Released
65203,The Broadway Melody,The Broadway Melody,en,1929-02-08,1929.0,Drama | Music | Romance,Drama,379000,4358000,3979000,11.49868073878628,100.0,Standard (90-119 min),0.968865,5.0,Medium (5-6.9),19,Low (<100),Released
764,The Evil Dead,The Evil Dead,en,1981-10-15,1981.0,Horror,Horror,350000,29400000,29050000,84.0,85.0,Short (<90 min),35.037625,7.3,Good (7-7.9),894,Medium (100-999),Released
103620,Maniac,Maniac,en,2012-12-26,2012.0,Horror,Horror,6000000,31081,-5968919,0.005180166666666666,89.0,Short (<90 min),19.331884,6.0,Medium (5-6.9),316,Medium (100-999),Released
319069,Censored Voices,Censored Voices,en,2015-01-24,2015.0,History | Documentary,History,0,0,0,0.0,84.0,Short (<90 min),0.59458,5.1,Medium (5-6.9),8,Low (<100),Released
14278,Murderball,Murderball,en,2005-07-22,2005.0,Documentary,Documentary,300000,1750211,1450211,5.834036666666667,88.0,Short (<90 min),1.085909,6.9,Medium (5-6.9),23,Low (<100),Released
25678,American Ninja 2: The Confrontation,American Ninja 2: The Confrontation,en,1987-05-01,1987.0,Action | Adventure | Drama,Action,0,0,0,0.0,90.0,Standard (90-119 min),5.061107,4.9,Low (<5),49,Low (<100),Released
79161,51 Birch Street,51 Birch Street,en,2006-10-18,2006.0,Documentary,Documentary,0,0,0,0.0,90.0,Standard (90-119 min),0.049921,6.8,Medium (5-6.9),6,Low (<100),Released
371690,Rotor DR1,Rotor DR1,en,2015-10-20,2015.0,Science Fiction | Family,Science Fiction,350000,0,-350000,0.0,98.0,Standard (90-119 min),0.249561,4.7,Low (<5),3,Low (<100),Released
389,12 Angry Men,12 Angry Men,en,1957-03-25,1957.0,Drama,Drama,350000,1000000,650000,2.857142857142857,96.0,Standard (90-119 min),59.259204,8.2,Excellent (8+),2078,High (1K-4.9K),Released
52032,My Dog Tulip,My Dog Tulip,en,2009-01-01,2009.0,Animation | Comedy | Drama,Animation,0,246574,246574,0.0,83.0,Short (<90 min),1.170257,7.6,Good (7-7.9),9,Low (<100),Released
3078,It Happened One Night,It Happened One Night,en,1934-02-22,1934.0,Comedy | Romance,Comedy,325000,4500000,4175000,13.846153846153847,105.0,Standard (90-119 min),11.871424,7.7,Good (7-7.9),275,Medium (100-999),Released
38810,Dogtooth,Κυνόδοντας,el,2009-06-01,2009.0,Drama,Drama,0,110197,110197,0.0,94.0,Standard (90-119 min),28.858238,6.9,Medium (5-6.9),332,Medium (100-999),Released
21525,Tupac: Resurrection,Tupac: Resurrection,en,2003-01-23,2003.0,Music | Documentary,Music,300000,7808524,7508524,26.028413333333333,112.0,Standard (90-119 min),1.314576,8.0,Excellent (8+),26,Low (<100),Released
55123,Tumbleweeds,Tumbleweeds,en,1999-11-28,1999.0,Comedy | Drama,Comedy,312000,1281176,969176,4.106333333333334,102.0,Standard (90-119 min),1.505703,6.2,Medium (5-6.9),11,Low (<100),Released
11980,The Prophecy,The Prophecy,en,1995-09-01,1995.0,Fantasy | Horror | Thriller,Fantasy,8,16,8,2.0,98.0,Standard (90-119 min),11.818333,6.4,Medium (5-6.9),138,Medium (100-999),Released
11956,When the Cat's Away,Chacun Cherche Son Chat,fr,1996-04-03,1996.0,Comedy,Comedy,0,0,0,0.0,91.0,Standard (90-119 min),1.410387,6.1,Medium (5-6.9),16,Low (<100),Released
1550,Pieces of April,Pieces of April,en,2003-01-19,2003.0,Comedy | Drama,Comedy,300000,0,-300000,0.0,81.0,Short (<90 min),4.270596,6.4,Medium (5-6.9),64,Low (<100),Released
162396,The Big Swap,The Big Swap,en,1998-06-11,1998.0,,No Genre,0,0,0,0.0,0.0,Short (<90 min),0.627763,0.0,Low (<5),0,Low (<100),Released
26518,Old Joy,Old Joy,en,2006-01-01,2006.0,Drama,Drama,300000,0,-300000,0.0,73.0,Short (<90 min),1.673208,6.3,Medium (5-6.9),36,Low (<100),Released
8942,Wendy and Lucy,Wendy and Lucy,en,2008-05-22,2008.0,Drama,Drama,200000,0,-200000,0.0,80.0,Short (<90 min),0.713906,6.4,Medium (5-6.9),64,Low (<100),Released
68412,3 Backyards,3 Backyards,en,2010-01-01,2010.0,Drama,Drama,0,0,0,0.0,88.0,Short (<90 min),0.17817,4.8,Low (<5),4,Low (<100),Released
2786,Pierrot le Fou,Pierrot le fou,fr,1965-08-29,1965.0,Drama | Thriller,Drama,300000,0,-300000,0.0,110.0,Standard (90-119 min),7.791898,7.6,Good (7-7.9),127,Medium (100-999),Released
87943,Sisters in Law,Sisters in Law,en,2005-09-03,2005.0,Documentary,Documentary,0,0,0,0.0,104.0,Standard (90-119 min),0.025211,7.3,Good (7-7.9),2,Low (<100),Released
73981,Ayurveda: Art of Being,Ayurveda: Art of Being,en,2001-09-20,2001.0,Documentary,Documentary,300000,2074000,1774000,6.913333333333333,101.0,Standard (90-119 min),0.055868,5.5,Medium (5-6.9),3,Low (<100),Released
91721,Nothing But a Man,Nothing But a Man,en,1964-01-01,1964.0,Drama,Drama,0,0,0,0.0,95.0,Standard (90-119 min),0.008453,7.0,Good (7-7.9),2,Low (<100),Released
118452,"First Love, Last Rites","First Love, Last Rites",en,1998-08-07,1998.0,Drama,Drama,300000,40542,-259458,0.13514,94.0,Standard (90-119 min),0.374291,3.0,Low (<5),1,Low (<100),Released
47534,Fighting Tommy Riley,Fighting Tommy Riley,en,2005-05-06,2005.0,Action | Adventure | Drama,Action,0,0,0,0.0,0.0,Short (<90 min),0.045429,5.3,Medium (5-6.9),4,Low (<100),Released
40914,Royal Kill,Royal Kill,en,2009-04-10,2009.0,Action | Thriller,Action,0,0,0,0.0,90.0,Standard (90-119 min),1.088501,2.8,Low (<5),6,Low (<100),Released
365052,The Looking Glass,The Looking Glass,en,2015-10-23,2015.0,,No Genre,0,0,0,0.0,110.0,Standard (90-119 min),0.062979,7.0,Good (7-7.9),1,Low (<100),Released
13282,Death Race 2000,Death Race 2000,en,1975-04-27,1975.0,Action | Comedy | Science Fiction,Action,300000,8000000,7700000,26.666666666666668,80.0,Short (<90 min),6.473667,5.9,Medium (5-6.9),124,Medium (100-999),Released
250184,Locker 13,Locker 13,en,2014-03-29,2014.0,Horror | Drama | Thriller,Horror,0,0,0,0.0,90.0,Standard (90-119 min),1.905197,6.8,Medium (5-6.9),3,Low (<100),Released
426067,Midnight Cabaret,Midnight Cabaret,en,1990-01-01,1990.0,Horror,Horror,0,0,0,0.0,94.0,Standard (90-119 min),0.001389,0.0,Low (<5),0,Low (<100),Released
324352,Anderson's Cross,Anderson's Cross,en,2010-05-20,2010.0,Romance | Comedy | Drama,Romance,300000,0,-300000,0.0,98.0,Standard (90-119 min),0.006323,0.0,Low (<5),0,Low (<100),Released
318040,Bizarre,Bizarre,en,2015-02-07,2015.0,Drama | Romance,Drama,0,0,0,0.0,99.0,Standard (90-119 min),0.583446,6.2,Medium (5-6.9),11,Low (<100),Released
27420,Graduation Day,Graduation Day,en,1981-05-01,1981.0,Horror,Horror,0,0,0,0.0,96.0,Standard (90-119 min),1.452199,5.0,Medium (5-6.9),22,Low (<100),Released
80468,Some Guy Who Kills People,Some Guy Who Kills People,en,2011-04-14,2011.0,Comedy | Horror | Thriller,Comedy,300000,0,-300000,0.0,97.0,Standard (90-119 min),2.733725,5.7,Medium (5-6.9),45,Low (<100),Released
84188,Compliance,Compliance,en,2012-08-23,2012.0,Drama | Thriller | Crime,Drama,0,319285,319285,0.0,90.0,Standard (90-119 min),8.942203,6.3,Medium (5-6.9),221,Medium (100-999),Released
2255,Chasing Amy,Chasing Amy,en,1997-04-04,1997.0,Comedy | Drama | Romance,Comedy,250000,12021272,11771272,48.085088,113.0,Standard (90-119 min),20.601483,6.7,Medium (5-6.9),433,Medium (100-999),Released
50035,Lovely & Amazing,Lovely & Amazing,en,2001-08-31,2001.0,Comedy | Drama | Romance,Comedy,250000,4186931,3936931,16.747724,91.0,Standard (90-119 min),1.45917,6.3,Medium (5-6.9),23,Low (<100),Released
300327,Death Calls,Death Calls,en,2010-09-01,2010.0,,No Genre,0,0,0,0.0,0.0,Short (<90 min),0.005883,0.0,Low (<5),0,Low (<100),Released
14290,Better Luck Tomorrow,Better Luck Tomorrow,en,2002-01-12,2002.0,Crime | Drama,Crime,0,0,0,0.0,101.0,Standard (90-119 min),3.877036,6.5,Medium (5-6.9),27,Low (<100),Released
29371,The Incredibly True Adventure of Two Girls In Love,The Incredibly True Adventure of Two Girls In Love,en,1995-06-16,1995.0,Comedy | Drama | Romance,Comedy,0,0,0,0.0,94.0,Standard (90-119 min),1.70819,5.7,Medium (5-6.9),13,Low (<100),Released
44490,Chuck & Buck,Chuck & Buck,en,2000-01-21,2000.0,Comedy | Drama,Comedy,0,0,0,0.0,96.0,Standard (90-119 min),0.812855,5.7,Medium (5-6.9),16,Low (<100),Released
32222,American Desi,American Desi,en,2001-01-01,2001.0,Drama | Comedy | Romance,Drama,250000,0,-250000,0.0,100.0,Standard (90-119 min),0.126304,5.0,Medium (5-6.9),4,Low (<100),Released
378237,Amidst the Devil's Wings,Amidst the Devil's Wings,en,2014-12-01,2014.0,Drama | Action | Crime,Drama,300000,0,-300000,0.0,90.0,Standard (90-119 min),0.018087,0.0,Low (<5),0,Low (<100),Released
431,Cube,Cube,en,1997-09-09,1997.0,Thriller | Science Fiction | Mystery,Thriller,250000,501818,251818,2.007272,90.0,Standard (90-119 min),44.656151,6.9,Medium (5-6.9),1069,High (1K-4.9K),Released
76996,Love and Other Catastrophes,Love and Other Catastrophes,it,1996-08-01,1996.0,Comedy | Romance,Comedy,0,0,0,0.0,78.0,Short (<90 min),0.619348,5.8,Medium (5-6.9),9,Low (<100),Released
51942,I Married a Strange Person!,I Married a Strange Person!,en,1998-08-28,1998.0,Drama | Comedy | Animation,Drama,250,203,-47,0.812,72.0,Short (<90 min),0.293649,7.5,Good (7-7.9),12,Low (<100),Released
1424,November,November,en,2004-07-22,2004.0,Drama | Mystery | Thriller,Drama,0,0,0,0.0,73.0,Short (<90 min),5.742359,4.9,Low (<5),11,Low (<100),Released
60420,Like Crazy,Like Crazy,en,2011-10-28,2011.0,Drama | Romance,Drama,250000,3542353,3292353,14.169412,90.0,Standard (90-119 min),21.825564,6.4,Medium (5-6.9),381,Medium (100-999),Released
325123,Teeth and Blood,Teeth and Blood,en,2015-03-10,2015.0,Horror,Horror,0,0,0,0.0,96.0,Standard (90-119 min),0.055325,3.0,Low (<5),1,Low (<100),Released
142132,Sugar Town,Sugar Town,en,1999-09-17,1999.0,Comedy,Comedy,0,0,0,0.0,92.0,Standard (90-119 min),0.375423,5.5,Medium (5-6.9),2,Low (<100),Released
20520,The Motel,The Motel,en,2005-01-01,2005.0,Drama | Comedy,Drama,0,0,0,0.0,75.0,Short (<90 min),0.120505,7.0,Good (7-7.9),3,Low (<100),Released
109729,The Canyons,The Canyons,en,2013-07-29,2013.0,Thriller | Drama,Thriller,250000,56825,-193175,0.2273,99.0,Standard (90-119 min),6.978907,4.1,Low (<5),75,Low (<100),Released
78307,On the Outs,On the Outs,en,2004-09-11,2004.0,Drama,Drama,0,0,0,0.0,86.0,Short (<90 min),0.493223,5.9,Medium (5-6.9),6,Low (<100),Released
12247,Shotgun Stories,Shotgun Stories,en,2007-10-01,2007.0,Drama | Thriller,Drama,0,0,0,0.0,92.0,Standard (90-119 min),5.251143,6.9,Medium (5-6.9),57,Low (<100),Released
29917,Exam,Exam,en,2009-06-19,2009.0,Thriller | Mystery,Thriller,0,0,0,0.0,101.0,Standard (90-119 min),20.265518,6.6,Medium (5-6.9),523,Medium (100-999),Released
70687,The Sticky Fingers of Time,The Sticky Fingers of Time,en,1997-06-06,1997.0,Science Fiction | Drama,Science Fiction,250000,0,-250000,0.0,90.0,Standard (90-119 min),0.130169,4.8,Low (<5),3,Low (<100),Released
60463,Sunday School Musical,Sunday School Musical,en,2008-10-21,2008.0,Music,Music,0,0,0,0.0,93.0,Standard (90-119 min),0.46049,5.5,Medium (5-6.9),4,Low (<100),Released
46252,Rust,Rust,en,2010-10-07,2010.0,Drama,Drama,0,0,0,0.0,94.0,Standard (90-119 min),0.399491,0.0,Low (<5),0,Low (<100),Released
24869,Ink,Ink,en,2009-01-23,2009.0,Action | Fantasy,Action,250000,0,-250000,0.0,106.0,Standard (90-119 min),5.217002,6.4,Medium (5-6.9),101,Medium (100-999),Released
77934,The Christmas Bunny,The Christmas Bunny,en,2010-11-28,2010.0,Drama | Family,Drama,250000,0,-250000,0.0,96.0,Standard (90-119 min),0.065103,5.7,Medium (5-6.9),7,Low (<100),Released
34697,Butterfly,Butterfly,en,1982-02-05,1982.0,Crime | Drama,Crime,0,0,0,0.0,107.0,Standard (90-119 min),1.063615,5.0,Medium (5-6.9),12,Low (<100),Released
320435,UnDivided,UnDivided,en,2013-02-01,2013.0,,No Genre,0,0,0,0.0,0.0,Short (<90 min),0.010607,0.0,Low (<5),0,Low (<100),Released
150211,The Frozen,The Frozen,en,2012-10-10,2012.0,Horror | Thriller,Horror,0,0,0,0.0,0.0,Short (<90 min),1.084387,4.2,Low (<5),14,Low (<100),Released
306667,Horse Camp,Horse Camp,en,2015-01-10,2015.0,Family | Drama,Family,0,0,0,0.0,108.0,Standard (90-119 min),0.172299,5.5,Medium (5-6.9),2,Low (<100),Released
274758,Give Me Shelter,Give Me Shelter,en,2014-06-24,2014.0,Documentary,Documentary,0,0,0,0.0,90.0,Standard (90-119 min),0.278981,0.0,Low (<5),0,Low (<100),Released
3060,The Big Parade,The Big Parade,en,1925-11-05,1925.0,Drama | Romance | War,Drama,245000,22000000,21755000,89.79591836734694,151.0,Very Long (150+ min),0.785744,7.0,Good (7-7.9),21,Low (<100),Released
40963,Little Big Top,Little Big Top,en,2006-01-01,2006.0,Comedy,Comedy,0,0,0,0.0,0.0,Short (<90 min),0.0921,10.0,Excellent (8+),1,Low (<100),Rumored
173224,Along the Roadside,Along the Roadside,en,2013-02-28,2013.0,Romance | Comedy | Music,Romance,250,0,-250,0.0,118.0,Standard (90-119 min),0.166655,7.7,Good (7-7.9),3,Low (<100),Released
18533,Bronson,Bronson,en,2008-10-09,2008.0,Drama | Action | Crime,Drama,230000,2260712,2030712,9.829182608695652,92.0,Standard (90-119 min),18.450613,6.9,Medium (5-6.9),733,Medium (100-999),Released
376010,Western Religion,Western Religion,en,2015-10-09,2015.0,Western,Western,0,0,0,0.0,106.0,Standard (90-119 min),0.58954,0.0,Low (<5),0,Low (<100),Released
139948,Burn,Burn,en,2012-11-01,2012.0,Foreign | Documentary,Foreign,225000,111300,-113700,0.49466666666666664,86.0,Short (<90 min),0.126676,6.9,Medium (5-6.9),6,Low (<100),Released
77332,Urbania,Urbania,en,2000-01-24,2000.0,Romance | Drama,Romance,0,0,0,0.0,103.0,Standard (90-119 min),0.065155,5.2,Medium (5-6.9),10,Low (<100),Released
70478,The Stewardesses,The Stewardesses,en,1969-07-25,1969.0,Comedy,Comedy,100000,27000000,26900000,270.0,69.0,Short (<90 min),1.183892,4.3,Low (<5),5,Low (<100),Released
35073,"The Beast from 20,000 Fathoms","The Beast from 20,000 Fathoms",en,1953-06-13,1953.0,Adventure | Horror | Science Fiction,Adventure,210000,5000000,4790000,23.80952380952381,80.0,Short (<90 min),2.043661,6.7,Medium (5-6.9),41,Low (<100),Released
9659,Mad Max,Mad Max,en,1979-04-12,1979.0,Adventure | Action | Thriller | Science Fiction,Adventure,400000,100000000,99600000,250.0,93.0,Standard (90-119 min),33.142185,6.6,Medium (5-6.9),1213,High (1K-4.9K),Released
10218,Swingers,Swingers,en,1996-10-18,1996.0,Comedy | Romance,Comedy,200000,4505922,4305922,22.52961,94.0,Standard (90-119 min),13.971674,6.8,Medium (5-6.9),253,Medium (100-999),Released
391,A Fistful of Dollars,Per un pugno di dollari,it,1964-09-12,1964.0,Western,Western,200000,14500000,14300000,72.5,99.0,Standard (90-119 min),38.771062,7.6,Good (7-7.9),883,Medium (100-999),Released
43595,She Done Him Wrong,She Done Him Wrong,en,1933-02-09,1933.0,Comedy,Comedy,200000,2200000,2000000,11.0,66.0,Short (<90 min),0.622752,5.1,Medium (5-6.9),27,Low (<100),Released
194588,Short Cut to Nirvana: Kumbh Mela,Short Cut to Nirvana: Kumbh Mela,en,2004-05-11,2004.0,,No Genre,0,0,0,0.0,85.0,Short (<90 min),0.004998,0.0,Low (<5),0,Low (<100),Released
54897,The Grace Card,The Grace Card,en,2011-02-25,2011.0,Drama,Drama,200000,2295733,2095733,11.478665,101.0,Standard (90-119 min),0.616283,6.5,Medium (5-6.9),10,Low (<100),Released
83588,Middle of Nowhere,Middle of Nowhere,en,2012-10-12,2012.0,Drama,Drama,0,0,0,0.0,101.0,Standard (90-119 min),2.836537,6.6,Medium (5-6.9),7,Low (<100),Released
53256,Three,Drei,de,2010-12-23,2010.0,Romance | Drama | Comedy,Romance,0,2611555,2611555,0.0,119.0,Standard (90-119 min),5.937602,6.3,Medium (5-6.9),31,Low (<100),Released
40920,The Business of Fancydancing,The Business of Fancydancing,en,2002-01-14,2002.0,Music | Drama,Music,200000,0,-200000,0.0,103.0,Standard (90-119 min),0.06104,8.0,Excellent (8+),2,Low (<100),Released
287815,Call + Response,Call + Response,en,2008-10-10,2008.0,Documentary,Documentary,0,0,0,0.0,86.0,Short (<90 min),0.062089,8.0,Excellent (8+),1,Low (<100),Released
54702,Malevolence,Malevolence,en,2004-09-10,2004.0,Crime | Horror | Thriller,Crime,450000,0,-450000,0.0,90.0,Standard (90-119 min),1.077321,4.9,Low (<5),14,Low (<100),Released
176074,Reality Show,Reality Show,en,2015-01-01,2015.0,,No Genre,0,0,0,0.0,92.0,Standard (90-119 min),0.472123,5.5,Medium (5-6.9),2,Low (<100),Released
69270,Super Hybrid,Super Hybrid,en,2010-01-01,2010.0,Horror,Horror,13000000,0,-13000000,0.0,95.0,Standard (90-119 min),4.009379,4.6,Low (<5),24,Low (<100),Released
5759,Baghead,Baghead,en,2008-01-21,2008.0,Drama | Comedy | Horror,Drama,0,0,0,0.0,84.0,Short (<90 min),3.299345,5.8,Medium (5-6.9),23,Low (<100),Released
402515,American Beast,Solitude,pt,2014-10-21,2014.0,Horror,Horror,0,0,0,0.0,89.0,Short (<90 min),0.018716,0.0,Low (<5),0,Low (<100),Released
126141,The Case of the Grinning Cat,Chats perchés,en,2004-12-05,2004.0,Documentary,Documentary,0,0,0,0.0,59.0,Short (<90 min),0.092562,7.7,Good (7-7.9),3,Low (<100),Released
48035,Ordet,Ordet,da,1955-01-09,1955.0,Drama,Drama,0,0,0,0.0,126.0,Long (120-149 min),3.225189,7.8,Good (7-7.9),65,Low (<100),Released
14758,Good Dick,Good Dick,en,2008-10-03,2008.0,Comedy | Drama | Romance,Comedy,0,0,0,0.0,86.0,Short (<90 min),1.948435,6.1,Medium (5-6.9),34,Low (<100),Released
13363,The Man from Earth,The Man from Earth,en,2007-06-10,2007.0,Science Fiction | Drama,Science Fiction,0,0,0,0.0,87.0,Short (<90 min),31.339015,7.7,Good (7-7.9),687,Medium (100-999),Released
37985,The Trials Of Darryl Hunt,The Trials Of Darryl Hunt,en,2007-06-15,2007.0,Documentary,Documentary,0,0,0,0.0,106.0,Standard (90-119 min),0.15066,6.8,Medium (5-6.9),4,Low (<100),Released
25786,Samantha: An American Girl Holiday,Samantha: An American Girl Holiday,en,2004-11-23,2004.0,Drama | Family,Drama,0,0,0,0.0,86.0,Short (<90 min),4.980585,4.6,Low (<5),9,Low (<100),Released
36549,Yesterday Was a Lie,Yesterday Was a Lie,en,2008-01-01,2008.0,Drama | Mystery | Science Fiction | Thriller,Drama,0,0,0,0.0,89.0,Short (<90 min),0.145014,6.0,Medium (5-6.9),4,Low (<100),Released
361398,Theresa Is a Mother,Theresa Is a Mother,en,2015-09-25,2015.0,Music | Comedy | Drama,Music,0,0,0,0.0,105.0,Standard (90-119 min),0.036532,0.0,Low (<5),0,Low (<100),Released
289180,H.,H.,en,2014-08-28,2014.0,Thriller | Drama | Science Fiction,Thriller,0,0,0,0.0,93.0,Standard (90-119 min),1.045623,6.5,Medium (5-6.9),4,Low (<100),Released
288927,Archaeology of a Woman,Archaeology of a Woman,en,2014-09-12,2014.0,Drama,Drama,0,0,0,0.0,94.0,Standard (90-119 min),0.254659,0.0,Low (<5),0,Low (<100),Released
21334,Children of Heaven,بچه‌های آسمان,fa,1997-08-01,1997.0,Drama | Comedy | Family,Drama,180000,900000,720000,5.0,89.0,Short (<90 min),7.072118,7.8,Good (7-7.9),112,Medium (100-999),Released
79120,Weekend,Weekend,en,2011-09-22,2011.0,Drama | Romance,Drama,8000,469947,461947,58.743375,96.0,Standard (90-119 min),1.041254,7.4,Good (7-7.9),163,Medium (100-999),Released
27995,She's Gotta Have It,She's Gotta Have It,en,1986-08-08,1986.0,Comedy | Romance,Comedy,0,0,0,0.0,84.0,Short (<90 min),6.722213,6.1,Medium (5-6.9),25,Low (<100),Released
253290,Butterfly Girl,Butterfly Girl,en,2014-03-10,2014.0,Documentary,Documentary,0,0,0,0.0,77.0,Short (<90 min),0.015189,0.0,Low (<5),0,Low (<100),Released
344466,The World Is Mine,Lumea e a mea,ro,2015-06-05,2015.0,Drama,Drama,0,0,0,0.0,104.0,Standard (90-119 min),0.327622,0.0,Low (<5),0,Low (<100),Released
55420,Another Earth,Another Earth,en,2011-07-22,2011.0,Drama | Science Fiction,Drama,100000,1776935,1676935,17.76935,92.0,Standard (90-119 min),25.402697,6.8,Medium (5-6.9),527,Medium (100-999),Released
5822,Sweet Sweetback's Baadasssss Song,Sweet Sweetback's Baadasssss Song,en,1971-04-23,1971.0,Action | Drama | Romance,Action,150000,15200000,15050000,101.33333333333333,97.0,Standard (90-119 min),0.132878,4.6,Low (<5),18,Low (<100),Released
408429,Perfect Cowboy,Perfect Cowboy,en,2014-07-13,2014.0,Drama,Drama,200,0,-200,0.0,109.0,Standard (90-119 min),0.050978,5.0,Medium (5-6.9),1,Low (<100),Released
39141,Tadpole,Tadpole,en,2002-11-01,2002.0,Comedy | Drama | Romance,Comedy,150000,2891288,2741288,19.275253333333332,78.0,Short (<90 min),8.570328,5.5,Medium (5-6.9),19,Low (<100),Released
5723,Once,Once,en,2007-03-23,2007.0,Drama | Music | Romance,Drama,160000,20710513,20550513,129.44070625,85.0,Short (<90 min),19.052179,7.3,Good (7-7.9),453,Medium (100-999),Released
28666,The Woman Chaser,The Woman Chaser,en,1999-10-08,1999.0,Drama,Drama,0,0,0,0.0,90.0,Standard (90-119 min),0.619979,4.9,Low (<5),4,Low (<100),Released
30979,The Horse Boy,The Horse Boy,en,2009-11-25,2009.0,Documentary,Documentary,0,0,0,0.0,93.0,Standard (90-119 min),0.465404,5.5,Medium (5-6.9),2,Low (<100),Released
50497,When the Lights Went Out,When the Lights Went Out,en,2012-01-31,2012.0,Thriller | Drama | Horror,Thriller,0,0,0,0.0,86.0,Short (<90 min),2.805351,5.8,Medium (5-6.9),49,Low (<100),Released
354624,Heroes of Dirt,Heroes of Dirt,en,2015-09-04,2015.0,Action | Drama,Action,0,0,0,0.0,98.0,Standard (90-119 min),0.076647,0.0,Low (<5),0,Low (<100),Released
13187,A Charlie Brown Christmas,A Charlie Brown Christmas,en,1965-12-09,1965.0,Animation | Family | Comedy | TV Movie,Animation,0,0,0,0.0,25.0,Short (<90 min),8.701183,7.5,Good (7-7.9),153,Medium (100-999),Released
335244,Antarctic Edge: 70° South,Antarctic Edge: 70° South,en,2015-04-17,2015.0,Documentary,Documentary,0,0,0,0.0,72.0,Short (<90 min),0.021392,0.0,Low (<5),0,Low (<100),Released
178862,Aroused,Aroused,en,2013-02-20,2013.0,Documentary,Documentary,0,0,0,0.0,73.0,Short (<90 min),2.557258,7.2,Good (7-7.9),11,Low (<100),Released
331745,Top Spin,Top Spin,en,2014-11-15,2014.0,Documentary,Documentary,0,0,0,0.0,80.0,Short (<90 min),0.523122,6.8,Medium (5-6.9),6,Low (<100),Released
1779,Roger & Me,Roger & Me,en,1989-09-01,1989.0,Documentary | History,Documentary,160000,6706368,6546368,41.9148,91.0,Standard (90-119 min),3.284903,7.4,Good (7-7.9),90,Low (<100),Released
282128,An American in Hollywood,An American in Hollywood,en,2014-07-18,2014.0,,No Genre,0,0,0,0.0,89.0,Short (<90 min),0.015697,0.0,Low (<5),0,Low (<100),Released
86812,Sound of My Voice,Sound of My Voice,en,2011-01-22,2011.0,Science Fiction | Drama | Mystery,Science Fiction,0,0,0,0.0,85.0,Short (<90 min),6.192383,6.3,Medium (5-6.9),108,Medium (100-999),Released
38786,The Blood of My Brother: A Story of Death in Iraq,The Blood of My Brother: A Story of Death in Iraq,en,2005-11-25,2005.0,,No Genre,0,0,0,0.0,90.0,Standard (90-119 min),0.005256,0.0,Low (<5),0,Low (<100),Released
84355,Your Sister's Sister,Your Sister's Sister,en,2011-09-11,2011.0,Drama | Comedy,Drama,125000,3200000,3075000,25.6,90.0,Standard (90-119 min),12.833247,6.5,Medium (5-6.9),137,Medium (100-999),Released
18632,A Dog's Breakfast,A Dog's Breakfast,en,2007-03-03,2007.0,Comedy,Comedy,120000,0,-120000,0.0,88.0,Short (<90 min),2.213889,5.9,Medium (5-6.9),24,Low (<100),Released
40652,The Married Woman,Une femme mariée: Suite de fragments d'un film tourné en 1964,fr,1964-12-04,1964.0,Drama | Romance,Drama,120000,0,-120000,0.0,95.0,Standard (90-119 min),1.112792,7.1,Good (7-7.9),20,Low (<100),Released
339408,The Birth of a Nation,The Birth of a Nation,en,2016-09-09,2016.0,Drama,Drama,8500000,15861566,7361566,1.866066588235294,120.0,Long (120-149 min),9.452808,6.5,Medium (5-6.9),178,Medium (100-999),Released
266857,The Work and The Story,The Work and The Story,en,2003-01-01,2003.0,Comedy,Comedy,0,0,0,0.0,70.0,Short (<90 min),0.002388,0.0,Low (<5),0,Low (<100),Released
18925,Facing the Giants,Facing the Giants,en,2006-09-29,2006.0,Drama,Drama,100000,10178331,10078331,101.78331,111.0,Standard (90-119 min),4.563698,6.6,Medium (5-6.9),64,Low (<100),Released
299245,The Gallows,The Gallows,en,2015-07-10,2015.0,Horror | Thriller,Horror,100000,42664410,42564410,426.6441,87.0,Short (<90 min),18.045782,4.9,Low (<5),361,Medium (100-999),Released
985,Eraserhead,Eraserhead,en,1977-03-19,1977.0,Drama | Fantasy | Horror | Science Fiction,Drama,10000,7000000,6990000,700.0,89.0,Short (<90 min),20.399578,7.5,Good (7-7.9),485,Medium (100-999),Released
34101,Hollywood Shuffle,Hollywood Shuffle,en,1987-03-20,1987.0,Comedy,Comedy,0,0,0,0.0,78.0,Short (<90 min),2.353483,5.7,Medium (5-6.9),19,Low (<100),Released
9821,The Mighty,The Mighty,en,1998-10-23,1998.0,Comedy | Drama,Comedy,0,0,0,0.0,100.0,Standard (90-119 min),5.497682,7.1,Good (7-7.9),51,Low (<100),Released
65448,Penitentiary,Penitentiary,en,1979-12-01,1979.0,Action | Drama,Action,0,0,0,0.0,99.0,Standard (90-119 min),0.001117,4.9,Low (<5),8,Low (<100),Released
18841,The Lost Skeleton of Cadavra,The Lost Skeleton of Cadavra,en,2001-09-12,2001.0,Comedy | Horror | Science Fiction,Comedy,0,0,0,0.0,90.0,Standard (90-119 min),1.680525,6.5,Medium (5-6.9),30,Low (<100),Released
272726,Dude Where's My Dog?,Dude Where's My Dog?,en,2014-06-12,2014.0,Family,Family,0,0,0,0.0,0.0,Short (<90 min),0.28397,0.0,Low (<5),0,Low (<100),Released
175291,Cheap Thrills,Cheap Thrills,en,2013-03-08,2013.0,Drama | Comedy | Crime,Drama,0,0,0,0.0,85.0,Short (<90 min),10.826253,6.3,Medium (5-6.9),155,Medium (100-999),Released
80215,Indie Game: The Movie,Indie Game: The Movie,en,2012-05-18,2012.0,Documentary,Documentary,0,0,0,0.0,96.0,Standard (90-119 min),7.676677,7.4,Good (7-7.9),203,Medium (100-999),Released
13538,Straightheads,Straightheads,en,2007-04-27,2007.0,Thriller,Thriller,0,0,0,0.0,88.0,Short (<90 min),8.302951,5.2,Medium (5-6.9),40,Low (<100),Released
51130,Open Secret,Open Secret,en,1948-02-14,1948.0,Crime | Mystery | Thriller,Crime,0,0,0,0.0,68.0,Short (<90 min),0.186401,7.0,Good (7-7.9),2,Low (<100),Released
270554,Echo Dr.,Echo Dr.,en,2013-11-08,2013.0,Thriller | Action | Drama | Science Fiction,Thriller,0,0,0,0.0,85.0,Short (<90 min),0.053755,5.0,Medium (5-6.9),1,Low (<100),Released
72086,The Night Visitor,The Night Visitor,en,1971-01-01,1971.0,Crime | Horror,Crime,0,0,0,0.0,106.0,Standard (90-119 min),0.074005,7.3,Good (7-7.9),6,Low (<100),Released
268917,The Past Is a Grotesque Animal,The Past Is a Grotesque Animal,en,2014-06-15,2014.0,Documentary | Music,Documentary,100,0,-100,0.0,77.0,Short (<90 min),0.394575,5.5,Medium (5-6.9),2,Low (<100),Released
64973,"Peace, Propaganda & the Promised Land","Peace, Propaganda & the Promised Land",en,2005-01-28,2005.0,Documentary,Documentary,0,0,0,0.0,80.0,Short (<90 min),0.020168,6.4,Medium (5-6.9),4,Low (<100),Released
473,Pi,Pi,en,1998-07-10,1998.0,Mystery | Drama | Thriller,Mystery,60000,3221152,3161152,53.68586666666667,84.0,Short (<90 min),27.788067,7.1,Good (7-7.9),586,Medium (100-999),Released
90414,"I Love You, Don't Touch Me!","I Love You, Don't Touch Me!",fr,1997-01-21,1997.0,Comedy | Romance,Comedy,0,0,0,0.0,86.0,Short (<90 min),0.020839,6.0,Medium (5-6.9),1,Low (<100),Released
111794,20 Dates,20 Dates,en,1998-01-01,1998.0,Romance | Comedy,Romance,0,0,0,0.0,87.0,Short (<90 min),0.408073,3.7,Low (<5),3,Low (<100),Released
360188,Queen Crab,Queen Crab,en,2015-09-29,2015.0,Science Fiction,Science Fiction,75000,0,-75000,0.0,90.0,Standard (90-119 min),0.140989,3.3,Low (<5),3,Low (<100),Released
9372,Super Size Me,Super Size Me,en,2004-01-17,2004.0,Documentary | Comedy | Drama,Documentary,65000,28575078,28510078,439.6165846153846,100.0,Standard (90-119 min),10.400603,6.6,Medium (5-6.9),506,Medium (100-999),Released
85860,The FP,The FP,en,2011-03-13,2011.0,Comedy,Comedy,0,0,0,0.0,82.0,Short (<90 min),0.838957,4.5,Low (<5),11,Low (<100),Released
244534,Happy Christmas,Happy Christmas,en,2014-06-26,2014.0,Comedy | Drama,Comedy,0,0,0,0.0,82.0,Short (<90 min),7.052422,5.2,Medium (5-6.9),58,Low (<100),Released
33468,The Brain That Wouldn't Die,The Brain That Wouldn't Die,en,1962-02-25,1962.0,Horror | Science Fiction,Horror,62000,0,-62000,0.0,82.0,Short (<90 min),2.407048,4.4,Low (<5),32,Low (<100),Released
294086,Tiger Orange,Tiger Orange,en,2014-07-26,2014.0,Drama,Drama,0,0,0,0.0,75.0,Short (<90 min),0.176377,6.4,Medium (5-6.9),4,Low (<100),Released
139998,Supporting Characters,Supporting Characters,en,2012-01-23,2012.0,Drama | Comedy,Drama,0,0,0,0.0,87.0,Short (<90 min),0.620554,6.7,Medium (5-6.9),10,Low (<100),Released
74777,Absentia,Absentia,en,2011-03-03,2011.0,Mystery | Horror | Thriller,Mystery,70000,0,-70000,0.0,92.0,Standard (90-119 min),6.328665,5.8,Medium (5-6.9),121,Medium (100-999),Released
16388,The Brothers McMullen,The Brothers McMullen,en,1995-08-09,1995.0,Comedy | Drama | Romance,Comedy,0,0,0,0.0,98.0,Standard (90-119 min),1.578903,6.3,Medium (5-6.9),23,Low (<100),Released
159770,The Dirties,The Dirties,en,2013-10-04,2013.0,Drama,Drama,0,0,0,0.0,83.0,Short (<90 min),0.833937,6.0,Medium (5-6.9),42,Low (<100),Released
42109,Gabriela,"Gabriela, Cravo e Canela",pt,1983-03-24,1983.0,Drama | Romance,Drama,0,0,0,0.0,99.0,Standard (90-119 min),0.557602,6.0,Medium (5-6.9),2,Low (<100),Released
47607,Tiny Furniture,Tiny Furniture,en,2010-11-12,2010.0,Romance | Comedy | Drama,Romance,65000,416498,351498,6.4076615384615385,99.0,Standard (90-119 min),2.380332,5.6,Medium (5-6.9),59,Low (<100),Released
193603,Hayride,Hayride,en,2012-10-13,2012.0,Thriller | Horror,Thriller,60000,0,-60000,0.0,93.0,Standard (90-119 min),0.412342,5.1,Medium (5-6.9),6,Low (<100),Released
84659,The Naked Ape,The Naked Ape,en,2006-09-16,2006.0,Drama | Comedy | Family,Drama,0,0,0,0.0,110.0,Standard (90-119 min),0.077577,5.0,Medium (5-6.9),1,Low (<100),Rumored
322745,Counting,Counting,en,2015-02-09,2015.0,Documentary,Documentary,50000,0,-50000,0.0,111.0,Standard (90-119 min),0.293587,8.3,Excellent (8+),3,Low (<100),Released
20981,The Call of Cthulhu,The Call of Cthulhu,en,2005-01-01,2005.0,Horror | Thriller | Fantasy,Horror,50000,0,-50000,0.0,47.0,Short (<90 min),1.777148,6.9,Medium (5-6.9),41,Low (<100),Released
174362,Bending Steel,Bending Steel,en,2013-04-20,2013.0,Documentary,Documentary,0,0,0,0.0,93.0,Standard (90-119 min),0.048726,5.0,Medium (5-6.9),1,Low (<100),Released
242095,The Signal,The Signal,en,2014-03-15,2014.0,Thriller | Science Fiction,Thriller,4000000,600896,-3399104,0.150224,95.0,Standard (90-119 min),27.662696,5.8,Medium (5-6.9),631,Medium (100-999),Released
250902,The Image Revolution,The Image Revolution,en,2013-11-21,2013.0,Documentary,Documentary,50000,0,-50000,0.0,81.0,Short (<90 min),0.54562,5.7,Medium (5-6.9),3,Low (<100),Released
158895,This Is Martin Bonner,This Is Martin Bonner,en,2013-06-28,2013.0,Drama,Drama,0,0,0,0.0,83.0,Short (<90 min),0.76368,6.6,Medium (5-6.9),4,Low (<100),Released
222250,A True Story,A True Story,en,2013-09-20,2013.0,Comedy,Comedy,0,0,0,0.0,96.0,Standard (90-119 min),0.970351,6.8,Medium (5-6.9),2,Low (<100),Released
18292,George Washington,George Washington,en,2000-10-01,2000.0,Drama,Drama,0,0,0,0.0,89.0,Short (<90 min),2.058834,6.4,Medium (5-6.9),36,Low (<100),Released
125537,Smiling Fish & Goat On Fire,Smiling Fish & Goat On Fire,en,1999-09-16,1999.0,Comedy | Romance,Comedy,0,0,0,0.0,90.0,Standard (90-119 min),0.00734,7.0,Good (7-7.9),1,Low (<100),Released
326576,Dawn of the Crescent Moon,Dawn of the Crescent Moon,en,2014-04-05,2014.0,Thriller | Drama | Science Fiction,Thriller,0,0,0,0.0,95.0,Standard (90-119 min),0.049469,2.0,Low (<5),1,Low (<100),Released
228550,Raymond Did It,Raymond Did It,en,2011-03-27,2011.0,Horror,Horror,0,0,0,0.0,83.0,Short (<90 min),0.160779,3.2,Low (<5),8,Low (<100),Released
13963,The Last Waltz,The Last Waltz,en,1978-05-01,1978.0,Documentary | Music,Documentary,0,321952,321952,0.0,117.0,Standard (90-119 min),3.277287,7.9,Good (7-7.9),64,Low (<100),Released
290391,"Run, Hide, Die","Run, Hide, Die",en,2015-09-01,2015.0,Thriller | Horror,Thriller,50000,0,-50000,0.0,75.0,Short (<90 min),0.595809,3.5,Low (<5),2,Low (<100),Released
44770,The Exploding Girl,The Exploding Girl,en,2009-04-22,2009.0,Drama | Romance,Drama,0,0,0,0.0,80.0,Short (<90 min),0.611081,6.4,Medium (5-6.9),15,Low (<100),Released
69382,The Legend of God's Gun,The Legend of God's Gun,en,2007-07-08,2007.0,Action | Western,Action,0,0,0,0.0,78.0,Short (<90 min),0.003582,0.0,Low (<5),0,Low (<100),Released
40769,Mutual Appreciation,Mutual Appreciation,en,2005-03-01,2005.0,Drama | Comedy,Drama,500000,0,-500000,0.0,109.0,Standard (90-119 min),0.123068,6.1,Medium (5-6.9),8,Low (<100),Released
220490,Her Cry: La Llorona Investigation,Her Cry: La Llorona Investigation,en,2013-04-19,2013.0,Horror,Horror,0,0,0,0.0,89.0,Short (<90 min),0.056459,0.0,Low (<5),0,Low (<100),Released
42151,Down Terrace,Down Terrace,en,2009-09-01,2009.0,Drama | Action | Comedy,Drama,31192,10000,-21192,0.32059502436522186,89.0,Short (<90 min),1.330379,6.3,Medium (5-6.9),26,Low (<100),Released
2292,Clerks,Clerks,en,1994-09-13,1994.0,Comedy,Comedy,27000,3151130,3124130,116.70851851851852,92.0,Standard (90-119 min),19.748658,7.4,Good (7-7.9),755,Medium (100-999),Released
42497,Pink Narcissus,Pink Narcissus,en,1971-01-01,1971.0,Drama | Romance,Drama,27000,0,-27000,0.0,64.0,Short (<90 min),0.027811,6.0,Medium (5-6.9),9,Low (<100),Released
33693,Funny Ha Ha,Funny Ha Ha,en,2002-09-20,2002.0,Drama | Comedy,Drama,0,76901,76901,0.0,85.0,Short (<90 min),0.362633,6.3,Medium (5-6.9),8,Low (<100),Released
14585,In the Company of Men,In the Company of Men,en,1997-01-19,1997.0,Comedy | Drama,Comedy,0,0,0,0.0,97.0,Standard (90-119 min),2.634007,6.8,Medium (5-6.9),44,Low (<100),Released
185465,Manito,Manito,en,2002-01-15,2002.0,Drama,Drama,0,0,0,0.0,78.0,Short (<90 min),0.039264,5.5,Medium (5-6.9),2,Low (<100),Released
38780,Rampage,Rampage,en,2009-08-14,2009.0,Action | Drama | Crime | Thriller,Action,0,0,0,0.0,85.0,Short (<90 min),7.101197,6.0,Medium (5-6.9),131,Medium (100-999),Released
14022,Slacker,Slacker,en,1990-07-27,1990.0,Comedy,Comedy,0,0,0,0.0,97.0,Standard (90-119 min),3.320622,6.4,Medium (5-6.9),77,Low (<100),Released
366967,Dutch Kills,Dutch Kills,en,2015-10-02,2015.0,Thriller | Crime | Drama,Thriller,0,0,0,0.0,90.0,Standard (90-119 min),0.038143,0.0,Low (<5),0,Low (<100),Released
255266,Dry Spell,Dry Spell,en,2013-02-14,2013.0,Comedy | Romance,Comedy,22000,0,-22000,0.0,90.0,Standard (90-119 min),0.048948,6.0,Medium (5-6.9),1,Low (<100),Released
17345,Flywheel,Flywheel,en,2003-01-01,2003.0,Drama | Family,Drama,0,0,0,0.0,120.0,Long (120-149 min),1.048524,6.8,Medium (5-6.9),19,Low (<100),Released
226458,Backmask,Backmask,en,2015-01-16,2015.0,Thriller | Horror,Thriller,0,0,0,0.0,91.0,Standard (90-119 min),3.619167,4.7,Low (<5),79,Low (<100),Released
24055,The Puffy Chair,The Puffy Chair,en,2005-01-17,2005.0,Drama | Comedy | Romance,Drama,0,0,0,0.0,85.0,Short (<90 min),1.243955,6.2,Medium (5-6.9),15,Low (<100),Released
287625,Stories of Our Lives,Stories of Our Lives,en,2014-09-05,2014.0,Drama,Drama,0,0,0,0.0,60.0,Short (<90 min),0.327794,0.0,Low (<5),0,Low (<100),Released
44990,Breaking Upwards,Breaking Upwards,en,2009-03-14,2009.0,Comedy | Romance,Comedy,0,0,0,0.0,88.0,Short (<90 min),0.67457,5.6,Medium (5-6.9),12,Low (<100),Released
86304,All Superheroes Must Die,All Superheroes Must Die,en,2011-10-26,2011.0,Science Fiction | Thriller,Science Fiction,0,0,0,0.0,78.0,Short (<90 min),3.545991,4.2,Low (<5),13,Low (<100),Released
692,Pink Flamingos,Pink Flamingos,en,1972-03-12,1972.0,Horror | Comedy | Crime,Horror,12000,6000000,5988000,500.0,93.0,Standard (90-119 min),4.553644,6.2,Medium (5-6.9),110,Medium (100-999),Released
39851,Clean,Clean,en,2004-09-01,2004.0,Drama,Drama,0,0,0,0.0,111.0,Standard (90-119 min),1.464566,6.7,Medium (5-6.9),17,Low (<100),Released
13898,The Circle,دایره,fa,2000-09-08,2000.0,Drama | Foreign,Drama,0,0,0,0.0,90.0,Standard (90-119 min),1.193779,6.6,Medium (5-6.9),17,Low (<100),Released
157185,Tin Can Man,Tin Can Man,en,2007-01-01,2007.0,Horror,Horror,13,0,-13,0.0,84.0,Short (<90 min),0.332679,2.0,Low (<5),1,Low (<100),Released
36095,Cure,キュア,ja,1997-11-06,1997.0,Crime | Horror | Mystery | Thriller,Crime,20000,99000,79000,4.95,111.0,Standard (90-119 min),0.212443,7.4,Good (7-7.9),63,Low (<100),Released
182291,On The Downlow,On The Downlow,en,2004-04-11,2004.0,Drama,Drama,0,0,0,0.0,90.0,Standard (90-119 min),0.029757,6.0,Medium (5-6.9),2,Low (<100),Released
286939,Sanctuary: Quite a Conundrum,Sanctuary: Quite a Conundrum,en,2012-01-20,2012.0,Thriller | Horror | Comedy,Thriller,0,0,0,0.0,82.0,Short (<90 min),0.166513,0.0,Low (<5),0,Low (<100),Released
124606,Bang,Bang,en,1995-09-09,1995.0,Drama,Drama,0,0,0,0.0,98.0,Standard (90-119 min),0.918116,6.0,Medium (5-6.9),1,Low (<100),Released
14337,Primer,Primer,en,2004-10-08,2004.0,Science Fiction | Drama | Thriller,Science Fiction,7000,424760,417760,60.68,77.0,Short (<90 min),23.307949,6.9,Medium (5-6.9),658,Medium (100-999),Released
67238,Cavite,Cavite,en,2005-03-12,2005.0,Foreign | Thriller,Foreign,0,0,0,0.0,80.0,Short (<90 min),0.022173,7.5,Good (7-7.9),2,Low (<100),Released
9367,El Mariachi,El Mariachi,es,1992-09-04,1992.0,Action | Crime | Thriller,Action,220000,2040920,1820920,9.276909090909092,81.0,Short (<90 min),14.269792,6.6,Medium (5-6.9),238,Medium (100-999),Released
72766,Newlyweds,Newlyweds,en,2011-12-26,2011.0,Comedy | Romance,Comedy,9000,0,-9000,0.0,85.0,Short (<90 min),0.642552,5.9,Medium (5-6.9),5,Low (<100),Released
231617,"Signed, Sealed, Delivered","Signed, Sealed, Delivered",en,2013-10-13,2013.0,Comedy | Drama | Romance | TV Movie,Comedy,0,0,0,0.0,120.0,Long (120-149 min),1.444476,7.0,Good (7-7.9),6,Low (<100),Released
126186,Shanghai Calling,Shanghai Calling,en,2012-05-03,2012.0,,No Genre,0,0,0,0.0,98.0,Standard (90-119 min),0.857008,5.7,Medium (5-6.9),7,Low (<100),Released
25975,My Date with Drew,My Date with Drew,en,2005-08-05,2005.0,Documentary,Documentary,0,0,0,0.0,90.0,Standard (90-119 min),1.929883,6.3,Medium (5-6.9),16,Low (<100),Released
