CustomerID,Name,Age,Email,Phone,PurchaseAmount,PurchaseDate,ProductCategory,Rating,Gender
CUST1000,Ali Hassan,72.0,ali.hassan@gmail.com,123456789.0,837.31,2023-10-12,Books,3.0,No Especificado
CUST1001,Fatma Ali,54.455621301775146,fatma.ali@hotmail.com,,900.25,2023-02-23,No Especificado,3.0,Female
CUST1002,Ahmed Mahmoud,54.455621301775146,ahmed.mahmoud@hotmail.com,,761.72,2023-07-07,Toys,2.0,Male
CUST1003,Ahmed Gaber,54.455621301775146,ahmed.gaber@gmail.com,,303.72,2023-12-30,No Especificado,2.0,Female
CUST1004,Ali Ibrahim,73.0,ali.ibrahim@yahoo.com,987654321.0,635.81,2023-12-07,Clothing,2.0,Male
CUST1005,Alaa Ibrahim,54.455621301775146,alaa.ibrahim@hotmail.com,987654321.0,886.26,2025-01-16,No Especificado,2.0,Female
CUST1006,Mark Ali,54.455621301775146,mark.ali@hotmail.com,,92.53,2024-06-12,Books,2.0,Male
CUST1007,Alaa Hassan,54.455621301775146,alaa.hassan@hotmail.com,987654321.0,318.43,2024-05-17,Toys,3.045305318450427,Female
CUST1008,John Hassan,89.0,john.hassan@yahoo.com,,883.52,,Home,4.0,Male
CUST1009,Fatma Gaber,54.455621301775146,fatma.gaber@hotmail.com,,966.47,2025-01-24,Electronics,2.0,Female
CUST1010,Ahmed Smith,54.455621301775146,ahmed.smith@gmail.com,987654321.0,882.19,2025-06-24,No Especificado,3.0,Male
CUST1011,Sara Smith,54.455621301775146,sara.smith@yahoo.com,,405.79,2024-08-05,No Especificado,3.045305318450427,Male
CUST1012,Lina Ibrahim,54.455621301775146,lina.ibrahim@hotmail.com,,142.6,2023-05-23,Home,2.0,No Especificado
CUST1013,Lina Gaber,54.455621301775146,lina.gaber@gmail.com,,,2024-02-04,Electronics,2.0,Male
CUST1014,Alaa Ali,54.455621301775146,alaa.ali@gmail.com,,891.8,2023-05-21,Clothing,3.045305318450427,Male
CUST1015,Ali Ibrahim,18.0,ali.ibrahim@hotmail.com,123456789.0,337.49,2024-06-25,Home,1.0,Female
CUST1016,Fatma Hassan,54.455621301775146,fatma.hassan@gmail.com,987654321.0,272.08,2024-01-09,Toys,2.0,Female
CUST1017,John Mahmoud,54.455621301775146,john.mahmoud@gmail.com,,833.56,2025-02-19,No Especificado,3.045305318450427,Male
CUST1018,Alaa Ali,15.0,alaa.ali@hotmail.com,123456789.0,923.5,2024-01-04,Toys,1.0,Female
CUST1019,Ahmed Ibrahim,54.455621301775146,ahmed.ibrahim@yahoo.com,123456789.0,497.45,,No Especificado,1.0,Male
CUST1020,Lina Gaber,54.455621301775146,lina.gaber@hotmail.com,,667.69,2023-04-27,Clothing,3.045305318450427,Male
CUST1021,Fatma Ibrahim,54.455621301775146,fatma.ibrahim@yahoo.com,123456789.0,118.22,2024-12-30,Clothing,1.0,Male
CUST1022,Ahmed Mahmoud,54.455621301775146,ahmed.mahmoud@gmail.com,,22.02,2025-02-22,Electronics,1.0,No Especificado
CUST1023,Lina Ibrahim,44.0,lina.ibrahim@yahoo.com,123456789.0,389.24,,Clothing,3.045305318450427,Male
CUST1024,John Hassan,54.455621301775146,john.hassan@hotmail.com,,125.65,2023-02-27,No Especificado,3.045305318450427,Male
CUST1025,Fatma Mahmoud,54.455621301775146,fatma.mahmoud@yahoo.com,987654321.0,334.63,2025-06-18,Electronics,3.0,Female
CUST1026,Sara Mahmoud,54.455621301775146,sara.mahmoud@hotmail.com,123456789.0,801.36,,No Especificado,3.045305318450427,Male
CUST1027,Ahmed Hassan,54.455621301775146,ahmed.hassan@hotmail.com,,478.39,2025-03-22,No Especificado,3.045305318450427,Male
CUST1028,Lina Smith,54.455621301775146,lina.smith@gmail.com,123456789.0,303.65,2023-11-10,Clothing,2.0,Male
CUST1029,John Mahmoud,67.0,john.mahmoud@hotmail.com,,387.63,2024-02-28,Books,4.0,Female
CUST1030,Ali Ali,62.0,ali.ali@gmail.com,987654321.0,,2023-05-16,Toys,2.0,Female
CUST1031,John Hassan,90.0,john.hassan@yahoo.com,,598.93,2024-10-13,Clothing,5.0,Male
CUST1032,Lina Mahmoud,54.455621301775146,lina.mahmoud@hotmail.com,,958.61,2024-03-01,No Especificado,3.045305318450427,Male
CUST1033,Sara Mahmoud,54.455621301775146,sara.mahmoud@gmail.com,123456789.0,378.4,2024-05-30,No Especificado,3.045305318450427,Male
CUST1034,Fatma Mahmoud,54.455621301775146,fatma.mahmoud@hotmail.com,987654321.0,892.09,2023-11-15,No Especificado,4.0,Female
CUST1035,Mark Gaber,54.455621301775146,mark.gaber@yahoo.com,,917.28,2024-11-16,Home,2.0,Male
CUST1036,Sara Ali,70.0,sara.ali@yahoo.com,,542.06,2023-01-12,Electronics,3.045305318450427,Female
CUST1037,Sara Hassan,54.455621301775146,sara.hassan@yahoo.com,,273.27,2025-01-17,Electronics,5.0,Male
CUST1038,Lina Gaber,46.0,lina.gaber@hotmail.com,123456789.0,273.77,2023-01-30,Electronics,3.0,Female
CUST1039,Ahmed Hassan,54.455621301775146,ahmed.hassan@gmail.com,123456789.0,513.99,2024-02-02,No Especificado,5.0,Male
CUST1040,Fatma Gaber,54.455621301775146,fatma.gaber@gmail.com,123456789.0,812.78,2024-11-27,No Especificado,1.0,Female
CUST1041,Alaa Mahmoud,54.455621301775146,alaa.mahmoud@hotmail.com,987654321.0,543.97,2025-03-08,Toys,4.0,Male
CUST1042,Sara Mahmoud,54.455621301775146,sara.mahmoud@gmail.com,123456789.0,70.55,2024-01-03,Home,2.0,Female
CUST1043,John Ibrahim,57.0,john.ibrahim@hotmail.com,,330.84,2024-08-12,No Especificado,3.045305318450427,Female
CUST1044,Sara Gaber,54.455621301775146,sara.gaber@hotmail.com,987654321.0,156.51,2024-02-24,Home,3.0,No Especificado
CUST1045,John Gaber,54.455621301775146,john.gaber@gmail.com,,207.45,2024-12-24,Clothing,5.0,Male
CUST1046,Ahmed Hassan,54.455621301775146,ahmed.hassan@hotmail.com,,713.49,2023-02-27,Books,5.0,No Especificado
CUST1047,Ahmed Ibrahim,54.455621301775146,ahmed.ibrahim@yahoo.com,123456789.0,911.39,2024-11-26,Clothing,2.0,Female
CUST1048,Mark Smith,81.0,mark.smith@yahoo.com,,309.4,2024-02-05,Clothing,3.045305318450427,Female
CUST1049,Fatma Mahmoud,54.455621301775146,fatma.mahmoud@yahoo.com,,500.24,2023-02-13,No Especificado,4.0,Male
CUST1050,Ahmed Ibrahim,54.455621301775146,ahmed.ibrahim@gmail.com,,93.1,2022-11-18,Clothing,5.0,Male
CUST1051,Ali Smith,54.455621301775146,ali.smith@yahoo.com,,968.44,2024-07-01,Home,2.0,Male
CUST1052,Sara Ali,54.455621301775146,sara.ali@gmail.com,,521.87,2024-11-07,No Especificado,2.0,Female
CUST1053,Mark Mahmoud,54.455621301775146,mark.mahmoud@hotmail.com,,678.65,2024-05-30,Home,1.0,Female
CUST1054,Ali Hassan,54.455621301775146,ali.hassan@yahoo.com,,639.4,2023-07-21,Electronics,3.045305318450427,Male
CUST1055,Sara Hassan,54.455621301775146,sara.hassan@yahoo.com,987654321.0,887.67,2024-11-17,Books,1.0,Male
CUST1056,John Mahmoud,54.455621301775146,john.mahmoud@gmail.com,,346.31,2025-01-02,Toys,3.0,Male
CUST1057,Mark Ibrahim,29.0,mark.ibrahim@hotmail.com,,924.82,2024-05-09,Home,3.045305318450427,Female
CUST1058,Alaa Ali,54.455621301775146,alaa.ali@hotmail.com,123456789.0,382.76,2023-09-25,Electronics,3.045305318450427,Male
CUST1059,Ali Mahmoud,54.455621301775146,ali.mahmoud@yahoo.com,,847.9,2025-01-28,Electronics,5.0,Female
CUST1060,Sara Gaber,54.455621301775146,sara.gaber@gmail.com,123456789.0,72.75,2024-11-21,Electronics,3.045305318450427,No Especificado
CUST1061,Ali Gaber,54.455621301775146,ali.gaber@hotmail.com,123456789.0,538.83,2025-03-29,Toys,5.0,Male
CUST1062,Fatma Gaber,54.455621301775146,fatma.gaber@hotmail.com,,462.04,2024-09-26,Clothing,2.0,Female
CUST1063,Ahmed Ibrahim,54.455621301775146,ahmed.ibrahim@yahoo.com,123456789.0,665.71,2024-12-22,Electronics,3.045305318450427,Male
CUST1064,Sara Ali,54.455621301775146,sara.ali@hotmail.com,,627.16,2023-11-24,Clothing,5.0,Male
CUST1065,John Ali,83.0,john.ali@hotmail.com,,326.42,2024-03-10,No Especificado,5.0,Female
CUST1066,Sara Mahmoud,54.455621301775146,sara.mahmoud@hotmail.com,987654321.0,600.8,2023-10-10,Books,3.0,No Especificado
CUST1067,Sara Gaber,54.455621301775146,sara.gaber@yahoo.com,123456789.0,85.14,,Clothing,3.045305318450427,No Especificado
CUST1068,Ali Hassan,54.455621301775146,ali.hassan@gmail.com,,336.17,2024-08-11,Home,1.0,Female
CUST1069,Sara Hassan,54.455621301775146,sara.hassan@yahoo.com,987654321.0,338.8,2024-07-02,Clothing,5.0,Female
CUST1070,Mark Mahmoud,81.0,mark.mahmoud@gmail.com,,330.97,2024-08-30,Clothing,2.0,Female
CUST1071,Fatma Ibrahim,62.0,fatma.ibrahim@yahoo.com,123456789.0,642.53,2024-05-20,Clothing,4.0,Female
CUST1072,Lina Mahmoud,54.455621301775146,lina.mahmoud@gmail.com,,624.57,2025-01-31,Electronics,5.0,Female
CUST1073,Ali Ali,54.455621301775146,ali.ali@gmail.com,,140.28,2024-06-21,Books,5.0,Male
CUST1074,Ahmed Ibrahim,54.455621301775146,ahmed.ibrahim@yahoo.com,123456789.0,434.82,2023-01-11,Home,3.045305318450427,No Especificado
CUST1075,Mark Ibrahim,54.455621301775146,mark.ibrahim@yahoo.com,,991.85,2025-06-07,Clothing,1.0,Female
CUST1076,Fatma Smith,54.455621301775146,fatma.smith@hotmail.com,123456789.0,95.42,2025-04-24,Toys,3.0,Female
CUST1077,Mark Mahmoud,54.455621301775146,mark.mahmoud@yahoo.com,,384.79,2023-05-31,Clothing,5.0,Female
CUST1078,Ali Ibrahim,54.455621301775146,ali.ibrahim@yahoo.com,,580.82,2023-04-13,No Especificado,5.0,Male
CUST1079,Mark Smith,54.455621301775146,mark.smith@yahoo.com,,356.65,2024-03-13,Clothing,2.0,Female
CUST1080,Sara Gaber,73.0,sara.gaber@gmail.com,987654321.0,979.66,2025-06-10,Home,3.045305318450427,No Especificado
CUST1081,Lina Ibrahim,54.455621301775146,lina.ibrahim@hotmail.com,123456789.0,416.05,2022-10-28,No Especificado,1.0,Male
CUST1082,Ali Mahmoud,54.455621301775146,ali.mahmoud@yahoo.com,,424.64,2025-01-24,Electronics,3.045305318450427,Male
CUST1083,Ali Hassan,54.455621301775146,ali.hassan@yahoo.com,,141.87,2022-11-24,No Especificado,3.045305318450427,Male
CUST1084,John Smith,54.455621301775146,john.smith@yahoo.com,,58.44,2025-04-24,Home,1.0,Female
CUST1085,Ali Gaber,54.455621301775146,ali.gaber@yahoo.com,,458.49,2025-07-17,No Especificado,3.045305318450427,No Especificado
CUST1086,Fatma Hassan,54.455621301775146,fatma.hassan@hotmail.com,123456789.0,693.15,2024-08-26,Clothing,4.0,Female
CUST1087,Sara Gaber,41.0,sara.gaber@gmail.com,,467.33,2024-02-13,No Especificado,4.0,Female
CUST1088,Lina Hassan,54.455621301775146,lina.hassan@gmail.com,123456789.0,216.88,2024-05-13,Electronics,3.0,Male
CUST1089,Alaa Gaber,54.455621301775146,alaa.gaber@hotmail.com,,349.65,2022-10-31,Toys,1.0,Female
CUST1090,Ali Mahmoud,54.455621301775146,ali.mahmoud@yahoo.com,987654321.0,143.28,2025-06-25,Clothing,1.0,Male
CUST1091,Sara Hassan,54.455621301775146,sara.hassan@hotmail.com,,753.92,2023-02-19,Books,3.0,Female
CUST1092,John Ali,54.455621301775146,john.ali@gmail.com,987654321.0,771.55,2023-09-07,No Especificado,3.045305318450427,Female
CUST1093,Fatma Ibrahim,54.455621301775146,fatma.ibrahim@gmail.com,,558.24,2023-07-23,Electronics,1.0,Male
CUST1094,Fatma Smith,54.455621301775146,fatma.smith@gmail.com,,883.32,2023-07-06,No Especificado,3.045305318450427,Male
CUST1095,Lina Ali,31.0,lina.ali@gmail.com,987654321.0,989.5,2025-06-14,Clothing,5.0,Male
CUST1096,Ahmed Smith,54.455621301775146,ahmed.smith@gmail.com,987654321.0,179.9,2025-04-14,Home,4.0,Male
CUST1097,Sara Ali,54.455621301775146,sara.ali@yahoo.com,,290.07,2023-06-14,Home,3.045305318450427,Male
CUST1098,Alaa Hassan,54.455621301775146,alaa.hassan@hotmail.com,123456789.0,951.65,2023-08-13,Toys,2.0,Female
CUST1099,Mark Ibrahim,54.455621301775146,mark.ibrahim@gmail.com,987654321.0,402.26,2024-02-03,Clothing,2.0,Female
CUST1100,Sara Ali,54.455621301775146,sara.ali@gmail.com,123456789.0,438.21,,No Especificado,3.0,Male
CUST1101,Ali Mahmoud,54.455621301775146,ali.mahmoud@hotmail.com,123456789.0,502.86,2023-11-08,No Especificado,1.0,Female
CUST1102,Ali Smith,54.455621301775146,ali.smith@yahoo.com,987654321.0,76.21,2024-12-23,Electronics,5.0,Male
CUST1103,Mark Mahmoud,54.455621301775146,mark.mahmoud@yahoo.com,,35.01,2025-04-23,Clothing,2.0,Male
CUST1104,Ali Hassan,54.455621301775146,ali.hassan@gmail.com,,392.66,2024-04-04,Home,3.045305318450427,No Especificado
CUST1105,Sara Ibrahim,54.455621301775146,sara.ibrahim@gmail.com,987654321.0,530.59,2025-05-23,Clothing,3.045305318450427,Female
CUST1106,Ali Gaber,54.455621301775146,ali.gaber@hotmail.com,987654321.0,361.23,2024-01-02,Toys,2.0,No Especificado
CUST1107,Lina Ibrahim,54.455621301775146,lina.ibrahim@gmail.com,,654.55,2024-03-29,No Especificado,3.0,Female
CUST1108,Mark Ibrahim,54.455621301775146,mark.ibrahim@gmail.com,123456789.0,380.2,2023-07-09,Books,2.0,Female
CUST1109,Ali Hassan,54.455621301775146,ali.hassan@yahoo.com,123456789.0,586.24,2025-04-27,Electronics,3.045305318450427,Female
CUST1110,Alaa Mahmoud,54.455621301775146,alaa.mahmoud@hotmail.com,,524.98,2023-03-14,Home,3.045305318450427,Male
CUST1111,Ali Mahmoud,54.455621301775146,ali.mahmoud@yahoo.com,,237.89,2023-07-13,Home,3.0,Female
CUST1112,Alaa Mahmoud,54.455621301775146,alaa.mahmoud@yahoo.com,987654321.0,519.25,2024-07-06,No Especificado,4.0,Female
CUST1113,Mark Smith,54.455621301775146,mark.smith@gmail.com,987654321.0,440.41,2022-11-28,No Especificado,1.0,Female
CUST1114,Sara Mahmoud,54.455621301775146,sara.mahmoud@yahoo.com,987654321.0,490.23,2023-12-21,Toys,2.0,No Especificado
CUST1115,John Ali,54.455621301775146,john.ali@hotmail.com,,12.52,2024-06-02,Clothing,4.0,Male
CUST1116,Sara Gaber,54.455621301775146,sara.gaber@gmail.com,987654321.0,500.41,2024-10-23,Clothing,3.0,Female
CUST1117,Ali Hassan,54.455621301775146,ali.hassan@yahoo.com,,71.93,2022-11-22,No Especificado,3.045305318450427,Male
CUST1118,Alaa Mahmoud,54.455621301775146,alaa.mahmoud@gmail.com,123456789.0,287.82,,No Especificado,3.045305318450427,No Especificado
CUST1119,Ali Mahmoud,54.455621301775146,ali.mahmoud@yahoo.com,987654321.0,259.98,,Electronics,3.045305318450427,Male
CUST1120,Ali Mahmoud,54.455621301775146,ali.mahmoud@gmail.com,,741.43,2024-09-07,No Especificado,4.0,Female
CUST1121,Fatma Mahmoud,54.455621301775146,fatma.mahmoud@yahoo.com,,373.22,2024-11-04,Electronics,3.045305318450427,Female
CUST1122,Mark Ali,54.455621301775146,mark.ali@hotmail.com,123456789.0,548.34,2024-06-25,Books,4.0,Female
CUST1123,Fatma Ibrahim,54.455621301775146,fatma.ibrahim@gmail.com,,80.53,2023-08-03,Toys,4.0,Male
CUST1124,Ahmed Mahmoud,44.0,ahmed.mahmoud@gmail.com,,927.77,2024-05-25,Toys,5.0,Male
CUST1125,John Gaber,54.455621301775146,john.gaber@yahoo.com,,520.22,2023-04-19,Toys,3.045305318450427,Female
CUST1126,Fatma Gaber,54.455621301775146,fatma.gaber@gmail.com,,257.81,2023-06-02,No Especificado,4.0,Female
CUST1127,Ali Smith,54.455621301775146,ali.smith@gmail.com,,411.02,2022-10-28,No Especificado,3.045305318450427,No Especificado
CUST1128,Fatma Gaber,54.455621301775146,fatma.gaber@gmail.com,987654321.0,430.01,2024-02-27,Books,3.0,Female
CUST1129,Fatma Ibrahim,40.0,fatma.ibrahim@gmail.com,123456789.0,958.06,2024-06-25,Clothing,2.0,Male
CUST1130,Sara Ali,54.455621301775146,sara.ali@hotmail.com,,89.27,2024-10-08,No Especificado,5.0,Female
CUST1131,Sara Gaber,54.455621301775146,sara.gaber@yahoo.com,,950.64,2025-03-08,Home,5.0,Male
CUST1132,John Ali,54.455621301775146,john.ali@gmail.com,,7.36,2025-01-15,Clothing,2.0,Male
CUST1133,Alaa Mahmoud,54.455621301775146,alaa.mahmoud@hotmail.com,,456.98,2024-08-22,Clothing,3.045305318450427,Female
CUST1134,Sara Ali,54.455621301775146,sara.ali@gmail.com,,979.32,2024-08-09,Toys,1.0,Female
CUST1135,Ali Smith,54.455621301775146,ali.smith@hotmail.com,123456789.0,320.92,2025-02-20,Home,4.0,Male
CUST1136,Alaa Hassan,54.455621301775146,alaa.hassan@gmail.com,987654321.0,615.09,2025-01-25,Toys,3.0,Female
CUST1137,Alaa Ali,54.455621301775146,alaa.ali@yahoo.com,123456789.0,755.4,2025-03-03,No Especificado,2.0,Female
CUST1138,Fatma Ibrahim,79.0,fatma.ibrahim@yahoo.com,987654321.0,,2025-05-16,Electronics,3.0,Male
CUST1139,Fatma Gaber,35.0,fatma.gaber@gmail.com,987654321.0,5.57,2024-08-29,Books,3.045305318450427,Male
CUST1140,Sara Hassan,53.0,sara.hassan@yahoo.com,,415.28,,Books,3.045305318450427,Male
CUST1141,Ali Mahmoud,54.455621301775146,ali.mahmoud@yahoo.com,,362.53,2025-04-12,Toys,1.0,Female
CUST1142,Ahmed Hassan,79.0,ahmed.hassan@gmail.com,,924.96,2024-04-21,Clothing,3.0,Male
CUST1143,Alaa Mahmoud,54.455621301775146,alaa.mahmoud@hotmail.com,987654321.0,663.01,2024-08-26,Clothing,3.0,Male
CUST1144,Ahmed Smith,54.455621301775146,ahmed.smith@gmail.com,987654321.0,316.02,2023-01-14,Home,3.0,Male
CUST1145,John Mahmoud,54.455621301775146,john.mahmoud@yahoo.com,123456789.0,756.48,2023-06-08,Electronics,4.0,Female
CUST1146,Alaa Smith,54.455621301775146,alaa.smith@hotmail.com,987654321.0,891.17,2023-04-28,Books,4.0,Female
CUST1147,Fatma Hassan,54.455621301775146,fatma.hassan@hotmail.com,987654321.0,749.79,2025-07-11,Books,5.0,Male
CUST1148,Mark Gaber,54.455621301775146,mark.gaber@gmail.com,,323.94,2023-09-17,No Especificado,2.0,Male
CUST1149,Lina Ali,54.455621301775146,lina.ali@hotmail.com,,232.81,2023-07-04,Electronics,3.045305318450427,Female
CUST1150,Sara Ali,54.455621301775146,sara.ali@gmail.com,123456789.0,341.99,2024-06-13,Electronics,5.0,Male
CUST1151,Lina Ibrahim,54.455621301775146,lina.ibrahim@hotmail.com,,251.62,2025-03-27,Home,3.045305318450427,Male
CUST1152,Alaa Hassan,54.455621301775146,alaa.hassan@gmail.com,987654321.0,660.14,2024-09-20,Electronics,3.045305318450427,Female
CUST1153,Ali Smith,54.455621301775146,ali.smith@gmail.com,,656.09,2024-07-26,Home,2.0,Male
CUST1154,John Gaber,54.455621301775146,john.gaber@yahoo.com,123456789.0,891.14,2024-02-18,Clothing,1.0,Male
CUST1155,Ahmed Ibrahim,54.455621301775146,ahmed.ibrahim@hotmail.com,,65.06,2022-12-29,No Especificado,3.045305318450427,Male
CUST1156,Ali Ali,54.455621301775146,ali.ali@yahoo.com,,354.43,2023-09-23,No Especificado,3.0,Male
CUST1157,Ahmed Ali,89.0,ahmed.ali@hotmail.com,,660.07,2023-04-21,Toys,1.0,Female
CUST1158,Lina Gaber,54.455621301775146,lina.gaber@yahoo.com,,916.59,2024-12-20,Home,4.0,Male
CUST1159,Fatma Ibrahim,54.455621301775146,fatma.ibrahim@hotmail.com,,629.77,2025-04-22,Toys,2.0,Female
CUST1160,Ahmed Gaber,54.455621301775146,ahmed.gaber@yahoo.com,,839.25,2023-12-19,Books,3.045305318450427,No Especificado
CUST1161,Mark Ibrahim,54.455621301775146,mark.ibrahim@hotmail.com,123456789.0,647.76,2023-12-01,No Especificado,5.0,Female
CUST1162,Fatma Gaber,54.455621301775146,fatma.gaber@yahoo.com,,249.85,2023-07-01,Home,5.0,Male
CUST1163,Lina Ibrahim,54.455621301775146,lina.ibrahim@hotmail.com,987654321.0,340.52,,Electronics,3.0,Female
CUST1164,Ahmed Mahmoud,54.455621301775146,ahmed.mahmoud@yahoo.com,987654321.0,902.48,2023-10-14,Clothing,1.0,Male
CUST1165,Sara Ali,54.455621301775146,sara.ali@hotmail.com,,382.67,2024-01-29,Home,3.045305318450427,Male
CUST1166,Ali Hassan,54.455621301775146,ali.hassan@hotmail.com,987654321.0,653.73,2024-02-10,Clothing,2.0,Male
CUST1167,Ali Smith,54.455621301775146,ali.smith@hotmail.com,,972.88,2023-10-14,Home,4.0,Female
CUST1168,Ali Mahmoud,54.455621301775146,ali.mahmoud@yahoo.com,,835.86,,Clothing,4.0,Female
CUST1169,Fatma Ibrahim,54.455621301775146,fatma.ibrahim@hotmail.com,123456789.0,641.96,2024-06-13,No Especificado,1.0,Female
CUST1170,John Smith,54.455621301775146,john.smith@hotmail.com,987654321.0,307.77,2025-03-29,No Especificado,4.0,Male
CUST1171,Fatma Smith,87.0,fatma.smith@yahoo.com,123456789.0,867.78,,Clothing,3.0,Male
CUST1172,Fatma Gaber,54.455621301775146,fatma.gaber@yahoo.com,,198.0,2025-07-04,No Especificado,3.0,Male
CUST1173,Alaa Hassan,54.455621301775146,alaa.hassan@hotmail.com,,685.55,2024-10-30,Home,3.045305318450427,Female
CUST1174,Alaa Smith,54.455621301775146,alaa.smith@yahoo.com,123456789.0,592.21,,Toys,2.0,Female
CUST1175,Alaa Smith,54.455621301775146,alaa.smith@yahoo.com,,583.35,2023-12-16,No Especificado,2.0,Female
CUST1176,Mark Mahmoud,54.455621301775146,mark.mahmoud@gmail.com,,65.43,2024-03-06,Toys,2.0,Male
CUST1177,John Ali,54.455621301775146,john.ali@hotmail.com,123456789.0,563.54,2025-04-14,Toys,5.0,Female
CUST1178,John Smith,54.455621301775146,john.smith@yahoo.com,,566.84,2023-07-05,No Especificado,2.0,Male
CUST1179,Fatma Hassan,54.455621301775146,fatma.hassan@hotmail.com,,338.73,2025-06-08,Home,4.0,Male
CUST1180,Ali Ali,54.455621301775146,ali.ali@hotmail.com,,153.08,2025-05-16,Books,3.045305318450427,Male
CUST1181,John Gaber,54.455621301775146,john.gaber@yahoo.com,123456789.0,203.2,2024-07-27,Books,1.0,Female
CUST1182,Lina Hassan,54.455621301775146,lina.hassan@gmail.com,,173.4,2024-06-25,Home,3.0,Male
CUST1183,John Hassan,30.0,john.hassan@gmail.com,,957.09,,Toys,1.0,Female
CUST1184,John Gaber,54.455621301775146,john.gaber@hotmail.com,123456789.0,39.61,2022-10-31,Clothing,1.0,Male
CUST1185,Lina Gaber,54.455621301775146,lina.gaber@hotmail.com,,467.64,2025-01-04,Electronics,3.0,Male
CUST1186,Mark Hassan,54.455621301775146,mark.hassan@gmail.com,123456789.0,879.07,2023-11-06,Toys,3.0,Male
CUST1187,Alaa Gaber,54.455621301775146,alaa.gaber@yahoo.com,,739.06,2024-12-18,Electronics,2.0,Male
CUST1188,Ali Gaber,54.455621301775146,ali.gaber@yahoo.com,987654321.0,337.71,2024-05-12,No Especificado,5.0,Male
CUST1189,Fatma Gaber,54.455621301775146,fatma.gaber@yahoo.com,,211.5,2024-05-24,Electronics,5.0,Female
CUST1190,Lina Mahmoud,54.455621301775146,lina.mahmoud@yahoo.com,123456789.0,546.44,2022-10-30,Home,3.0,No Especificado
CUST1191,Ahmed Hassan,54.455621301775146,ahmed.hassan@hotmail.com,123456789.0,802.26,2025-03-17,Clothing,3.0,Male
CUST1192,Ahmed Smith,54.455621301775146,ahmed.smith@hotmail.com,987654321.0,464.5,,Clothing,3.045305318450427,Male
CUST1193,John Hassan,54.455621301775146,john.hassan@gmail.com,,293.42,2023-11-12,No Especificado,5.0,Male
CUST1194,Lina Gaber,23.0,lina.gaber@gmail.com,123456789.0,584.56,,Books,3.045305318450427,Male
CUST1195,Fatma Hassan,84.0,fatma.hassan@yahoo.com,,449.45,2023-03-18,Electronics,3.045305318450427,Male
CUST1196,Ali Gaber,54.455621301775146,ali.gaber@yahoo.com,987654321.0,647.39,2025-01-10,Electronics,4.0,Male
CUST1197,John Hassan,54.455621301775146,john.hassan@hotmail.com,,225.1,2025-07-16,No Especificado,5.0,Female
CUST1198,Ahmed Ali,26.0,ahmed.ali@hotmail.com,,,2023-11-04,Clothing,3.045305318450427,Male
CUST1199,Alaa Gaber,54.455621301775146,alaa.gaber@hotmail.com,123456789.0,616.2,2023-05-04,Books,4.0,Female
CUST1200,Ali Ali,54.455621301775146,ali.ali@hotmail.com,987654321.0,538.75,2023-06-14,Toys,3.045305318450427,Female
CUST1201,Fatma Mahmoud,54.455621301775146,fatma.mahmoud@gmail.com,,193.47,2025-04-06,No Especificado,3.045305318450427,Male
CUST1202,Sara Ibrahim,54.455621301775146,sara.ibrahim@hotmail.com,,45.36,2023-08-13,No Especificado,1.0,Male
CUST1203,Ali Gaber,54.455621301775146,ali.gaber@yahoo.com,987654321.0,736.35,2023-10-05,Home,3.045305318450427,Male
CUST1204,Fatma Mahmoud,36.0,fatma.mahmoud@gmail.com,123456789.0,273.43,2023-09-26,Toys,5.0,Male
CUST1205,John Hassan,23.0,john.hassan@yahoo.com,987654321.0,,2023-11-27,Home,3.045305318450427,Male
CUST1206,Alaa Mahmoud,54.455621301775146,alaa.mahmoud@gmail.com,,689.79,2025-06-08,Toys,3.0,Male
CUST1207,Ahmed Ali,54.455621301775146,ahmed.ali@hotmail.com,987654321.0,877.79,2022-11-23,Home,5.0,Male
CUST1208,Fatma Hassan,54.455621301775146,fatma.hassan@yahoo.com,,179.63,2023-02-02,Electronics,3.045305318450427,No Especificado
CUST1209,Alaa Smith,54.455621301775146,alaa.smith@hotmail.com,987654321.0,87.22,2023-04-19,Books,3.045305318450427,Male
CUST1210,Fatma Ibrahim,79.0,fatma.ibrahim@yahoo.com,,688.98,2024-11-28,Toys,2.0,Male
CUST1211,Fatma Mahmoud,54.455621301775146,fatma.mahmoud@gmail.com,,545.4,2023-11-08,Electronics,3.045305318450427,Male
CUST1212,Sara Ibrahim,54.455621301775146,sara.ibrahim@hotmail.com,987654321.0,859.82,2025-06-22,Toys,5.0,Male
CUST1213,Ahmed Ibrahim,54.455621301775146,ahmed.ibrahim@hotmail.com,123456789.0,740.96,2023-03-01,No Especificado,3.0,Male
CUST1214,Lina Hassan,54.455621301775146,lina.hassan@gmail.com,,240.1,2023-07-14,Home,1.0,Female
CUST1215,Ali Hassan,90.0,ali.hassan@gmail.com,987654321.0,81.5,2025-04-23,No Especificado,2.0,Male
CUST1216,John Mahmoud,54.455621301775146,john.mahmoud@hotmail.com,,325.06,2024-12-08,No Especificado,3.045305318450427,Male
CUST1217,Alaa Smith,54.455621301775146,alaa.smith@gmail.com,987654321.0,272.24,2024-04-16,Toys,3.0,No Especificado
CUST1218,Sara Gaber,54.455621301775146,sara.gaber@yahoo.com,,44.14,,Clothing,3.045305318450427,Male
CUST1219,Ali Smith,54.455621301775146,ali.smith@hotmail.com,,70.94,2025-03-07,Clothing,3.045305318450427,Male
CUST1220,Sara Hassan,67.0,sara.hassan@yahoo.com,987654321.0,350.38,2023-02-17,No Especificado,1.0,Female
CUST1221,Alaa Smith,33.0,alaa.smith@gmail.com,,836.95,2023-12-10,Clothing,3.045305318450427,Female
CUST1222,Fatma Smith,54.455621301775146,fatma.smith@gmail.com,987654321.0,505.89,2025-03-01,No Especificado,3.045305318450427,Male
CUST1223,Fatma Mahmoud,83.0,fatma.mahmoud@gmail.com,,917.86,2023-03-01,Books,2.0,Male
CUST1224,Lina Ibrahim,67.0,lina.ibrahim@yahoo.com,,321.98,2024-07-10,Electronics,4.0,No Especificado
CUST1225,Sara Hassan,54.455621301775146,sara.hassan@gmail.com,,,2023-03-11,No Especificado,2.0,Female
CUST1226,Sara Mahmoud,58.0,sara.mahmoud@yahoo.com,,190.38,2023-04-14,Home,3.045305318450427,Male
CUST1227,Mark Mahmoud,49.0,mark.mahmoud@gmail.com,987654321.0,24.98,2025-05-26,Electronics,2.0,Male
CUST1228,Lina Ibrahim,54.455621301775146,lina.ibrahim@gmail.com,,798.65,2023-12-27,Books,2.0,Female
CUST1229,Fatma Ibrahim,54.455621301775146,fatma.ibrahim@gmail.com,,,,Electronics,5.0,Female
CUST1230,Ali Smith,54.455621301775146,ali.smith@gmail.com,123456789.0,938.95,2023-09-06,Books,3.045305318450427,No Especificado
CUST1231,Ahmed Smith,54.455621301775146,ahmed.smith@yahoo.com,,610.21,2023-03-23,No Especificado,3.045305318450427,Female
CUST1232,Alaa Hassan,28.0,alaa.hassan@hotmail.com,123456789.0,679.49,2022-12-30,Books,5.0,Female
CUST1233,Lina Smith,65.0,lina.smith@yahoo.com,,741.96,2022-11-24,Electronics,2.0,No Especificado
CUST1234,Lina Ali,54.455621301775146,lina.ali@hotmail.com,987654321.0,460.62,2025-03-06,Toys,2.0,No Especificado
CUST1235,Fatma Mahmoud,54.455621301775146,fatma.mahmoud@yahoo.com,123456789.0,,2022-11-07,No Especificado,3.0,Male
CUST1236,Lina Ali,54.455621301775146,lina.ali@gmail.com,987654321.0,72.41,2024-12-05,No Especificado,3.0,Male
CUST1237,John Hassan,54.455621301775146,john.hassan@yahoo.com,,74.24,2024-07-28,Electronics,5.0,Male
CUST1238,Ahmed Ibrahim,54.455621301775146,ahmed.ibrahim@hotmail.com,987654321.0,400.75,2024-09-13,Toys,5.0,Male
CUST1239,Alaa Smith,54.455621301775146,alaa.smith@hotmail.com,123456789.0,526.05,2023-09-05,Toys,3.045305318450427,Female
CUST1240,Alaa Smith,30.0,alaa.smith@gmail.com,123456789.0,41.71,2024-05-28,Electronics,3.045305318450427,Female
CUST1241,Ahmed Gaber,44.0,ahmed.gaber@hotmail.com,987654321.0,174.79,2024-05-09,No Especificado,3.045305318450427,No Especificado
CUST1242,Sara Gaber,71.0,sara.gaber@hotmail.com,,321.95,2025-04-25,No Especificado,5.0,Male
CUST1243,Fatma Ibrahim,54.455621301775146,fatma.ibrahim@gmail.com,123456789.0,384.26,2023-12-25,Toys,2.0,Female
CUST1244,Sara Ali,56.0,sara.ali@yahoo.com,987654321.0,292.02,2025-06-11,Clothing,3.045305318450427,Female
CUST1245,Ahmed Ibrahim,54.455621301775146,ahmed.ibrahim@hotmail.com,123456789.0,796.59,2024-11-25,Clothing,1.0,Male
CUST1246,Ahmed Ali,54.455621301775146,ahmed.ali@gmail.com,987654321.0,111.12,2025-01-27,No Especificado,3.0,Female
CUST1247,John Mahmoud,26.0,john.mahmoud@yahoo.com,,,2025-05-21,Toys,1.0,Male
CUST1248,Mark Hassan,54.455621301775146,mark.hassan@yahoo.com,,48.51,2023-02-13,Books,2.0,Female
CUST1249,John Smith,26.0,john.smith@yahoo.com,123456789.0,497.9,2024-01-23,No Especificado,1.0,Female
CUST1250,Alaa Ali,54.455621301775146,alaa.ali@hotmail.com,123456789.0,338.96,2024-05-13,Books,3.045305318450427,Male
CUST1251,Mark Hassan,54.455621301775146,mark.hassan@hotmail.com,123456789.0,563.61,2025-05-15,Toys,2.0,Female
CUST1252,Lina Mahmoud,54.455621301775146,lina.mahmoud@gmail.com,123456789.0,907.78,2023-10-14,No Especificado,3.045305318450427,Male
CUST1253,Fatma Mahmoud,23.0,fatma.mahmoud@hotmail.com,987654321.0,675.59,2025-01-18,Books,2.0,Male
CUST1254,Lina Smith,76.0,lina.smith@gmail.com,123456789.0,308.32,2023-01-05,No Especificado,3.045305318450427,Male
CUST1255,Sara Ibrahim,54.455621301775146,sara.ibrahim@gmail.com,987654321.0,28.77,2023-11-13,Toys,3.045305318450427,Female
CUST1256,Mark Smith,54.455621301775146,mark.smith@hotmail.com,987654321.0,441.18,2024-08-14,No Especificado,4.0,No Especificado
CUST1257,Fatma Ibrahim,54.455621301775146,fatma.ibrahim@yahoo.com,,83.67,2022-11-21,Books,3.0,No Especificado
CUST1258,Alaa Smith,54.455621301775146,alaa.smith@gmail.com,,44.27,2025-04-22,Electronics,2.0,Male
CUST1259,Mark Gaber,54.455621301775146,mark.gaber@hotmail.com,,251.68,2023-11-07,Toys,3.045305318450427,No Especificado
CUST1260,Ahmed Gaber,25.0,ahmed.gaber@yahoo.com,123456789.0,161.47,2022-12-28,Clothing,4.0,Male
CUST1261,Lina Hassan,54.455621301775146,lina.hassan@hotmail.com,123456789.0,434.13,2023-04-24,Books,1.0,Female
CUST1262,Sara Ali,54.455621301775146,sara.ali@hotmail.com,,317.64,2024-10-06,Home,3.0,Male
CUST1263,Mark Mahmoud,54.455621301775146,mark.mahmoud@yahoo.com,,628.62,2024-10-16,No Especificado,4.0,Female
CUST1264,John Ali,54.455621301775146,john.ali@yahoo.com,,981.69,,Clothing,2.0,Female
CUST1265,John Mahmoud,54.455621301775146,john.mahmoud@yahoo.com,,603.83,2024-08-02,Books,2.0,No Especificado
CUST1266,Fatma Smith,43.0,fatma.smith@hotmail.com,,,2024-05-05,Books,2.0,Female
CUST1267,John Ibrahim,54.455621301775146,john.ibrahim@yahoo.com,987654321.0,105.11,2024-10-28,No Especificado,3.0,Female
CUST1268,Ahmed Ibrahim,54.455621301775146,ahmed.ibrahim@yahoo.com,987654321.0,658.73,2023-09-19,Electronics,5.0,Female
CUST1269,Alaa Smith,54.455621301775146,alaa.smith@yahoo.com,,,2024-05-13,Clothing,5.0,Male
CUST1270,Sara Mahmoud,21.0,sara.mahmoud@gmail.com,,672.62,2023-04-02,Home,1.0,Female
CUST1271,Ali Hassan,54.455621301775146,ali.hassan@yahoo.com,987654321.0,599.23,2025-01-28,No Especificado,3.045305318450427,No Especificado
CUST1272,Fatma Hassan,46.0,fatma.hassan@yahoo.com,,717.71,2024-10-25,No Especificado,4.0,Male
CUST1273,Lina Gaber,54.455621301775146,lina.gaber@hotmail.com,987654321.0,463.51,2024-07-04,Clothing,1.0,Male
CUST1274,Lina Mahmoud,54.455621301775146,lina.mahmoud@yahoo.com,987654321.0,24.82,2024-12-06,Electronics,4.0,Male
CUST1275,Ali Mahmoud,54.455621301775146,ali.mahmoud@yahoo.com,,449.84,2025-07-10,No Especificado,4.0,Female
CUST1276,Alaa Smith,83.0,alaa.smith@hotmail.com,,127.73,2024-09-09,Books,5.0,No Especificado
CUST1277,Alaa Smith,54.455621301775146,alaa.smith@hotmail.com,,376.39,2022-11-03,Clothing,3.0,Male
CUST1278,John Smith,54.455621301775146,john.smith@hotmail.com,123456789.0,254.03,2024-06-03,No Especificado,5.0,No Especificado
CUST1279,Lina Ali,54.455621301775146,lina.ali@hotmail.com,987654321.0,844.62,2023-04-18,No Especificado,2.0,Male
CUST1280,John Ibrahim,54.455621301775146,john.ibrahim@gmail.com,987654321.0,314.01,2023-08-18,Books,5.0,Male
CUST1281,Sara Gaber,54.455621301775146,sara.gaber@gmail.com,987654321.0,926.08,2024-09-23,No Especificado,3.045305318450427,Female
CUST1282,Alaa Hassan,54.455621301775146,alaa.hassan@yahoo.com,123456789.0,868.99,2023-03-29,Toys,3.045305318450427,No Especificado
CUST1283,Fatma Smith,54.455621301775146,fatma.smith@hotmail.com,987654321.0,934.41,2023-05-23,No Especificado,5.0,Female
CUST1284,Ahmed Ali,54.455621301775146,ahmed.ali@yahoo.com,,733.23,2025-06-18,Toys,1.0,Male
CUST1285,Fatma Hassan,54.455621301775146,fatma.hassan@hotmail.com,123456789.0,889.03,2023-08-03,Clothing,2.0,Male
CUST1286,Mark Gaber,54.455621301775146,mark.gaber@hotmail.com,,584.75,2023-10-29,No Especificado,5.0,Female
CUST1287,Ali Hassan,54.455621301775146,ali.hassan@yahoo.com,,225.16,2023-02-07,Clothing,5.0,Male
CUST1288,Alaa Hassan,70.0,alaa.hassan@hotmail.com,987654321.0,938.89,2022-12-14,Electronics,2.0,Male
CUST1289,John Ali,54.455621301775146,john.ali@gmail.com,,671.26,2024-09-02,Home,2.0,Male
CUST1290,Lina Mahmoud,15.0,lina.mahmoud@hotmail.com,,686.89,2022-12-31,No Especificado,1.0,Male
CUST1291,Ali Gaber,63.0,ali.gaber@hotmail.com,123456789.0,587.06,2023-05-26,Home,2.0,Male
CUST1292,Ahmed Ibrahim,54.455621301775146,ahmed.ibrahim@yahoo.com,,,2024-04-03,No Especificado,3.045305318450427,Male
CUST1293,Mark Gaber,54.455621301775146,mark.gaber@yahoo.com,123456789.0,823.05,2022-12-08,Home,3.0,Female
CUST1294,Fatma Mahmoud,54.455621301775146,fatma.mahmoud@gmail.com,,266.52,2025-04-19,Electronics,1.0,Female
CUST1295,Ali Hassan,54.455621301775146,ali.hassan@yahoo.com,123456789.0,97.91,2022-11-22,Electronics,3.0,Female
CUST1296,Fatma Ibrahim,54.455621301775146,fatma.ibrahim@yahoo.com,987654321.0,931.77,2024-09-11,Toys,1.0,Female
CUST1297,John Mahmoud,54.455621301775146,john.mahmoud@gmail.com,,818.98,2024-07-13,Toys,3.045305318450427,Female
CUST1298,Ali Gaber,54.455621301775146,ali.gaber@yahoo.com,,257.24,2023-06-10,Toys,3.0,Male
CUST1299,John Smith,54.455621301775146,john.smith@gmail.com,987654321.0,942.66,2023-04-29,No Especificado,3.0,No Especificado
CUST1300,Alaa Smith,54.455621301775146,alaa.smith@hotmail.com,987654321.0,701.82,2025-03-21,Home,5.0,Male
CUST1301,John Mahmoud,54.455621301775146,john.mahmoud@yahoo.com,987654321.0,390.78,2024-07-02,Home,3.045305318450427,Male
CUST1302,Ali Mahmoud,54.455621301775146,ali.mahmoud@yahoo.com,987654321.0,,2024-04-21,Clothing,4.0,Female
CUST1303,Fatma Ibrahim,54.455621301775146,fatma.ibrahim@hotmail.com,987654321.0,637.52,2023-05-04,Books,4.0,Female
CUST1304,Alaa Gaber,54.455621301775146,alaa.gaber@yahoo.com,987654321.0,714.03,2024-08-07,Toys,3.045305318450427,Female
CUST1305,Fatma Ibrahim,15.0,fatma.ibrahim@gmail.com,,601.69,2025-07-12,Books,3.045305318450427,No Especificado
CUST1306,Ahmed Ibrahim,54.455621301775146,ahmed.ibrahim@gmail.com,,871.2,2023-12-15,Electronics,3.045305318450427,Male
CUST1307,Fatma Hassan,54.455621301775146,fatma.hassan@gmail.com,987654321.0,137.52,2024-07-17,Home,5.0,Female
CUST1308,Alaa Mahmoud,54.455621301775146,alaa.mahmoud@yahoo.com,987654321.0,297.43,2023-09-15,Books,5.0,Female
CUST1309,Ahmed Ali,54.455621301775146,ahmed.ali@hotmail.com,123456789.0,93.62,2024-12-18,Home,3.0,Female
CUST1310,Alaa Gaber,54.455621301775146,alaa.gaber@yahoo.com,987654321.0,200.63,2024-04-27,Electronics,2.0,Male
CUST1311,Alaa Smith,54.455621301775146,alaa.smith@gmail.com,,527.79,2024-05-06,Home,3.0,Male
CUST1312,John Ibrahim,54.455621301775146,john.ibrahim@yahoo.com,,815.49,2024-04-20,Books,2.0,Female
CUST1313,Alaa Hassan,54.455621301775146,alaa.hassan@yahoo.com,123456789.0,901.41,2025-04-07,Toys,3.0,Female
CUST1314,Mark Ali,54.455621301775146,mark.ali@gmail.com,987654321.0,71.28,2025-07-01,Home,4.0,Female
CUST1315,Fatma Ibrahim,54.455621301775146,fatma.ibrahim@yahoo.com,,9.78,2025-07-14,Electronics,2.0,Female
CUST1316,John Smith,54.455621301775146,john.smith@gmail.com,987654321.0,939.67,2022-12-28,Clothing,3.0,Female
CUST1317,Sara Smith,53.0,sara.smith@yahoo.com,,780.3,2025-03-05,Electronics,3.045305318450427,Female
CUST1318,Mark Hassan,54.455621301775146,mark.hassan@yahoo.com,,242.71,2023-11-02,Books,3.045305318450427,Male
CUST1319,John Hassan,54.455621301775146,john.hassan@yahoo.com,,84.68,2025-03-20,No Especificado,3.045305318450427,Female
CUST1320,Ali Ali,66.0,ali.ali@yahoo.com,987654321.0,750.14,2025-05-31,Toys,3.0,Male
CUST1321,Lina Ibrahim,54.455621301775146,lina.ibrahim@gmail.com,987654321.0,,2025-02-03,Home,2.0,Female
CUST1322,Ali Gaber,77.0,ali.gaber@gmail.com,123456789.0,523.57,,Electronics,3.045305318450427,Female
CUST1323,Sara Gaber,54.455621301775146,sara.gaber@gmail.com,987654321.0,194.79,2023-10-30,Clothing,2.0,Female
CUST1324,Fatma Hassan,54.455621301775146,fatma.hassan@yahoo.com,,622.12,2023-05-01,Clothing,1.0,Male
CUST1325,John Gaber,54.455621301775146,john.gaber@yahoo.com,123456789.0,666.82,2023-04-07,Home,1.0,Female
CUST1326,Sara Gaber,54.455621301775146,sara.gaber@yahoo.com,987654321.0,884.87,,No Especificado,3.0,Male
CUST1327,John Smith,54.455621301775146,john.smith@hotmail.com,987654321.0,291.22,2024-03-03,No Especificado,3.045305318450427,Female
CUST1328,Fatma Ibrahim,54.455621301775146,fatma.ibrahim@yahoo.com,987654321.0,473.49,2024-08-09,No Especificado,3.0,Male
CUST1329,Fatma Smith,54.455621301775146,fatma.smith@gmail.com,987654321.0,957.68,2023-07-17,Clothing,3.0,Male
CUST1330,Sara Gaber,54.455621301775146,sara.gaber@gmail.com,123456789.0,850.25,2024-12-16,Clothing,3.045305318450427,Female
CUST1331,Ali Mahmoud,54.455621301775146,ali.mahmoud@hotmail.com,123456789.0,200.3,2023-09-14,No Especificado,3.045305318450427,Male
CUST1332,Alaa Ali,54.455621301775146,alaa.ali@gmail.com,987654321.0,311.24,2023-12-02,Electronics,1.0,Male
CUST1333,Fatma Gaber,79.0,fatma.gaber@gmail.com,,521.68,2024-12-12,Books,2.0,Male
CUST1334,Alaa Mahmoud,54.455621301775146,alaa.mahmoud@gmail.com,987654321.0,558.61,2024-02-28,Clothing,2.0,Male
CUST1335,Alaa Mahmoud,54.455621301775146,alaa.mahmoud@yahoo.com,123456789.0,995.41,2024-02-11,Toys,3.0,Female
CUST1336,Alaa Gaber,54.455621301775146,alaa.gaber@yahoo.com,,677.57,2023-11-04,Toys,1.0,Female
CUST1337,Fatma Ibrahim,54.455621301775146,fatma.ibrahim@hotmail.com,,377.78,2025-05-03,No Especificado,5.0,Female
CUST1338,Ahmed Hassan,54.455621301775146,ahmed.hassan@gmail.com,,29.18,2024-07-13,No Especificado,1.0,Female
CUST1339,Sara Gaber,54.455621301775146,sara.gaber@hotmail.com,987654321.0,204.37,,Books,1.0,Female
CUST1340,Alaa Ali,54.455621301775146,alaa.ali@hotmail.com,123456789.0,,2023-09-25,Home,3.045305318450427,Male
CUST1341,Ahmed Hassan,54.455621301775146,ahmed.hassan@yahoo.com,,,2023-02-14,Toys,3.0,Male
CUST1342,Lina Mahmoud,54.455621301775146,lina.mahmoud@hotmail.com,,900.69,2024-06-28,Electronics,3.045305318450427,Female
CUST1343,John Smith,54.455621301775146,john.smith@hotmail.com,,281.76,2025-06-03,Home,4.0,Male
CUST1344,Ali Gaber,54.455621301775146,ali.gaber@yahoo.com,987654321.0,395.81,2023-07-27,Books,3.045305318450427,Male
CUST1345,Ahmed Ali,16.0,ahmed.ali@hotmail.com,,424.65,2023-04-13,No Especificado,4.0,No Especificado
CUST1346,Mark Ali,54.455621301775146,mark.ali@gmail.com,123456789.0,575.19,2025-05-07,Clothing,3.0,No Especificado
CUST1347,Sara Ibrahim,54.455621301775146,sara.ibrahim@hotmail.com,,51.71,2023-05-26,Electronics,3.0,Male
CUST1348,Alaa Gaber,54.455621301775146,alaa.gaber@yahoo.com,,24.65,2024-03-11,No Especificado,5.0,Female
CUST1349,Sara Hassan,54.455621301775146,sara.hassan@yahoo.com,,802.97,2025-01-17,No Especificado,3.0,Male
CUST1350,Sara Ibrahim,54.455621301775146,sara.ibrahim@hotmail.com,987654321.0,552.21,2024-12-20,No Especificado,3.045305318450427,Female
CUST1351,Ali Gaber,54.455621301775146,ali.gaber@yahoo.com,,79.04,2024-07-14,Books,1.0,Female
CUST1352,Sara Gaber,54.455621301775146,sara.gaber@gmail.com,123456789.0,,2023-12-28,Clothing,2.0,Male
CUST1353,Sara Hassan,54.455621301775146,sara.hassan@yahoo.com,123456789.0,803.56,,Clothing,3.0,Female
CUST1354,Ali Ibrahim,35.0,ali.ibrahim@hotmail.com,987654321.0,142.92,2023-04-03,Electronics,4.0,Male
CUST1355,Ahmed Ali,54.455621301775146,ahmed.ali@hotmail.com,123456789.0,619.61,2023-04-21,Clothing,5.0,Male
CUST1356,Ahmed Smith,54.455621301775146,ahmed.smith@yahoo.com,,594.27,2023-02-15,Electronics,2.0,Female
CUST1357,Mark Ibrahim,54.455621301775146,mark.ibrahim@hotmail.com,,535.88,2025-06-08,Home,3.045305318450427,Male
CUST1358,John Hassan,54.455621301775146,john.hassan@yahoo.com,,832.52,2023-12-24,Books,4.0,Female
CUST1359,Lina Ali,54.455621301775146,lina.ali@yahoo.com,987654321.0,14.84,2022-11-22,No Especificado,3.0,Female
CUST1360,Lina Gaber,54.455621301775146,lina.gaber@hotmail.com,,730.06,2024-03-13,Home,5.0,Female
CUST1361,Fatma Mahmoud,54.455621301775146,fatma.mahmoud@gmail.com,987654321.0,405.19,2022-11-19,Clothing,4.0,Male
CUST1362,Sara Smith,54.455621301775146,sara.smith@yahoo.com,,858.88,2024-06-09,No Especificado,1.0,No Especificado
CUST1363,Ali Smith,54.455621301775146,ali.smith@hotmail.com,123456789.0,222.59,2023-12-18,Books,3.045305318450427,Male
CUST1364,Lina Ibrahim,54.455621301775146,lina.ibrahim@gmail.com,123456789.0,907.0,2023-02-17,No Especificado,3.045305318450427,Male
CUST1365,Fatma Ali,82.0,fatma.ali@gmail.com,987654321.0,232.94,2025-01-22,Toys,1.0,Female
CUST1366,Lina Ali,72.0,lina.ali@gmail.com,,797.69,2023-06-05,Clothing,2.0,Female
CUST1367,Sara Hassan,54.455621301775146,sara.hassan@yahoo.com,987654321.0,40.38,2023-05-25,No Especificado,1.0,Male
CUST1368,Fatma Gaber,54.455621301775146,fatma.gaber@hotmail.com,,366.88,2024-03-12,No Especificado,4.0,Male
CUST1369,Sara Smith,63.0,sara.smith@hotmail.com,,326.12,2025-01-23,Home,1.0,Male
CUST1370,John Ibrahim,54.455621301775146,john.ibrahim@yahoo.com,,688.35,2023-06-03,Electronics,4.0,No Especificado
CUST1371,Ahmed Gaber,54.455621301775146,ahmed.gaber@hotmail.com,,919.74,2025-04-18,Home,3.045305318450427,No Especificado
CUST1372,Sara Smith,54.455621301775146,sara.smith@yahoo.com,987654321.0,911.74,2022-10-31,Toys,1.0,Male
CUST1373,Ali Ali,54.455621301775146,ali.ali@gmail.com,123456789.0,610.0,2024-11-24,Home,3.045305318450427,Male
CUST1374,Lina Hassan,40.0,lina.hassan@hotmail.com,,351.82,2023-08-03,No Especificado,1.0,Female
CUST1375,Sara Ali,54.455621301775146,sara.ali@hotmail.com,123456789.0,376.1,2024-02-17,Home,5.0,Female
CUST1376,Mark Smith,54.455621301775146,mark.smith@hotmail.com,123456789.0,646.27,2023-07-08,Books,2.0,No Especificado
CUST1377,Fatma Smith,54.455621301775146,fatma.smith@hotmail.com,,687.64,2023-08-11,Books,3.0,Female
CUST1378,Mark Ali,54.455621301775146,mark.ali@hotmail.com,,31.89,2024-05-08,No Especificado,2.0,Female
CUST1379,Fatma Smith,67.0,fatma.smith@hotmail.com,,804.1,2023-02-20,Clothing,3.0,Male
CUST1380,Fatma Ibrahim,22.0,fatma.ibrahim@hotmail.com,,887.01,,Books,1.0,Male
CUST1381,Fatma Hassan,54.455621301775146,fatma.hassan@yahoo.com,,237.62,2024-01-28,Toys,5.0,Male
CUST1382,Lina Mahmoud,54.455621301775146,lina.mahmoud@gmail.com,123456789.0,120.37,2024-06-30,Home,3.045305318450427,Male
CUST1383,John Hassan,54.455621301775146,john.hassan@gmail.com,,294.38,2025-03-06,No Especificado,4.0,No Especificado
CUST1384,Fatma Gaber,54.455621301775146,fatma.gaber@yahoo.com,123456789.0,212.04,2023-03-16,Toys,2.0,No Especificado
CUST1385,Ali Ibrahim,54.455621301775146,ali.ibrahim@yahoo.com,,425.09,,No Especificado,3.045305318450427,Male
CUST1386,Fatma Ali,54.455621301775146,fatma.ali@hotmail.com,123456789.0,995.55,2022-11-12,Clothing,4.0,Female
CUST1387,Fatma Smith,57.0,fatma.smith@yahoo.com,,775.67,2025-04-05,No Especificado,3.045305318450427,Male
CUST1388,Alaa Hassan,54.455621301775146,alaa.hassan@hotmail.com,,228.06,2024-09-22,Books,1.0,Male
CUST1389,Ali Ibrahim,54.455621301775146,ali.ibrahim@hotmail.com,,433.68,2024-04-19,Toys,3.045305318450427,Male
CUST1390,Alaa Hassan,54.455621301775146,alaa.hassan@gmail.com,987654321.0,20.48,2024-07-03,Home,4.0,Female
CUST1391,Alaa Ali,54.455621301775146,alaa.ali@gmail.com,123456789.0,663.65,2022-12-10,Clothing,3.0,Female
CUST1392,Sara Mahmoud,71.0,sara.mahmoud@hotmail.com,,751.33,2024-04-06,Clothing,3.045305318450427,Female
CUST1393,Ali Ibrahim,54.455621301775146,ali.ibrahim@gmail.com,123456789.0,69.21,2023-09-10,Home,3.045305318450427,Female
CUST1394,Ali Smith,54.455621301775146,ali.smith@hotmail.com,,,2025-03-07,Home,3.0,Female
CUST1395,Lina Smith,34.0,lina.smith@gmail.com,987654321.0,263.31,2023-12-16,No Especificado,2.0,Male
CUST1396,Fatma Mahmoud,50.0,fatma.mahmoud@hotmail.com,123456789.0,649.52,2023-05-15,Toys,2.0,Female
CUST1397,Fatma Hassan,54.455621301775146,fatma.hassan@hotmail.com,987654321.0,217.49,2024-06-06,Clothing,1.0,Female
CUST1398,Alaa Ali,54.455621301775146,alaa.ali@hotmail.com,987654321.0,886.49,2024-06-03,No Especificado,1.0,Male
CUST1399,Sara Mahmoud,19.0,sara.mahmoud@yahoo.com,,116.5,2023-02-23,No Especificado,1.0,Male
CUST1400,Mark Mahmoud,54.455621301775146,mark.mahmoud@hotmail.com,,797.04,2023-09-23,No Especificado,3.0,Male
CUST1401,Lina Ibrahim,54.455621301775146,lina.ibrahim@gmail.com,987654321.0,968.8,,Clothing,3.045305318450427,Male
CUST1402,Mark Gaber,54.455621301775146,mark.gaber@gmail.com,,517.27,2023-10-25,Home,3.045305318450427,Male
CUST1403,John Smith,81.0,john.smith@hotmail.com,,916.2,2024-06-27,Clothing,1.0,Female
CUST1404,Mark Ibrahim,48.0,mark.ibrahim@yahoo.com,,633.85,,Toys,5.0,No Especificado
CUST1405,Ali Gaber,54.455621301775146,ali.gaber@yahoo.com,123456789.0,738.83,2024-07-22,Books,3.045305318450427,Female
CUST1406,John Smith,54.455621301775146,john.smith@gmail.com,987654321.0,391.83,2025-06-19,No Especificado,2.0,Female
CUST1407,Alaa Ibrahim,46.0,alaa.ibrahim@yahoo.com,123456789.0,743.46,2025-06-29,No Especificado,3.0,Male
CUST1408,Sara Ibrahim,54.455621301775146,sara.ibrahim@gmail.com,,778.85,2023-05-14,No Especificado,4.0,Male
CUST1409,Sara Smith,54.455621301775146,sara.smith@gmail.com,,796.85,2024-07-22,No Especificado,4.0,Female
CUST1410,Mark Hassan,54.455621301775146,mark.hassan@yahoo.com,,603.89,2024-10-31,No Especificado,3.045305318450427,Female
CUST1411,Fatma Ibrahim,30.0,fatma.ibrahim@hotmail.com,,388.84,2023-09-25,Electronics,3.045305318450427,Male
CUST1412,Ali Mahmoud,54.455621301775146,ali.mahmoud@gmail.com,123456789.0,69.6,2024-05-06,Books,4.0,Male
CUST1413,Ali Ibrahim,54.455621301775146,ali.ibrahim@gmail.com,123456789.0,75.97,2023-12-29,Home,2.0,Female
CUST1414,Alaa Gaber,54.455621301775146,alaa.gaber@hotmail.com,,989.08,2025-04-08,Books,5.0,Female
CUST1415,Ahmed Gaber,54.455621301775146,ahmed.gaber@hotmail.com,,805.24,2022-11-02,No Especificado,4.0,Female
CUST1416,Sara Gaber,54.455621301775146,sara.gaber@yahoo.com,123456789.0,589.09,2024-10-05,Clothing,3.045305318450427,Female
CUST1417,Fatma Gaber,71.0,fatma.gaber@hotmail.com,123456789.0,519.42,2024-11-01,No Especificado,3.0,Female
CUST1418,Ali Ali,54.455621301775146,ali.ali@hotmail.com,,994.98,2025-07-04,Toys,3.0,Male
CUST1419,Sara Ibrahim,54.455621301775146,sara.ibrahim@yahoo.com,123456789.0,788.32,2025-04-07,Electronics,2.0,Female
CUST1420,Lina Gaber,50.0,lina.gaber@gmail.com,,607.73,2023-12-30,Home,3.045305318450427,Male
CUST1421,Lina Gaber,54.455621301775146,lina.gaber@gmail.com,987654321.0,914.12,2025-01-04,Clothing,3.045305318450427,Female
CUST1422,Alaa Ibrahim,52.0,alaa.ibrahim@gmail.com,,522.54,2023-03-21,No Especificado,3.045305318450427,No Especificado
CUST1423,Ahmed Ibrahim,54.455621301775146,ahmed.ibrahim@gmail.com,,145.66,2023-10-29,Books,3.0,Male
CUST1424,John Ali,80.0,john.ali@gmail.com,987654321.0,999.23,2024-06-30,Toys,5.0,Male
CUST1425,Fatma Hassan,54.455621301775146,fatma.hassan@yahoo.com,123456789.0,975.34,2024-03-26,Electronics,2.0,Female
CUST1426,Alaa Mahmoud,54.455621301775146,alaa.mahmoud@yahoo.com,123456789.0,595.84,2024-03-30,Clothing,1.0,Female
CUST1427,Ali Ali,54.455621301775146,ali.ali@yahoo.com,123456789.0,,2023-04-12,Books,2.0,Male
CUST1428,John Gaber,27.0,john.gaber@hotmail.com,123456789.0,28.63,2024-10-03,No Especificado,2.0,Male
CUST1429,Sara Smith,54.455621301775146,sara.smith@yahoo.com,987654321.0,664.35,2023-04-02,No Especificado,5.0,Female
CUST1430,Mark Ibrahim,54.455621301775146,mark.ibrahim@gmail.com,,706.1,2024-05-10,Books,3.045305318450427,Male
CUST1431,John Ali,30.0,john.ali@yahoo.com,123456789.0,185.57,2023-09-19,Toys,3.045305318450427,Female
CUST1432,Sara Mahmoud,54.455621301775146,sara.mahmoud@yahoo.com,,32.55,2024-12-27,Clothing,1.0,Female
CUST1433,John Mahmoud,54.455621301775146,john.mahmoud@hotmail.com,,835.0,2024-01-22,No Especificado,2.0,Female
CUST1434,Lina Ali,54.455621301775146,lina.ali@gmail.com,,241.62,2024-08-09,No Especificado,5.0,Male
CUST1435,Ali Ali,21.0,ali.ali@gmail.com,,680.91,2024-01-30,No Especificado,3.045305318450427,Female
CUST1436,Lina Ibrahim,54.455621301775146,lina.ibrahim@gmail.com,987654321.0,965.04,2024-07-04,No Especificado,2.0,Female
CUST1437,Mark Smith,54.455621301775146,mark.smith@gmail.com,123456789.0,433.8,2025-07-17,Home,3.045305318450427,Female
CUST1438,Fatma Gaber,54.455621301775146,fatma.gaber@yahoo.com,,549.1,2023-07-19,No Especificado,3.045305318450427,No Especificado
CUST1439,Alaa Smith,82.0,alaa.smith@hotmail.com,,824.07,2024-06-19,Electronics,3.045305318450427,Female
CUST1440,Ahmed Ibrahim,54.455621301775146,ahmed.ibrahim@yahoo.com,123456789.0,107.44,2023-03-11,Electronics,5.0,Female
CUST1441,Mark Mahmoud,54.455621301775146,mark.mahmoud@yahoo.com,123456789.0,234.2,,No Especificado,2.0,Male
CUST1442,Sara Gaber,54.455621301775146,sara.gaber@yahoo.com,987654321.0,314.29,2024-01-08,Home,3.045305318450427,Male
CUST1443,Lina Hassan,54.455621301775146,lina.hassan@gmail.com,,174.35,2023-02-08,Toys,2.0,No Especificado
CUST1444,Alaa Ibrahim,22.0,alaa.ibrahim@hotmail.com,123456789.0,730.76,2023-09-22,Home,5.0,Female
CUST1445,Lina Ibrahim,54.455621301775146,lina.ibrahim@hotmail.com,,383.7,2024-01-04,Toys,3.045305318450427,Male
CUST1446,Sara Ibrahim,54.455621301775146,sara.ibrahim@hotmail.com,,302.43,2023-08-26,Home,5.0,Female
CUST1447,Mark Mahmoud,66.0,mark.mahmoud@hotmail.com,987654321.0,462.47,2023-08-04,Toys,5.0,Male
CUST1448,Sara Mahmoud,54.455621301775146,sara.mahmoud@gmail.com,987654321.0,255.01,2024-06-21,No Especificado,3.0,Male
CUST1449,Ahmed Hassan,53.0,ahmed.hassan@yahoo.com,,833.13,2024-09-08,Home,2.0,Female
CUST1450,Ali Hassan,87.0,ali.hassan@gmail.com,123456789.0,814.29,2025-04-08,Books,5.0,Male
CUST1451,John Mahmoud,40.0,john.mahmoud@hotmail.com,,,2023-09-11,Clothing,3.045305318450427,Male
CUST1452,Sara Mahmoud,54.455621301775146,sara.mahmoud@hotmail.com,,862.72,2025-01-24,Home,3.045305318450427,Male
CUST1453,Fatma Ibrahim,54.455621301775146,fatma.ibrahim@yahoo.com,987654321.0,387.83,2024-05-31,No Especificado,4.0,Female
CUST1454,Fatma Gaber,69.0,fatma.gaber@yahoo.com,,53.71,2024-12-03,Clothing,4.0,Male
CUST1455,Ahmed Hassan,54.455621301775146,ahmed.hassan@hotmail.com,,979.43,2023-05-11,Home,3.045305318450427,Female
CUST1456,Mark Gaber,54.455621301775146,mark.gaber@gmail.com,,934.35,2023-12-09,Home,3.045305318450427,Male
CUST1457,Fatma Gaber,60.0,fatma.gaber@yahoo.com,123456789.0,85.72,2024-10-02,No Especificado,1.0,Male
CUST1458,John Mahmoud,63.0,john.mahmoud@gmail.com,987654321.0,266.57,2024-02-03,Clothing,2.0,Female
CUST1459,Mark Gaber,54.455621301775146,mark.gaber@hotmail.com,,855.43,2025-05-29,No Especificado,5.0,Female
CUST1460,Fatma Smith,54.455621301775146,fatma.smith@gmail.com,123456789.0,494.9,2024-08-22,Books,1.0,Male
CUST1461,Mark Hassan,54.455621301775146,mark.hassan@hotmail.com,987654321.0,278.31,2024-07-13,Electronics,5.0,Male
CUST1462,Lina Gaber,54.455621301775146,lina.gaber@yahoo.com,123456789.0,340.25,2023-10-26,Toys,5.0,Male
CUST1463,Alaa Mahmoud,54.455621301775146,alaa.mahmoud@yahoo.com,,22.17,2024-04-27,Electronics,3.045305318450427,No Especificado
CUST1464,Fatma Mahmoud,54.455621301775146,fatma.mahmoud@yahoo.com,987654321.0,25.35,2024-12-23,No Especificado,2.0,No Especificado
CUST1465,Mark Ali,54.455621301775146,mark.ali@yahoo.com,,284.98,2024-11-06,Clothing,4.0,Female
CUST1466,Ali Smith,54.455621301775146,ali.smith@yahoo.com,987654321.0,558.41,2023-09-17,Electronics,1.0,Male
CUST1467,John Mahmoud,54.455621301775146,john.mahmoud@yahoo.com,987654321.0,825.72,2023-12-28,Electronics,3.045305318450427,Female
CUST1468,John Gaber,54.455621301775146,john.gaber@hotmail.com,123456789.0,,2024-09-06,No Especificado,5.0,Male
CUST1469,Lina Smith,54.455621301775146,lina.smith@gmail.com,123456789.0,606.79,2024-10-24,Clothing,4.0,Male
CUST1470,Mark Ibrahim,54.455621301775146,mark.ibrahim@hotmail.com,,364.8,2023-04-06,Home,5.0,Male
CUST1471,Sara Smith,73.0,sara.smith@hotmail.com,,395.41,2024-09-25,Electronics,3.045305318450427,Female
CUST1472,John Smith,54.455621301775146,john.smith@gmail.com,987654321.0,822.47,2022-11-05,Books,4.0,Male
CUST1473,Sara Ibrahim,54.455621301775146,sara.ibrahim@gmail.com,,454.3,2024-08-17,Books,3.045305318450427,Female
CUST1474,Ali Hassan,54.455621301775146,ali.hassan@gmail.com,,397.42,2023-04-10,No Especificado,2.0,Male
CUST1475,Mark Ibrahim,54.455621301775146,mark.ibrahim@hotmail.com,123456789.0,958.05,2024-02-29,Electronics,3.0,Male
CUST1476,Ali Smith,54.455621301775146,ali.smith@hotmail.com,123456789.0,798.02,2023-08-23,Clothing,4.0,Male
CUST1477,Ahmed Smith,54.455621301775146,ahmed.smith@yahoo.com,,317.29,2023-08-25,No Especificado,3.045305318450427,Male
CUST1478,Fatma Hassan,54.455621301775146,fatma.hassan@gmail.com,123456789.0,207.48,2024-11-03,No Especificado,3.045305318450427,Female
CUST1479,Lina Gaber,54.455621301775146,lina.gaber@gmail.com,987654321.0,,2024-10-11,Books,3.045305318450427,Female
CUST1480,Ali Gaber,54.455621301775146,ali.gaber@yahoo.com,,532.98,2023-11-30,Electronics,3.045305318450427,Male
CUST1481,Alaa Ali,54.455621301775146,alaa.ali@hotmail.com,987654321.0,668.34,2024-10-14,Clothing,2.0,Male
CUST1482,Lina Smith,54.455621301775146,lina.smith@yahoo.com,123456789.0,890.73,2024-08-13,Home,3.045305318450427,Female
CUST1483,Ali Smith,54.455621301775146,ali.smith@hotmail.com,123456789.0,736.61,2024-03-08,Clothing,3.0,Female
CUST1484,Fatma Hassan,54.455621301775146,fatma.hassan@gmail.com,,963.78,2023-02-17,Home,3.045305318450427,Male
CUST1485,Lina Smith,54.455621301775146,lina.smith@hotmail.com,,125.45,2023-10-09,Books,2.0,Female
CUST1486,Lina Mahmoud,54.455621301775146,lina.mahmoud@yahoo.com,123456789.0,121.63,2024-08-04,Electronics,3.045305318450427,Male
CUST1487,Ahmed Hassan,84.0,ahmed.hassan@hotmail.com,123456789.0,685.83,2024-08-31,Clothing,3.0,Female
CUST1488,Ali Ibrahim,54.455621301775146,ali.ibrahim@gmail.com,,947.34,2023-08-07,Home,5.0,Female
CUST1489,Mark Smith,54.455621301775146,mark.smith@yahoo.com,,86.56,2023-12-07,Books,4.0,Male
CUST1490,Sara Smith,54.455621301775146,sara.smith@gmail.com,,968.33,2024-09-16,Home,3.045305318450427,Male
CUST1491,Sara Hassan,54.455621301775146,sara.hassan@gmail.com,987654321.0,300.1,2023-08-07,No Especificado,3.045305318450427,Female
CUST1492,Alaa Hassan,54.455621301775146,alaa.hassan@gmail.com,987654321.0,625.04,2023-06-09,No Especificado,3.045305318450427,Male
CUST1493,Fatma Ibrahim,66.0,fatma.ibrahim@yahoo.com,,709.02,2023-05-14,No Especificado,4.0,Female
CUST1494,Ahmed Hassan,54.455621301775146,ahmed.hassan@hotmail.com,123456789.0,778.69,2023-04-08,No Especificado,4.0,Female
CUST1495,Sara Ibrahim,54.455621301775146,sara.ibrahim@gmail.com,123456789.0,903.81,,Books,3.045305318450427,Male
CUST1496,John Hassan,54.455621301775146,john.hassan@hotmail.com,987654321.0,391.26,2025-05-03,Toys,5.0,Female
CUST1497,John Mahmoud,54.455621301775146,john.mahmoud@hotmail.com,987654321.0,520.06,2024-05-23,Electronics,5.0,No Especificado
CUST1498,Mark Hassan,54.455621301775146,mark.hassan@hotmail.com,,324.24,2025-07-05,Toys,3.0,Female
CUST1499,Fatma Gaber,54.455621301775146,fatma.gaber@hotmail.com,987654321.0,909.83,2022-10-30,Clothing,4.0,Female
CUST1500,Ahmed Ali,72.0,ahmed.ali@yahoo.com,,910.91,2024-11-30,Books,5.0,Female
CUST1501,Ali Ali,65.0,ali.ali@yahoo.com,123456789.0,80.13,,Electronics,5.0,Female
CUST1502,Mark Ali,21.0,mark.ali@hotmail.com,987654321.0,114.9,2025-05-21,Home,3.045305318450427,No Especificado
CUST1503,Lina Ibrahim,54.455621301775146,lina.ibrahim@yahoo.com,,194.24,2023-04-13,Clothing,3.0,Male
CUST1504,Alaa Ibrahim,56.0,alaa.ibrahim@hotmail.com,,964.52,2022-11-08,No Especificado,2.0,Female
CUST1505,Fatma Gaber,54.455621301775146,fatma.gaber@gmail.com,,567.93,2024-04-24,Electronics,3.0,Male
CUST1506,Ali Gaber,36.0,ali.gaber@gmail.com,987654321.0,204.66,2023-07-24,Toys,5.0,Female
CUST1507,Fatma Ali,54.455621301775146,fatma.ali@yahoo.com,,329.3,2022-12-22,Home,3.045305318450427,No Especificado
CUST1508,Alaa Ibrahim,54.455621301775146,alaa.ibrahim@gmail.com,,596.82,2025-06-06,No Especificado,1.0,Female
CUST1509,Lina Gaber,54.455621301775146,lina.gaber@gmail.com,987654321.0,952.9,2022-12-13,Books,3.0,No Especificado
CUST1510,Alaa Smith,54.455621301775146,alaa.smith@gmail.com,,956.7,2024-05-12,Toys,4.0,Male
CUST1511,John Smith,54.455621301775146,john.smith@gmail.com,123456789.0,711.26,2023-11-12,Books,5.0,No Especificado
CUST1512,Sara Gaber,54.455621301775146,sara.gaber@hotmail.com,123456789.0,981.65,2023-08-28,Clothing,5.0,Male
CUST1513,Alaa Smith,54.455621301775146,alaa.smith@gmail.com,987654321.0,84.61,2023-11-09,Toys,3.045305318450427,No Especificado
CUST1514,Mark Ibrahim,54.455621301775146,mark.ibrahim@gmail.com,123456789.0,971.83,2025-04-26,No Especificado,2.0,Female
CUST1515,Ahmed Hassan,54.455621301775146,ahmed.hassan@yahoo.com,,789.24,2025-02-17,Toys,1.0,Male
CUST1516,Mark Hassan,22.0,mark.hassan@gmail.com,123456789.0,95.19,2023-11-04,Books,3.045305318450427,Male
CUST1517,Ali Mahmoud,54.455621301775146,ali.mahmoud@yahoo.com,123456789.0,148.97,2024-03-03,Books,4.0,Female
CUST1518,Ali Hassan,54.455621301775146,ali.hassan@hotmail.com,123456789.0,964.28,2025-03-17,Books,1.0,Male
CUST1519,John Mahmoud,54.455621301775146,john.mahmoud@gmail.com,,560.86,2025-07-09,No Especificado,5.0,Male
CUST1520,Ahmed Smith,54.455621301775146,ahmed.smith@gmail.com,,377.46,2024-06-27,Books,3.0,Male
CUST1521,Alaa Smith,88.0,alaa.smith@hotmail.com,,778.35,2024-12-31,No Especificado,3.045305318450427,Female
CUST1522,John Gaber,54.455621301775146,john.gaber@hotmail.com,,59.15,2025-05-01,No Especificado,1.0,Male
CUST1523,Ahmed Gaber,54.455621301775146,ahmed.gaber@yahoo.com,,691.73,2023-10-17,Home,5.0,Male
CUST1524,Alaa Gaber,54.455621301775146,alaa.gaber@hotmail.com,,,2023-06-06,Toys,3.045305318450427,Male
CUST1525,Ali Ibrahim,54.455621301775146,ali.ibrahim@gmail.com,,444.22,2025-06-04,No Especificado,3.045305318450427,Female
CUST1526,Sara Hassan,54.455621301775146,sara.hassan@yahoo.com,123456789.0,935.32,2023-09-16,Books,2.0,Female
CUST1527,Lina Smith,41.0,lina.smith@hotmail.com,987654321.0,254.41,2025-05-22,Books,3.045305318450427,Male
CUST1528,John Smith,54.455621301775146,john.smith@gmail.com,987654321.0,928.22,2023-04-03,Books,1.0,Male
CUST1529,Sara Gaber,78.0,sara.gaber@hotmail.com,987654321.0,880.22,2023-08-21,Books,4.0,Female
CUST1530,Ahmed Hassan,54.455621301775146,ahmed.hassan@hotmail.com,,894.06,2023-06-18,No Especificado,5.0,Male
CUST1531,Lina Ibrahim,85.0,lina.ibrahim@gmail.com,,302.7,2025-07-03,Clothing,3.045305318450427,Female
CUST1532,Fatma Ibrahim,54.455621301775146,fatma.ibrahim@gmail.com,,136.42,2024-08-22,No Especificado,1.0,Female
CUST1533,Lina Gaber,54.455621301775146,lina.gaber@hotmail.com,,498.06,2025-07-23,Books,3.0,Female
CUST1534,Lina Ibrahim,56.0,lina.ibrahim@gmail.com,,480.31,2024-03-06,Electronics,4.0,Male
CUST1535,Lina Ali,46.0,lina.ali@gmail.com,,741.91,2022-12-29,Electronics,3.045305318450427,Female
CUST1536,Ahmed Mahmoud,67.0,ahmed.mahmoud@hotmail.com,123456789.0,103.05,2025-01-13,Clothing,2.0,Male
CUST1537,Fatma Smith,64.0,fatma.smith@yahoo.com,987654321.0,784.25,2024-06-22,Clothing,2.0,No Especificado
CUST1538,Ali Hassan,54.455621301775146,ali.hassan@hotmail.com,123456789.0,754.93,2024-09-11,No Especificado,1.0,Male
CUST1539,Ahmed Mahmoud,54.455621301775146,ahmed.mahmoud@yahoo.com,,846.35,,Home,2.0,Male
CUST1540,John Gaber,77.0,john.gaber@gmail.com,123456789.0,921.28,2023-12-25,Electronics,3.0,Male
CUST1541,Lina Ibrahim,54.455621301775146,lina.ibrahim@yahoo.com,,155.98,2025-03-03,Toys,3.045305318450427,Male
CUST1542,Alaa Smith,54.455621301775146,alaa.smith@yahoo.com,,85.3,2025-02-23,Home,3.045305318450427,Male
CUST1543,Sara Ibrahim,54.455621301775146,sara.ibrahim@gmail.com,,29.38,2023-09-30,Electronics,5.0,Female
CUST1544,Ahmed Ibrahim,54.455621301775146,ahmed.ibrahim@yahoo.com,123456789.0,120.0,2023-01-17,Books,3.045305318450427,Male
CUST1545,Sara Mahmoud,54.455621301775146,sara.mahmoud@yahoo.com,,881.42,2025-07-09,Clothing,3.0,Male
CUST1546,John Ali,54.455621301775146,john.ali@gmail.com,,183.48,2024-01-06,Home,3.0,Male
CUST1547,Alaa Smith,54.455621301775146,alaa.smith@hotmail.com,,853.06,2024-07-04,No Especificado,1.0,Male
CUST1548,Alaa Gaber,54.455621301775146,alaa.gaber@yahoo.com,987654321.0,556.95,2023-01-31,Electronics,3.045305318450427,No Especificado
CUST1549,Lina Ali,54.455621301775146,lina.ali@hotmail.com,987654321.0,793.73,2022-11-18,Toys,1.0,Female
CUST1550,Fatma Hassan,54.455621301775146,fatma.hassan@gmail.com,987654321.0,893.87,2023-07-03,Clothing,3.045305318450427,Female
CUST1551,Alaa Mahmoud,72.0,alaa.mahmoud@yahoo.com,,23.46,2025-02-13,No Especificado,3.045305318450427,Male
CUST1552,Fatma Gaber,54.455621301775146,fatma.gaber@yahoo.com,987654321.0,432.89,2023-02-17,Electronics,2.0,Female
CUST1553,Sara Ibrahim,54.455621301775146,sara.ibrahim@hotmail.com,123456789.0,859.53,2025-01-13,Books,3.0,Female
CUST1554,Sara Gaber,57.0,sara.gaber@hotmail.com,,502.53,2025-06-21,No Especificado,3.0,Female
CUST1555,Sara Smith,54.455621301775146,sara.smith@gmail.com,,116.19,2023-02-11,No Especificado,1.0,Male
CUST1556,John Mahmoud,54.455621301775146,john.mahmoud@hotmail.com,,237.03,2023-05-22,Books,3.045305318450427,Male
CUST1557,Alaa Ali,54.455621301775146,alaa.ali@hotmail.com,123456789.0,430.51,,Home,3.045305318450427,Male
CUST1558,Alaa Gaber,54.455621301775146,alaa.gaber@gmail.com,,907.02,2024-11-13,Electronics,4.0,Female
CUST1559,Ali Ibrahim,56.0,ali.ibrahim@yahoo.com,,279.27,2024-08-19,Electronics,3.0,No Especificado
CUST1560,Alaa Ibrahim,54.455621301775146,alaa.ibrahim@yahoo.com,123456789.0,861.41,2023-05-25,No Especificado,1.0,Male
CUST1561,Fatma Mahmoud,54.455621301775146,fatma.mahmoud@gmail.com,,220.77,2023-03-31,Books,3.045305318450427,No Especificado
CUST1562,Lina Hassan,54.455621301775146,lina.hassan@gmail.com,,817.83,2024-10-17,Clothing,3.045305318450427,Female
CUST1563,John Ibrahim,54.455621301775146,john.ibrahim@hotmail.com,,942.39,2024-03-26,Toys,3.0,No Especificado
CUST1564,Sara Ibrahim,54.455621301775146,sara.ibrahim@hotmail.com,,410.69,2025-05-31,Electronics,3.045305318450427,Female
CUST1565,Lina Smith,54.455621301775146,lina.smith@yahoo.com,,149.73,2023-02-01,Toys,2.0,Male
CUST1566,Mark Smith,49.0,mark.smith@gmail.com,,105.86,2024-09-01,Books,5.0,No Especificado
CUST1567,Ahmed Hassan,54.455621301775146,ahmed.hassan@yahoo.com,123456789.0,891.41,2023-10-13,Clothing,3.0,Male
CUST1568,Ahmed Ibrahim,54.455621301775146,ahmed.ibrahim@yahoo.com,,299.36,2025-03-10,No Especificado,3.0,Male
CUST1569,Ali Ibrahim,54.455621301775146,ali.ibrahim@gmail.com,,73.05,2023-06-20,Books,3.045305318450427,No Especificado
CUST1570,John Ibrahim,48.0,john.ibrahim@hotmail.com,,68.41,2024-03-08,Toys,3.0,Female
CUST1571,Alaa Ali,66.0,alaa.ali@yahoo.com,,987.4,2025-05-02,Electronics,3.045305318450427,No Especificado
CUST1572,Lina Gaber,45.0,lina.gaber@gmail.com,123456789.0,543.1,2023-01-11,Electronics,3.045305318450427,No Especificado
CUST1573,Sara Hassan,54.455621301775146,sara.hassan@gmail.com,123456789.0,345.42,2025-04-05,No Especificado,3.045305318450427,Female
CUST1574,Alaa Hassan,54.455621301775146,alaa.hassan@gmail.com,123456789.0,64.47,2023-09-22,Books,5.0,Male
CUST1575,John Mahmoud,54.455621301775146,john.mahmoud@gmail.com,,820.32,2025-03-24,Books,1.0,Female
CUST1576,Alaa Smith,54.455621301775146,alaa.smith@hotmail.com,,687.85,2023-12-03,Books,1.0,Male
CUST1577,Mark Ibrahim,54.455621301775146,mark.ibrahim@gmail.com,123456789.0,449.64,2024-05-01,Clothing,3.045305318450427,Female
CUST1578,Ali Smith,54.455621301775146,ali.smith@gmail.com,987654321.0,,,No Especificado,5.0,Male
CUST1579,Ahmed Ali,54.455621301775146,ahmed.ali@yahoo.com,123456789.0,311.98,2024-12-26,Home,3.045305318450427,Male
CUST1580,Ali Hassan,54.455621301775146,ali.hassan@hotmail.com,,183.34,2024-02-13,Toys,3.045305318450427,Male
CUST1581,Alaa Hassan,54.455621301775146,alaa.hassan@gmail.com,,148.41,2025-03-23,No Especificado,3.0,Female
CUST1582,Alaa Ali,38.0,alaa.ali@yahoo.com,987654321.0,,2025-05-14,No Especificado,1.0,Female
CUST1583,Sara Hassan,54.455621301775146,sara.hassan@gmail.com,987654321.0,549.44,2023-12-18,Clothing,5.0,Female
CUST1584,Fatma Ali,54.455621301775146,fatma.ali@gmail.com,,545.1,2024-10-02,No Especificado,4.0,No Especificado
CUST1585,Lina Mahmoud,54.455621301775146,lina.mahmoud@gmail.com,987654321.0,147.78,2025-04-01,Home,4.0,Female
CUST1586,Ahmed Smith,54.455621301775146,ahmed.smith@hotmail.com,,563.77,2023-05-25,No Especificado,2.0,Female
CUST1587,John Ali,54.455621301775146,john.ali@yahoo.com,123456789.0,843.11,2024-11-24,Home,3.0,Male
CUST1588,Alaa Smith,90.0,alaa.smith@gmail.com,987654321.0,650.91,2023-08-25,Home,3.045305318450427,Female
CUST1589,Ali Ali,54.455621301775146,ali.ali@gmail.com,,790.08,2025-03-18,Home,1.0,No Especificado
CUST1590,Alaa Mahmoud,54.455621301775146,alaa.mahmoud@hotmail.com,,785.97,2024-12-09,No Especificado,1.0,No Especificado
CUST1591,Alaa Smith,54.455621301775146,alaa.smith@yahoo.com,,125.98,2022-11-22,Clothing,4.0,Male
CUST1592,John Mahmoud,54.455621301775146,john.mahmoud@hotmail.com,987654321.0,190.64,2025-01-15,No Especificado,3.0,Male
CUST1593,Sara Hassan,54.455621301775146,sara.hassan@gmail.com,,250.25,2025-03-14,Home,3.0,Male
CUST1594,John Ibrahim,54.455621301775146,john.ibrahim@hotmail.com,123456789.0,,2023-04-22,Clothing,5.0,Male
CUST1595,Lina Mahmoud,77.0,lina.mahmoud@yahoo.com,,667.95,2025-03-05,Clothing,4.0,Male
CUST1596,Sara Ibrahim,54.455621301775146,sara.ibrahim@gmail.com,123456789.0,734.3,2024-05-22,No Especificado,3.045305318450427,Male
CUST1597,Ali Hassan,54.455621301775146,ali.hassan@hotmail.com,,51.87,2024-07-15,Toys,3.0,Female
CUST1598,Mark Ibrahim,54.455621301775146,mark.ibrahim@yahoo.com,,984.22,,Electronics,4.0,Male
CUST1599,Fatma Smith,54.455621301775146,fatma.smith@yahoo.com,,467.98,2023-01-10,Books,1.0,Female
CUST1600,Lina Hassan,54.455621301775146,lina.hassan@gmail.com,,884.44,2025-03-06,Home,5.0,Male
CUST1601,Fatma Ali,54.0,fatma.ali@gmail.com,,820.41,2024-07-28,No Especificado,5.0,Male
CUST1602,Alaa Gaber,54.455621301775146,alaa.gaber@yahoo.com,987654321.0,259.04,2023-01-07,Electronics,1.0,Male
CUST1603,Fatma Ibrahim,54.455621301775146,fatma.ibrahim@yahoo.com,123456789.0,894.83,2024-09-17,Toys,4.0,No Especificado
CUST1604,Ali Mahmoud,54.455621301775146,ali.mahmoud@yahoo.com,123456789.0,872.56,2024-02-06,No Especificado,1.0,Male
CUST1605,Lina Ali,80.0,lina.ali@hotmail.com,,789.42,2024-08-13,No Especificado,3.045305318450427,Female
CUST1606,John Smith,54.455621301775146,john.smith@gmail.com,,346.18,2024-10-01,Clothing,3.0,Female
CUST1607,Lina Ali,54.455621301775146,lina.ali@yahoo.com,987654321.0,316.66,2024-09-27,Electronics,2.0,Female
CUST1608,Ahmed Ibrahim,74.0,ahmed.ibrahim@hotmail.com,,931.21,2024-07-30,No Especificado,4.0,Female
CUST1609,Fatma Ali,79.0,fatma.ali@hotmail.com,,783.2,2024-07-07,Books,1.0,Female
CUST1610,Ali Smith,54.455621301775146,ali.smith@hotmail.com,123456789.0,69.35,2022-12-17,Books,2.0,Male
CUST1611,Fatma Hassan,39.0,fatma.hassan@hotmail.com,987654321.0,339.74,2024-04-28,No Especificado,4.0,Male
CUST1612,Lina Ibrahim,54.455621301775146,lina.ibrahim@gmail.com,987654321.0,215.4,2025-01-01,Home,3.045305318450427,Male
CUST1613,John Smith,54.455621301775146,john.smith@gmail.com,123456789.0,581.83,2024-09-23,Toys,2.0,Female
CUST1614,Sara Ali,64.0,sara.ali@yahoo.com,123456789.0,572.71,2023-01-29,Toys,3.045305318450427,Male
CUST1615,Ali Smith,54.455621301775146,ali.smith@yahoo.com,,679.96,2024-08-21,Toys,3.045305318450427,Female
CUST1616,John Ibrahim,54.455621301775146,john.ibrahim@yahoo.com,,543.87,2023-11-23,No Especificado,3.045305318450427,Male
CUST1617,Sara Hassan,54.455621301775146,sara.hassan@hotmail.com,123456789.0,746.9,,No Especificado,4.0,Female
CUST1618,Alaa Gaber,54.455621301775146,alaa.gaber@hotmail.com,123456789.0,456.41,2024-10-16,No Especificado,3.0,Male
CUST1619,Lina Gaber,54.455621301775146,lina.gaber@gmail.com,123456789.0,,2022-12-21,Electronics,1.0,Female
CUST1620,Alaa Smith,54.455621301775146,alaa.smith@hotmail.com,987654321.0,213.04,,Toys,1.0,Female
CUST1621,Fatma Hassan,54.455621301775146,fatma.hassan@hotmail.com,,37.22,2024-02-18,Books,3.0,Male
CUST1622,Sara Hassan,54.455621301775146,sara.hassan@yahoo.com,,270.64,2024-06-23,No Especificado,3.045305318450427,No Especificado
CUST1623,Alaa Smith,21.0,alaa.smith@yahoo.com,,706.71,2025-05-07,Electronics,5.0,Female
CUST1624,Mark Mahmoud,54.455621301775146,mark.mahmoud@gmail.com,,222.07,2024-04-11,Books,4.0,Female
CUST1625,Fatma Ibrahim,54.455621301775146,fatma.ibrahim@hotmail.com,,318.73,2024-02-21,No Especificado,5.0,Female
CUST1626,Ahmed Ali,54.455621301775146,ahmed.ali@yahoo.com,,175.15,2025-02-10,Home,3.045305318450427,Male
CUST1627,Ali Smith,22.0,ali.smith@gmail.com,,704.24,2022-11-03,Books,4.0,Female
CUST1628,Ahmed Ibrahim,54.455621301775146,ahmed.ibrahim@hotmail.com,,580.16,2023-05-24,Books,2.0,Male
CUST1629,Sara Hassan,43.0,sara.hassan@yahoo.com,123456789.0,394.89,2022-11-18,Books,3.0,Female
CUST1630,Sara Smith,54.455621301775146,sara.smith@yahoo.com,,724.41,2023-06-12,Clothing,2.0,No Especificado
CUST1631,Lina Mahmoud,18.0,lina.mahmoud@gmail.com,,998.16,2023-10-09,Books,5.0,Female
CUST1632,John Ibrahim,54.455621301775146,john.ibrahim@yahoo.com,123456789.0,352.96,2023-10-04,Clothing,2.0,Male
CUST1633,Sara Gaber,54.455621301775146,sara.gaber@hotmail.com,,576.84,2024-01-16,Clothing,4.0,Male
CUST1634,John Hassan,54.455621301775146,john.hassan@hotmail.com,987654321.0,389.59,2024-01-10,No Especificado,3.045305318450427,No Especificado
CUST1635,Ali Smith,54.455621301775146,ali.smith@yahoo.com,,553.52,2024-06-26,Toys,1.0,Female
CUST1636,Ahmed Ibrahim,54.455621301775146,ahmed.ibrahim@gmail.com,,474.8,2025-03-21,Home,3.045305318450427,Male
CUST1637,Sara Smith,54.455621301775146,sara.smith@gmail.com,,451.41,2023-02-13,No Especificado,3.045305318450427,Female
CUST1638,Ahmed Ali,32.0,ahmed.ali@yahoo.com,,817.01,2023-12-04,Home,3.0,Female
CUST1639,Mark Hassan,54.455621301775146,mark.hassan@gmail.com,,465.11,2023-10-07,Electronics,5.0,Female
CUST1640,Alaa Smith,37.0,alaa.smith@yahoo.com,,654.18,2023-03-10,No Especificado,3.045305318450427,Male
CUST1641,Ahmed Ibrahim,68.0,ahmed.ibrahim@gmail.com,,766.77,2024-03-23,No Especificado,4.0,Female
CUST1642,Mark Hassan,54.455621301775146,mark.hassan@yahoo.com,987654321.0,911.05,2024-10-17,Toys,3.045305318450427,Male
CUST1643,Sara Ali,88.0,sara.ali@hotmail.com,123456789.0,722.13,2022-12-05,No Especificado,3.045305318450427,Female
CUST1644,John Ali,54.455621301775146,john.ali@gmail.com,987654321.0,670.35,2024-09-01,Toys,3.045305318450427,Male
CUST1645,Ali Mahmoud,54.455621301775146,ali.mahmoud@yahoo.com,,580.94,2024-09-24,No Especificado,3.045305318450427,No Especificado
CUST1646,Ahmed Smith,54.455621301775146,ahmed.smith@yahoo.com,,690.67,2023-08-26,Home,4.0,No Especificado
CUST1647,Ali Ibrahim,54.455621301775146,ali.ibrahim@hotmail.com,123456789.0,282.13,2023-03-26,Clothing,3.045305318450427,Female
CUST1648,Mark Gaber,54.455621301775146,mark.gaber@gmail.com,,568.45,2024-09-20,No Especificado,3.045305318450427,Male
CUST1649,Fatma Smith,54.455621301775146,fatma.smith@gmail.com,,207.91,2025-03-25,No Especificado,2.0,Male
CUST1650,Lina Ibrahim,54.455621301775146,lina.ibrahim@hotmail.com,987654321.0,304.37,2023-05-26,No Especificado,5.0,Male
CUST1651,Mark Mahmoud,54.455621301775146,mark.mahmoud@hotmail.com,,145.39,2022-11-29,No Especificado,2.0,Female
CUST1652,Sara Hassan,54.455621301775146,sara.hassan@yahoo.com,123456789.0,297.5,2023-10-20,No Especificado,4.0,Female
CUST1653,Sara Gaber,54.455621301775146,sara.gaber@gmail.com,987654321.0,243.64,2022-11-22,Books,1.0,Male
CUST1654,Sara Gaber,54.455621301775146,sara.gaber@hotmail.com,,118.97,2024-07-19,Electronics,3.045305318450427,No Especificado
CUST1655,Sara Smith,89.0,sara.smith@gmail.com,,465.8,2023-09-09,Clothing,3.0,No Especificado
CUST1656,Fatma Gaber,54.455621301775146,fatma.gaber@yahoo.com,123456789.0,340.6,2024-05-04,No Especificado,2.0,Female
CUST1657,Ali Ali,35.0,ali.ali@gmail.com,987654321.0,125.83,2024-10-16,No Especificado,3.0,Female
CUST1658,Fatma Hassan,54.455621301775146,fatma.hassan@hotmail.com,987654321.0,496.34,2025-07-14,Electronics,3.045305318450427,Male
CUST1659,Sara Ali,54.455621301775146,sara.ali@yahoo.com,123456789.0,503.31,2024-02-03,Books,3.045305318450427,Female
CUST1660,Ahmed Smith,54.455621301775146,ahmed.smith@gmail.com,987654321.0,591.98,2025-01-14,Toys,3.045305318450427,Female
CUST1661,John Smith,54.455621301775146,john.smith@gmail.com,987654321.0,705.61,2023-01-29,Home,3.045305318450427,Male
CUST1662,Ali Hassan,54.455621301775146,ali.hassan@hotmail.com,123456789.0,873.12,2025-06-23,Electronics,5.0,Female
CUST1663,Ahmed Hassan,54.455621301775146,ahmed.hassan@hotmail.com,,,2024-12-23,No Especificado,5.0,No Especificado
CUST1664,Fatma Smith,54.455621301775146,fatma.smith@gmail.com,987654321.0,197.44,2025-06-25,No Especificado,1.0,Female
CUST1665,Sara Gaber,54.455621301775146,sara.gaber@gmail.com,987654321.0,338.65,,No Especificado,5.0,Male
CUST1666,Ali Gaber,71.0,ali.gaber@yahoo.com,123456789.0,597.31,2024-08-08,Home,3.045305318450427,Female
CUST1667,Ali Ibrahim,54.455621301775146,ali.ibrahim@hotmail.com,,413.17,2023-06-24,Clothing,2.0,Male
CUST1668,John Smith,68.0,john.smith@gmail.com,987654321.0,314.68,2022-12-21,Toys,3.045305318450427,No Especificado
CUST1669,John Gaber,54.455621301775146,john.gaber@yahoo.com,987654321.0,218.72,2022-12-26,No Especificado,3.0,Female
CUST1670,Mark Hassan,37.0,mark.hassan@hotmail.com,987654321.0,409.97,2023-04-27,Toys,3.045305318450427,Female
CUST1671,Alaa Smith,38.0,alaa.smith@yahoo.com,987654321.0,372.73,2025-03-22,Books,3.045305318450427,Male
CUST1672,Fatma Gaber,54.455621301775146,fatma.gaber@yahoo.com,987654321.0,572.33,2024-04-04,Electronics,3.045305318450427,Male
CUST1673,Mark Hassan,34.0,mark.hassan@yahoo.com,987654321.0,48.81,2024-08-11,Books,4.0,Female
CUST1674,Sara Gaber,54.455621301775146,sara.gaber@hotmail.com,,740.1,2024-05-04,Clothing,3.045305318450427,Female
CUST1675,Ahmed Hassan,32.0,ahmed.hassan@hotmail.com,,949.78,2024-09-03,Home,3.045305318450427,Female
CUST1676,Mark Ali,54.455621301775146,mark.ali@gmail.com,123456789.0,842.36,2024-05-12,Home,3.045305318450427,Male
CUST1677,Sara Hassan,54.455621301775146,sara.hassan@gmail.com,,793.81,2022-12-31,No Especificado,3.0,Male
CUST1678,Fatma Ali,31.0,fatma.ali@hotmail.com,987654321.0,513.63,2024-01-09,Clothing,1.0,No Especificado
CUST1679,Mark Hassan,54.455621301775146,mark.hassan@gmail.com,,26.49,2023-12-14,Books,3.0,Female
CUST1680,Lina Gaber,54.455621301775146,lina.gaber@hotmail.com,,759.1,2024-04-22,Books,3.045305318450427,Male
CUST1681,Mark Ibrahim,54.455621301775146,mark.ibrahim@gmail.com,,857.36,2025-07-07,Electronics,3.045305318450427,Male
CUST1682,Sara Smith,54.455621301775146,sara.smith@yahoo.com,123456789.0,555.03,2025-06-09,No Especificado,5.0,Male
CUST1683,Mark Ali,57.0,mark.ali@gmail.com,,443.63,2023-06-27,Toys,1.0,Male
CUST1684,Sara Mahmoud,54.455621301775146,sara.mahmoud@hotmail.com,123456789.0,899.15,2024-03-28,No Especificado,5.0,No Especificado
CUST1685,Lina Ali,54.455621301775146,lina.ali@hotmail.com,987654321.0,928.77,2025-06-21,Books,4.0,No Especificado
CUST1686,Ahmed Ibrahim,54.455621301775146,ahmed.ibrahim@yahoo.com,123456789.0,42.66,2023-03-26,Electronics,3.045305318450427,Male
CUST1687,Alaa Ibrahim,54.455621301775146,alaa.ibrahim@yahoo.com,123456789.0,999.56,2025-05-16,Electronics,1.0,Female
CUST1688,Sara Gaber,54.455621301775146,sara.gaber@hotmail.com,,796.83,2023-12-30,Clothing,3.0,Female
CUST1689,Sara Gaber,54.455621301775146,sara.gaber@yahoo.com,,56.7,2024-12-03,Clothing,3.0,Male
CUST1690,Lina Hassan,54.455621301775146,lina.hassan@gmail.com,123456789.0,737.59,2023-04-25,Toys,1.0,Male
CUST1691,Mark Mahmoud,54.455621301775146,mark.mahmoud@hotmail.com,123456789.0,601.36,2025-01-12,No Especificado,1.0,Female
CUST1692,Ahmed Smith,54.455621301775146,ahmed.smith@gmail.com,,587.8,2023-08-07,Home,1.0,Male
CUST1693,Mark Smith,54.455621301775146,mark.smith@yahoo.com,,172.89,2023-10-31,No Especificado,4.0,No Especificado
CUST1694,John Ali,54.455621301775146,john.ali@yahoo.com,987654321.0,250.47,2024-02-05,No Especificado,5.0,Female
CUST1695,Ahmed Smith,54.455621301775146,ahmed.smith@hotmail.com,,340.8,2024-09-19,Home,5.0,Female
CUST1696,Lina Ibrahim,21.0,lina.ibrahim@hotmail.com,,393.94,2025-07-08,Home,3.045305318450427,Male
CUST1697,Ali Hassan,54.455621301775146,ali.hassan@hotmail.com,987654321.0,828.37,2023-09-20,No Especificado,5.0,Female
CUST1698,Alaa Hassan,57.0,alaa.hassan@gmail.com,,419.65,2024-12-17,Books,3.045305318450427,Female
CUST1699,Ahmed Ali,65.0,ahmed.ali@gmail.com,,182.4,,Electronics,2.0,Female
CUST1700,Ahmed Mahmoud,58.0,ahmed.mahmoud@hotmail.com,,730.53,2023-11-05,No Especificado,3.045305318450427,Male
CUST1701,Sara Ali,54.455621301775146,sara.ali@yahoo.com,,272.75,,Electronics,4.0,Female
CUST1702,Sara Ibrahim,40.0,sara.ibrahim@gmail.com,,861.93,2023-09-21,Clothing,2.0,Male
CUST1703,Alaa Gaber,17.0,alaa.gaber@hotmail.com,123456789.0,389.63,2025-05-05,Books,1.0,Male
CUST1704,Alaa Hassan,72.0,alaa.hassan@hotmail.com,,891.56,2023-12-30,Electronics,5.0,Female
CUST1705,Ahmed Hassan,47.0,ahmed.hassan@gmail.com,,829.61,2025-05-26,Books,3.045305318450427,Male
CUST1706,Alaa Hassan,54.455621301775146,alaa.hassan@hotmail.com,123456789.0,52.27,2025-04-16,Toys,1.0,Female
CUST1707,Lina Smith,54.455621301775146,lina.smith@gmail.com,,,2022-11-28,No Especificado,1.0,Male
CUST1708,Ahmed Mahmoud,50.0,ahmed.mahmoud@hotmail.com,,988.51,2024-08-27,Electronics,5.0,Male
CUST1709,Lina Hassan,54.455621301775146,lina.hassan@gmail.com,123456789.0,907.59,2023-10-07,Electronics,2.0,Male
CUST1710,Alaa Ali,54.455621301775146,alaa.ali@gmail.com,,314.8,2023-12-22,Toys,3.0,Female
CUST1711,Sara Mahmoud,54.455621301775146,sara.mahmoud@yahoo.com,123456789.0,406.38,2023-08-23,Electronics,5.0,Male
CUST1712,Sara Gaber,54.455621301775146,sara.gaber@gmail.com,987654321.0,723.88,2025-02-20,No Especificado,3.045305318450427,Female
CUST1713,Fatma Mahmoud,54.455621301775146,fatma.mahmoud@gmail.com,,369.18,2024-05-23,No Especificado,3.045305318450427,Female
CUST1714,Sara Gaber,54.455621301775146,sara.gaber@hotmail.com,,916.9,2024-04-20,No Especificado,4.0,Male
CUST1715,Ahmed Hassan,54.455621301775146,ahmed.hassan@hotmail.com,987654321.0,605.1,2023-10-24,Home,3.045305318450427,Male
CUST1716,Mark Ali,54.455621301775146,mark.ali@yahoo.com,,80.99,2023-08-17,Books,2.0,Female
CUST1717,Sara Hassan,54.455621301775146,sara.hassan@yahoo.com,123456789.0,556.6,2024-07-03,Electronics,3.045305318450427,Female
CUST1718,Mark Ali,54.455621301775146,mark.ali@gmail.com,,436.91,,Electronics,3.0,Male
CUST1719,Mark Smith,54.455621301775146,mark.smith@yahoo.com,123456789.0,346.25,2023-10-14,Home,3.045305318450427,Female
CUST1720,Mark Ali,34.0,mark.ali@yahoo.com,,,2024-12-21,Toys,3.045305318450427,Female
CUST1721,Lina Mahmoud,54.455621301775146,lina.mahmoud@gmail.com,987654321.0,620.64,2023-04-13,Clothing,3.0,Male
CUST1722,Lina Ali,54.455621301775146,lina.ali@yahoo.com,,715.61,2025-05-14,No Especificado,4.0,Male
CUST1723,Ali Ibrahim,54.455621301775146,ali.ibrahim@yahoo.com,987654321.0,949.91,2022-11-07,Books,3.045305318450427,Male
CUST1724,Sara Ibrahim,54.455621301775146,sara.ibrahim@hotmail.com,,113.77,2023-07-22,Toys,4.0,Female
CUST1725,Lina Gaber,54.455621301775146,lina.gaber@hotmail.com,,569.5,2024-12-28,Toys,2.0,Male
CUST1726,Sara Ali,54.455621301775146,sara.ali@hotmail.com,,116.61,2023-04-20,Books,3.0,Female
CUST1727,Mark Mahmoud,54.455621301775146,mark.mahmoud@yahoo.com,,860.56,2023-05-17,No Especificado,3.045305318450427,Female
CUST1728,Fatma Smith,76.0,fatma.smith@yahoo.com,123456789.0,787.86,2023-01-03,Clothing,4.0,Male
CUST1729,Ahmed Hassan,54.455621301775146,ahmed.hassan@hotmail.com,,530.76,2024-12-11,Electronics,4.0,Female
CUST1730,Lina Hassan,54.455621301775146,lina.hassan@hotmail.com,987654321.0,257.43,2024-03-04,Books,3.045305318450427,Female
CUST1731,Fatma Ibrahim,54.455621301775146,fatma.ibrahim@hotmail.com,987654321.0,113.91,2024-10-05,Electronics,5.0,Male
CUST1732,Fatma Hassan,32.0,fatma.hassan@gmail.com,987654321.0,165.11,2024-10-03,Toys,3.0,Female
CUST1733,Sara Hassan,47.0,sara.hassan@gmail.com,,920.96,2025-05-29,No Especificado,2.0,Male
CUST1734,John Ibrahim,54.455621301775146,john.ibrahim@yahoo.com,123456789.0,42.95,2025-02-20,Clothing,3.0,No Especificado
CUST1735,Ali Gaber,54.455621301775146,ali.gaber@yahoo.com,,653.34,2024-02-04,Books,1.0,Female
CUST1736,John Ibrahim,54.455621301775146,john.ibrahim@hotmail.com,987654321.0,304.74,2023-07-11,Electronics,3.0,Female
CUST1737,Fatma Gaber,54.455621301775146,fatma.gaber@yahoo.com,,570.82,2025-04-18,No Especificado,3.045305318450427,Male
CUST1738,Ali Ali,54.455621301775146,ali.ali@yahoo.com,,,2023-04-26,Clothing,3.045305318450427,Female
CUST1739,John Hassan,54.455621301775146,john.hassan@hotmail.com,,338.57,2025-02-20,No Especificado,1.0,Male
CUST1740,Mark Mahmoud,54.455621301775146,mark.mahmoud@yahoo.com,,450.25,2024-10-01,Toys,1.0,Male
CUST1741,Ali Hassan,54.455621301775146,ali.hassan@hotmail.com,,372.13,2023-09-06,No Especificado,5.0,Female
CUST1742,Lina Mahmoud,54.455621301775146,lina.mahmoud@hotmail.com,,678.62,2024-10-07,No Especificado,2.0,Female
CUST1743,Sara Mahmoud,54.455621301775146,sara.mahmoud@gmail.com,,508.68,2024-06-08,No Especificado,5.0,Female
CUST1744,Mark Mahmoud,54.455621301775146,mark.mahmoud@gmail.com,123456789.0,682.32,2023-01-08,Home,3.045305318450427,Female
CUST1745,Fatma Smith,54.455621301775146,fatma.smith@hotmail.com,987654321.0,868.67,2023-04-18,Electronics,1.0,Male
CUST1746,Mark Hassan,54.455621301775146,mark.hassan@yahoo.com,,42.47,2024-02-10,Clothing,3.045305318450427,Female
CUST1747,John Gaber,54.455621301775146,john.gaber@gmail.com,123456789.0,275.5,2024-11-18,Electronics,3.045305318450427,Female
CUST1748,Alaa Gaber,54.455621301775146,alaa.gaber@hotmail.com,,806.14,2022-11-11,No Especificado,3.045305318450427,Male
CUST1749,Fatma Mahmoud,54.455621301775146,fatma.mahmoud@hotmail.com,123456789.0,901.28,2024-01-26,Clothing,4.0,Male
CUST1750,Lina Ali,54.455621301775146,lina.ali@hotmail.com,,789.64,2025-03-22,Clothing,3.045305318450427,Male
CUST1751,Sara Smith,54.455621301775146,sara.smith@hotmail.com,,601.3,,Toys,5.0,Female
CUST1752,Sara Smith,64.0,sara.smith@hotmail.com,123456789.0,982.24,2023-01-26,Home,3.0,Male
CUST1753,Ali Gaber,54.455621301775146,ali.gaber@hotmail.com,987654321.0,119.58,2025-03-12,Home,3.0,Female
CUST1754,Sara Hassan,53.0,sara.hassan@yahoo.com,123456789.0,102.21,2025-07-12,No Especificado,1.0,Male
CUST1755,Fatma Ali,42.0,fatma.ali@yahoo.com,123456789.0,681.97,2023-04-30,Home,2.0,Female
CUST1756,Ahmed Ibrahim,54.455621301775146,ahmed.ibrahim@gmail.com,,638.1,2025-05-26,Toys,3.045305318450427,Female
CUST1757,Sara Hassan,54.455621301775146,sara.hassan@hotmail.com,,875.31,2023-10-18,No Especificado,2.0,Male
CUST1758,Sara Mahmoud,54.455621301775146,sara.mahmoud@yahoo.com,123456789.0,7.31,2025-06-26,Home,2.0,Female
CUST1759,Mark Ibrahim,54.455621301775146,mark.ibrahim@gmail.com,987654321.0,899.27,2022-12-17,Home,1.0,Male
CUST1760,Ahmed Ibrahim,54.455621301775146,ahmed.ibrahim@hotmail.com,,854.72,2023-07-30,No Especificado,4.0,Male
CUST1761,Alaa Ali,54.455621301775146,alaa.ali@yahoo.com,987654321.0,485.14,,Toys,1.0,Male
CUST1762,Ahmed Ibrahim,54.455621301775146,ahmed.ibrahim@hotmail.com,,987.26,,Toys,4.0,Male
CUST1763,Mark Gaber,54.455621301775146,mark.gaber@gmail.com,987654321.0,635.27,2024-12-10,Books,3.0,Female
CUST1764,Sara Gaber,54.455621301775146,sara.gaber@hotmail.com,,118.48,2024-11-23,Electronics,3.045305318450427,No Especificado
CUST1765,Mark Smith,54.455621301775146,mark.smith@hotmail.com,987654321.0,762.91,2025-05-25,Books,1.0,Female
CUST1766,Ahmed Smith,54.455621301775146,ahmed.smith@gmail.com,987654321.0,552.48,2023-01-05,Electronics,3.045305318450427,Female
CUST1767,Fatma Gaber,54.455621301775146,fatma.gaber@hotmail.com,,17.12,2025-06-20,Clothing,3.0,No Especificado
CUST1768,Lina Hassan,54.455621301775146,lina.hassan@yahoo.com,,948.21,2023-09-02,Books,3.045305318450427,Male
CUST1769,Lina Gaber,54.455621301775146,lina.gaber@yahoo.com,,103.04,2024-04-24,No Especificado,3.045305318450427,No Especificado
CUST1770,Ali Mahmoud,54.455621301775146,ali.mahmoud@gmail.com,,871.82,2024-03-08,Toys,1.0,Female
CUST1771,Mark Mahmoud,45.0,mark.mahmoud@gmail.com,123456789.0,206.95,2023-10-03,No Especificado,3.0,Female
CUST1772,Lina Mahmoud,29.0,lina.mahmoud@gmail.com,,64.63,2025-04-05,Clothing,3.0,Male
CUST1773,Fatma Hassan,54.455621301775146,fatma.hassan@yahoo.com,987654321.0,198.03,2024-01-23,No Especificado,4.0,Female
CUST1774,Ahmed Smith,54.455621301775146,ahmed.smith@gmail.com,,635.87,2023-11-03,Home,4.0,Female
CUST1775,John Hassan,54.455621301775146,john.hassan@yahoo.com,123456789.0,972.6,2025-02-23,Electronics,3.0,Female
CUST1776,Fatma Ali,54.455621301775146,fatma.ali@yahoo.com,987654321.0,97.2,2024-01-13,Home,3.045305318450427,Female
CUST1777,Ali Smith,54.455621301775146,ali.smith@gmail.com,987654321.0,329.68,2025-06-07,Toys,5.0,Male
CUST1778,Alaa Ibrahim,54.455621301775146,alaa.ibrahim@hotmail.com,,754.62,2024-11-17,Clothing,3.0,Female
CUST1779,Sara Hassan,54.455621301775146,sara.hassan@gmail.com,123456789.0,595.87,2024-10-10,Electronics,1.0,No Especificado
CUST1780,Sara Ali,54.455621301775146,sara.ali@hotmail.com,,28.55,,No Especificado,5.0,Female
CUST1781,Sara Hassan,54.455621301775146,sara.hassan@gmail.com,,221.43,2024-09-16,No Especificado,5.0,Male
CUST1782,Sara Ibrahim,45.0,sara.ibrahim@yahoo.com,,231.83,2022-11-30,Books,3.045305318450427,Female
CUST1783,Lina Smith,54.455621301775146,lina.smith@hotmail.com,,439.21,2023-07-03,Books,5.0,Male
CUST1784,John Ibrahim,54.455621301775146,john.ibrahim@hotmail.com,987654321.0,87.3,2024-04-21,No Especificado,1.0,Male
CUST1785,Sara Smith,87.0,sara.smith@hotmail.com,,830.95,2025-05-28,Electronics,4.0,Female
CUST1786,Lina Smith,54.455621301775146,lina.smith@hotmail.com,987654321.0,927.98,2023-04-06,Toys,3.045305318450427,No Especificado
CUST1787,Alaa Ibrahim,54.455621301775146,alaa.ibrahim@yahoo.com,,178.81,,Toys,3.045305318450427,No Especificado
CUST1788,Mark Gaber,32.0,mark.gaber@hotmail.com,123456789.0,515.89,2024-12-16,No Especificado,1.0,Female
CUST1789,Mark Ibrahim,54.455621301775146,mark.ibrahim@yahoo.com,123456789.0,295.2,2025-03-26,No Especificado,1.0,Male
CUST1790,Lina Ali,54.455621301775146,lina.ali@hotmail.com,,45.34,2023-07-12,Clothing,3.0,Male
CUST1791,Lina Gaber,54.455621301775146,lina.gaber@hotmail.com,,652.74,2024-12-12,Toys,5.0,Female
CUST1792,Ahmed Ibrahim,69.0,ahmed.ibrahim@gmail.com,123456789.0,485.33,2025-07-04,Books,2.0,Female
CUST1793,Ali Smith,54.455621301775146,ali.smith@gmail.com,,197.48,2023-05-27,Electronics,2.0,Male
CUST1794,Fatma Smith,54.455621301775146,fatma.smith@gmail.com,,13.48,2025-07-08,Clothing,4.0,Male
CUST1795,Fatma Ibrahim,54.455621301775146,fatma.ibrahim@hotmail.com,,537.43,2025-04-23,Toys,5.0,Female
CUST1796,Sara Ibrahim,54.455621301775146,sara.ibrahim@gmail.com,,220.36,2023-10-19,No Especificado,1.0,Female
CUST1797,Ahmed Gaber,54.455621301775146,ahmed.gaber@gmail.com,123456789.0,292.84,2023-02-26,Clothing,3.0,Female
CUST1798,Mark Ali,54.455621301775146,mark.ali@gmail.com,,113.11,2024-08-31,Electronics,4.0,Male
CUST1799,John Hassan,54.455621301775146,john.hassan@yahoo.com,,231.22,2023-10-12,Toys,5.0,No Especificado
CUST1800,John Ibrahim,53.0,john.ibrahim@gmail.com,,992.86,2024-02-10,Books,3.045305318450427,Male
CUST1801,Sara Smith,54.455621301775146,sara.smith@gmail.com,,825.94,2024-06-11,No Especificado,3.0,Male
CUST1802,Alaa Ali,61.0,alaa.ali@yahoo.com,123456789.0,929.59,,Toys,3.0,Female
CUST1803,John Smith,54.455621301775146,john.smith@hotmail.com,987654321.0,664.99,2024-06-05,No Especificado,5.0,Male
CUST1804,Alaa Ali,54.455621301775146,alaa.ali@yahoo.com,123456789.0,772.44,2024-09-16,Electronics,3.0,No Especificado
CUST1805,Ali Ali,54.455621301775146,ali.ali@yahoo.com,,418.56,2023-07-29,Clothing,5.0,Female
CUST1806,Sara Gaber,51.0,sara.gaber@gmail.com,987654321.0,670.78,2023-05-21,Toys,3.045305318450427,Female
CUST1807,Ali Smith,40.0,ali.smith@gmail.com,123456789.0,528.99,2025-05-05,Electronics,3.0,Female
CUST1808,Sara Hassan,54.455621301775146,sara.hassan@hotmail.com,,27.4,2023-01-22,Home,4.0,Female
CUST1809,Fatma Ibrahim,54.455621301775146,fatma.ibrahim@hotmail.com,,117.45,2023-10-09,Electronics,3.045305318450427,Female
CUST1810,Ahmed Smith,43.0,ahmed.smith@gmail.com,987654321.0,966.62,2023-10-09,Electronics,1.0,Male
CUST1811,John Gaber,54.455621301775146,john.gaber@yahoo.com,,449.41,2023-12-30,Toys,5.0,Female
CUST1812,Sara Gaber,54.455621301775146,sara.gaber@hotmail.com,123456789.0,318.1,2024-07-25,No Especificado,2.0,Male
CUST1813,Lina Smith,25.0,lina.smith@gmail.com,987654321.0,462.99,2023-07-29,No Especificado,2.0,No Especificado
CUST1814,Lina Mahmoud,33.0,lina.mahmoud@hotmail.com,,133.93,2025-05-03,Electronics,5.0,Female
CUST1815,Lina Hassan,54.455621301775146,lina.hassan@gmail.com,,875.14,2024-02-10,Books,3.0,Female
CUST1816,Alaa Mahmoud,54.455621301775146,alaa.mahmoud@hotmail.com,123456789.0,902.44,2024-06-21,No Especificado,2.0,No Especificado
CUST1817,Ali Ali,79.0,ali.ali@yahoo.com,,513.97,2025-05-24,Books,3.045305318450427,No Especificado
CUST1818,John Ibrahim,54.455621301775146,john.ibrahim@gmail.com,123456789.0,558.76,2024-09-14,Books,2.0,Female
CUST1819,Sara Hassan,54.455621301775146,sara.hassan@hotmail.com,987654321.0,750.02,2024-03-28,No Especificado,3.045305318450427,Female
CUST1820,Fatma Hassan,54.455621301775146,fatma.hassan@hotmail.com,987654321.0,15.21,2024-10-09,Books,1.0,Female
CUST1821,Sara Ali,54.455621301775146,sara.ali@gmail.com,987654321.0,,2022-12-27,Toys,5.0,Female
CUST1822,Fatma Hassan,54.455621301775146,fatma.hassan@yahoo.com,,107.16,2025-01-01,Toys,3.045305318450427,Female
CUST1823,Sara Mahmoud,54.455621301775146,sara.mahmoud@hotmail.com,987654321.0,366.79,2025-07-11,Electronics,5.0,Male
CUST1824,Ahmed Ibrahim,81.0,ahmed.ibrahim@hotmail.com,,580.81,2023-05-29,Books,3.045305318450427,Female
CUST1825,Alaa Smith,54.455621301775146,alaa.smith@yahoo.com,123456789.0,676.66,2024-10-28,No Especificado,5.0,Male
CUST1826,Ali Mahmoud,31.0,ali.mahmoud@gmail.com,987654321.0,897.67,2023-06-27,No Especificado,1.0,Female
CUST1827,Fatma Gaber,54.455621301775146,fatma.gaber@gmail.com,123456789.0,671.19,2023-02-20,Home,1.0,Female
CUST1828,Lina Gaber,54.455621301775146,lina.gaber@gmail.com,123456789.0,,2024-03-13,Books,2.0,Female
CUST1829,Fatma Ibrahim,44.0,fatma.ibrahim@hotmail.com,,36.85,2023-04-14,Home,3.045305318450427,Female
CUST1830,Ali Mahmoud,54.455621301775146,ali.mahmoud@yahoo.com,987654321.0,96.07,2025-07-23,Books,3.045305318450427,Male
CUST1831,Fatma Ibrahim,54.455621301775146,fatma.ibrahim@hotmail.com,987654321.0,419.59,2022-11-20,No Especificado,4.0,Male
CUST1832,Sara Smith,64.0,sara.smith@hotmail.com,987654321.0,684.65,2024-08-13,Electronics,5.0,Male
CUST1833,Sara Smith,54.455621301775146,sara.smith@hotmail.com,,688.93,2024-04-03,Clothing,5.0,Female
CUST1834,Ali Ibrahim,16.0,ali.ibrahim@hotmail.com,,804.02,2025-01-18,Books,3.045305318450427,Male
CUST1835,Ahmed Mahmoud,54.455621301775146,ahmed.mahmoud@hotmail.com,987654321.0,705.04,2023-05-16,Home,3.0,Male
CUST1836,Sara Gaber,54.455621301775146,sara.gaber@yahoo.com,,414.22,2023-09-12,Clothing,1.0,Female
CUST1837,John Gaber,54.455621301775146,john.gaber@gmail.com,,440.01,2023-10-13,Electronics,1.0,Female
CUST1838,John Hassan,54.455621301775146,john.hassan@gmail.com,123456789.0,450.21,2025-07-06,No Especificado,1.0,No Especificado
CUST1839,Lina Mahmoud,81.0,lina.mahmoud@yahoo.com,987654321.0,94.09,2022-12-04,Books,1.0,Male
CUST1840,John Gaber,54.455621301775146,john.gaber@gmail.com,123456789.0,782.23,2023-05-18,Books,5.0,Male
CUST1841,Ahmed Mahmoud,54.455621301775146,ahmed.mahmoud@yahoo.com,,475.44,2023-08-19,Electronics,2.0,Male
CUST1842,Ali Smith,54.455621301775146,ali.smith@yahoo.com,987654321.0,766.0,2023-01-25,Books,3.045305318450427,Female
CUST1843,John Gaber,54.455621301775146,john.gaber@yahoo.com,987654321.0,909.58,2023-12-26,Home,2.0,Female
CUST1844,Ahmed Hassan,60.0,ahmed.hassan@gmail.com,,571.23,2024-09-02,Books,3.045305318450427,Male
CUST1845,Fatma Ali,54.455621301775146,fatma.ali@gmail.com,123456789.0,968.91,2023-06-25,Clothing,1.0,Female
CUST1846,Ali Mahmoud,54.455621301775146,ali.mahmoud@yahoo.com,123456789.0,671.33,2023-05-07,Clothing,2.0,Female
CUST1847,John Ali,54.455621301775146,john.ali@gmail.com,987654321.0,828.98,2023-11-11,Books,1.0,Female
CUST1848,Alaa Hassan,54.455621301775146,alaa.hassan@hotmail.com,,441.57,2024-06-13,Electronics,5.0,Female
CUST1849,Sara Smith,54.455621301775146,sara.smith@yahoo.com,123456789.0,301.45,2025-02-02,Toys,5.0,Female
CUST1850,Sara Mahmoud,54.455621301775146,sara.mahmoud@yahoo.com,,196.89,2024-02-07,Books,1.0,No Especificado
CUST1851,Fatma Smith,54.455621301775146,fatma.smith@gmail.com,987654321.0,854.81,2023-08-18,Toys,4.0,Male
CUST1852,Ali Hassan,81.0,ali.hassan@yahoo.com,,191.99,2024-03-29,Books,4.0,Female
CUST1853,Ahmed Hassan,54.455621301775146,ahmed.hassan@gmail.com,123456789.0,7.82,2025-01-28,Home,5.0,Male
CUST1854,Ahmed Gaber,31.0,ahmed.gaber@yahoo.com,,842.92,2025-06-16,Books,2.0,Female
CUST1855,Lina Hassan,58.0,lina.hassan@gmail.com,,104.38,2024-12-27,Clothing,4.0,Male
CUST1856,Alaa Smith,54.455621301775146,alaa.smith@yahoo.com,,390.48,2022-12-24,Electronics,5.0,Female
CUST1857,Alaa Mahmoud,54.455621301775146,alaa.mahmoud@yahoo.com,,123.28,2024-01-27,Toys,3.045305318450427,Male
CUST1858,Alaa Ali,54.455621301775146,alaa.ali@hotmail.com,,810.93,2023-09-05,Books,3.045305318450427,Male
CUST1859,Ahmed Ali,54.455621301775146,ahmed.ali@hotmail.com,987654321.0,319.4,2024-12-31,Toys,5.0,Female
CUST1860,Ahmed Mahmoud,54.455621301775146,ahmed.mahmoud@hotmail.com,,372.35,2025-06-29,Clothing,3.045305318450427,Male
CUST1861,Lina Smith,24.0,lina.smith@gmail.com,,924.97,2024-11-30,No Especificado,3.045305318450427,Male
CUST1862,Alaa Smith,54.455621301775146,alaa.smith@hotmail.com,,57.98,2024-09-30,Electronics,5.0,No Especificado
CUST1863,Lina Ali,54.455621301775146,lina.ali@yahoo.com,,439.55,2022-11-08,Clothing,5.0,Male
CUST1864,Alaa Mahmoud,54.455621301775146,alaa.mahmoud@hotmail.com,,233.45,2024-07-17,Clothing,1.0,Male
CUST1865,Lina Hassan,54.455621301775146,lina.hassan@hotmail.com,,130.88,2024-06-16,Home,5.0,Male
CUST1866,Ahmed Ali,54.455621301775146,ahmed.ali@yahoo.com,,275.14,2024-05-23,No Especificado,3.045305318450427,No Especificado
CUST1867,Mark Gaber,54.455621301775146,mark.gaber@yahoo.com,123456789.0,973.32,2023-12-21,No Especificado,3.0,Female
CUST1868,Fatma Mahmoud,54.455621301775146,fatma.mahmoud@yahoo.com,123456789.0,165.11,2025-06-10,Books,4.0,Male
CUST1869,Ahmed Gaber,54.455621301775146,ahmed.gaber@hotmail.com,,775.04,2022-12-24,Books,3.045305318450427,Male
CUST1870,Alaa Mahmoud,54.455621301775146,alaa.mahmoud@yahoo.com,,,2023-11-16,Home,4.0,Female
CUST1871,Mark Ali,85.0,mark.ali@yahoo.com,987654321.0,484.73,2024-06-13,Toys,3.045305318450427,Male
CUST1872,Lina Ali,54.455621301775146,lina.ali@hotmail.com,987654321.0,558.79,2023-04-07,Toys,5.0,Male
CUST1873,Ali Hassan,54.455621301775146,ali.hassan@gmail.com,,922.79,2023-04-12,Electronics,2.0,Male
CUST1874,Ahmed Ibrahim,54.455621301775146,ahmed.ibrahim@yahoo.com,123456789.0,920.48,,Books,4.0,Male
CUST1875,Ahmed Ali,54.455621301775146,ahmed.ali@hotmail.com,,507.92,2024-12-11,Electronics,1.0,Male
CUST1876,Ali Smith,58.0,ali.smith@yahoo.com,123456789.0,62.54,2024-05-14,No Especificado,3.045305318450427,Male
CUST1877,Mark Smith,54.455621301775146,mark.smith@hotmail.com,,253.1,2025-02-16,Toys,5.0,Female
CUST1878,Mark Mahmoud,32.0,mark.mahmoud@yahoo.com,987654321.0,869.71,,Clothing,2.0,Female
CUST1879,Alaa Gaber,73.0,alaa.gaber@gmail.com,123456789.0,667.14,2023-07-17,Electronics,2.0,Female
CUST1880,Ali Gaber,54.455621301775146,ali.gaber@yahoo.com,987654321.0,713.82,2025-01-23,Home,4.0,No Especificado
CUST1881,John Smith,54.455621301775146,john.smith@gmail.com,987654321.0,588.21,2024-10-13,Home,3.0,Male
CUST1882,Mark Hassan,77.0,mark.hassan@yahoo.com,,824.13,2023-12-19,Toys,4.0,Male
CUST1883,Fatma Smith,54.455621301775146,fatma.smith@yahoo.com,,443.43,2023-02-28,Books,3.045305318450427,No Especificado
CUST1884,Ahmed Ali,54.455621301775146,ahmed.ali@yahoo.com,987654321.0,386.22,,No Especificado,3.045305318450427,Male
CUST1885,Mark Mahmoud,54.455621301775146,mark.mahmoud@hotmail.com,,900.95,2023-08-16,Home,3.0,No Especificado
CUST1886,Fatma Smith,54.455621301775146,fatma.smith@yahoo.com,,287.38,2023-01-06,Electronics,3.045305318450427,Male
CUST1887,Sara Ibrahim,57.0,sara.ibrahim@hotmail.com,,707.11,2025-02-13,No Especificado,4.0,No Especificado
CUST1888,Lina Mahmoud,54.455621301775146,lina.mahmoud@yahoo.com,987654321.0,280.01,2025-03-26,Home,5.0,Female
CUST1889,Fatma Ibrahim,54.455621301775146,fatma.ibrahim@hotmail.com,987654321.0,270.0,2024-08-23,Electronics,3.045305318450427,Female
CUST1890,Ahmed Ali,54.455621301775146,ahmed.ali@yahoo.com,,417.85,2023-10-11,Toys,1.0,Male
CUST1891,Sara Ali,54.455621301775146,sara.ali@yahoo.com,,881.56,2023-10-19,Clothing,1.0,No Especificado
CUST1892,Lina Smith,65.0,lina.smith@hotmail.com,,615.02,2024-10-04,Toys,3.045305318450427,Male
CUST1893,Fatma Gaber,54.455621301775146,fatma.gaber@hotmail.com,123456789.0,406.31,2024-04-20,Toys,5.0,Male
CUST1894,Fatma Hassan,54.455621301775146,fatma.hassan@yahoo.com,,622.94,2024-12-08,Books,3.045305318450427,Male
CUST1895,John Ibrahim,54.455621301775146,john.ibrahim@hotmail.com,,98.19,2022-11-06,Home,3.045305318450427,Male
CUST1896,Sara Ali,54.455621301775146,sara.ali@yahoo.com,987654321.0,253.19,2025-06-23,No Especificado,2.0,Male
CUST1897,Sara Gaber,54.455621301775146,sara.gaber@hotmail.com,,546.06,2024-08-20,Books,5.0,Male
CUST1898,Ali Hassan,35.0,ali.hassan@yahoo.com,987654321.0,132.09,2023-12-08,Toys,3.045305318450427,Male
CUST1899,Lina Smith,54.455621301775146,lina.smith@hotmail.com,,365.7,2024-02-20,Clothing,4.0,No Especificado
CUST1900,Sara Gaber,54.455621301775146,sara.gaber@yahoo.com,,660.39,2024-08-02,No Especificado,3.0,No Especificado
CUST1901,John Gaber,54.455621301775146,john.gaber@hotmail.com,123456789.0,,2024-05-20,No Especificado,3.0,Male
CUST1902,John Hassan,54.455621301775146,john.hassan@gmail.com,,735.24,2025-05-08,No Especificado,3.0,No Especificado
CUST1903,Mark Smith,49.0,mark.smith@gmail.com,987654321.0,713.77,2023-12-25,Home,4.0,Female
CUST1904,Lina Mahmoud,54.455621301775146,lina.mahmoud@hotmail.com,123456789.0,481.41,2024-06-06,No Especificado,1.0,Male
CUST1905,Alaa Gaber,55.0,alaa.gaber@yahoo.com,,552.76,2023-04-03,No Especificado,2.0,Female
CUST1906,Alaa Ibrahim,54.455621301775146,alaa.ibrahim@hotmail.com,,401.33,2023-08-20,Books,3.045305318450427,Male
CUST1907,Mark Smith,54.455621301775146,mark.smith@yahoo.com,,735.85,2023-11-01,No Especificado,1.0,Male
CUST1908,Sara Ali,54.455621301775146,sara.ali@yahoo.com,,995.32,2023-09-04,Clothing,1.0,Female
CUST1909,Lina Mahmoud,54.455621301775146,lina.mahmoud@yahoo.com,123456789.0,239.97,2022-12-31,Books,5.0,Male
CUST1910,Fatma Gaber,54.455621301775146,fatma.gaber@gmail.com,123456789.0,136.23,2024-01-03,Toys,3.045305318450427,Female
CUST1911,Lina Gaber,54.455621301775146,lina.gaber@yahoo.com,987654321.0,60.81,2024-10-09,Books,3.045305318450427,Male
CUST1912,Fatma Ali,78.0,fatma.ali@gmail.com,123456789.0,237.65,2024-07-03,Electronics,4.0,Male
CUST1913,Ali Hassan,54.455621301775146,ali.hassan@gmail.com,123456789.0,240.68,2025-03-16,No Especificado,2.0,Male
CUST1914,Mark Ali,54.455621301775146,mark.ali@yahoo.com,123456789.0,883.8,2024-01-10,Home,3.045305318450427,Female
CUST1915,Ahmed Mahmoud,54.455621301775146,ahmed.mahmoud@gmail.com,987654321.0,267.12,2023-12-15,No Especificado,5.0,Female
CUST1916,Ali Gaber,54.455621301775146,ali.gaber@hotmail.com,987654321.0,498.85,2024-03-04,Toys,3.0,Male
CUST1917,John Hassan,54.455621301775146,john.hassan@hotmail.com,987654321.0,852.08,2023-06-25,Toys,1.0,Male
CUST1918,Sara Mahmoud,84.0,sara.mahmoud@hotmail.com,,386.13,,No Especificado,3.045305318450427,No Especificado
CUST1919,Sara Gaber,54.455621301775146,sara.gaber@hotmail.com,987654321.0,416.23,2023-12-30,No Especificado,4.0,Male
CUST1920,Lina Smith,54.455621301775146,lina.smith@hotmail.com,,964.11,2024-09-01,Books,5.0,Female
CUST1921,Alaa Gaber,54.455621301775146,alaa.gaber@gmail.com,987654321.0,865.36,2023-08-28,No Especificado,1.0,Male
CUST1922,Mark Hassan,54.455621301775146,mark.hassan@hotmail.com,123456789.0,66.29,2023-04-21,No Especificado,3.045305318450427,Male
CUST1923,Ali Hassan,54.455621301775146,ali.hassan@gmail.com,123456789.0,241.37,2025-07-06,Home,3.045305318450427,Male
CUST1924,John Mahmoud,54.455621301775146,john.mahmoud@gmail.com,987654321.0,61.86,2025-04-03,No Especificado,3.045305318450427,Male
CUST1925,Ahmed Mahmoud,54.455621301775146,ahmed.mahmoud@hotmail.com,,502.01,2025-05-16,Electronics,4.0,Female
CUST1926,Mark Gaber,54.455621301775146,mark.gaber@hotmail.com,,147.58,2024-11-20,Toys,3.045305318450427,Female
CUST1927,Sara Gaber,54.455621301775146,sara.gaber@gmail.com,,357.1,2025-04-04,Clothing,2.0,Female
CUST1928,Lina Gaber,54.455621301775146,lina.gaber@hotmail.com,,422.74,2023-09-12,Toys,3.045305318450427,Female
CUST1929,Ali Ali,72.0,ali.ali@hotmail.com,987654321.0,68.23,2024-06-16,Electronics,4.0,Male
CUST1930,Lina Ali,54.455621301775146,lina.ali@gmail.com,,7.76,2022-12-04,No Especificado,2.0,Male
CUST1931,Lina Ibrahim,49.0,lina.ibrahim@gmail.com,987654321.0,694.38,2022-12-22,Clothing,3.045305318450427,Male
CUST1932,Ahmed Gaber,54.455621301775146,ahmed.gaber@gmail.com,,785.12,2024-10-19,Toys,3.045305318450427,Female
CUST1933,Ali Ali,54.455621301775146,ali.ali@hotmail.com,,20.96,2024-01-16,Toys,3.0,Male
CUST1934,Mark Hassan,86.0,mark.hassan@yahoo.com,123456789.0,50.02,2024-02-08,Books,3.045305318450427,Female
CUST1935,Fatma Ali,54.455621301775146,fatma.ali@gmail.com,,478.15,,Books,3.0,Male
CUST1936,Fatma Ali,54.455621301775146,fatma.ali@gmail.com,,82.46,2024-09-21,Clothing,4.0,No Especificado
CUST1937,John Smith,54.455621301775146,john.smith@yahoo.com,,774.03,2023-05-21,No Especificado,1.0,Female
CUST1938,Lina Hassan,50.0,lina.hassan@yahoo.com,,531.15,2023-06-09,Toys,3.0,Female
CUST1939,Lina Hassan,54.455621301775146,lina.hassan@gmail.com,,,2025-04-11,Electronics,3.045305318450427,Male
CUST1940,Fatma Ali,18.0,fatma.ali@gmail.com,,761.63,2025-04-12,Toys,5.0,Male
CUST1941,Fatma Ali,36.0,fatma.ali@hotmail.com,,192.32,2024-10-01,Home,4.0,Male
CUST1942,Lina Smith,37.0,lina.smith@hotmail.com,,65.6,2023-07-12,Books,3.045305318450427,Female
CUST1943,John Smith,54.455621301775146,john.smith@gmail.com,,496.85,2025-07-22,No Especificado,5.0,Female
CUST1944,Ahmed Ali,54.455621301775146,ahmed.ali@yahoo.com,987654321.0,962.82,2023-07-20,No Especificado,1.0,No Especificado
CUST1945,Sara Hassan,54.455621301775146,sara.hassan@hotmail.com,,703.65,2024-08-21,Home,2.0,No Especificado
CUST1946,Sara Hassan,54.455621301775146,sara.hassan@yahoo.com,,608.22,2024-09-09,Electronics,3.045305318450427,No Especificado
CUST1947,Alaa Hassan,54.455621301775146,alaa.hassan@gmail.com,,500.01,2024-12-03,Clothing,4.0,No Especificado
CUST1948,Ali Hassan,54.455621301775146,ali.hassan@yahoo.com,123456789.0,348.05,2024-05-02,Clothing,3.045305318450427,Female
CUST1949,Mark Smith,45.0,mark.smith@hotmail.com,,133.04,2022-11-06,Clothing,3.045305318450427,Male
CUST1950,Mark Mahmoud,54.455621301775146,mark.mahmoud@hotmail.com,987654321.0,148.63,2024-11-19,Electronics,4.0,No Especificado
CUST1951,Fatma Ali,54.455621301775146,fatma.ali@yahoo.com,,958.79,2023-06-06,Books,3.045305318450427,Female
CUST1952,Fatma Ali,54.455621301775146,fatma.ali@gmail.com,,637.44,2023-05-20,Toys,2.0,Male
CUST1953,Sara Hassan,85.0,sara.hassan@yahoo.com,,538.28,2024-08-05,Toys,5.0,Female
CUST1954,Ali Ibrahim,54.455621301775146,ali.ibrahim@yahoo.com,123456789.0,10.14,2024-04-11,No Especificado,1.0,Male
CUST1955,Mark Ali,54.455621301775146,mark.ali@gmail.com,,304.08,2023-08-19,No Especificado,4.0,Male
CUST1956,Lina Mahmoud,89.0,lina.mahmoud@hotmail.com,,891.62,2023-08-07,No Especificado,2.0,No Especificado
CUST1957,Ali Ibrahim,54.455621301775146,ali.ibrahim@yahoo.com,,769.3,2023-06-18,Clothing,3.045305318450427,Male
CUST1958,Lina Smith,54.455621301775146,lina.smith@gmail.com,123456789.0,928.11,,No Especificado,3.045305318450427,Female
CUST1959,Lina Smith,54.455621301775146,lina.smith@hotmail.com,987654321.0,,2024-03-13,Toys,5.0,Male
CUST1960,Sara Hassan,54.455621301775146,sara.hassan@yahoo.com,987654321.0,772.13,2025-04-24,Books,2.0,Male
CUST1961,Ali Ibrahim,54.455621301775146,ali.ibrahim@yahoo.com,987654321.0,171.48,2025-07-02,No Especificado,3.045305318450427,Male
CUST1962,Alaa Ali,54.455621301775146,alaa.ali@hotmail.com,123456789.0,21.41,2023-04-24,No Especificado,3.045305318450427,Female
CUST1963,Lina Ibrahim,54.455621301775146,lina.ibrahim@hotmail.com,,401.18,2024-09-05,Electronics,3.0,Female
CUST1964,Ahmed Ibrahim,54.455621301775146,ahmed.ibrahim@gmail.com,123456789.0,720.07,2023-03-04,Clothing,3.045305318450427,Male
CUST1965,John Ibrahim,54.455621301775146,john.ibrahim@hotmail.com,987654321.0,313.65,,Electronics,5.0,Male
CUST1966,Sara Smith,54.455621301775146,sara.smith@gmail.com,,978.75,2023-06-07,Toys,4.0,Male
CUST1967,Ali Smith,54.455621301775146,ali.smith@gmail.com,987654321.0,199.73,2024-08-15,Clothing,3.045305318450427,Male
CUST1968,Ahmed Gaber,57.0,ahmed.gaber@yahoo.com,,133.59,2025-05-15,Clothing,1.0,Female
CUST1969,John Ibrahim,50.0,john.ibrahim@gmail.com,,817.87,2024-06-16,Books,2.0,Male
CUST1970,Mark Hassan,39.0,mark.hassan@yahoo.com,987654321.0,795.89,2022-10-27,Toys,5.0,Male
CUST1971,Lina Smith,54.455621301775146,lina.smith@yahoo.com,987654321.0,729.0,2024-11-02,Home,3.045305318450427,Male
CUST1972,Ahmed Ali,54.455621301775146,ahmed.ali@hotmail.com,123456789.0,67.43,2024-11-14,Clothing,4.0,No Especificado
CUST1973,Alaa Smith,54.455621301775146,alaa.smith@hotmail.com,,402.62,2024-10-24,Electronics,3.045305318450427,Female
CUST1974,Lina Ibrahim,54.455621301775146,lina.ibrahim@gmail.com,123456789.0,943.36,2025-03-13,Books,3.0,Female
CUST1975,Sara Ali,79.0,sara.ali@gmail.com,123456789.0,398.76,2022-11-01,Electronics,3.045305318450427,Male
CUST1976,Lina Gaber,54.455621301775146,lina.gaber@gmail.com,,26.72,2025-03-15,Electronics,5.0,Male
CUST1977,Alaa Gaber,58.0,alaa.gaber@gmail.com,,,2023-02-23,No Especificado,3.045305318450427,Female
CUST1978,Alaa Gaber,54.455621301775146,alaa.gaber@yahoo.com,123456789.0,270.25,2024-02-05,Home,4.0,Female
CUST1979,Fatma Gaber,87.0,fatma.gaber@gmail.com,123456789.0,655.97,,No Especificado,4.0,Male
CUST1980,Alaa Mahmoud,54.455621301775146,alaa.mahmoud@hotmail.com,,161.6,2022-12-03,No Especificado,2.0,Female
CUST1981,Sara Ali,73.0,sara.ali@hotmail.com,,111.75,2023-10-04,No Especificado,3.045305318450427,Female
CUST1982,Mark Hassan,54.455621301775146,mark.hassan@hotmail.com,987654321.0,437.5,2023-10-18,Home,3.045305318450427,Male
CUST1983,Alaa Hassan,54.455621301775146,alaa.hassan@yahoo.com,123456789.0,695.75,2024-06-02,No Especificado,3.045305318450427,Female
CUST1984,John Mahmoud,54.455621301775146,john.mahmoud@yahoo.com,,346.73,2024-06-22,Clothing,3.045305318450427,Male
CUST1985,Lina Hassan,54.455621301775146,lina.hassan@hotmail.com,,318.35,2024-06-27,No Especificado,5.0,Male
CUST1986,Sara Ali,90.0,sara.ali@hotmail.com,,558.91,2023-07-07,Home,5.0,Female
CUST1987,John Gaber,54.455621301775146,john.gaber@yahoo.com,987654321.0,655.35,2024-03-23,Toys,4.0,Male
CUST1988,Fatma Ali,54.455621301775146,fatma.ali@hotmail.com,,473.39,2025-06-29,Clothing,3.045305318450427,Female
CUST1989,Ali Hassan,54.455621301775146,ali.hassan@gmail.com,987654321.0,246.87,2023-04-23,No Especificado,3.045305318450427,Female
CUST1990,Ahmed Ibrahim,54.455621301775146,ahmed.ibrahim@hotmail.com,,51.54,2023-05-30,No Especificado,4.0,Female
CUST1991,Lina Ali,54.455621301775146,lina.ali@yahoo.com,123456789.0,,,No Especificado,5.0,Female
CUST1992,John Ali,79.0,john.ali@gmail.com,,68.52,2025-02-21,No Especificado,3.0,Female
CUST1993,Lina Gaber,54.455621301775146,lina.gaber@gmail.com,123456789.0,661.72,2025-06-16,Toys,5.0,Male
CUST1994,Sara Smith,54.455621301775146,sara.smith@yahoo.com,,766.04,2024-10-14,Toys,1.0,Male
CUST1995,Alaa Gaber,54.455621301775146,alaa.gaber@yahoo.com,,956.56,2024-03-19,No Especificado,3.045305318450427,Male
CUST1996,Fatma Smith,54.455621301775146,fatma.smith@gmail.com,,973.82,2024-02-17,No Especificado,5.0,No Especificado
CUST1997,Alaa Ali,68.0,alaa.ali@yahoo.com,,882.47,2024-07-27,Electronics,3.045305318450427,Male
CUST1998,John Smith,66.0,john.smith@gmail.com,123456789.0,,2023-06-14,Home,3.045305318450427,Female
CUST1999,Alaa Hassan,54.455621301775146,alaa.hassan@hotmail.com,,844.29,2023-10-02,Toys,3.0,Female
CUST2000,Lina Ibrahim,54.455621301775146,lina.ibrahim@gmail.com,,753.41,2023-06-20,Clothing,5.0,Female
CUST2001,Fatma Smith,54.455621301775146,fatma.smith@yahoo.com,,377.49,2025-01-02,No Especificado,4.0,No Especificado
CUST2002,Sara Hassan,54.455621301775146,sara.hassan@hotmail.com,,271.18,2024-12-07,Books,2.0,Female
CUST2003,Fatma Ali,54.455621301775146,fatma.ali@yahoo.com,,456.16,2024-05-31,Electronics,3.045305318450427,Female
CUST2004,John Hassan,32.0,john.hassan@hotmail.com,987654321.0,564.13,2024-08-06,Home,5.0,Female
CUST2005,Alaa Gaber,54.455621301775146,alaa.gaber@yahoo.com,987654321.0,426.99,2024-05-02,Electronics,3.045305318450427,Female
CUST2006,Fatma Ibrahim,54.455621301775146,fatma.ibrahim@hotmail.com,,707.65,2022-11-25,No Especificado,4.0,Female
CUST2007,Lina Smith,54.455621301775146,lina.smith@gmail.com,,56.46,2023-12-23,No Especificado,5.0,Male
CUST2008,John Mahmoud,54.455621301775146,john.mahmoud@gmail.com,,32.22,2024-02-18,No Especificado,2.0,Male
CUST2009,Lina Gaber,54.455621301775146,lina.gaber@hotmail.com,987654321.0,857.08,2024-07-31,No Especificado,4.0,Female
CUST2010,Ali Mahmoud,54.455621301775146,ali.mahmoud@yahoo.com,,567.38,2023-04-11,No Especificado,2.0,Male
CUST2011,Ahmed Ali,54.455621301775146,ahmed.ali@hotmail.com,,887.59,2023-12-09,Books,3.0,Female
CUST2012,Ahmed Gaber,67.0,ahmed.gaber@yahoo.com,,654.53,2024-11-05,Books,3.045305318450427,Male
CUST2013,Ahmed Smith,54.455621301775146,ahmed.smith@hotmail.com,,96.84,2023-07-12,Electronics,5.0,No Especificado
CUST2014,Fatma Gaber,88.0,fatma.gaber@gmail.com,987654321.0,341.26,2023-12-04,No Especificado,4.0,Female
CUST2015,John Smith,54.455621301775146,john.smith@gmail.com,,98.57,2023-05-25,Electronics,3.045305318450427,Male
CUST2016,Sara Hassan,24.0,sara.hassan@gmail.com,987654321.0,369.46,2025-07-08,Electronics,4.0,Male
CUST2017,Alaa Hassan,54.455621301775146,alaa.hassan@hotmail.com,,101.53,2022-11-09,Books,3.045305318450427,No Especificado
CUST2018,Fatma Hassan,54.455621301775146,fatma.hassan@yahoo.com,987654321.0,206.02,2023-04-25,Clothing,1.0,Female
CUST2019,Ali Gaber,77.0,ali.gaber@gmail.com,,713.49,2023-08-18,Home,1.0,Male
CUST2020,Ali Ibrahim,54.455621301775146,ali.ibrahim@gmail.com,987654321.0,695.18,2024-07-11,No Especificado,2.0,Male
CUST2021,John Smith,54.455621301775146,john.smith@yahoo.com,123456789.0,580.59,2023-04-16,Home,3.045305318450427,Female
CUST2022,Alaa Mahmoud,54.455621301775146,alaa.mahmoud@yahoo.com,123456789.0,670.08,2023-06-16,Electronics,4.0,Female
CUST2023,Sara Mahmoud,54.455621301775146,sara.mahmoud@yahoo.com,123456789.0,,2023-10-18,Toys,3.045305318450427,Female
CUST2024,Lina Gaber,72.0,lina.gaber@hotmail.com,987654321.0,681.86,2024-04-26,Toys,1.0,Female
CUST2025,Ahmed Hassan,54.455621301775146,ahmed.hassan@gmail.com,123456789.0,471.54,2025-07-06,Electronics,5.0,Male
CUST2026,John Hassan,54.455621301775146,john.hassan@gmail.com,,459.47,2023-04-04,Toys,3.0,No Especificado
CUST2027,John Mahmoud,54.455621301775146,john.mahmoud@gmail.com,987654321.0,680.3,2022-11-14,No Especificado,3.045305318450427,Male
CUST2028,John Mahmoud,29.0,john.mahmoud@hotmail.com,,832.74,2022-11-12,Books,3.045305318450427,Female
CUST2029,Ahmed Ali,54.455621301775146,ahmed.ali@yahoo.com,,131.29,2023-05-02,Home,5.0,Female
CUST2030,Fatma Gaber,50.0,fatma.gaber@hotmail.com,123456789.0,339.81,2025-06-16,Clothing,1.0,Female
CUST2031,Sara Ibrahim,54.455621301775146,sara.ibrahim@gmail.com,,,2024-10-17,Books,3.045305318450427,Male
CUST2032,Sara Smith,54.455621301775146,sara.smith@gmail.com,,228.29,2024-05-02,Clothing,3.045305318450427,No Especificado
CUST2033,Alaa Ali,80.0,alaa.ali@hotmail.com,123456789.0,910.15,2024-09-21,Clothing,3.045305318450427,Male
CUST2034,Ali Mahmoud,54.455621301775146,ali.mahmoud@hotmail.com,987654321.0,335.36,2024-07-17,No Especificado,3.0,Male
CUST2035,Fatma Mahmoud,18.0,fatma.mahmoud@gmail.com,,284.24,2024-06-13,Toys,2.0,Female
CUST2036,Mark Ali,54.455621301775146,mark.ali@hotmail.com,987654321.0,947.25,2024-11-05,No Especificado,3.045305318450427,Female
CUST2037,Mark Ali,26.0,mark.ali@gmail.com,987654321.0,710.96,2023-11-06,Electronics,5.0,Female
CUST2038,Ali Smith,72.0,ali.smith@yahoo.com,,505.12,2023-05-14,Toys,4.0,No Especificado
CUST2039,Ahmed Ali,54.455621301775146,ahmed.ali@gmail.com,,432.17,2025-03-04,Books,4.0,Female
CUST2040,Alaa Gaber,54.455621301775146,alaa.gaber@yahoo.com,123456789.0,624.71,2024-10-21,Books,3.045305318450427,Male
CUST2041,Ali Gaber,54.455621301775146,ali.gaber@hotmail.com,,,2023-06-03,Toys,3.045305318450427,Female
CUST2042,Lina Ibrahim,54.455621301775146,lina.ibrahim@yahoo.com,,360.85,2023-12-17,No Especificado,3.045305318450427,Female
CUST2043,Mark Ali,54.455621301775146,mark.ali@yahoo.com,123456789.0,222.7,2024-08-14,Books,4.0,Female
CUST2044,Lina Gaber,54.455621301775146,lina.gaber@yahoo.com,,34.21,2024-01-02,No Especificado,1.0,Male
CUST2045,Ali Ali,54.455621301775146,ali.ali@hotmail.com,987654321.0,95.59,2023-09-10,Home,2.0,Female
CUST2046,Ali Hassan,86.0,ali.hassan@hotmail.com,123456789.0,,2023-02-14,Electronics,2.0,Male
CUST2047,John Hassan,54.455621301775146,john.hassan@hotmail.com,,957.66,2025-04-01,Toys,1.0,Female
CUST2048,Ahmed Mahmoud,54.455621301775146,ahmed.mahmoud@yahoo.com,987654321.0,793.45,2024-01-30,No Especificado,3.045305318450427,No Especificado
CUST2049,John Smith,64.0,john.smith@gmail.com,987654321.0,18.18,2025-02-28,Home,2.0,Female
CUST2050,Ahmed Smith,54.455621301775146,ahmed.smith@hotmail.com,,723.48,2024-05-14,Books,5.0,Female
CUST2051,Lina Mahmoud,54.455621301775146,lina.mahmoud@gmail.com,987654321.0,956.78,2025-01-12,Toys,4.0,Male
CUST2052,Ahmed Ali,54.455621301775146,ahmed.ali@hotmail.com,123456789.0,241.6,2024-10-04,Books,2.0,Male
CUST2053,Ali Ali,54.455621301775146,ali.ali@hotmail.com,,856.77,,Clothing,3.045305318450427,Female
CUST2054,Sara Smith,54.455621301775146,sara.smith@gmail.com,,177.83,2023-04-23,Clothing,2.0,No Especificado
CUST2055,Fatma Ibrahim,76.0,fatma.ibrahim@yahoo.com,123456789.0,566.91,2023-12-28,No Especificado,3.045305318450427,Male
CUST2056,Alaa Hassan,54.455621301775146,alaa.hassan@yahoo.com,,66.02,2023-07-23,Home,3.045305318450427,Female
CUST2057,Alaa Gaber,54.455621301775146,alaa.gaber@yahoo.com,123456789.0,899.57,2024-06-24,Toys,2.0,Male
CUST2058,John Hassan,54.455621301775146,john.hassan@gmail.com,987654321.0,851.99,2024-09-24,No Especificado,2.0,Male
CUST2059,Sara Mahmoud,54.455621301775146,sara.mahmoud@hotmail.com,,23.73,2023-05-21,No Especificado,1.0,No Especificado
CUST2060,Ali Ibrahim,54.455621301775146,ali.ibrahim@hotmail.com,,6.83,2025-07-08,No Especificado,3.0,Female
CUST2061,Lina Ibrahim,75.0,lina.ibrahim@gmail.com,987654321.0,797.77,2023-01-12,No Especificado,5.0,Female
CUST2062,Ali Ibrahim,54.455621301775146,ali.ibrahim@yahoo.com,123456789.0,146.31,2025-06-11,No Especificado,2.0,Female
CUST2063,Mark Smith,54.455621301775146,mark.smith@yahoo.com,123456789.0,371.9,2025-03-09,Electronics,2.0,Female
CUST2064,Alaa Gaber,32.0,alaa.gaber@yahoo.com,,821.63,2025-03-31,Clothing,3.045305318450427,No Especificado
CUST2065,Ahmed Gaber,54.455621301775146,ahmed.gaber@hotmail.com,,525.06,2024-06-10,Books,5.0,Male
CUST2066,Lina Ibrahim,54.455621301775146,lina.ibrahim@gmail.com,,,2022-12-14,Electronics,3.045305318450427,Male
CUST2067,John Gaber,37.0,john.gaber@yahoo.com,,47.44,2023-06-29,No Especificado,5.0,Female
CUST2068,Fatma Hassan,16.0,fatma.hassan@yahoo.com,,713.31,2024-12-31,No Especificado,2.0,Female
CUST2069,Alaa Ali,54.455621301775146,alaa.ali@gmail.com,,644.95,2025-01-16,Clothing,4.0,Male
CUST2070,Alaa Ali,61.0,alaa.ali@hotmail.com,,767.46,2024-09-30,No Especificado,4.0,Female
CUST2071,Sara Hassan,72.0,sara.hassan@yahoo.com,987654321.0,340.76,2023-04-03,Electronics,2.0,Male
CUST2072,Lina Smith,54.455621301775146,lina.smith@gmail.com,987654321.0,670.46,2024-03-08,No Especificado,2.0,Male
CUST2073,Alaa Mahmoud,58.0,alaa.mahmoud@hotmail.com,123456789.0,767.19,,Home,2.0,Female
CUST2074,Sara Ibrahim,54.455621301775146,sara.ibrahim@hotmail.com,123456789.0,940.24,2024-02-06,Electronics,2.0,Male
CUST2075,Ali Ali,54.455621301775146,ali.ali@yahoo.com,987654321.0,186.01,2024-01-01,Electronics,5.0,Male
CUST2076,Sara Ibrahim,54.455621301775146,sara.ibrahim@hotmail.com,123456789.0,470.83,2023-07-28,Electronics,5.0,No Especificado
CUST2077,Ahmed Ali,54.455621301775146,ahmed.ali@yahoo.com,123456789.0,345.44,2024-03-18,Toys,3.0,Male
CUST2078,Sara Ali,36.0,sara.ali@hotmail.com,,599.22,2024-03-13,No Especificado,3.0,Female
CUST2079,Ali Hassan,54.455621301775146,ali.hassan@gmail.com,987654321.0,200.64,2023-11-10,Books,4.0,Male
CUST2080,Ali Ibrahim,54.455621301775146,ali.ibrahim@gmail.com,,422.95,2023-10-11,No Especificado,2.0,Male
CUST2081,Ahmed Ibrahim,47.0,ahmed.ibrahim@yahoo.com,,99.96,,Electronics,4.0,Male
CUST2082,John Gaber,54.455621301775146,john.gaber@yahoo.com,123456789.0,360.47,2025-02-03,Clothing,3.045305318450427,Female
CUST2083,Fatma Gaber,18.0,fatma.gaber@gmail.com,,557.32,2023-09-06,Home,5.0,Male
CUST2084,Sara Gaber,54.455621301775146,sara.gaber@yahoo.com,987654321.0,154.27,2024-05-13,No Especificado,3.0,Male
CUST2085,Ahmed Ali,27.0,ahmed.ali@hotmail.com,,223.97,2025-06-04,Home,2.0,Female
CUST2086,Fatma Gaber,54.455621301775146,fatma.gaber@gmail.com,,798.18,2023-09-11,Clothing,3.045305318450427,Male
CUST2087,Lina Ibrahim,54.455621301775146,lina.ibrahim@gmail.com,,384.38,2024-08-07,Books,5.0,Female
CUST2088,Alaa Mahmoud,54.455621301775146,alaa.mahmoud@gmail.com,,480.65,2025-01-22,Home,5.0,Male
CUST2089,Mark Ali,54.455621301775146,mark.ali@yahoo.com,987654321.0,176.36,2025-05-28,No Especificado,3.0,Female
CUST2090,Ali Ali,54.455621301775146,ali.ali@gmail.com,123456789.0,625.98,2024-10-07,Home,1.0,Male
CUST2091,Lina Smith,54.455621301775146,lina.smith@hotmail.com,,638.58,2023-08-19,No Especificado,4.0,Female
CUST2092,Sara Ali,54.455621301775146,sara.ali@hotmail.com,987654321.0,238.09,2024-06-16,Clothing,1.0,Male
CUST2093,Alaa Smith,54.455621301775146,alaa.smith@gmail.com,987654321.0,104.8,2024-04-07,Clothing,3.045305318450427,Female
CUST2094,Sara Mahmoud,38.0,sara.mahmoud@yahoo.com,,903.58,2025-05-18,Clothing,5.0,Female
CUST2095,John Hassan,89.0,john.hassan@hotmail.com,987654321.0,358.39,2024-02-28,Books,5.0,Female
CUST2096,Ali Ibrahim,54.455621301775146,ali.ibrahim@hotmail.com,,656.05,2023-11-12,Books,3.045305318450427,Male
CUST2097,Fatma Hassan,54.455621301775146,fatma.hassan@gmail.com,,320.98,2024-11-09,No Especificado,3.0,Female
CUST2098,Alaa Smith,41.0,alaa.smith@hotmail.com,,255.2,2024-01-02,Home,3.045305318450427,Male
CUST2099,Ali Ali,54.455621301775146,ali.ali@yahoo.com,123456789.0,347.66,2024-03-31,Clothing,3.045305318450427,Male
CUST2100,Mark Smith,54.455621301775146,mark.smith@yahoo.com,,418.12,2024-04-12,Clothing,1.0,Female
CUST2101,Alaa Smith,54.455621301775146,alaa.smith@hotmail.com,123456789.0,724.67,2022-11-29,Home,3.045305318450427,Male
CUST2102,Ali Hassan,64.0,ali.hassan@hotmail.com,987654321.0,977.19,2024-03-25,Home,5.0,Female
CUST2103,Sara Ibrahim,54.455621301775146,sara.ibrahim@yahoo.com,,,2024-07-24,Clothing,3.0,Male
CUST2104,Alaa Ali,54.455621301775146,alaa.ali@hotmail.com,,550.31,2024-12-26,Electronics,4.0,Male
CUST2105,John Mahmoud,54.455621301775146,john.mahmoud@yahoo.com,,339.68,2024-05-02,No Especificado,2.0,Male
CUST2106,Mark Smith,22.0,mark.smith@gmail.com,987654321.0,940.78,2023-02-12,Books,4.0,Male
CUST2107,Ahmed Hassan,54.455621301775146,ahmed.hassan@yahoo.com,,322.99,2023-04-01,No Especificado,5.0,Male
CUST2108,Ali Smith,54.455621301775146,ali.smith@yahoo.com,,83.73,2025-03-07,Books,3.045305318450427,Female
CUST2109,Fatma Hassan,54.455621301775146,fatma.hassan@hotmail.com,123456789.0,766.15,2025-03-05,No Especificado,3.0,Male
CUST2110,Sara Gaber,54.455621301775146,sara.gaber@gmail.com,,200.7,,Clothing,1.0,Male
CUST2111,Sara Hassan,54.455621301775146,sara.hassan@yahoo.com,,283.4,2023-05-22,Home,3.045305318450427,Female
CUST2112,Lina Ibrahim,54.455621301775146,lina.ibrahim@yahoo.com,123456789.0,501.88,2025-05-23,Books,1.0,Male
CUST2113,Sara Ibrahim,54.455621301775146,sara.ibrahim@hotmail.com,,495.01,2024-04-14,Clothing,3.045305318450427,Male
CUST2114,John Ibrahim,54.455621301775146,john.ibrahim@hotmail.com,,236.87,2024-08-19,Books,3.045305318450427,Female
CUST2115,Mark Smith,54.455621301775146,mark.smith@gmail.com,987654321.0,833.24,2025-05-01,Books,3.0,Female
CUST2116,Fatma Gaber,54.455621301775146,fatma.gaber@yahoo.com,987654321.0,74.67,2023-07-22,Clothing,5.0,Male
CUST2117,Mark Mahmoud,54.455621301775146,mark.mahmoud@yahoo.com,987654321.0,19.29,2024-07-06,No Especificado,5.0,Female
CUST2118,Fatma Ali,48.0,fatma.ali@yahoo.com,,963.2,2023-06-25,Books,1.0,Male
CUST2119,Mark Smith,54.455621301775146,mark.smith@hotmail.com,,175.16,2024-09-24,Clothing,2.0,Female
CUST2120,John Ali,54.455621301775146,john.ali@hotmail.com,,578.93,2024-03-13,No Especificado,3.045305318450427,No Especificado
CUST2121,John Smith,54.455621301775146,john.smith@yahoo.com,,969.11,2022-11-15,Clothing,5.0,Female
CUST2122,Ahmed Hassan,81.0,ahmed.hassan@gmail.com,123456789.0,395.15,2023-09-04,Clothing,5.0,Female
CUST2123,Ali Ali,54.455621301775146,ali.ali@yahoo.com,,677.07,2024-07-03,Electronics,3.0,Female
CUST2124,Fatma Ibrahim,54.455621301775146,fatma.ibrahim@gmail.com,987654321.0,,2025-05-06,Toys,5.0,No Especificado
CUST2125,Fatma Smith,54.455621301775146,fatma.smith@yahoo.com,,857.02,2024-08-05,Toys,5.0,Female
CUST2126,Ahmed Hassan,54.455621301775146,ahmed.hassan@gmail.com,,884.53,2024-11-06,No Especificado,4.0,Male
CUST2127,Lina Hassan,54.455621301775146,lina.hassan@hotmail.com,123456789.0,555.05,2023-08-13,Books,2.0,Male
CUST2128,Alaa Ibrahim,54.455621301775146,alaa.ibrahim@hotmail.com,123456789.0,894.09,2024-12-14,Clothing,3.045305318450427,No Especificado
CUST2129,Ali Smith,50.0,ali.smith@yahoo.com,123456789.0,600.89,2024-10-06,Toys,5.0,Female
CUST2130,Lina Mahmoud,54.455621301775146,lina.mahmoud@gmail.com,,464.07,2024-08-16,No Especificado,2.0,Male
CUST2131,Ali Gaber,54.455621301775146,ali.gaber@hotmail.com,123456789.0,957.64,2025-03-03,Clothing,1.0,Male
CUST2132,Mark Mahmoud,54.455621301775146,mark.mahmoud@hotmail.com,123456789.0,956.25,,Home,2.0,Female
CUST2133,Ahmed Hassan,54.455621301775146,ahmed.hassan@gmail.com,123456789.0,82.25,2025-03-02,Electronics,1.0,Male
CUST2134,Alaa Smith,54.455621301775146,alaa.smith@gmail.com,123456789.0,676.34,2024-01-29,Home,3.045305318450427,Male
CUST2135,John Ibrahim,54.455621301775146,john.ibrahim@yahoo.com,123456789.0,376.63,2023-03-10,Books,3.045305318450427,Male
CUST2136,Ali Ali,54.455621301775146,ali.ali@yahoo.com,123456789.0,,2024-05-18,Clothing,3.045305318450427,Male
CUST2137,Sara Ali,54.455621301775146,sara.ali@gmail.com,,936.44,,Clothing,4.0,Male
CUST2138,Lina Smith,54.455621301775146,lina.smith@hotmail.com,123456789.0,,2024-05-10,Books,1.0,Female
CUST2139,John Mahmoud,54.455621301775146,john.mahmoud@gmail.com,123456789.0,284.32,2025-02-24,Clothing,3.0,Female
CUST2140,Alaa Smith,76.0,alaa.smith@yahoo.com,123456789.0,614.68,2024-09-26,Books,3.045305318450427,Female
CUST2141,Fatma Ali,54.455621301775146,fatma.ali@gmail.com,,501.28,2024-04-15,Toys,4.0,Male
CUST2142,Ali Ibrahim,54.455621301775146,ali.ibrahim@yahoo.com,123456789.0,785.23,2023-12-17,No Especificado,2.0,Female
CUST2143,Mark Ibrahim,54.455621301775146,mark.ibrahim@gmail.com,123456789.0,900.34,2023-06-09,Clothing,3.045305318450427,Male
CUST2144,Fatma Hassan,54.455621301775146,fatma.hassan@yahoo.com,987654321.0,623.04,2022-11-22,No Especificado,1.0,No Especificado
CUST2145,Alaa Gaber,54.455621301775146,alaa.gaber@hotmail.com,123456789.0,978.99,2025-03-06,Books,3.045305318450427,Female
CUST2146,Mark Hassan,54.455621301775146,mark.hassan@gmail.com,123456789.0,429.65,2023-04-06,No Especificado,5.0,Male
CUST2147,John Ibrahim,74.0,john.ibrahim@yahoo.com,,165.22,2022-12-04,Toys,3.045305318450427,Female
CUST2148,Sara Gaber,54.455621301775146,sara.gaber@hotmail.com,123456789.0,485.26,2023-12-07,Electronics,3.045305318450427,Male
CUST2149,John Ali,54.455621301775146,john.ali@gmail.com,,370.39,2024-07-13,No Especificado,5.0,Male
CUST2150,John Smith,58.0,john.smith@gmail.com,,156.25,2023-05-06,Electronics,3.045305318450427,Female
CUST2151,Ahmed Hassan,86.0,ahmed.hassan@yahoo.com,987654321.0,827.57,2023-01-06,Books,3.045305318450427,Female
CUST2152,Alaa Mahmoud,54.455621301775146,alaa.mahmoud@hotmail.com,,451.21,2024-12-27,No Especificado,3.045305318450427,Male
CUST2153,Mark Smith,73.0,mark.smith@gmail.com,987654321.0,976.66,2024-04-19,Clothing,5.0,Female
CUST2154,Mark Mahmoud,44.0,mark.mahmoud@hotmail.com,987654321.0,632.7,2023-06-15,Electronics,1.0,Female
CUST2155,Sara Gaber,54.455621301775146,sara.gaber@hotmail.com,,798.39,2025-07-06,Books,3.045305318450427,Male
CUST2156,Ahmed Mahmoud,54.455621301775146,ahmed.mahmoud@hotmail.com,123456789.0,698.47,2023-04-22,Clothing,4.0,Male
CUST2157,Ali Smith,54.455621301775146,ali.smith@hotmail.com,123456789.0,280.93,,Toys,3.045305318450427,Female
CUST2158,Alaa Ibrahim,54.455621301775146,alaa.ibrahim@hotmail.com,987654321.0,963.19,2025-07-15,No Especificado,4.0,Male
CUST2159,John Ibrahim,54.455621301775146,john.ibrahim@hotmail.com,987654321.0,,2024-06-29,Clothing,3.045305318450427,Female
CUST2160,Ali Ali,54.455621301775146,ali.ali@yahoo.com,,651.22,2024-06-27,Toys,1.0,Male
CUST2161,Ali Ali,54.455621301775146,ali.ali@gmail.com,987654321.0,835.75,2024-04-27,Books,4.0,Female
CUST2162,Fatma Ali,54.455621301775146,fatma.ali@gmail.com,123456789.0,415.16,2022-11-27,Home,3.045305318450427,Male
CUST2163,Alaa Ali,18.0,alaa.ali@yahoo.com,,13.0,2023-11-17,No Especificado,2.0,Female
CUST2164,Fatma Smith,54.455621301775146,fatma.smith@yahoo.com,123456789.0,577.39,2025-01-01,No Especificado,3.045305318450427,Male
CUST2165,Alaa Hassan,55.0,alaa.hassan@yahoo.com,,862.44,2024-05-20,No Especificado,3.045305318450427,No Especificado
CUST2166,Sara Smith,54.455621301775146,sara.smith@yahoo.com,123456789.0,804.4,2022-12-30,Clothing,5.0,Female
CUST2167,Ali Ibrahim,44.0,ali.ibrahim@gmail.com,,,2024-09-27,Home,4.0,Male
CUST2168,John Gaber,90.0,john.gaber@yahoo.com,987654321.0,683.68,2024-05-13,No Especificado,1.0,Female
CUST2169,Alaa Ibrahim,54.455621301775146,alaa.ibrahim@hotmail.com,987654321.0,476.61,2024-02-27,Books,2.0,Male
CUST2170,Ali Ali,70.0,ali.ali@gmail.com,,17.77,2023-04-10,Books,3.045305318450427,No Especificado
CUST2171,Fatma Hassan,54.455621301775146,fatma.hassan@gmail.com,,611.01,2024-11-15,Electronics,1.0,Female
CUST2172,Ahmed Gaber,54.455621301775146,ahmed.gaber@hotmail.com,,284.3,2023-08-18,Books,4.0,Female
CUST2173,Ali Smith,54.455621301775146,ali.smith@hotmail.com,123456789.0,,2023-01-28,Electronics,3.0,Male
CUST2174,Fatma Hassan,54.455621301775146,fatma.hassan@yahoo.com,,,2023-02-22,Electronics,5.0,Male
CUST2175,Mark Hassan,90.0,mark.hassan@yahoo.com,987654321.0,753.1,,Home,5.0,Male
CUST2176,Ali Ibrahim,54.455621301775146,ali.ibrahim@gmail.com,123456789.0,36.36,2023-12-15,No Especificado,1.0,Female
CUST2177,Mark Ali,41.0,mark.ali@yahoo.com,987654321.0,827.83,2024-03-16,Books,4.0,Female
CUST2178,Ahmed Smith,54.455621301775146,ahmed.smith@gmail.com,123456789.0,931.69,2024-05-21,No Especificado,3.045305318450427,Female
CUST2179,Alaa Ali,32.0,alaa.ali@hotmail.com,987654321.0,652.15,2023-06-24,Home,3.0,Male
CUST2180,Fatma Mahmoud,54.455621301775146,fatma.mahmoud@gmail.com,,,2024-06-08,Toys,5.0,Female
CUST2181,Fatma Gaber,63.0,fatma.gaber@yahoo.com,,377.92,2023-11-06,Electronics,1.0,Female
CUST2182,Mark Ali,18.0,mark.ali@gmail.com,,846.93,,Home,5.0,Female
CUST2183,Ahmed Ibrahim,54.455621301775146,ahmed.ibrahim@gmail.com,123456789.0,915.64,2024-02-24,Clothing,3.045305318450427,Male
CUST2184,Fatma Gaber,54.455621301775146,fatma.gaber@hotmail.com,987654321.0,778.09,2024-08-13,Books,3.045305318450427,Female
CUST2185,Ali Hassan,54.455621301775146,ali.hassan@hotmail.com,,925.19,2024-05-05,No Especificado,5.0,No Especificado
CUST2186,Mark Hassan,54.455621301775146,mark.hassan@yahoo.com,,513.62,2025-05-18,Electronics,5.0,Male
CUST2187,Lina Smith,54.455621301775146,lina.smith@gmail.com,,297.71,2022-11-22,Toys,5.0,Female
CUST2188,Ahmed Gaber,54.455621301775146,ahmed.gaber@gmail.com,987654321.0,808.28,2024-07-10,No Especificado,5.0,Female
CUST2189,Ali Hassan,62.0,ali.hassan@hotmail.com,,940.72,2023-12-30,No Especificado,3.045305318450427,Female
CUST2190,Ali Ali,54.455621301775146,ali.ali@hotmail.com,987654321.0,196.88,2024-10-01,No Especificado,3.045305318450427,Female
CUST2191,Lina Gaber,43.0,lina.gaber@gmail.com,,261.2,2023-01-17,No Especificado,5.0,No Especificado
CUST2192,Fatma Hassan,54.455621301775146,fatma.hassan@yahoo.com,123456789.0,382.28,2024-02-25,No Especificado,3.045305318450427,Female
CUST2193,Ali Hassan,54.455621301775146,ali.hassan@gmail.com,987654321.0,314.57,2024-03-19,Home,4.0,Male
CUST2194,Lina Ali,88.0,lina.ali@yahoo.com,987654321.0,,2023-12-16,Toys,2.0,Female
CUST2195,Lina Gaber,54.455621301775146,lina.gaber@gmail.com,987654321.0,574.61,2024-04-10,Clothing,3.045305318450427,Female
CUST2196,Fatma Hassan,54.455621301775146,fatma.hassan@hotmail.com,,,2024-06-10,Books,3.045305318450427,Female
CUST2197,Lina Ibrahim,54.455621301775146,lina.ibrahim@hotmail.com,,,2023-09-20,Electronics,1.0,Female
CUST2198,John Smith,54.455621301775146,john.smith@yahoo.com,123456789.0,79.68,2025-07-10,Electronics,2.0,Male
CUST2199,Ali Ibrahim,19.0,ali.ibrahim@gmail.com,987654321.0,433.06,2023-09-08,Home,3.0,Female
CUST2200,Fatma Smith,54.455621301775146,fatma.smith@yahoo.com,,510.29,2024-04-09,Books,3.045305318450427,Female
CUST2201,Lina Smith,54.455621301775146,lina.smith@yahoo.com,,394.93,2023-11-14,Clothing,5.0,Female
CUST2202,Lina Smith,54.455621301775146,lina.smith@yahoo.com,,643.35,2024-02-01,Toys,4.0,No Especificado
CUST2203,Lina Ali,54.455621301775146,lina.ali@yahoo.com,987654321.0,244.49,2025-01-09,Home,1.0,Male
CUST2204,Ahmed Ibrahim,54.455621301775146,ahmed.ibrahim@gmail.com,,407.95,2024-08-01,No Especificado,3.0,Male
CUST2205,Ali Smith,54.455621301775146,ali.smith@yahoo.com,987654321.0,,2024-09-01,No Especificado,3.0,Male
CUST2206,Lina Gaber,54.455621301775146,lina.gaber@yahoo.com,,781.75,2023-12-02,Toys,5.0,Male
CUST2207,Ali Gaber,15.0,ali.gaber@gmail.com,,283.69,2023-06-25,Electronics,4.0,Female
CUST2208,Lina Mahmoud,54.455621301775146,lina.mahmoud@gmail.com,,840.98,2022-11-02,Home,3.0,No Especificado
CUST2209,Mark Smith,54.455621301775146,mark.smith@hotmail.com,,286.59,2024-11-04,Books,3.0,Male
CUST2210,John Smith,55.0,john.smith@yahoo.com,,300.97,2023-09-02,No Especificado,3.0,Female
CUST2211,Ali Ali,54.455621301775146,ali.ali@yahoo.com,,889.53,2024-05-28,Books,5.0,Female
CUST2212,Fatma Hassan,54.455621301775146,fatma.hassan@gmail.com,,733.62,2024-05-25,Clothing,3.045305318450427,Male
CUST2213,Ahmed Gaber,54.455621301775146,ahmed.gaber@hotmail.com,987654321.0,964.72,2024-06-02,Toys,4.0,No Especificado
CUST2214,John Ali,15.0,john.ali@hotmail.com,123456789.0,561.81,2023-07-03,No Especificado,3.0,No Especificado
CUST2215,Ahmed Ibrahim,39.0,ahmed.ibrahim@gmail.com,123456789.0,560.21,2024-05-15,Books,3.045305318450427,Female
CUST2216,Lina Ali,54.455621301775146,lina.ali@yahoo.com,123456789.0,799.32,2024-11-29,Books,5.0,Male
CUST2217,Alaa Smith,54.455621301775146,alaa.smith@gmail.com,987654321.0,535.6,2025-07-01,Clothing,4.0,Male
CUST2218,Mark Gaber,20.0,mark.gaber@yahoo.com,,610.87,2024-12-03,Electronics,1.0,Male
CUST2219,Fatma Hassan,54.455621301775146,fatma.hassan@gmail.com,987654321.0,739.49,2022-11-05,Electronics,2.0,Female
CUST2220,Fatma Mahmoud,37.0,fatma.mahmoud@yahoo.com,987654321.0,92.52,2024-06-24,Home,3.0,No Especificado
CUST2221,Sara Ali,54.455621301775146,sara.ali@hotmail.com,987654321.0,769.91,2024-05-10,No Especificado,2.0,No Especificado
CUST2222,Alaa Gaber,54.455621301775146,alaa.gaber@hotmail.com,,321.65,2023-11-07,Home,3.0,Male
CUST2223,Mark Ali,90.0,mark.ali@gmail.com,,92.17,2025-07-11,No Especificado,3.045305318450427,Female
CUST2224,Sara Mahmoud,54.455621301775146,sara.mahmoud@yahoo.com,987654321.0,760.72,2025-06-17,Clothing,5.0,Female
CUST2225,Mark Hassan,54.455621301775146,mark.hassan@yahoo.com,,35.74,,Home,5.0,No Especificado
CUST2226,Ali Ibrahim,54.455621301775146,ali.ibrahim@yahoo.com,,235.96,2025-02-14,Clothing,5.0,No Especificado
CUST2227,Ali Gaber,54.455621301775146,ali.gaber@gmail.com,,720.59,2023-11-06,Clothing,3.0,Female
CUST2228,John Ibrahim,82.0,john.ibrahim@gmail.com,987654321.0,978.34,2024-09-03,No Especificado,1.0,Female
CUST2229,Lina Mahmoud,54.455621301775146,lina.mahmoud@gmail.com,,972.71,2024-06-05,Toys,3.045305318450427,Female
CUST2230,Lina Hassan,54.455621301775146,lina.hassan@yahoo.com,987654321.0,98.1,2024-10-05,No Especificado,1.0,Female
CUST2231,Lina Hassan,54.455621301775146,lina.hassan@gmail.com,,608.34,2025-03-07,No Especificado,3.045305318450427,Male
CUST2232,Lina Mahmoud,54.455621301775146,lina.mahmoud@yahoo.com,,864.48,2023-02-16,Toys,5.0,Female
CUST2233,Mark Mahmoud,54.455621301775146,mark.mahmoud@hotmail.com,987654321.0,614.65,2023-06-21,Electronics,3.045305318450427,Female
CUST2234,Sara Hassan,54.455621301775146,sara.hassan@hotmail.com,987654321.0,512.14,2023-04-19,Electronics,5.0,Female
CUST2235,Ali Smith,54.455621301775146,ali.smith@gmail.com,987654321.0,293.0,,Electronics,4.0,Male
CUST2236,John Smith,36.0,john.smith@hotmail.com,,797.0,2024-05-20,Toys,4.0,Female
CUST2237,Ali Gaber,61.0,ali.gaber@gmail.com,987654321.0,580.13,2025-01-01,No Especificado,4.0,Male
CUST2238,Fatma Mahmoud,54.455621301775146,fatma.mahmoud@hotmail.com,,366.81,2024-06-15,No Especificado,4.0,Male
CUST2239,Lina Ali,54.455621301775146,lina.ali@hotmail.com,,140.35,2023-08-08,Toys,2.0,Female
CUST2240,Alaa Mahmoud,54.455621301775146,alaa.mahmoud@hotmail.com,987654321.0,167.11,2023-09-10,Toys,3.0,Male
CUST2241,Mark Smith,54.455621301775146,mark.smith@gmail.com,987654321.0,973.54,2023-06-07,No Especificado,1.0,Male
CUST2242,John Mahmoud,54.455621301775146,john.mahmoud@hotmail.com,,20.42,2024-10-01,Toys,3.045305318450427,Female
CUST2243,Sara Smith,54.455621301775146,sara.smith@yahoo.com,123456789.0,829.61,2023-10-05,Books,5.0,No Especificado
CUST2244,Ahmed Ibrahim,54.455621301775146,ahmed.ibrahim@gmail.com,123456789.0,767.34,2025-06-10,Electronics,3.0,Female
CUST2245,Fatma Smith,54.455621301775146,fatma.smith@gmail.com,,330.11,2023-01-16,No Especificado,2.0,Female
CUST2246,Ali Mahmoud,54.455621301775146,ali.mahmoud@hotmail.com,,535.87,2025-01-06,Electronics,1.0,Male
CUST2247,Fatma Hassan,54.455621301775146,fatma.hassan@hotmail.com,123456789.0,986.02,2022-12-24,Home,4.0,No Especificado
CUST2248,Lina Ali,51.0,lina.ali@hotmail.com,987654321.0,139.4,2024-07-05,Books,5.0,Female
CUST2249,Ahmed Ali,54.455621301775146,ahmed.ali@gmail.com,987654321.0,863.48,2022-10-31,Toys,3.045305318450427,No Especificado
CUST2250,Ahmed Ali,54.455621301775146,ahmed.ali@gmail.com,123456789.0,,2025-01-18,No Especificado,3.045305318450427,No Especificado
CUST2251,Fatma Gaber,54.455621301775146,fatma.gaber@gmail.com,123456789.0,67.6,2024-05-12,Home,1.0,Male
CUST2252,John Ali,54.455621301775146,john.ali@yahoo.com,,420.72,2023-05-02,Clothing,2.0,Female
CUST2253,Fatma Ali,54.455621301775146,fatma.ali@yahoo.com,,284.8,2023-06-28,No Especificado,5.0,Female
CUST2254,Fatma Hassan,54.455621301775146,fatma.hassan@gmail.com,987654321.0,244.38,2025-02-14,Books,1.0,Female
CUST2255,Sara Ibrahim,54.455621301775146,sara.ibrahim@gmail.com,,557.95,2024-06-29,Electronics,3.045305318450427,Female
CUST2256,Ahmed Smith,54.455621301775146,ahmed.smith@hotmail.com,123456789.0,754.51,2024-01-18,Electronics,2.0,Male
CUST2257,John Ali,35.0,john.ali@hotmail.com,987654321.0,374.71,2022-11-26,Clothing,1.0,Male
CUST2258,Fatma Ibrahim,54.455621301775146,fatma.ibrahim@gmail.com,,481.85,2024-10-13,No Especificado,1.0,Male
CUST2259,Mark Smith,54.455621301775146,mark.smith@yahoo.com,987654321.0,653.34,2023-02-12,Home,4.0,Male
CUST2260,John Mahmoud,65.0,john.mahmoud@gmail.com,,574.72,2025-02-25,Clothing,4.0,Female
CUST2261,Alaa Ibrahim,51.0,alaa.ibrahim@hotmail.com,123456789.0,801.49,2024-07-09,No Especificado,3.045305318450427,Female
CUST2262,Ahmed Smith,54.455621301775146,ahmed.smith@hotmail.com,987654321.0,144.72,2024-04-10,Books,1.0,No Especificado
CUST2263,Ahmed Gaber,54.455621301775146,ahmed.gaber@yahoo.com,123456789.0,768.15,2025-05-20,Toys,3.045305318450427,Female
CUST2264,Mark Ali,48.0,mark.ali@gmail.com,,585.62,2022-11-18,Books,2.0,Female
CUST2265,Sara Ali,54.455621301775146,sara.ali@gmail.com,123456789.0,475.61,2025-07-17,Home,3.045305318450427,Female
CUST2266,Lina Smith,49.0,lina.smith@gmail.com,123456789.0,280.36,2024-03-22,No Especificado,3.045305318450427,Male
CUST2267,Ahmed Ibrahim,54.455621301775146,ahmed.ibrahim@yahoo.com,123456789.0,814.36,2023-10-15,Home,1.0,Male
CUST2268,Lina Ibrahim,54.455621301775146,lina.ibrahim@hotmail.com,987654321.0,175.5,2024-05-25,No Especificado,2.0,Male
CUST2269,John Smith,54.455621301775146,john.smith@gmail.com,,227.25,2024-05-23,Books,2.0,Female
CUST2270,Alaa Ibrahim,54.455621301775146,alaa.ibrahim@yahoo.com,987654321.0,342.32,2023-06-21,Home,3.045305318450427,Male
CUST2271,Ali Ali,54.455621301775146,ali.ali@gmail.com,123456789.0,538.81,2024-11-20,Home,5.0,Male
CUST2272,Fatma Ibrahim,31.0,fatma.ibrahim@gmail.com,,727.25,2023-11-24,No Especificado,4.0,Female
CUST2273,Fatma Ibrahim,54.455621301775146,fatma.ibrahim@hotmail.com,123456789.0,162.53,2025-01-20,Home,3.045305318450427,Female
CUST2274,John Mahmoud,54.455621301775146,john.mahmoud@yahoo.com,,6.42,2024-08-23,Toys,2.0,Male
CUST2275,Ahmed Mahmoud,54.455621301775146,ahmed.mahmoud@yahoo.com,,653.18,2024-11-09,Toys,1.0,No Especificado
CUST2276,Alaa Hassan,77.0,alaa.hassan@gmail.com,,947.43,2024-10-01,Clothing,5.0,Male
CUST2277,Ahmed Gaber,54.455621301775146,ahmed.gaber@gmail.com,,940.11,,Electronics,3.045305318450427,Male
CUST2278,Ahmed Gaber,54.455621301775146,ahmed.gaber@hotmail.com,123456789.0,155.92,2024-04-21,Home,1.0,Male
CUST2279,John Hassan,54.455621301775146,john.hassan@yahoo.com,987654321.0,823.84,,No Especificado,1.0,Female
CUST2280,Fatma Hassan,32.0,fatma.hassan@yahoo.com,987654321.0,788.14,2022-11-10,No Especificado,5.0,Female
CUST2281,Ahmed Smith,55.0,ahmed.smith@gmail.com,123456789.0,986.3,2025-03-26,Electronics,3.0,No Especificado
CUST2282,Ali Ibrahim,54.455621301775146,ali.ibrahim@yahoo.com,,56.47,2024-08-24,Home,3.0,Male
CUST2283,Lina Ibrahim,54.455621301775146,lina.ibrahim@yahoo.com,,333.17,2024-04-11,Toys,4.0,Male
CUST2284,John Hassan,54.455621301775146,john.hassan@hotmail.com,,438.39,2023-04-11,Electronics,4.0,Male
CUST2285,Alaa Hassan,43.0,alaa.hassan@yahoo.com,987654321.0,836.11,2023-06-01,No Especificado,3.045305318450427,Male
CUST2286,John Mahmoud,54.455621301775146,john.mahmoud@hotmail.com,,884.5,2024-08-15,Home,2.0,Male
CUST2287,Fatma Mahmoud,54.455621301775146,fatma.mahmoud@gmail.com,,704.74,,Toys,3.045305318450427,Female
CUST2288,Sara Mahmoud,54.455621301775146,sara.mahmoud@hotmail.com,,379.05,2024-06-27,Clothing,3.045305318450427,Female
CUST2289,Sara Gaber,54.455621301775146,sara.gaber@yahoo.com,987654321.0,645.64,2023-07-18,Electronics,3.0,Female
CUST2290,Sara Ibrahim,54.455621301775146,sara.ibrahim@gmail.com,,748.21,2023-10-02,No Especificado,2.0,Female
CUST2291,John Mahmoud,54.455621301775146,john.mahmoud@yahoo.com,123456789.0,331.71,2024-02-22,Clothing,3.0,Female
CUST2292,Mark Ali,54.455621301775146,mark.ali@yahoo.com,123456789.0,959.93,2024-11-17,Toys,3.0,Female
CUST2293,John Gaber,78.0,john.gaber@yahoo.com,987654321.0,878.9,2022-12-10,Home,1.0,Male
CUST2294,Fatma Hassan,54.455621301775146,fatma.hassan@yahoo.com,123456789.0,741.76,2022-11-14,Home,3.045305318450427,Female
CUST2295,John Gaber,54.455621301775146,john.gaber@hotmail.com,,329.58,2023-10-09,Toys,4.0,Male
CUST2296,Fatma Smith,54.455621301775146,fatma.smith@gmail.com,,68.86,2024-09-17,Toys,4.0,Female
CUST2297,Lina Smith,28.0,lina.smith@hotmail.com,987654321.0,512.36,2023-06-24,Clothing,1.0,Male
CUST2298,Ahmed Smith,54.455621301775146,ahmed.smith@gmail.com,123456789.0,312.14,2024-07-26,Clothing,5.0,Female
CUST2299,Alaa Hassan,54.455621301775146,alaa.hassan@hotmail.com,,485.41,2023-11-30,Books,3.0,Male
CUST2300,Fatma Mahmoud,54.455621301775146,fatma.mahmoud@yahoo.com,987654321.0,557.38,2025-07-08,Electronics,3.045305318450427,Female
CUST2301,Ali Hassan,54.455621301775146,ali.hassan@gmail.com,,841.55,2024-10-26,Books,2.0,Male
CUST2302,Ahmed Smith,54.455621301775146,ahmed.smith@yahoo.com,,,,No Especificado,3.045305318450427,No Especificado
CUST2303,Ali Hassan,54.455621301775146,ali.hassan@yahoo.com,,927.29,2023-11-25,Home,3.045305318450427,Male
CUST2304,Mark Smith,54.455621301775146,mark.smith@hotmail.com,,766.28,2025-02-07,Electronics,2.0,Male
CUST2305,Fatma Ibrahim,54.455621301775146,fatma.ibrahim@yahoo.com,123456789.0,630.39,2023-12-29,Clothing,5.0,No Especificado
CUST2306,Alaa Mahmoud,54.455621301775146,alaa.mahmoud@yahoo.com,,712.47,,Clothing,4.0,Male
CUST2307,Ahmed Smith,54.455621301775146,ahmed.smith@hotmail.com,,987.16,2025-04-23,Toys,1.0,Female
CUST2308,Lina Ali,25.0,lina.ali@hotmail.com,,129.05,2023-12-05,Books,4.0,Male
CUST2309,Alaa Ali,54.455621301775146,alaa.ali@yahoo.com,123456789.0,305.61,2023-10-06,Clothing,3.0,Male
CUST2310,Mark Gaber,34.0,mark.gaber@hotmail.com,,65.4,2025-06-30,Books,5.0,Female
CUST2311,Ali Gaber,54.455621301775146,ali.gaber@gmail.com,,764.36,2024-03-08,Electronics,3.0,Female
CUST2312,John Ali,54.455621301775146,john.ali@hotmail.com,,96.81,2024-04-05,No Especificado,4.0,Male
CUST2313,Fatma Gaber,54.455621301775146,fatma.gaber@hotmail.com,,490.35,2024-08-03,Books,5.0,Male
CUST2314,Ali Mahmoud,54.455621301775146,ali.mahmoud@yahoo.com,,557.11,2023-10-11,No Especificado,3.045305318450427,Female
CUST2315,John Mahmoud,80.0,john.mahmoud@gmail.com,,262.87,2023-03-25,No Especificado,5.0,Male
CUST2316,Mark Ibrahim,54.455621301775146,mark.ibrahim@yahoo.com,987654321.0,291.61,2023-04-29,Electronics,3.045305318450427,No Especificado
CUST2317,Fatma Hassan,54.455621301775146,fatma.hassan@yahoo.com,,,2024-03-16,Clothing,3.0,Female
CUST2318,Sara Ali,54.455621301775146,sara.ali@yahoo.com,,590.9,2024-11-16,No Especificado,5.0,Male
CUST2319,Mark Gaber,85.0,mark.gaber@hotmail.com,,106.06,2022-11-13,Clothing,1.0,Female
CUST2320,Ahmed Ali,54.455621301775146,ahmed.ali@hotmail.com,987654321.0,576.62,,Clothing,3.045305318450427,Female
CUST2321,Ali Smith,59.0,ali.smith@gmail.com,123456789.0,59.13,2023-11-07,No Especificado,3.045305318450427,Male
CUST2322,Mark Mahmoud,54.455621301775146,mark.mahmoud@hotmail.com,123456789.0,682.31,2024-06-25,Electronics,2.0,Female
CUST2323,Sara Mahmoud,54.455621301775146,sara.mahmoud@gmail.com,,721.91,2022-12-12,No Especificado,5.0,Male
CUST2324,Sara Ali,60.0,sara.ali@hotmail.com,123456789.0,365.96,2025-04-02,Home,3.0,Male
CUST2325,Mark Hassan,57.0,mark.hassan@hotmail.com,123456789.0,30.53,2025-01-13,Home,5.0,Male
CUST2326,Alaa Ali,39.0,alaa.ali@hotmail.com,,535.16,,Books,2.0,Male
CUST2327,Mark Ali,54.455621301775146,mark.ali@gmail.com,,773.86,2024-05-03,Toys,4.0,No Especificado
CUST2328,John Smith,54.455621301775146,john.smith@yahoo.com,,443.31,,Electronics,4.0,Female
CUST2329,Ahmed Hassan,54.455621301775146,ahmed.hassan@yahoo.com,123456789.0,521.88,2023-04-28,Electronics,2.0,Male
CUST2330,John Gaber,54.455621301775146,john.gaber@gmail.com,,37.03,2025-03-26,No Especificado,3.0,Male
CUST2331,Lina Hassan,54.455621301775146,lina.hassan@gmail.com,,667.73,2025-03-02,No Especificado,5.0,Male
CUST2332,Ahmed Ali,54.455621301775146,ahmed.ali@gmail.com,,994.27,,Clothing,5.0,Male
CUST2333,Lina Mahmoud,54.455621301775146,lina.mahmoud@hotmail.com,987654321.0,768.11,2025-05-25,Home,3.045305318450427,Male
CUST2334,Ali Hassan,42.0,ali.hassan@hotmail.com,,689.32,2025-03-31,Clothing,2.0,Female
CUST2335,Lina Smith,54.455621301775146,lina.smith@gmail.com,987654321.0,125.21,2025-05-10,Clothing,2.0,Male
CUST2336,Ahmed Smith,54.455621301775146,ahmed.smith@hotmail.com,987654321.0,924.15,2025-01-24,Toys,4.0,No Especificado
CUST2337,Ahmed Smith,54.455621301775146,ahmed.smith@yahoo.com,,642.13,2022-11-22,No Especificado,5.0,Female
CUST2338,Ali Gaber,54.455621301775146,ali.gaber@gmail.com,,174.72,2024-09-29,Books,3.045305318450427,Male
CUST2339,John Mahmoud,54.455621301775146,john.mahmoud@hotmail.com,,508.0,2025-07-09,Toys,3.0,Male
CUST2340,Fatma Ali,37.0,fatma.ali@hotmail.com,123456789.0,61.59,2023-06-02,No Especificado,5.0,Male
CUST2341,Alaa Ibrahim,50.0,alaa.ibrahim@hotmail.com,,878.58,2024-09-27,Home,4.0,Male
CUST2342,Sara Mahmoud,54.455621301775146,sara.mahmoud@hotmail.com,,713.21,2023-04-01,Clothing,3.0,No Especificado
CUST2343,Lina Mahmoud,54.455621301775146,lina.mahmoud@yahoo.com,,201.25,2023-05-01,Clothing,3.045305318450427,No Especificado
CUST2344,John Hassan,54.455621301775146,john.hassan@gmail.com,,143.2,2023-01-22,No Especificado,3.045305318450427,Male
CUST2345,Ahmed Ali,54.0,ahmed.ali@hotmail.com,,5.06,2024-04-23,Toys,2.0,Female
CUST2346,Mark Ali,54.455621301775146,mark.ali@hotmail.com,123456789.0,625.29,2023-04-07,Books,3.045305318450427,Male
CUST2347,Ahmed Ibrahim,54.455621301775146,ahmed.ibrahim@hotmail.com,,336.62,2024-09-01,Books,3.045305318450427,Male
CUST2348,John Ibrahim,54.455621301775146,john.ibrahim@hotmail.com,123456789.0,597.64,2023-03-15,Electronics,3.045305318450427,No Especificado
CUST2349,Mark Ibrahim,54.455621301775146,mark.ibrahim@yahoo.com,987654321.0,170.19,2024-03-27,No Especificado,1.0,Male
CUST2350,Alaa Smith,54.455621301775146,alaa.smith@hotmail.com,123456789.0,216.17,2023-11-05,No Especificado,2.0,Female
CUST2351,Sara Ali,54.455621301775146,sara.ali@yahoo.com,,814.16,2023-11-02,Toys,3.045305318450427,Male
CUST2352,Alaa Ali,54.455621301775146,alaa.ali@gmail.com,,,2025-05-09,Electronics,2.0,Female
CUST2353,Sara Smith,54.455621301775146,sara.smith@hotmail.com,,752.92,2025-02-15,Home,4.0,Female
CUST2354,Fatma Gaber,54.455621301775146,fatma.gaber@hotmail.com,987654321.0,163.03,,Home,2.0,Male
CUST2355,Mark Hassan,54.455621301775146,mark.hassan@yahoo.com,,264.91,2023-07-15,Books,2.0,No Especificado
CUST2356,Lina Smith,54.455621301775146,lina.smith@yahoo.com,123456789.0,875.9,2023-12-30,Toys,2.0,Male
CUST2357,Ali Gaber,54.455621301775146,ali.gaber@gmail.com,,72.86,2025-05-14,Books,3.045305318450427,No Especificado
CUST2358,Lina Ibrahim,84.0,lina.ibrahim@yahoo.com,123456789.0,25.6,2023-04-02,Books,3.045305318450427,Male
CUST2359,John Ibrahim,54.455621301775146,john.ibrahim@yahoo.com,,891.79,,Clothing,3.045305318450427,Male
CUST2360,Fatma Ali,54.455621301775146,fatma.ali@hotmail.com,987654321.0,483.05,2024-06-04,No Especificado,3.045305318450427,Male
CUST2361,Fatma Smith,54.455621301775146,fatma.smith@gmail.com,,609.79,2023-03-08,No Especificado,4.0,Male
CUST2362,John Mahmoud,54.455621301775146,john.mahmoud@hotmail.com,123456789.0,297.31,2025-01-06,Home,2.0,Female
CUST2363,John Ibrahim,54.455621301775146,john.ibrahim@hotmail.com,,791.03,2023-02-18,No Especificado,4.0,Female
CUST2364,Ali Ibrahim,54.455621301775146,ali.ibrahim@yahoo.com,,682.18,2023-03-02,Clothing,2.0,Male
CUST2365,Sara Smith,54.455621301775146,sara.smith@gmail.com,,374.82,2023-10-29,Electronics,1.0,Male
CUST2366,Sara Smith,54.455621301775146,sara.smith@yahoo.com,,68.71,2024-06-29,Books,1.0,Male
CUST2367,Fatma Gaber,54.455621301775146,fatma.gaber@yahoo.com,,542.58,2023-02-14,Electronics,3.045305318450427,Female
CUST2368,Ali Mahmoud,54.455621301775146,ali.mahmoud@gmail.com,123456789.0,814.7,2024-07-31,Toys,3.045305318450427,Female
CUST2369,Ahmed Smith,54.455621301775146,ahmed.smith@gmail.com,123456789.0,362.69,,No Especificado,3.045305318450427,No Especificado
CUST2370,Mark Ibrahim,68.0,mark.ibrahim@yahoo.com,123456789.0,746.02,2024-08-01,Books,3.0,Male
CUST2371,Alaa Ali,54.455621301775146,alaa.ali@yahoo.com,,503.61,2023-10-21,Clothing,3.045305318450427,Male
CUST2372,Sara Hassan,82.0,sara.hassan@yahoo.com,,17.45,2024-10-15,Toys,3.0,Female
CUST2373,Fatma Ibrahim,59.0,fatma.ibrahim@hotmail.com,123456789.0,970.76,2025-03-12,No Especificado,1.0,Female
CUST2374,Ali Smith,54.455621301775146,ali.smith@yahoo.com,123456789.0,272.72,2023-05-14,Electronics,3.0,Male
CUST2375,Ali Smith,54.455621301775146,ali.smith@yahoo.com,987654321.0,525.83,2023-01-01,Books,1.0,Female
CUST2376,Mark Ibrahim,31.0,mark.ibrahim@yahoo.com,123456789.0,646.27,2024-02-15,Electronics,5.0,No Especificado
CUST2377,Lina Mahmoud,48.0,lina.mahmoud@hotmail.com,987654321.0,430.04,2023-03-22,Electronics,3.045305318450427,Male
CUST2378,Alaa Hassan,54.455621301775146,alaa.hassan@hotmail.com,987654321.0,228.8,2024-10-13,Electronics,1.0,No Especificado
CUST2379,Ahmed Hassan,54.455621301775146,ahmed.hassan@hotmail.com,123456789.0,315.18,2024-04-02,Clothing,5.0,No Especificado
CUST2380,Ali Ali,54.455621301775146,ali.ali@yahoo.com,,582.07,2024-02-24,No Especificado,1.0,Female
CUST2381,Ahmed Smith,56.0,ahmed.smith@hotmail.com,,551.08,2023-11-08,Books,3.045305318450427,Female
CUST2382,Mark Hassan,54.455621301775146,mark.hassan@hotmail.com,123456789.0,321.63,,No Especificado,4.0,Female
CUST2383,Ahmed Ibrahim,54.455621301775146,ahmed.ibrahim@yahoo.com,987654321.0,95.98,2022-12-20,Electronics,5.0,No Especificado
CUST2384,Ali Ali,54.455621301775146,ali.ali@gmail.com,,633.57,2024-04-06,Books,1.0,Male
CUST2385,Alaa Ali,54.455621301775146,alaa.ali@gmail.com,123456789.0,549.06,2024-05-09,Clothing,3.0,Male
CUST2386,Mark Smith,39.0,mark.smith@gmail.com,987654321.0,581.97,,No Especificado,2.0,Male
CUST2387,Ali Hassan,54.455621301775146,ali.hassan@yahoo.com,,230.7,2023-06-04,Electronics,5.0,Female
CUST2388,John Ali,38.0,john.ali@yahoo.com,,443.46,2025-06-06,Books,5.0,No Especificado
CUST2389,Alaa Mahmoud,54.455621301775146,alaa.mahmoud@hotmail.com,,316.51,2023-07-19,Electronics,3.0,Female
CUST2390,Sara Ibrahim,47.0,sara.ibrahim@gmail.com,987654321.0,156.92,2023-11-14,Home,5.0,Female
CUST2391,Sara Hassan,54.455621301775146,sara.hassan@gmail.com,,836.74,2023-12-31,Books,1.0,Female
CUST2392,Fatma Ali,54.455621301775146,fatma.ali@hotmail.com,123456789.0,742.5,2023-02-06,Toys,3.0,Female
CUST2393,Lina Ibrahim,54.455621301775146,lina.ibrahim@yahoo.com,987654321.0,631.58,2023-02-09,Electronics,1.0,Female
CUST2394,Ahmed Ibrahim,54.455621301775146,ahmed.ibrahim@hotmail.com,987654321.0,,2024-01-23,Clothing,4.0,Male
CUST2395,Lina Ali,54.455621301775146,lina.ali@hotmail.com,987654321.0,815.87,2022-12-15,Electronics,2.0,Male
CUST2396,Sara Hassan,54.455621301775146,sara.hassan@gmail.com,,283.24,2024-08-04,No Especificado,1.0,Male
CUST2397,Alaa Mahmoud,54.455621301775146,alaa.mahmoud@gmail.com,123456789.0,970.58,2024-01-27,Home,3.0,Female
CUST2398,Ahmed Mahmoud,54.455621301775146,ahmed.mahmoud@gmail.com,,356.15,2023-07-01,Home,3.045305318450427,No Especificado
CUST2399,Alaa Smith,46.0,alaa.smith@yahoo.com,987654321.0,618.99,2023-12-27,Clothing,4.0,Female
CUST2400,John Ibrahim,54.455621301775146,john.ibrahim@gmail.com,123456789.0,134.74,2023-09-24,Home,2.0,No Especificado
CUST2401,Sara Gaber,54.455621301775146,sara.gaber@gmail.com,,599.7,2023-04-12,Clothing,3.0,Female
CUST2402,Ali Hassan,54.455621301775146,ali.hassan@yahoo.com,987654321.0,77.0,2023-04-18,Home,4.0,Male
CUST2403,John Mahmoud,63.0,john.mahmoud@gmail.com,,632.78,2025-01-29,No Especificado,5.0,Male
CUST2404,Sara Mahmoud,80.0,sara.mahmoud@hotmail.com,,86.38,2024-08-23,Clothing,3.045305318450427,Male
CUST2405,Ali Ibrahim,54.455621301775146,ali.ibrahim@gmail.com,,200.81,2024-06-05,No Especificado,4.0,Female
CUST2406,Ali Mahmoud,54.455621301775146,ali.mahmoud@hotmail.com,987654321.0,516.96,2023-11-11,No Especificado,3.045305318450427,Male
CUST2407,John Smith,54.455621301775146,john.smith@yahoo.com,,266.41,2024-05-29,No Especificado,5.0,Male
CUST2408,Ahmed Smith,22.0,ahmed.smith@yahoo.com,,93.85,2025-01-06,Clothing,3.045305318450427,Female
CUST2409,Lina Hassan,54.455621301775146,lina.hassan@hotmail.com,987654321.0,280.0,2025-01-08,No Especificado,3.045305318450427,Female
CUST2410,Alaa Mahmoud,54.455621301775146,alaa.mahmoud@yahoo.com,123456789.0,632.84,2023-06-01,Clothing,3.045305318450427,Male
CUST2411,Lina Hassan,54.455621301775146,lina.hassan@gmail.com,,900.84,2023-07-03,Electronics,3.045305318450427,Male
CUST2412,Lina Ali,54.455621301775146,lina.ali@gmail.com,987654321.0,995.18,2024-02-17,Electronics,3.045305318450427,Female
CUST2413,Mark Ibrahim,25.0,mark.ibrahim@yahoo.com,987654321.0,182.44,2023-01-03,Books,5.0,Female
CUST2414,Sara Ibrahim,54.455621301775146,sara.ibrahim@hotmail.com,123456789.0,831.52,2025-03-15,Home,2.0,Male
CUST2415,Ali Gaber,54.455621301775146,ali.gaber@hotmail.com,123456789.0,562.33,2023-01-22,Electronics,3.0,Female
CUST2416,Fatma Smith,80.0,fatma.smith@gmail.com,,454.33,2024-04-10,Clothing,3.0,Male
CUST2417,Ahmed Ali,78.0,ahmed.ali@yahoo.com,,578.47,2024-04-07,Clothing,3.0,Male
CUST2418,John Ibrahim,54.455621301775146,john.ibrahim@gmail.com,,352.88,2025-04-15,Clothing,1.0,No Especificado
CUST2419,Sara Smith,65.0,sara.smith@gmail.com,123456789.0,662.08,2023-12-30,Toys,3.045305318450427,Female
CUST2420,John Mahmoud,54.455621301775146,john.mahmoud@hotmail.com,987654321.0,865.23,,Toys,1.0,Male
CUST2421,Alaa Hassan,54.455621301775146,alaa.hassan@hotmail.com,,549.42,2024-10-29,Home,2.0,Male
CUST2422,Sara Mahmoud,75.0,sara.mahmoud@yahoo.com,987654321.0,202.9,2022-11-03,No Especificado,4.0,Female
CUST2423,Sara Gaber,54.455621301775146,sara.gaber@gmail.com,123456789.0,110.03,2023-08-11,No Especificado,1.0,Female
CUST2424,Fatma Smith,41.0,fatma.smith@gmail.com,987654321.0,377.06,2024-02-28,No Especificado,4.0,Male
CUST2425,Ali Hassan,54.455621301775146,ali.hassan@yahoo.com,,557.07,2022-11-12,Electronics,2.0,Female
CUST2426,John Hassan,54.455621301775146,john.hassan@hotmail.com,,849.8,2023-01-09,Clothing,3.0,Female
CUST2427,Fatma Mahmoud,54.455621301775146,fatma.mahmoud@gmail.com,,913.58,2024-10-18,No Especificado,3.045305318450427,Male
CUST2428,Fatma Hassan,54.455621301775146,fatma.hassan@hotmail.com,987654321.0,464.61,2024-02-24,No Especificado,3.045305318450427,Male
CUST2429,Lina Ibrahim,54.455621301775146,lina.ibrahim@gmail.com,123456789.0,145.97,2023-03-24,Clothing,4.0,No Especificado
CUST2430,Ahmed Hassan,54.455621301775146,ahmed.hassan@hotmail.com,987654321.0,611.11,2023-12-09,Toys,3.045305318450427,Female
CUST2431,Alaa Mahmoud,54.455621301775146,alaa.mahmoud@hotmail.com,987654321.0,947.98,2024-09-06,Clothing,3.0,Male
CUST2432,Ahmed Smith,70.0,ahmed.smith@hotmail.com,123456789.0,377.64,2024-04-12,Toys,1.0,Female
CUST2433,Sara Smith,86.0,sara.smith@yahoo.com,987654321.0,20.69,2023-06-01,Home,3.045305318450427,Male
CUST2434,Ahmed Hassan,54.455621301775146,ahmed.hassan@hotmail.com,,680.71,2025-05-19,Toys,3.0,Female
CUST2435,Mark Hassan,54.455621301775146,mark.hassan@hotmail.com,,236.19,,Home,5.0,No Especificado
CUST2436,Sara Gaber,54.455621301775146,sara.gaber@hotmail.com,,384.97,2023-09-16,Electronics,2.0,Male
CUST2437,Lina Ibrahim,51.0,lina.ibrahim@hotmail.com,123456789.0,828.57,2025-02-17,Books,5.0,No Especificado
CUST2438,Alaa Smith,54.455621301775146,alaa.smith@gmail.com,,992.08,2025-02-19,Clothing,3.0,Female
CUST2439,Ali Hassan,45.0,ali.hassan@hotmail.com,123456789.0,541.75,2023-02-12,No Especificado,5.0,Male
CUST2440,Mark Gaber,54.455621301775146,mark.gaber@gmail.com,,491.42,2024-05-14,Electronics,3.045305318450427,Male
CUST2441,Sara Ibrahim,27.0,sara.ibrahim@gmail.com,987654321.0,808.83,2024-12-24,Toys,3.0,Male
CUST2442,Mark Ali,54.455621301775146,mark.ali@gmail.com,987654321.0,786.85,2025-01-18,Clothing,3.045305318450427,Male
CUST2443,Ali Smith,54.455621301775146,ali.smith@gmail.com,,163.25,2023-12-22,No Especificado,4.0,Female
CUST2444,Ali Ali,54.455621301775146,ali.ali@hotmail.com,,200.94,2023-03-02,No Especificado,3.045305318450427,Male
CUST2445,Alaa Ali,54.455621301775146,alaa.ali@gmail.com,123456789.0,834.66,2024-06-29,Books,3.0,No Especificado
CUST2446,Sara Ali,54.455621301775146,sara.ali@hotmail.com,123456789.0,662.1,2024-02-13,Electronics,2.0,No Especificado
CUST2447,Fatma Mahmoud,54.455621301775146,fatma.mahmoud@yahoo.com,123456789.0,956.5,2023-01-20,Books,1.0,No Especificado
CUST2448,Lina Hassan,35.0,lina.hassan@yahoo.com,123456789.0,539.08,2023-05-08,No Especificado,2.0,Female
CUST2449,John Mahmoud,54.455621301775146,john.mahmoud@yahoo.com,987654321.0,989.99,2024-11-28,No Especificado,1.0,Female
CUST2450,John Smith,54.455621301775146,john.smith@gmail.com,123456789.0,833.53,2024-10-08,Toys,3.045305318450427,No Especificado
CUST2451,Ahmed Ali,54.455621301775146,ahmed.ali@hotmail.com,,964.73,2024-12-14,Clothing,4.0,Female
CUST2452,Ali Mahmoud,54.455621301775146,ali.mahmoud@gmail.com,,870.28,2023-08-22,Books,3.0,Female
CUST2453,Ali Hassan,54.455621301775146,ali.hassan@gmail.com,987654321.0,,2022-12-23,Toys,2.0,Female
CUST2454,Fatma Gaber,54.455621301775146,fatma.gaber@hotmail.com,,490.82,2023-02-05,No Especificado,4.0,Male
CUST2455,Ahmed Hassan,54.455621301775146,ahmed.hassan@yahoo.com,,237.48,2023-12-22,No Especificado,1.0,Female
CUST2456,Ahmed Mahmoud,54.455621301775146,ahmed.mahmoud@hotmail.com,,378.33,2024-11-20,Home,1.0,Female
CUST2457,Ali Ali,54.455621301775146,ali.ali@gmail.com,987654321.0,774.82,2024-03-04,Electronics,3.0,Male
CUST2458,Lina Mahmoud,54.455621301775146,lina.mahmoud@gmail.com,,152.31,2025-06-13,No Especificado,3.045305318450427,Female
CUST2459,Alaa Gaber,54.455621301775146,alaa.gaber@hotmail.com,987654321.0,724.17,2025-05-18,Books,4.0,Female
CUST2460,Ahmed Mahmoud,54.455621301775146,ahmed.mahmoud@hotmail.com,123456789.0,509.73,2023-07-20,Books,3.045305318450427,Male
CUST2461,Mark Smith,54.455621301775146,mark.smith@yahoo.com,123456789.0,429.69,,Clothing,1.0,Male
CUST2462,John Ibrahim,54.455621301775146,john.ibrahim@hotmail.com,,657.63,2024-02-05,Clothing,3.045305318450427,Female
CUST2463,Alaa Ibrahim,54.455621301775146,alaa.ibrahim@hotmail.com,987654321.0,172.13,,No Especificado,2.0,Female
CUST2464,Ali Hassan,54.455621301775146,ali.hassan@hotmail.com,,977.57,2023-09-21,No Especificado,1.0,Female
CUST2465,Fatma Smith,54.455621301775146,fatma.smith@gmail.com,987654321.0,,2023-11-29,No Especificado,4.0,Female
CUST2466,Ahmed Mahmoud,54.455621301775146,ahmed.mahmoud@yahoo.com,,601.92,2024-08-10,Electronics,4.0,Male
CUST2467,Ali Ali,54.455621301775146,ali.ali@gmail.com,987654321.0,143.81,2024-12-23,Books,1.0,Female
CUST2468,Ahmed Smith,54.455621301775146,ahmed.smith@yahoo.com,,253.51,2023-02-08,No Especificado,2.0,Female
CUST2469,Alaa Hassan,54.455621301775146,alaa.hassan@yahoo.com,123456789.0,249.8,2024-07-27,Home,2.0,Female
CUST2470,Ali Ibrahim,54.455621301775146,ali.ibrahim@yahoo.com,,82.52,2022-12-23,Clothing,3.045305318450427,Female
CUST2471,Lina Ibrahim,66.0,lina.ibrahim@gmail.com,987654321.0,893.36,2024-10-09,Home,3.0,Female
CUST2472,Lina Mahmoud,54.455621301775146,lina.mahmoud@gmail.com,,215.86,2025-03-23,No Especificado,4.0,Male
CUST2473,John Ali,54.455621301775146,john.ali@hotmail.com,,470.0,2024-03-07,Books,4.0,Female
CUST2474,Sara Gaber,54.455621301775146,sara.gaber@hotmail.com,987654321.0,884.03,2025-07-04,No Especificado,1.0,Female
CUST2475,Fatma Hassan,54.455621301775146,fatma.hassan@hotmail.com,,707.55,2023-05-29,Toys,4.0,Female
CUST2476,Fatma Hassan,54.455621301775146,fatma.hassan@gmail.com,,730.0,2023-01-08,Toys,2.0,Female
CUST2477,Lina Ibrahim,54.455621301775146,lina.ibrahim@gmail.com,,58.64,2024-10-22,Clothing,3.045305318450427,Female
CUST2478,Sara Smith,69.0,sara.smith@yahoo.com,123456789.0,444.8,2023-06-12,Clothing,3.0,Female
CUST2479,Alaa Ali,80.0,alaa.ali@hotmail.com,123456789.0,519.03,2023-08-08,Clothing,2.0,Male
CUST2480,Fatma Gaber,76.0,fatma.gaber@gmail.com,987654321.0,126.12,2024-05-15,Books,3.0,Female
CUST2481,Sara Ibrahim,54.455621301775146,sara.ibrahim@gmail.com,987654321.0,477.14,2025-06-25,Books,3.045305318450427,No Especificado
CUST2482,Ahmed Mahmoud,54.455621301775146,ahmed.mahmoud@yahoo.com,,689.4,2023-09-13,Home,3.045305318450427,Female
CUST2483,Ahmed Ibrahim,54.455621301775146,ahmed.ibrahim@gmail.com,,312.11,2023-06-14,Electronics,5.0,Male
CUST2484,Ali Ali,54.455621301775146,ali.ali@hotmail.com,123456789.0,45.63,2025-07-11,Books,2.0,Male
CUST2485,Sara Gaber,54.455621301775146,sara.gaber@yahoo.com,,524.36,2025-07-17,Clothing,1.0,Male
CUST2486,Sara Ali,54.455621301775146,sara.ali@yahoo.com,,201.82,,Toys,3.045305318450427,Female
CUST2487,Alaa Gaber,54.455621301775146,alaa.gaber@yahoo.com,123456789.0,466.02,2025-02-27,Books,4.0,Female
CUST2488,Ali Ibrahim,54.455621301775146,ali.ibrahim@hotmail.com,123456789.0,980.85,2023-04-23,Toys,3.0,Female
CUST2489,John Ibrahim,87.0,john.ibrahim@gmail.com,987654321.0,167.61,2023-05-05,Electronics,3.0,No Especificado
CUST2490,Lina Ali,54.455621301775146,lina.ali@hotmail.com,123456789.0,124.21,2023-12-10,Toys,3.045305318450427,Male
CUST2491,Lina Mahmoud,54.455621301775146,lina.mahmoud@yahoo.com,,983.51,2023-01-04,Clothing,3.045305318450427,Female
CUST2492,Mark Ibrahim,54.455621301775146,mark.ibrahim@hotmail.com,987654321.0,363.58,2024-06-07,Books,3.045305318450427,Female
CUST2493,Ali Smith,54.0,ali.smith@gmail.com,123456789.0,336.86,2023-07-23,Books,3.0,Male
CUST2494,Sara Gaber,64.0,sara.gaber@hotmail.com,,987.14,2023-03-13,Books,3.045305318450427,Female
CUST2495,John Ali,54.455621301775146,john.ali@hotmail.com,123456789.0,221.96,2024-06-19,No Especificado,3.045305318450427,Male
CUST2496,Mark Smith,54.455621301775146,mark.smith@hotmail.com,,388.86,2024-10-03,No Especificado,3.045305318450427,Male
CUST2497,Sara Smith,54.455621301775146,sara.smith@gmail.com,123456789.0,447.9,2025-01-09,Home,3.0,Male
CUST2498,Lina Mahmoud,54.455621301775146,lina.mahmoud@yahoo.com,987654321.0,761.3,2024-03-30,No Especificado,3.0,No Especificado
CUST2499,Alaa Ali,54.455621301775146,alaa.ali@gmail.com,123456789.0,525.66,2023-05-22,Electronics,1.0,No Especificado
CUST2500,Sara Hassan,54.455621301775146,sara.hassan@gmail.com,,,2023-03-03,Clothing,3.045305318450427,Female
CUST2501,Fatma Gaber,54.455621301775146,fatma.gaber@yahoo.com,,323.91,2023-10-01,Clothing,3.045305318450427,No Especificado
CUST2502,Sara Gaber,54.455621301775146,sara.gaber@hotmail.com,,881.95,2022-12-18,Toys,2.0,Male
CUST2503,John Smith,54.455621301775146,john.smith@yahoo.com,123456789.0,159.22,2023-10-24,No Especificado,2.0,Male
CUST2504,John Mahmoud,70.0,john.mahmoud@yahoo.com,,226.39,2024-12-11,No Especificado,3.045305318450427,Male
CUST2505,Ahmed Mahmoud,54.455621301775146,ahmed.mahmoud@gmail.com,123456789.0,491.69,2023-12-22,No Especificado,3.0,Male
CUST2506,John Mahmoud,54.455621301775146,john.mahmoud@yahoo.com,,266.7,2024-10-19,Electronics,3.045305318450427,Male
CUST2507,Alaa Gaber,54.455621301775146,alaa.gaber@gmail.com,,608.42,2025-02-01,Electronics,3.045305318450427,Male
CUST2508,Alaa Gaber,54.455621301775146,alaa.gaber@hotmail.com,,863.25,2024-03-31,Electronics,3.0,Male
CUST2509,John Ibrahim,54.455621301775146,john.ibrahim@hotmail.com,123456789.0,775.91,2024-12-06,Clothing,5.0,Male
CUST2510,Alaa Hassan,54.455621301775146,alaa.hassan@gmail.com,,,2024-04-07,Books,2.0,Male
CUST2511,Sara Hassan,54.455621301775146,sara.hassan@hotmail.com,987654321.0,28.12,2022-12-26,Books,3.045305318450427,Female
CUST2512,Ali Gaber,54.455621301775146,ali.gaber@gmail.com,,72.61,2025-06-30,Clothing,3.045305318450427,Female
CUST2513,Sara Mahmoud,54.455621301775146,sara.mahmoud@gmail.com,,273.55,2025-05-26,Home,3.045305318450427,Female
CUST2514,Mark Ibrahim,80.0,mark.ibrahim@hotmail.com,123456789.0,837.38,2025-05-12,Electronics,3.0,Male
CUST2515,Ali Smith,59.0,ali.smith@yahoo.com,123456789.0,597.76,2025-07-09,Toys,3.045305318450427,Male
CUST2516,Sara Gaber,54.455621301775146,sara.gaber@hotmail.com,,482.05,2023-01-22,Home,1.0,Male
CUST2517,Sara Ali,54.455621301775146,sara.ali@hotmail.com,123456789.0,273.18,2024-08-26,Home,4.0,No Especificado
CUST2518,Fatma Mahmoud,54.455621301775146,fatma.mahmoud@yahoo.com,,456.29,2024-10-21,No Especificado,3.045305318450427,No Especificado
CUST2519,John Hassan,54.455621301775146,john.hassan@gmail.com,123456789.0,945.21,2025-02-12,Books,1.0,Male
CUST2520,Fatma Ibrahim,54.455621301775146,fatma.ibrahim@yahoo.com,123456789.0,362.0,2025-05-10,No Especificado,4.0,Male
CUST2521,Ahmed Mahmoud,16.0,ahmed.mahmoud@hotmail.com,,521.67,2023-12-10,No Especificado,2.0,Female
CUST2522,Mark Ali,54.455621301775146,mark.ali@yahoo.com,987654321.0,81.01,2025-06-10,No Especificado,2.0,No Especificado
CUST2523,Lina Mahmoud,54.455621301775146,lina.mahmoud@gmail.com,,299.18,2024-03-28,Toys,2.0,Male
CUST2524,Fatma Hassan,54.455621301775146,fatma.hassan@yahoo.com,987654321.0,977.5,,Home,3.045305318450427,Female
CUST2525,Ahmed Gaber,54.455621301775146,ahmed.gaber@yahoo.com,,700.49,2023-05-15,No Especificado,5.0,No Especificado
CUST2526,Lina Gaber,54.455621301775146,lina.gaber@yahoo.com,,835.26,2024-08-27,Electronics,5.0,Male
CUST2527,Fatma Ali,44.0,fatma.ali@yahoo.com,,845.38,,Clothing,3.045305318450427,Male
CUST2528,Sara Ali,54.455621301775146,sara.ali@hotmail.com,987654321.0,725.36,2022-11-02,Toys,3.045305318450427,Female
CUST2529,Sara Mahmoud,54.455621301775146,sara.mahmoud@yahoo.com,987654321.0,852.77,2023-12-01,Toys,2.0,Female
CUST2530,Lina Mahmoud,48.0,lina.mahmoud@yahoo.com,,477.46,2023-06-30,Clothing,1.0,Male
CUST2531,Mark Ali,54.455621301775146,mark.ali@yahoo.com,,285.46,2022-12-14,Home,3.045305318450427,Female
CUST2532,Ali Mahmoud,49.0,ali.mahmoud@gmail.com,987654321.0,434.36,2025-04-01,Clothing,3.0,Male
CUST2533,Fatma Smith,54.455621301775146,fatma.smith@yahoo.com,987654321.0,377.85,2023-11-14,Books,5.0,No Especificado
CUST2534,Fatma Gaber,54.455621301775146,fatma.gaber@yahoo.com,987654321.0,848.47,2023-04-13,Clothing,1.0,Female
CUST2535,Fatma Smith,54.455621301775146,fatma.smith@hotmail.com,,811.39,,Electronics,4.0,Female
CUST2536,Lina Mahmoud,54.455621301775146,lina.mahmoud@hotmail.com,,101.4,2024-08-14,Home,3.045305318450427,Female
CUST2537,Alaa Mahmoud,54.455621301775146,alaa.mahmoud@yahoo.com,,121.75,2023-01-08,Clothing,3.0,Male
CUST2538,Lina Hassan,54.455621301775146,lina.hassan@hotmail.com,123456789.0,479.8,2024-04-09,No Especificado,3.0,Male
CUST2539,Alaa Ibrahim,57.0,alaa.ibrahim@yahoo.com,123456789.0,736.03,2024-04-06,No Especificado,2.0,Female
CUST2540,Lina Hassan,54.455621301775146,lina.hassan@hotmail.com,,73.93,2024-12-03,No Especificado,1.0,Female
CUST2541,Alaa Gaber,23.0,alaa.gaber@hotmail.com,987654321.0,835.42,2023-08-11,No Especificado,2.0,Male
CUST2542,Alaa Ibrahim,54.455621301775146,alaa.ibrahim@gmail.com,,940.06,2024-03-01,Home,4.0,Male
CUST2543,Ahmed Gaber,54.455621301775146,ahmed.gaber@yahoo.com,,118.05,2025-02-25,Toys,3.045305318450427,Female
CUST2544,Ahmed Smith,54.455621301775146,ahmed.smith@hotmail.com,,252.15,2023-01-14,No Especificado,2.0,Male
CUST2545,Fatma Smith,54.455621301775146,fatma.smith@yahoo.com,987654321.0,467.5,2022-12-28,Electronics,5.0,Male
CUST2546,Lina Hassan,54.455621301775146,lina.hassan@hotmail.com,,675.75,2025-03-19,Books,3.045305318450427,Male
CUST2547,Sara Mahmoud,54.455621301775146,sara.mahmoud@yahoo.com,,,2024-02-16,Clothing,4.0,Male
CUST2548,Fatma Ibrahim,54.455621301775146,fatma.ibrahim@yahoo.com,,97.61,2023-06-18,Electronics,1.0,Female
CUST2549,Ahmed Hassan,54.455621301775146,ahmed.hassan@hotmail.com,,582.04,2023-12-23,Clothing,3.045305318450427,Female
CUST2550,Sara Ali,54.455621301775146,sara.ali@gmail.com,,717.0,2024-02-23,Clothing,3.0,Female
CUST2551,Lina Ali,54.455621301775146,lina.ali@hotmail.com,,47.95,2024-08-14,Toys,3.045305318450427,Female
CUST2552,John Mahmoud,54.455621301775146,john.mahmoud@yahoo.com,123456789.0,393.17,2023-08-17,Electronics,3.045305318450427,Male
CUST2553,Lina Smith,53.0,lina.smith@yahoo.com,,868.83,2023-08-14,Electronics,4.0,No Especificado
CUST2554,Ahmed Ali,54.455621301775146,ahmed.ali@yahoo.com,,942.01,,No Especificado,3.045305318450427,Male
CUST2555,Mark Mahmoud,54.455621301775146,mark.mahmoud@gmail.com,987654321.0,575.37,2024-07-05,Toys,3.045305318450427,Male
CUST2556,John Hassan,54.455621301775146,john.hassan@hotmail.com,,30.35,2024-07-13,Electronics,3.045305318450427,Female
CUST2557,Lina Ibrahim,54.455621301775146,lina.ibrahim@gmail.com,,698.05,2024-03-23,Electronics,3.045305318450427,Female
CUST2558,Alaa Ibrahim,54.455621301775146,alaa.ibrahim@gmail.com,987654321.0,246.2,2025-07-14,No Especificado,5.0,Male
CUST2559,Sara Smith,54.455621301775146,sara.smith@hotmail.com,,194.66,2022-12-21,Books,3.0,Female
CUST2560,Ahmed Ali,54.455621301775146,ahmed.ali@gmail.com,,694.09,2023-04-08,No Especificado,1.0,Male
CUST2561,Alaa Gaber,54.455621301775146,alaa.gaber@yahoo.com,123456789.0,893.98,2024-07-21,Home,3.045305318450427,Male
CUST2562,Sara Smith,52.0,sara.smith@gmail.com,987654321.0,,2023-10-21,Toys,3.045305318450427,Female
CUST2563,John Gaber,54.455621301775146,john.gaber@hotmail.com,,608.72,,Toys,5.0,Male
CUST2564,Mark Hassan,54.455621301775146,mark.hassan@gmail.com,123456789.0,505.55,2024-01-30,Toys,2.0,Female
CUST2565,Lina Mahmoud,75.0,lina.mahmoud@yahoo.com,,58.1,,Home,5.0,Male
CUST2566,Sara Hassan,54.455621301775146,sara.hassan@gmail.com,987654321.0,80.5,2024-07-03,Clothing,5.0,Female
CUST2567,Lina Ibrahim,54.455621301775146,lina.ibrahim@yahoo.com,,347.6,2025-06-24,Clothing,5.0,Female
CUST2568,Sara Ali,90.0,sara.ali@hotmail.com,,838.82,2024-04-30,Electronics,2.0,No Especificado
CUST2569,John Smith,54.455621301775146,john.smith@hotmail.com,,680.58,2023-07-11,Clothing,3.045305318450427,Female
CUST2570,Sara Gaber,54.455621301775146,sara.gaber@yahoo.com,123456789.0,184.56,2025-02-27,Electronics,5.0,Male
CUST2571,John Smith,54.455621301775146,john.smith@hotmail.com,987654321.0,595.21,2024-10-02,Electronics,1.0,No Especificado
CUST2572,Fatma Ibrahim,54.455621301775146,fatma.ibrahim@hotmail.com,123456789.0,862.67,2025-05-24,Clothing,5.0,No Especificado
CUST2573,Ali Ali,54.455621301775146,ali.ali@yahoo.com,,187.68,2023-02-07,No Especificado,4.0,Male
CUST2574,Sara Mahmoud,44.0,sara.mahmoud@yahoo.com,123456789.0,790.69,2024-10-21,Toys,3.0,Female
CUST2575,Ahmed Gaber,49.0,ahmed.gaber@gmail.com,,621.42,2024-04-16,Home,2.0,Male
CUST2576,Ahmed Smith,21.0,ahmed.smith@hotmail.com,987654321.0,619.21,2024-09-17,Clothing,5.0,Female
CUST2577,Fatma Ali,54.455621301775146,fatma.ali@yahoo.com,,634.9,2022-12-14,Books,5.0,Male
CUST2578,Ali Hassan,79.0,ali.hassan@yahoo.com,,834.49,2023-10-06,Home,3.045305318450427,Male
CUST2579,Lina Hassan,54.455621301775146,lina.hassan@hotmail.com,,,2024-03-05,No Especificado,2.0,Male
CUST2580,Sara Ali,35.0,sara.ali@gmail.com,,104.07,2024-04-10,Electronics,3.0,Male
CUST2581,Sara Mahmoud,54.455621301775146,sara.mahmoud@yahoo.com,987654321.0,583.55,2024-05-23,Home,1.0,Male
CUST2582,Ali Smith,54.455621301775146,ali.smith@hotmail.com,,364.36,2023-07-05,No Especificado,3.045305318450427,Female
CUST2583,Mark Smith,54.455621301775146,mark.smith@gmail.com,987654321.0,951.26,2023-05-24,Toys,3.045305318450427,Female
CUST2584,Ali Ibrahim,54.455621301775146,ali.ibrahim@yahoo.com,,83.73,2024-01-02,Home,3.0,No Especificado
CUST2585,Lina Smith,54.455621301775146,lina.smith@yahoo.com,123456789.0,591.6,2023-08-22,Toys,5.0,Female
CUST2586,John Ibrahim,80.0,john.ibrahim@hotmail.com,123456789.0,180.79,,Toys,4.0,Female
CUST2587,Alaa Ibrahim,54.455621301775146,alaa.ibrahim@hotmail.com,,806.1,2023-03-20,Home,5.0,Male
CUST2588,Mark Hassan,54.455621301775146,mark.hassan@yahoo.com,,878.42,2025-01-13,Books,3.045305318450427,Male
CUST2589,Lina Mahmoud,54.455621301775146,lina.mahmoud@yahoo.com,987654321.0,363.48,2022-12-06,Clothing,3.045305318450427,Female
CUST2590,Ahmed Mahmoud,54.0,ahmed.mahmoud@gmail.com,123456789.0,702.01,2024-03-03,Clothing,5.0,Female
CUST2591,Ahmed Mahmoud,60.0,ahmed.mahmoud@gmail.com,,729.99,2024-02-03,Books,3.0,Male
CUST2592,Ali Ali,54.455621301775146,ali.ali@gmail.com,123456789.0,807.96,2024-01-12,Electronics,2.0,Male
CUST2593,Alaa Gaber,66.0,alaa.gaber@yahoo.com,,134.55,,No Especificado,3.0,Male
CUST2594,Lina Gaber,54.455621301775146,lina.gaber@gmail.com,987654321.0,525.67,2023-04-20,No Especificado,3.0,Female
CUST2595,Sara Ali,54.455621301775146,sara.ali@hotmail.com,987654321.0,149.37,2023-07-11,No Especificado,2.0,Female
CUST2596,Ali Ali,54.455621301775146,ali.ali@hotmail.com,,503.86,2023-05-31,Home,3.045305318450427,Male
CUST2597,Alaa Mahmoud,54.455621301775146,alaa.mahmoud@gmail.com,123456789.0,724.01,,Books,3.045305318450427,Female
CUST2598,Fatma Smith,54.455621301775146,fatma.smith@hotmail.com,,872.25,2023-03-28,No Especificado,4.0,Female
CUST2599,Ahmed Mahmoud,54.455621301775146,ahmed.mahmoud@yahoo.com,987654321.0,137.99,2025-02-24,Clothing,3.045305318450427,Male
CUST2600,Ali Mahmoud,54.455621301775146,ali.mahmoud@hotmail.com,123456789.0,206.68,2023-05-31,No Especificado,4.0,No Especificado
CUST2601,Ahmed Smith,54.455621301775146,ahmed.smith@hotmail.com,,921.0,2024-04-05,Clothing,3.045305318450427,Male
CUST2602,Sara Ibrahim,54.455621301775146,sara.ibrahim@gmail.com,987654321.0,82.79,,Home,3.045305318450427,Female
CUST2603,Alaa Gaber,54.455621301775146,alaa.gaber@hotmail.com,123456789.0,580.71,2023-12-08,Electronics,3.045305318450427,Male
CUST2604,John Gaber,32.0,john.gaber@yahoo.com,,5.62,2025-01-06,No Especificado,1.0,Female
CUST2605,John Hassan,54.455621301775146,john.hassan@hotmail.com,,116.7,2023-07-25,Books,5.0,Female
CUST2606,Alaa Gaber,77.0,alaa.gaber@gmail.com,123456789.0,355.12,2023-02-01,Home,4.0,Female
CUST2607,Alaa Ibrahim,22.0,alaa.ibrahim@hotmail.com,,451.98,2024-10-30,Home,5.0,No Especificado
CUST2608,John Smith,54.455621301775146,john.smith@yahoo.com,,387.04,2025-03-18,Toys,3.0,Male
CUST2609,Mark Ibrahim,54.455621301775146,mark.ibrahim@gmail.com,987654321.0,626.01,2024-01-04,Electronics,3.045305318450427,Female
CUST2610,Sara Ibrahim,54.455621301775146,sara.ibrahim@yahoo.com,,552.25,2024-03-02,Home,3.045305318450427,Male
CUST2611,Ahmed Hassan,54.455621301775146,ahmed.hassan@gmail.com,987654321.0,803.15,2025-03-22,Electronics,1.0,Male
CUST2612,Lina Smith,54.455621301775146,lina.smith@yahoo.com,,551.91,2023-08-20,Home,2.0,Male
CUST2613,Lina Gaber,67.0,lina.gaber@hotmail.com,,504.53,2023-07-21,No Especificado,3.045305318450427,Female
CUST2614,Mark Gaber,54.455621301775146,mark.gaber@yahoo.com,123456789.0,813.5,2024-12-19,Electronics,5.0,Male
CUST2615,John Mahmoud,54.455621301775146,john.mahmoud@gmail.com,987654321.0,26.89,2023-08-16,Electronics,5.0,Male
CUST2616,Mark Mahmoud,54.455621301775146,mark.mahmoud@hotmail.com,,13.18,2023-01-10,No Especificado,4.0,Male
CUST2617,John Hassan,54.455621301775146,john.hassan@hotmail.com,123456789.0,,2024-03-18,Home,5.0,Male
CUST2618,Mark Smith,54.455621301775146,mark.smith@yahoo.com,123456789.0,821.6,2023-02-04,Home,2.0,Male
CUST2619,Sara Mahmoud,54.455621301775146,sara.mahmoud@gmail.com,,437.36,2023-11-22,No Especificado,3.045305318450427,Male
CUST2620,Alaa Ali,41.0,alaa.ali@yahoo.com,,22.92,2023-08-01,Home,1.0,Male
CUST2621,Ahmed Gaber,54.455621301775146,ahmed.gaber@gmail.com,987654321.0,475.43,2023-04-25,No Especificado,5.0,Male
CUST2622,John Gaber,72.0,john.gaber@yahoo.com,987654321.0,211.12,2023-12-24,No Especificado,5.0,Male
CUST2623,John Mahmoud,82.0,john.mahmoud@yahoo.com,,796.6,2024-10-19,No Especificado,3.045305318450427,Female
CUST2624,Alaa Mahmoud,54.455621301775146,alaa.mahmoud@gmail.com,,,2024-09-14,Electronics,2.0,Male
CUST2625,Mark Gaber,81.0,mark.gaber@hotmail.com,,941.34,2023-06-03,Clothing,1.0,Female
CUST2626,Alaa Smith,54.455621301775146,alaa.smith@yahoo.com,123456789.0,98.0,2023-02-08,No Especificado,2.0,Female
CUST2627,Ali Mahmoud,54.455621301775146,ali.mahmoud@gmail.com,,651.67,2023-01-15,No Especificado,3.0,Male
CUST2628,Ahmed Gaber,75.0,ahmed.gaber@hotmail.com,,882.71,2023-11-13,Home,3.045305318450427,No Especificado
CUST2629,Ahmed Mahmoud,54.455621301775146,ahmed.mahmoud@gmail.com,,762.66,2022-12-20,No Especificado,3.045305318450427,Male
CUST2630,Sara Smith,54.455621301775146,sara.smith@hotmail.com,123456789.0,482.99,2025-02-22,Electronics,3.045305318450427,Female
CUST2631,Ali Mahmoud,54.455621301775146,ali.mahmoud@yahoo.com,,726.24,2022-12-20,Electronics,2.0,Male
CUST2632,Ahmed Gaber,54.455621301775146,ahmed.gaber@yahoo.com,,696.26,2025-03-16,Electronics,3.045305318450427,Female
CUST2633,Sara Ali,54.455621301775146,sara.ali@hotmail.com,987654321.0,170.79,2024-12-05,Toys,5.0,Male
CUST2634,Ahmed Mahmoud,54.455621301775146,ahmed.mahmoud@hotmail.com,,251.54,2023-06-29,Toys,4.0,Male
CUST2635,Ali Ibrahim,54.455621301775146,ali.ibrahim@gmail.com,,560.42,2025-02-11,Clothing,4.0,Female
CUST2636,Lina Gaber,54.455621301775146,lina.gaber@gmail.com,987654321.0,958.26,2024-06-29,Clothing,3.0,Female
CUST2637,Mark Mahmoud,54.455621301775146,mark.mahmoud@gmail.com,123456789.0,745.08,2023-12-07,Home,2.0,No Especificado
CUST2638,Fatma Ali,54.455621301775146,fatma.ali@hotmail.com,987654321.0,227.26,2025-07-18,Books,1.0,Male
CUST2639,Mark Gaber,38.0,mark.gaber@hotmail.com,,649.09,2024-12-23,Toys,2.0,Female
CUST2640,Fatma Ibrahim,54.455621301775146,fatma.ibrahim@gmail.com,,821.91,2024-10-21,Home,5.0,Male
CUST2641,Mark Ali,54.455621301775146,mark.ali@hotmail.com,987654321.0,592.05,2022-11-12,Toys,4.0,Male
CUST2642,Ali Ali,71.0,ali.ali@yahoo.com,987654321.0,70.79,2024-04-12,Clothing,3.045305318450427,Male
CUST2643,Alaa Ibrahim,81.0,alaa.ibrahim@yahoo.com,987654321.0,534.61,2024-02-28,Books,3.045305318450427,No Especificado
CUST2644,Ali Gaber,54.455621301775146,ali.gaber@yahoo.com,,73.54,,Electronics,3.0,Male
CUST2645,Alaa Gaber,54.455621301775146,alaa.gaber@gmail.com,,871.15,2025-01-29,Books,4.0,No Especificado
CUST2646,Fatma Smith,74.0,fatma.smith@yahoo.com,,77.26,2025-05-14,Toys,4.0,Male
CUST2647,Lina Ali,54.455621301775146,lina.ali@hotmail.com,,829.13,2025-02-01,Clothing,3.0,No Especificado
CUST2648,Lina Ibrahim,54.455621301775146,lina.ibrahim@hotmail.com,,,2023-06-25,No Especificado,2.0,Female
CUST2649,Alaa Ibrahim,54.455621301775146,alaa.ibrahim@gmail.com,,396.77,2023-05-06,Books,3.045305318450427,Male
CUST2650,Lina Ali,46.0,lina.ali@hotmail.com,987654321.0,357.3,2023-06-01,Books,2.0,Male
CUST2651,Alaa Gaber,51.0,alaa.gaber@gmail.com,987654321.0,745.49,2023-08-22,No Especificado,3.045305318450427,Male
CUST2652,Ali Smith,54.455621301775146,ali.smith@gmail.com,,216.94,2023-06-22,Home,5.0,Female
CUST2653,Mark Hassan,54.455621301775146,mark.hassan@hotmail.com,,988.73,2025-05-22,No Especificado,2.0,Female
CUST2654,Alaa Gaber,54.455621301775146,alaa.gaber@yahoo.com,,877.4,2024-05-11,Toys,2.0,No Especificado
CUST2655,Fatma Ali,89.0,fatma.ali@gmail.com,,622.04,2022-12-13,Books,5.0,No Especificado
CUST2656,Mark Ali,54.455621301775146,mark.ali@gmail.com,,,2024-06-10,Toys,3.0,Male
CUST2657,Lina Smith,54.455621301775146,lina.smith@hotmail.com,987654321.0,544.15,2023-01-15,Books,1.0,Male
CUST2658,Ahmed Ibrahim,54.455621301775146,ahmed.ibrahim@hotmail.com,,215.03,2025-03-14,Clothing,2.0,Female
CUST2659,John Hassan,54.455621301775146,john.hassan@yahoo.com,,706.82,2023-11-10,Books,1.0,Female
CUST2660,Fatma Mahmoud,54.455621301775146,fatma.mahmoud@gmail.com,,270.07,2023-01-24,Clothing,2.0,Male
CUST2661,Mark Ibrahim,54.455621301775146,mark.ibrahim@gmail.com,987654321.0,396.84,2023-04-04,Electronics,3.045305318450427,Female
CUST2662,Ahmed Hassan,54.455621301775146,ahmed.hassan@gmail.com,987654321.0,134.33,2022-11-25,No Especificado,1.0,No Especificado
CUST2663,Sara Ibrahim,54.455621301775146,sara.ibrahim@yahoo.com,,,2023-07-18,No Especificado,3.045305318450427,No Especificado
CUST2664,John Ibrahim,28.0,john.ibrahim@hotmail.com,,339.31,2023-06-10,Toys,3.045305318450427,Female
CUST2665,Lina Gaber,54.455621301775146,lina.gaber@hotmail.com,,449.99,2023-06-30,Electronics,5.0,No Especificado
CUST2666,Alaa Ibrahim,54.455621301775146,alaa.ibrahim@hotmail.com,987654321.0,743.25,2024-12-08,Home,2.0,Male
CUST2667,Mark Hassan,54.455621301775146,mark.hassan@gmail.com,123456789.0,844.77,2023-01-14,Electronics,5.0,Female
CUST2668,Mark Hassan,54.455621301775146,mark.hassan@yahoo.com,,,,Toys,4.0,Male
CUST2669,Ali Mahmoud,54.455621301775146,ali.mahmoud@yahoo.com,,575.72,2024-11-10,No Especificado,1.0,Female
CUST2670,Alaa Mahmoud,81.0,alaa.mahmoud@yahoo.com,,179.91,2023-09-14,No Especificado,1.0,Male
CUST2671,Ali Gaber,54.455621301775146,ali.gaber@hotmail.com,,729.71,2024-03-22,Books,2.0,No Especificado
CUST2672,Fatma Ibrahim,54.455621301775146,fatma.ibrahim@gmail.com,123456789.0,533.07,2025-04-18,Books,3.0,Male
CUST2673,Alaa Gaber,54.455621301775146,alaa.gaber@yahoo.com,987654321.0,129.61,2025-01-17,No Especificado,4.0,Male
CUST2674,Lina Gaber,54.455621301775146,lina.gaber@yahoo.com,123456789.0,494.43,2024-05-05,Clothing,3.045305318450427,Female
CUST2675,Fatma Mahmoud,54.455621301775146,fatma.mahmoud@yahoo.com,,721.27,2024-05-03,Electronics,3.045305318450427,Male
CUST2676,Alaa Gaber,54.455621301775146,alaa.gaber@yahoo.com,,304.43,,Home,3.045305318450427,Male
CUST2677,Sara Ibrahim,54.455621301775146,sara.ibrahim@yahoo.com,987654321.0,146.47,2023-04-21,Books,4.0,Female
CUST2678,Ali Smith,54.455621301775146,ali.smith@yahoo.com,987654321.0,260.97,2025-02-16,No Especificado,5.0,No Especificado
CUST2679,Fatma Gaber,54.455621301775146,fatma.gaber@hotmail.com,,349.46,2023-01-08,No Especificado,2.0,No Especificado
CUST2680,John Smith,54.455621301775146,john.smith@hotmail.com,987654321.0,,2025-04-23,Toys,3.045305318450427,Female
CUST2681,Mark Ali,54.455621301775146,mark.ali@hotmail.com,,657.94,2025-05-28,No Especificado,1.0,No Especificado
CUST2682,Fatma Hassan,54.455621301775146,fatma.hassan@yahoo.com,123456789.0,426.66,2023-09-19,Electronics,3.045305318450427,Male
CUST2683,Ahmed Hassan,54.455621301775146,ahmed.hassan@gmail.com,,531.09,2024-09-09,No Especificado,1.0,Female
CUST2684,Ahmed Hassan,54.455621301775146,ahmed.hassan@hotmail.com,123456789.0,276.13,2025-06-21,Home,1.0,Male
CUST2685,Ali Smith,54.455621301775146,ali.smith@hotmail.com,,436.66,2023-11-03,Books,2.0,Male
CUST2686,Mark Ibrahim,44.0,mark.ibrahim@yahoo.com,,973.76,2024-08-15,Toys,3.045305318450427,No Especificado
CUST2687,John Hassan,54.455621301775146,john.hassan@gmail.com,123456789.0,563.34,2025-03-26,No Especificado,2.0,Male
CUST2688,Ahmed Ali,54.455621301775146,ahmed.ali@yahoo.com,123456789.0,729.22,2025-03-09,Home,4.0,Female
CUST2689,Sara Mahmoud,54.455621301775146,sara.mahmoud@hotmail.com,123456789.0,870.99,2023-10-03,Clothing,3.0,Female
CUST2690,Fatma Ali,54.455621301775146,fatma.ali@yahoo.com,,888.22,2023-03-10,No Especificado,3.0,Female
CUST2691,Alaa Mahmoud,54.455621301775146,alaa.mahmoud@hotmail.com,,682.75,2023-02-22,No Especificado,3.0,Female
CUST2692,Fatma Gaber,54.455621301775146,fatma.gaber@yahoo.com,987654321.0,455.5,2023-01-14,Books,4.0,Female
CUST2693,John Hassan,59.0,john.hassan@gmail.com,123456789.0,617.78,2022-11-07,No Especificado,3.045305318450427,No Especificado
CUST2694,Fatma Hassan,47.0,fatma.hassan@yahoo.com,,669.56,2024-12-22,Home,3.0,Male
CUST2695,Sara Smith,54.455621301775146,sara.smith@hotmail.com,987654321.0,263.15,,Clothing,3.0,No Especificado
CUST2696,Mark Ibrahim,54.455621301775146,mark.ibrahim@hotmail.com,123456789.0,430.94,2024-08-17,Home,3.045305318450427,Female
CUST2697,Ali Ali,54.455621301775146,ali.ali@yahoo.com,,275.87,2025-01-30,Books,5.0,Male
CUST2698,Lina Smith,54.455621301775146,lina.smith@yahoo.com,,498.97,,Books,3.045305318450427,Female
CUST2699,Mark Smith,54.455621301775146,mark.smith@gmail.com,,164.05,2023-08-17,No Especificado,5.0,Female
CUST2700,Alaa Ibrahim,54.455621301775146,alaa.ibrahim@gmail.com,,593.4,2023-07-09,Home,1.0,Male
CUST2701,John Mahmoud,54.455621301775146,john.mahmoud@yahoo.com,,327.64,2025-05-14,Electronics,4.0,Male
CUST2702,Fatma Mahmoud,24.0,fatma.mahmoud@yahoo.com,987654321.0,973.89,2025-05-23,No Especificado,3.045305318450427,Male
CUST2703,Ali Smith,54.455621301775146,ali.smith@hotmail.com,987654321.0,689.01,2025-06-01,Clothing,3.0,Male
CUST2704,Ahmed Ali,54.455621301775146,ahmed.ali@gmail.com,,400.93,2022-10-31,Electronics,5.0,Female
CUST2705,Ahmed Gaber,54.455621301775146,ahmed.gaber@gmail.com,,33.08,2023-02-10,Electronics,3.045305318450427,Female
CUST2706,John Ali,54.455621301775146,john.ali@hotmail.com,123456789.0,102.59,,Home,2.0,Female
CUST2707,Mark Ibrahim,54.455621301775146,mark.ibrahim@hotmail.com,,926.4,2025-02-12,No Especificado,3.045305318450427,Male
CUST2708,Sara Hassan,54.455621301775146,sara.hassan@yahoo.com,,995.25,2023-05-17,Electronics,3.045305318450427,Female
CUST2709,John Smith,54.455621301775146,john.smith@hotmail.com,987654321.0,896.64,2023-12-25,No Especificado,5.0,Male
CUST2710,Fatma Hassan,54.455621301775146,fatma.hassan@yahoo.com,,531.24,2025-01-02,Clothing,1.0,Male
CUST2711,John Ali,54.455621301775146,john.ali@yahoo.com,987654321.0,689.68,2023-12-19,No Especificado,3.045305318450427,Female
CUST2712,Alaa Hassan,54.455621301775146,alaa.hassan@hotmail.com,,870.12,2023-07-08,No Especificado,1.0,Male
CUST2713,Ali Smith,54.455621301775146,ali.smith@yahoo.com,,505.01,2023-08-11,Clothing,1.0,Female
CUST2714,Fatma Gaber,54.455621301775146,fatma.gaber@hotmail.com,,483.11,2024-08-19,No Especificado,2.0,Female
CUST2715,John Smith,54.455621301775146,john.smith@gmail.com,987654321.0,82.06,,No Especificado,5.0,Female
CUST2716,John Ali,54.455621301775146,john.ali@yahoo.com,,983.04,2023-05-06,Home,3.045305318450427,No Especificado
CUST2717,Ahmed Gaber,58.0,ahmed.gaber@hotmail.com,,,2025-03-30,No Especificado,2.0,Female
CUST2718,Mark Mahmoud,54.455621301775146,mark.mahmoud@gmail.com,,400.69,2024-09-01,Home,3.045305318450427,Female
CUST2719,Ahmed Hassan,54.455621301775146,ahmed.hassan@yahoo.com,123456789.0,790.21,2024-06-04,Electronics,2.0,Female
CUST2720,Mark Ali,54.455621301775146,mark.ali@gmail.com,,708.58,2024-10-17,No Especificado,1.0,Female
CUST2721,Sara Smith,54.455621301775146,sara.smith@hotmail.com,987654321.0,548.78,2022-12-27,Home,2.0,Female
CUST2722,Mark Ali,54.455621301775146,mark.ali@yahoo.com,,353.79,2024-10-24,Toys,3.045305318450427,Male
CUST2723,Mark Mahmoud,49.0,mark.mahmoud@yahoo.com,987654321.0,318.33,2024-11-14,No Especificado,2.0,Female
CUST2724,Sara Smith,54.455621301775146,sara.smith@yahoo.com,,494.94,2024-06-14,Clothing,4.0,Male
CUST2725,Sara Gaber,84.0,sara.gaber@gmail.com,123456789.0,719.81,2025-02-18,No Especificado,3.0,Male
CUST2726,Ali Smith,54.455621301775146,ali.smith@hotmail.com,,738.68,2025-01-26,Home,3.0,Male
CUST2727,Alaa Ibrahim,54.455621301775146,alaa.ibrahim@hotmail.com,123456789.0,317.89,2024-04-12,No Especificado,3.0,Male
CUST2728,Alaa Ali,54.455621301775146,alaa.ali@hotmail.com,,774.77,2024-11-04,No Especificado,3.0,Male
CUST2729,Lina Hassan,54.455621301775146,lina.hassan@gmail.com,987654321.0,69.76,,Books,3.045305318450427,No Especificado
CUST2730,John Smith,54.455621301775146,john.smith@gmail.com,987654321.0,988.31,2024-01-17,No Especificado,2.0,Male
CUST2731,Ali Ibrahim,54.455621301775146,ali.ibrahim@yahoo.com,123456789.0,266.53,2025-07-06,Clothing,4.0,Male
CUST2732,Alaa Gaber,54.455621301775146,alaa.gaber@gmail.com,987654321.0,983.37,2022-12-13,Books,2.0,Female
CUST2733,Lina Hassan,54.455621301775146,lina.hassan@yahoo.com,123456789.0,596.96,2024-03-25,Home,2.0,No Especificado
CUST2734,John Mahmoud,54.455621301775146,john.mahmoud@hotmail.com,123456789.0,441.98,2024-12-01,Electronics,1.0,No Especificado
CUST2735,Sara Gaber,50.0,sara.gaber@hotmail.com,987654321.0,823.91,2023-11-17,No Especificado,5.0,Female
CUST2736,Ahmed Hassan,54.455621301775146,ahmed.hassan@hotmail.com,,290.49,2025-03-23,Home,3.045305318450427,Female
CUST2737,John Mahmoud,54.455621301775146,john.mahmoud@yahoo.com,987654321.0,575.53,2024-05-02,Home,3.0,Male
CUST2738,Ahmed Mahmoud,54.455621301775146,ahmed.mahmoud@gmail.com,,856.41,2024-06-22,No Especificado,4.0,Female
CUST2739,Ahmed Hassan,54.455621301775146,ahmed.hassan@gmail.com,123456789.0,248.04,2025-07-01,Home,5.0,Female
CUST2740,Lina Mahmoud,54.455621301775146,lina.mahmoud@gmail.com,123456789.0,459.86,2023-06-19,Electronics,4.0,Male
CUST2741,Fatma Hassan,54.455621301775146,fatma.hassan@hotmail.com,123456789.0,738.07,2024-05-11,Clothing,5.0,Male
CUST2742,Mark Ali,54.455621301775146,mark.ali@gmail.com,987654321.0,326.65,2023-02-06,Home,3.045305318450427,Female
CUST2743,Mark Ibrahim,54.455621301775146,mark.ibrahim@yahoo.com,,606.75,2024-12-18,No Especificado,3.0,Male
CUST2744,Ahmed Gaber,54.455621301775146,ahmed.gaber@gmail.com,,,2025-05-13,Electronics,4.0,Male
CUST2745,Fatma Hassan,54.455621301775146,fatma.hassan@hotmail.com,,948.87,2025-06-22,Clothing,4.0,Female
CUST2746,John Mahmoud,54.455621301775146,john.mahmoud@gmail.com,123456789.0,493.51,2022-11-09,Books,4.0,Male
CUST2747,Mark Ibrahim,54.455621301775146,mark.ibrahim@gmail.com,123456789.0,617.26,2024-10-25,No Especificado,4.0,Female
CUST2748,Fatma Smith,54.455621301775146,fatma.smith@hotmail.com,,77.9,2022-12-19,Home,1.0,No Especificado
CUST2749,Mark Smith,49.0,mark.smith@yahoo.com,,588.66,2024-12-06,Books,1.0,Female
CUST2750,Sara Ali,54.455621301775146,sara.ali@gmail.com,123456789.0,868.16,2023-02-05,Books,2.0,Male
CUST2751,Fatma Ibrahim,54.455621301775146,fatma.ibrahim@gmail.com,,736.67,2024-07-14,Books,1.0,No Especificado
CUST2752,Lina Smith,54.455621301775146,lina.smith@yahoo.com,,568.03,2024-12-22,No Especificado,5.0,Female
CUST2753,Fatma Hassan,35.0,fatma.hassan@hotmail.com,,708.9,2025-07-17,Books,3.045305318450427,Male
CUST2754,Fatma Ibrahim,54.455621301775146,fatma.ibrahim@yahoo.com,123456789.0,951.1,2025-05-14,Books,5.0,Male
CUST2755,Lina Hassan,54.455621301775146,lina.hassan@yahoo.com,,547.8,2025-01-12,Home,1.0,Female
CUST2756,Alaa Mahmoud,39.0,alaa.mahmoud@hotmail.com,987654321.0,810.82,2023-09-11,Clothing,3.045305318450427,Female
CUST2757,Sara Hassan,54.455621301775146,sara.hassan@gmail.com,,116.85,2025-06-20,No Especificado,3.0,Female
CUST2758,Sara Hassan,54.455621301775146,sara.hassan@gmail.com,123456789.0,539.42,2024-10-14,Home,4.0,Female
CUST2759,Alaa Gaber,54.455621301775146,alaa.gaber@yahoo.com,987654321.0,717.05,2024-09-23,No Especificado,1.0,No Especificado
CUST2760,Fatma Smith,54.455621301775146,fatma.smith@hotmail.com,123456789.0,179.72,2025-01-13,Books,3.0,Female
CUST2761,Sara Ibrahim,21.0,sara.ibrahim@hotmail.com,,553.16,2024-03-06,No Especificado,3.045305318450427,Male
CUST2762,Mark Smith,54.455621301775146,mark.smith@yahoo.com,123456789.0,797.25,2022-11-27,Toys,2.0,Female
CUST2763,Mark Mahmoud,17.0,mark.mahmoud@hotmail.com,,40.79,2025-07-20,No Especificado,4.0,Male
CUST2764,Ali Mahmoud,54.455621301775146,ali.mahmoud@gmail.com,,627.11,2024-03-18,Electronics,5.0,No Especificado
CUST2765,Alaa Mahmoud,54.455621301775146,alaa.mahmoud@hotmail.com,,689.07,2024-06-08,Electronics,3.0,Male
CUST2766,Sara Ibrahim,54.455621301775146,sara.ibrahim@hotmail.com,987654321.0,713.0,2025-01-28,Toys,3.045305318450427,Male
CUST2767,Mark Ibrahim,27.0,mark.ibrahim@gmail.com,,783.27,2023-09-04,Home,3.045305318450427,Female
CUST2768,Sara Smith,66.0,sara.smith@hotmail.com,,467.55,,Home,3.045305318450427,Female
CUST2769,Sara Smith,54.455621301775146,sara.smith@gmail.com,987654321.0,668.17,2023-08-11,Toys,3.0,Female
CUST2770,Alaa Gaber,54.455621301775146,alaa.gaber@gmail.com,,187.29,2024-08-03,Electronics,3.0,Female
CUST2771,Alaa Gaber,54.455621301775146,alaa.gaber@yahoo.com,,265.67,2023-05-17,Clothing,3.0,Female
CUST2772,John Mahmoud,54.455621301775146,john.mahmoud@hotmail.com,123456789.0,146.22,2023-05-12,Books,3.045305318450427,Female
CUST2773,Sara Smith,63.0,sara.smith@hotmail.com,123456789.0,984.51,2025-06-19,No Especificado,1.0,Female
CUST2774,Ali Hassan,37.0,ali.hassan@yahoo.com,,464.08,2025-07-07,Electronics,3.045305318450427,Female
CUST2775,Mark Hassan,54.455621301775146,mark.hassan@yahoo.com,987654321.0,929.95,2022-12-19,Electronics,3.0,Male
CUST2776,Fatma Ibrahim,54.455621301775146,fatma.ibrahim@yahoo.com,987654321.0,707.48,2023-04-23,No Especificado,4.0,Male
CUST2777,Ali Mahmoud,54.455621301775146,ali.mahmoud@yahoo.com,123456789.0,794.82,2023-11-05,Toys,3.045305318450427,Male
CUST2778,Lina Ibrahim,63.0,lina.ibrahim@gmail.com,,991.71,2023-12-31,No Especificado,3.045305318450427,Female
CUST2779,Ahmed Mahmoud,54.455621301775146,ahmed.mahmoud@hotmail.com,123456789.0,136.59,2024-09-03,Toys,1.0,No Especificado
CUST2780,Ahmed Ibrahim,88.0,ahmed.ibrahim@gmail.com,123456789.0,428.9,2024-06-06,Toys,3.045305318450427,Male
CUST2781,Mark Hassan,54.455621301775146,mark.hassan@gmail.com,123456789.0,817.91,2023-11-04,Electronics,3.045305318450427,Female
CUST2782,Sara Hassan,54.455621301775146,sara.hassan@gmail.com,987654321.0,14.03,2024-09-05,Toys,3.045305318450427,Male
CUST2783,Sara Hassan,87.0,sara.hassan@gmail.com,,803.43,2025-06-28,No Especificado,2.0,Male
CUST2784,Ali Hassan,54.455621301775146,ali.hassan@gmail.com,123456789.0,923.09,,No Especificado,5.0,Male
CUST2785,Mark Ibrahim,54.455621301775146,mark.ibrahim@hotmail.com,,566.04,2024-12-27,Electronics,3.045305318450427,Female
CUST2786,Mark Gaber,82.0,mark.gaber@yahoo.com,123456789.0,909.17,2023-11-20,No Especificado,3.0,Female
CUST2787,Ali Gaber,86.0,ali.gaber@gmail.com,987654321.0,952.33,2024-08-09,Toys,4.0,Male
CUST2788,John Ibrahim,54.455621301775146,john.ibrahim@hotmail.com,987654321.0,,2024-09-04,Books,3.0,Male
CUST2789,Ahmed Smith,54.455621301775146,ahmed.smith@yahoo.com,123456789.0,494.64,,Electronics,2.0,Female
CUST2790,Mark Ibrahim,54.455621301775146,mark.ibrahim@yahoo.com,987654321.0,728.53,2024-10-06,No Especificado,3.0,Female
CUST2791,John Gaber,72.0,john.gaber@gmail.com,,,2025-06-29,Clothing,3.045305318450427,No Especificado
CUST2792,Ahmed Gaber,54.455621301775146,ahmed.gaber@hotmail.com,987654321.0,768.36,2024-03-22,Electronics,3.0,No Especificado
CUST2793,Sara Ali,19.0,sara.ali@hotmail.com,987654321.0,835.46,2023-03-08,Electronics,4.0,Male
CUST2794,Ahmed Smith,54.455621301775146,ahmed.smith@yahoo.com,123456789.0,830.92,2025-05-08,Home,3.045305318450427,No Especificado
CUST2795,Sara Ali,54.455621301775146,sara.ali@yahoo.com,987654321.0,236.13,2025-02-08,Toys,3.0,No Especificado
CUST2796,Sara Hassan,54.455621301775146,sara.hassan@yahoo.com,123456789.0,355.23,2023-09-03,No Especificado,4.0,Female
CUST2797,John Mahmoud,54.455621301775146,john.mahmoud@gmail.com,,490.24,2024-09-22,Clothing,3.0,Male
CUST2798,Mark Hassan,54.455621301775146,mark.hassan@hotmail.com,123456789.0,293.83,2023-04-03,No Especificado,2.0,Female
CUST2799,Fatma Gaber,54.455621301775146,fatma.gaber@yahoo.com,987654321.0,42.79,2023-04-20,Books,4.0,Female
CUST2800,John Gaber,54.455621301775146,john.gaber@yahoo.com,,787.69,2022-11-08,Electronics,1.0,Female
CUST2801,Sara Ali,54.455621301775146,sara.ali@hotmail.com,,956.27,2022-11-27,Electronics,3.045305318450427,Male
CUST2802,Fatma Hassan,54.455621301775146,fatma.hassan@hotmail.com,987654321.0,495.02,2025-06-19,Toys,1.0,Female
CUST2803,Alaa Ibrahim,54.455621301775146,alaa.ibrahim@gmail.com,123456789.0,541.39,2023-10-22,No Especificado,3.0,Male
CUST2804,Sara Hassan,54.455621301775146,sara.hassan@gmail.com,987654321.0,606.05,2023-07-24,No Especificado,5.0,Female
CUST2805,Mark Gaber,54.455621301775146,mark.gaber@hotmail.com,,237.43,2024-12-09,Clothing,1.0,Female
CUST2806,John Ali,75.0,john.ali@yahoo.com,,335.98,2024-07-27,Electronics,2.0,Male
CUST2807,Ahmed Ibrahim,54.455621301775146,ahmed.ibrahim@gmail.com,987654321.0,525.06,2024-10-15,Home,2.0,Female
CUST2808,Fatma Mahmoud,87.0,fatma.mahmoud@yahoo.com,987654321.0,575.52,2024-11-30,No Especificado,3.045305318450427,Male
CUST2809,Ahmed Smith,54.455621301775146,ahmed.smith@hotmail.com,123456789.0,528.48,2025-02-28,Electronics,1.0,Male
CUST2810,Ali Gaber,54.455621301775146,ali.gaber@yahoo.com,123456789.0,389.86,2024-09-21,No Especificado,3.0,Female
CUST2811,Lina Hassan,27.0,lina.hassan@hotmail.com,987654321.0,770.97,2024-09-23,No Especificado,2.0,No Especificado
CUST2812,Alaa Mahmoud,54.455621301775146,alaa.mahmoud@yahoo.com,,399.56,2024-09-26,Home,3.0,Male
CUST2813,Sara Gaber,54.455621301775146,sara.gaber@gmail.com,987654321.0,939.49,2023-01-16,Home,2.0,Male
CUST2814,Ahmed Gaber,50.0,ahmed.gaber@yahoo.com,987654321.0,458.44,2024-01-24,Toys,3.045305318450427,Male
CUST2815,Mark Smith,54.455621301775146,mark.smith@yahoo.com,123456789.0,13.82,2024-11-07,Toys,5.0,Female
CUST2816,Sara Mahmoud,54.455621301775146,sara.mahmoud@gmail.com,123456789.0,60.22,2022-11-05,No Especificado,3.045305318450427,Male
CUST2817,Alaa Hassan,54.455621301775146,alaa.hassan@yahoo.com,987654321.0,583.83,2023-12-04,Clothing,4.0,No Especificado
CUST2818,Ahmed Hassan,17.0,ahmed.hassan@yahoo.com,123456789.0,781.39,2024-04-20,Home,4.0,No Especificado
CUST2819,Sara Gaber,71.0,sara.gaber@yahoo.com,,990.73,2023-04-27,Books,3.045305318450427,Female
CUST2820,Fatma Gaber,54.455621301775146,fatma.gaber@hotmail.com,987654321.0,638.08,2023-04-18,Toys,1.0,No Especificado
CUST2821,Fatma Ibrahim,54.455621301775146,fatma.ibrahim@yahoo.com,987654321.0,38.66,2023-04-10,No Especificado,4.0,No Especificado
CUST2822,Sara Gaber,90.0,sara.gaber@yahoo.com,987654321.0,71.8,2024-05-15,Home,2.0,Male
CUST2823,Mark Gaber,26.0,mark.gaber@yahoo.com,123456789.0,152.69,2023-02-01,Books,3.0,Male
CUST2824,Alaa Ibrahim,54.455621301775146,alaa.ibrahim@gmail.com,,480.92,2024-12-29,Clothing,4.0,No Especificado
CUST2825,Sara Hassan,54.455621301775146,sara.hassan@hotmail.com,,957.81,2023-06-22,No Especificado,3.045305318450427,Female
CUST2826,Fatma Ibrahim,22.0,fatma.ibrahim@hotmail.com,123456789.0,186.83,2022-11-15,Toys,3.045305318450427,Male
CUST2827,Fatma Gaber,33.0,fatma.gaber@hotmail.com,,169.53,2024-05-13,Electronics,2.0,No Especificado
CUST2828,Ali Mahmoud,30.0,ali.mahmoud@gmail.com,123456789.0,635.59,2024-08-04,No Especificado,2.0,Female
CUST2829,John Mahmoud,54.455621301775146,john.mahmoud@hotmail.com,,,2024-04-19,Clothing,3.0,Female
CUST2830,Sara Ali,54.455621301775146,sara.ali@yahoo.com,987654321.0,876.0,2025-04-22,No Especificado,5.0,No Especificado
CUST2831,Sara Ali,54.455621301775146,sara.ali@gmail.com,123456789.0,458.48,2024-11-08,Electronics,2.0,Female
CUST2832,John Ali,49.0,john.ali@yahoo.com,,999.0,2024-10-10,Toys,1.0,Male
CUST2833,Alaa Gaber,54.455621301775146,alaa.gaber@hotmail.com,987654321.0,172.79,2023-11-08,Toys,2.0,Male
CUST2834,Mark Hassan,54.455621301775146,mark.hassan@gmail.com,987654321.0,140.24,2023-05-28,Books,3.045305318450427,Male
CUST2835,Sara Ibrahim,87.0,sara.ibrahim@gmail.com,,378.85,2024-02-25,Clothing,4.0,Female
CUST2836,Sara Hassan,77.0,sara.hassan@yahoo.com,,523.88,2024-12-21,No Especificado,2.0,Female
CUST2837,Mark Ibrahim,20.0,mark.ibrahim@hotmail.com,,,2023-11-04,Books,2.0,Female
CUST2838,Fatma Hassan,54.455621301775146,fatma.hassan@gmail.com,123456789.0,916.02,2023-01-01,No Especificado,4.0,Male
CUST2839,Sara Smith,71.0,sara.smith@gmail.com,,133.87,2023-01-15,No Especificado,4.0,Male
CUST2840,Sara Smith,42.0,sara.smith@hotmail.com,,574.51,2023-11-04,Clothing,3.0,Male
CUST2841,Ahmed Ibrahim,54.455621301775146,ahmed.ibrahim@yahoo.com,123456789.0,157.77,2024-06-13,Toys,3.045305318450427,Male
CUST2842,Mark Ali,54.455621301775146,mark.ali@hotmail.com,987654321.0,326.93,2023-05-27,Books,5.0,Female
CUST2843,Lina Mahmoud,54.455621301775146,lina.mahmoud@yahoo.com,,949.74,2023-11-13,Toys,3.0,Female
CUST2844,Alaa Smith,54.455621301775146,alaa.smith@gmail.com,987654321.0,799.33,2024-11-03,Electronics,4.0,No Especificado
CUST2845,John Hassan,82.0,john.hassan@hotmail.com,123456789.0,338.19,2024-03-11,No Especificado,5.0,Female
CUST2846,Alaa Ibrahim,74.0,alaa.ibrahim@gmail.com,987654321.0,147.54,2024-08-11,Electronics,2.0,Male
CUST2847,Alaa Hassan,29.0,alaa.hassan@hotmail.com,,863.9,2024-09-23,Clothing,4.0,Male
CUST2848,Alaa Ali,47.0,alaa.ali@gmail.com,123456789.0,524.07,2023-04-09,Clothing,5.0,Male
CUST2849,Fatma Ali,16.0,fatma.ali@hotmail.com,987654321.0,958.62,2023-07-31,Books,3.045305318450427,No Especificado
CUST2850,Alaa Ibrahim,54.455621301775146,alaa.ibrahim@hotmail.com,987654321.0,608.09,2025-03-25,Electronics,4.0,Female
CUST2851,Sara Smith,54.455621301775146,sara.smith@hotmail.com,,775.61,2025-04-16,Home,3.045305318450427,Male
CUST2852,Alaa Mahmoud,54.455621301775146,alaa.mahmoud@gmail.com,,432.73,2023-01-26,Clothing,4.0,Male
CUST2853,Ali Mahmoud,54.455621301775146,ali.mahmoud@gmail.com,123456789.0,443.05,2024-11-08,Electronics,4.0,No Especificado
CUST2854,Fatma Mahmoud,54.455621301775146,fatma.mahmoud@gmail.com,,852.03,2024-07-16,Home,2.0,No Especificado
CUST2855,Alaa Ali,54.455621301775146,alaa.ali@yahoo.com,,683.58,2025-05-20,Toys,4.0,Female
CUST2856,Fatma Smith,54.455621301775146,fatma.smith@gmail.com,,774.31,2024-07-15,No Especificado,3.0,Male
CUST2857,Ali Gaber,54.455621301775146,ali.gaber@yahoo.com,987654321.0,280.96,2023-02-26,Books,3.0,Male
CUST2858,Ali Smith,54.455621301775146,ali.smith@yahoo.com,987654321.0,977.32,2022-12-20,Books,2.0,Male
CUST2859,Ahmed Mahmoud,54.455621301775146,ahmed.mahmoud@hotmail.com,,737.3,2023-02-17,No Especificado,1.0,Male
CUST2860,Ahmed Smith,54.455621301775146,ahmed.smith@yahoo.com,123456789.0,885.21,2024-06-17,Books,3.045305318450427,Male
CUST2861,Lina Ibrahim,54.455621301775146,lina.ibrahim@yahoo.com,123456789.0,891.69,2024-08-24,No Especificado,3.0,No Especificado
CUST2862,Ali Gaber,69.0,ali.gaber@yahoo.com,,688.74,2023-08-21,Toys,4.0,Male
CUST2863,John Smith,54.455621301775146,john.smith@yahoo.com,987654321.0,137.01,2023-05-28,No Especificado,1.0,Female
CUST2864,Ali Hassan,54.455621301775146,ali.hassan@gmail.com,123456789.0,723.76,2024-01-31,No Especificado,3.045305318450427,Female
CUST2865,John Mahmoud,17.0,john.mahmoud@gmail.com,987654321.0,934.53,2023-06-15,Electronics,3.045305318450427,Female
CUST2866,John Ibrahim,54.455621301775146,john.ibrahim@gmail.com,,594.79,2025-03-13,Home,1.0,Female
CUST2867,Sara Smith,45.0,sara.smith@yahoo.com,123456789.0,284.11,2023-05-15,No Especificado,3.0,Male
CUST2868,Sara Mahmoud,54.455621301775146,sara.mahmoud@gmail.com,,743.05,2024-09-08,Clothing,2.0,Male
CUST2869,Alaa Gaber,35.0,alaa.gaber@hotmail.com,123456789.0,926.66,2024-10-16,Toys,3.0,Male
CUST2870,Lina Hassan,63.0,lina.hassan@hotmail.com,,600.27,2023-03-06,Clothing,5.0,Male
CUST2871,Mark Ibrahim,54.455621301775146,mark.ibrahim@yahoo.com,123456789.0,346.56,2024-05-15,Home,3.0,Female
CUST2872,Ali Gaber,51.0,ali.gaber@hotmail.com,,26.09,2024-02-16,Home,4.0,Male
CUST2873,Ali Gaber,83.0,ali.gaber@yahoo.com,987654321.0,720.99,2024-01-13,Clothing,3.0,Male
CUST2874,Lina Ali,20.0,lina.ali@gmail.com,987654321.0,235.0,2025-02-11,Books,4.0,Male
CUST2875,Mark Smith,54.455621301775146,mark.smith@yahoo.com,,111.84,2024-12-12,No Especificado,5.0,No Especificado
CUST2876,Lina Ibrahim,54.455621301775146,lina.ibrahim@hotmail.com,,307.83,2025-04-15,No Especificado,3.045305318450427,Male
CUST2877,Mark Ali,54.455621301775146,mark.ali@gmail.com,987654321.0,158.88,2024-01-01,Electronics,3.0,Female
CUST2878,Sara Gaber,42.0,sara.gaber@gmail.com,,288.56,2024-03-14,Toys,1.0,Male
CUST2879,Alaa Hassan,54.455621301775146,alaa.hassan@gmail.com,987654321.0,498.68,2025-04-27,No Especificado,3.045305318450427,Male
CUST2880,Mark Gaber,54.455621301775146,mark.gaber@hotmail.com,987654321.0,176.42,2023-01-17,Electronics,1.0,Male
CUST2881,Ahmed Hassan,54.455621301775146,ahmed.hassan@gmail.com,,774.41,2025-05-07,Clothing,4.0,Male
CUST2882,Lina Ibrahim,54.455621301775146,lina.ibrahim@gmail.com,,814.42,2022-11-30,Electronics,3.045305318450427,Female
CUST2883,Ahmed Ali,54.455621301775146,ahmed.ali@hotmail.com,,444.91,2024-02-21,Clothing,3.0,Female
CUST2884,Lina Smith,54.455621301775146,lina.smith@hotmail.com,,296.87,2023-10-15,Clothing,3.045305318450427,No Especificado
CUST2885,Lina Mahmoud,54.455621301775146,lina.mahmoud@yahoo.com,987654321.0,243.11,2023-09-06,Home,3.045305318450427,Female
CUST2886,Fatma Mahmoud,54.455621301775146,fatma.mahmoud@yahoo.com,,464.1,2023-11-04,Clothing,2.0,Male
CUST2887,Fatma Smith,54.455621301775146,fatma.smith@gmail.com,,611.51,2024-06-09,Toys,3.045305318450427,Male
CUST2888,Mark Ali,54.455621301775146,mark.ali@yahoo.com,123456789.0,212.08,2025-02-03,Electronics,3.045305318450427,Male
CUST2889,Ali Smith,54.455621301775146,ali.smith@yahoo.com,,808.73,2023-05-28,Books,2.0,Female
CUST2890,Sara Smith,68.0,sara.smith@hotmail.com,,848.18,2022-11-11,Toys,5.0,No Especificado
CUST2891,John Mahmoud,54.455621301775146,john.mahmoud@yahoo.com,,208.26,2023-11-07,No Especificado,4.0,No Especificado
CUST2892,Ali Hassan,54.455621301775146,ali.hassan@hotmail.com,123456789.0,545.24,2025-05-19,Clothing,3.045305318450427,Female
CUST2893,Alaa Smith,54.455621301775146,alaa.smith@gmail.com,987654321.0,27.32,2025-04-23,Toys,3.045305318450427,Male
CUST2894,Fatma Hassan,57.0,fatma.hassan@yahoo.com,987654321.0,731.67,2024-04-12,No Especificado,4.0,No Especificado
CUST2895,Ahmed Ali,54.455621301775146,ahmed.ali@gmail.com,,369.53,2024-05-12,Books,5.0,Male
CUST2896,Alaa Smith,83.0,alaa.smith@gmail.com,987654321.0,571.15,2024-07-17,Books,1.0,No Especificado
CUST2897,Ahmed Hassan,54.455621301775146,ahmed.hassan@gmail.com,123456789.0,56.15,2023-01-31,No Especificado,3.0,Male
CUST2898,Ahmed Ali,54.455621301775146,ahmed.ali@hotmail.com,123456789.0,247.19,,No Especificado,5.0,No Especificado
CUST2899,Ahmed Hassan,48.0,ahmed.hassan@gmail.com,,703.04,2024-10-11,Books,3.0,Female
CUST2900,Alaa Ibrahim,85.0,alaa.ibrahim@yahoo.com,123456789.0,670.55,2024-02-17,Toys,3.0,Female
CUST2901,Lina Gaber,54.455621301775146,lina.gaber@gmail.com,987654321.0,221.95,2025-07-04,No Especificado,2.0,Female
CUST2902,Mark Ali,54.455621301775146,mark.ali@gmail.com,123456789.0,324.37,2025-05-11,No Especificado,5.0,No Especificado
CUST2903,Lina Mahmoud,54.455621301775146,lina.mahmoud@gmail.com,987654321.0,919.32,2024-10-07,Electronics,3.0,Female
CUST2904,Sara Mahmoud,54.455621301775146,sara.mahmoud@gmail.com,,38.85,2024-09-05,Electronics,3.0,Male
CUST2905,Lina Gaber,54.455621301775146,lina.gaber@hotmail.com,,939.6,2025-01-23,Home,3.045305318450427,Female
CUST2906,Alaa Hassan,56.0,alaa.hassan@gmail.com,123456789.0,103.32,2025-07-01,Toys,3.0,Male
CUST2907,Lina Hassan,54.455621301775146,lina.hassan@gmail.com,,,2025-02-22,No Especificado,3.0,Female
CUST2908,Lina Hassan,25.0,lina.hassan@gmail.com,,,2025-07-21,No Especificado,3.0,Female
CUST2909,John Mahmoud,51.0,john.mahmoud@hotmail.com,123456789.0,837.42,2024-04-19,Clothing,5.0,Female
CUST2910,Mark Ibrahim,54.455621301775146,mark.ibrahim@yahoo.com,,19.65,,Toys,4.0,Male
CUST2911,Sara Smith,54.455621301775146,sara.smith@hotmail.com,,957.73,2024-02-27,Electronics,3.0,Female
CUST2912,Sara Smith,54.455621301775146,sara.smith@yahoo.com,,366.89,2023-09-15,Toys,3.045305318450427,Female
CUST2913,John Gaber,54.455621301775146,john.gaber@yahoo.com,987654321.0,462.96,2024-01-07,Books,2.0,Male
CUST2914,John Ibrahim,25.0,john.ibrahim@gmail.com,123456789.0,683.82,2025-06-18,Home,3.045305318450427,No Especificado
CUST2915,Lina Ibrahim,74.0,lina.ibrahim@gmail.com,987654321.0,849.85,2024-02-12,No Especificado,1.0,No Especificado
CUST2916,Alaa Hassan,54.455621301775146,alaa.hassan@yahoo.com,,813.14,2025-02-17,Books,3.0,Female
CUST2917,John Hassan,54.455621301775146,john.hassan@gmail.com,,473.2,2023-08-14,Clothing,3.045305318450427,Male
CUST2918,Ahmed Smith,89.0,ahmed.smith@hotmail.com,,225.99,2024-01-13,Home,3.045305318450427,Female
CUST2919,Ali Smith,54.455621301775146,ali.smith@gmail.com,123456789.0,,2025-01-30,Home,2.0,Female
CUST2920,Fatma Ali,54.455621301775146,fatma.ali@gmail.com,,253.52,2024-12-01,Electronics,1.0,Female
CUST2921,Alaa Smith,47.0,alaa.smith@hotmail.com,,575.58,2024-11-18,Toys,3.0,Male
CUST2922,Lina Ibrahim,54.455621301775146,lina.ibrahim@yahoo.com,,556.98,2025-03-19,No Especificado,5.0,Female
CUST2923,Ali Mahmoud,54.455621301775146,ali.mahmoud@gmail.com,,814.16,2025-02-05,Home,5.0,Male
CUST2924,Fatma Ibrahim,54.455621301775146,fatma.ibrahim@gmail.com,,653.36,2024-12-26,Home,3.045305318450427,No Especificado
CUST2925,Sara Ali,54.455621301775146,sara.ali@hotmail.com,987654321.0,512.36,2023-12-04,Home,3.0,Male
CUST2926,Lina Ibrahim,54.455621301775146,lina.ibrahim@hotmail.com,987654321.0,453.67,2024-02-24,Books,3.045305318450427,Male
CUST2927,Lina Hassan,54.455621301775146,lina.hassan@hotmail.com,,802.39,2023-01-31,Clothing,3.045305318450427,Female
CUST2928,John Mahmoud,54.455621301775146,john.mahmoud@gmail.com,987654321.0,867.51,,No Especificado,4.0,Female
CUST2929,Sara Smith,54.455621301775146,sara.smith@gmail.com,123456789.0,414.03,2022-12-04,Clothing,2.0,Female
CUST2930,Lina Ali,54.455621301775146,lina.ali@gmail.com,123456789.0,116.41,2022-12-29,Home,3.045305318450427,Female
CUST2931,Lina Hassan,54.455621301775146,lina.hassan@gmail.com,,808.92,2022-12-07,Electronics,3.045305318450427,Female
CUST2932,Ahmed Smith,54.455621301775146,ahmed.smith@gmail.com,123456789.0,236.65,2023-01-23,Electronics,4.0,Female
CUST2933,John Ali,54.455621301775146,john.ali@yahoo.com,123456789.0,554.15,2023-09-30,Home,3.045305318450427,Male
CUST2934,Alaa Smith,54.455621301775146,alaa.smith@hotmail.com,,359.98,,No Especificado,3.045305318450427,Female
CUST2935,Lina Gaber,79.0,lina.gaber@gmail.com,123456789.0,958.57,2022-12-02,No Especificado,3.0,Male
CUST2936,Ali Hassan,54.455621301775146,ali.hassan@yahoo.com,987654321.0,582.79,2023-06-08,Books,4.0,Male
CUST2937,Alaa Smith,54.455621301775146,alaa.smith@yahoo.com,987654321.0,849.78,2024-11-10,Clothing,3.045305318450427,Female
CUST2938,John Smith,56.0,john.smith@hotmail.com,987654321.0,236.66,2023-12-28,Clothing,5.0,Male
CUST2939,John Ibrahim,54.455621301775146,john.ibrahim@hotmail.com,987654321.0,204.53,2024-03-03,Home,3.045305318450427,Female
CUST2940,Mark Smith,54.455621301775146,mark.smith@hotmail.com,123456789.0,571.77,2024-01-27,Home,3.0,Male
CUST2941,Sara Hassan,85.0,sara.hassan@yahoo.com,987654321.0,761.52,2023-06-01,No Especificado,3.045305318450427,Female
CUST2942,Lina Ibrahim,54.455621301775146,lina.ibrahim@yahoo.com,,105.93,2024-10-05,No Especificado,4.0,Male
CUST2943,John Ibrahim,54.455621301775146,john.ibrahim@hotmail.com,,543.14,2024-12-09,Clothing,4.0,Male
CUST2944,Alaa Hassan,46.0,alaa.hassan@gmail.com,,532.41,2025-01-20,Books,1.0,Male
CUST2945,Lina Ali,54.455621301775146,lina.ali@gmail.com,,908.96,2024-04-19,Electronics,3.045305318450427,Male
CUST2946,Alaa Gaber,54.455621301775146,alaa.gaber@yahoo.com,,933.23,2025-04-12,Electronics,3.0,No Especificado
CUST2947,Alaa Ibrahim,54.455621301775146,alaa.ibrahim@gmail.com,123456789.0,277.91,2023-07-02,Toys,3.045305318450427,Female
CUST2948,Lina Smith,63.0,lina.smith@gmail.com,987654321.0,417.58,2023-03-21,Clothing,3.045305318450427,Female
CUST2949,Fatma Mahmoud,63.0,fatma.mahmoud@yahoo.com,,999.3,2024-04-10,Clothing,3.0,Female
CUST2950,John Gaber,54.455621301775146,john.gaber@yahoo.com,,633.57,2024-06-23,Electronics,3.0,Male
CUST2951,Fatma Mahmoud,84.0,fatma.mahmoud@hotmail.com,,284.31,2025-06-10,No Especificado,3.045305318450427,Female
CUST2952,Mark Ali,54.455621301775146,mark.ali@hotmail.com,987654321.0,222.16,2023-07-09,Home,3.045305318450427,Male
CUST2953,Mark Hassan,69.0,mark.hassan@gmail.com,,324.61,2024-08-15,Home,3.0,Female
CUST2954,Alaa Smith,54.455621301775146,alaa.smith@hotmail.com,,26.87,2024-06-13,Clothing,2.0,Female
CUST2955,Mark Ali,54.455621301775146,mark.ali@hotmail.com,123456789.0,810.9,,Clothing,5.0,Female
CUST2956,Lina Ibrahim,54.455621301775146,lina.ibrahim@yahoo.com,123456789.0,96.87,2022-11-27,Home,1.0,Male
CUST2957,Fatma Mahmoud,54.455621301775146,fatma.mahmoud@gmail.com,123456789.0,,2024-07-02,Electronics,2.0,Male
CUST2958,Ahmed Mahmoud,76.0,ahmed.mahmoud@gmail.com,123456789.0,923.71,2023-12-26,Toys,3.0,Male
CUST2959,Mark Mahmoud,54.455621301775146,mark.mahmoud@hotmail.com,123456789.0,801.99,2025-02-10,Books,3.0,Female
CUST2960,Lina Hassan,54.455621301775146,lina.hassan@yahoo.com,,969.58,2022-11-09,Clothing,1.0,Male
CUST2961,Mark Mahmoud,54.455621301775146,mark.mahmoud@yahoo.com,,998.59,2025-04-25,Electronics,2.0,Male
CUST2962,Alaa Ibrahim,54.455621301775146,alaa.ibrahim@yahoo.com,,595.46,2025-05-10,Books,3.045305318450427,No Especificado
CUST2963,Fatma Mahmoud,54.455621301775146,fatma.mahmoud@hotmail.com,,189.71,2024-11-19,Toys,3.045305318450427,Female
CUST2964,John Smith,54.455621301775146,john.smith@hotmail.com,123456789.0,911.54,2025-01-14,Electronics,4.0,No Especificado
CUST2965,Sara Mahmoud,42.0,sara.mahmoud@hotmail.com,,288.5,2023-03-17,Toys,3.0,Male
CUST2966,Mark Gaber,54.455621301775146,mark.gaber@hotmail.com,,458.46,2024-07-14,Home,2.0,Female
CUST2967,Ahmed Gaber,54.0,ahmed.gaber@yahoo.com,987654321.0,300.59,2024-11-15,Home,3.0,Male
CUST2968,Ahmed Ibrahim,54.455621301775146,ahmed.ibrahim@gmail.com,123456789.0,753.32,2022-11-26,Toys,2.0,Female
CUST2969,Fatma Gaber,54.455621301775146,fatma.gaber@hotmail.com,,412.71,2023-04-13,No Especificado,3.0,Female
CUST2970,Ahmed Gaber,54.455621301775146,ahmed.gaber@gmail.com,,637.62,2024-04-24,No Especificado,4.0,No Especificado
CUST2971,Alaa Smith,54.455621301775146,alaa.smith@hotmail.com,,358.56,2024-04-16,Electronics,2.0,Female
CUST2972,Alaa Smith,54.455621301775146,alaa.smith@yahoo.com,123456789.0,542.97,2024-12-25,Books,3.0,Male
CUST2973,Alaa Ibrahim,54.455621301775146,alaa.ibrahim@yahoo.com,987654321.0,237.42,2023-05-25,Electronics,5.0,Male
CUST2974,Mark Mahmoud,54.455621301775146,mark.mahmoud@yahoo.com,,,2024-11-02,No Especificado,4.0,Male
CUST2975,Ahmed Smith,54.455621301775146,ahmed.smith@gmail.com,123456789.0,736.85,2025-07-17,Home,5.0,Female
CUST2976,Fatma Ali,54.455621301775146,fatma.ali@yahoo.com,987654321.0,571.71,2024-11-30,No Especificado,3.045305318450427,Male
CUST2977,Alaa Ali,23.0,alaa.ali@yahoo.com,987654321.0,807.27,2023-05-06,Electronics,3.045305318450427,Male
CUST2978,Alaa Ibrahim,34.0,alaa.ibrahim@yahoo.com,,751.31,2023-11-08,Home,3.045305318450427,Female
CUST2979,Fatma Smith,54.455621301775146,fatma.smith@gmail.com,987654321.0,565.84,2024-05-18,Books,3.0,Male
CUST2980,Ali Mahmoud,54.455621301775146,ali.mahmoud@hotmail.com,123456789.0,706.1,2024-12-15,Electronics,4.0,Female
CUST2981,Alaa Ali,54.455621301775146,alaa.ali@yahoo.com,,415.26,2024-05-03,Clothing,3.0,Female
CUST2982,Mark Gaber,16.0,mark.gaber@gmail.com,987654321.0,983.11,2023-06-20,Electronics,5.0,Female
CUST2983,Fatma Ali,54.455621301775146,fatma.ali@yahoo.com,987654321.0,,2024-05-19,Toys,2.0,Female
CUST2984,Mark Smith,54.455621301775146,mark.smith@hotmail.com,,,2024-11-02,No Especificado,4.0,Female
CUST2985,Alaa Mahmoud,54.455621301775146,alaa.mahmoud@yahoo.com,,989.28,2025-02-04,Home,3.045305318450427,Male
CUST2986,Lina Smith,54.455621301775146,lina.smith@yahoo.com,123456789.0,314.42,2023-02-18,Clothing,3.045305318450427,Female
CUST2987,Ali Mahmoud,54.455621301775146,ali.mahmoud@hotmail.com,123456789.0,446.94,2023-04-08,No Especificado,3.045305318450427,Male
CUST2988,Ahmed Mahmoud,54.455621301775146,ahmed.mahmoud@yahoo.com,987654321.0,323.15,,Toys,5.0,Male
CUST2989,Sara Ibrahim,54.455621301775146,sara.ibrahim@yahoo.com,,911.77,2024-11-23,Electronics,1.0,Male
CUST2990,Ahmed Ali,71.0,ahmed.ali@hotmail.com,,810.23,2024-08-29,Electronics,5.0,Female
CUST2991,Sara Ali,54.455621301775146,sara.ali@gmail.com,,487.95,2025-02-22,Toys,1.0,Female
CUST2992,Ali Ibrahim,31.0,ali.ibrahim@gmail.com,,598.43,2023-02-26,No Especificado,3.0,Male
CUST2993,Sara Ali,54.455621301775146,sara.ali@hotmail.com,,547.81,2023-04-28,Electronics,3.045305318450427,Female
CUST2994,Ahmed Smith,54.455621301775146,ahmed.smith@gmail.com,,781.87,2024-05-10,Toys,3.0,Female
CUST2995,Alaa Mahmoud,54.455621301775146,alaa.mahmoud@gmail.com,,719.84,2024-09-29,Toys,3.0,Female
CUST2996,Lina Ali,36.0,lina.ali@hotmail.com,123456789.0,,2024-03-15,No Especificado,3.045305318450427,Female
CUST2997,Lina Smith,54.455621301775146,lina.smith@gmail.com,,302.3,2023-10-21,No Especificado,3.045305318450427,No Especificado
CUST2998,Ali Mahmoud,54.455621301775146,ali.mahmoud@hotmail.com,987654321.0,222.24,2023-12-28,No Especificado,2.0,Male
CUST2999,Mark Ali,89.0,mark.ali@gmail.com,987654321.0,258.13,2023-02-27,Electronics,3.0,No Especificado
CUST3000,Lina Smith,56.0,lina.smith@hotmail.com,,177.02,2025-03-20,Electronics,3.045305318450427,Male
CUST3001,Alaa Smith,56.0,alaa.smith@hotmail.com,987654321.0,569.69,2023-06-15,No Especificado,3.045305318450427,Female
CUST3002,Ahmed Mahmoud,54.455621301775146,ahmed.mahmoud@yahoo.com,987654321.0,687.93,2023-01-26,Books,3.0,Female
CUST3003,Ahmed Mahmoud,54.455621301775146,ahmed.mahmoud@gmail.com,,829.57,2023-03-17,No Especificado,3.045305318450427,Female
CUST3004,John Ibrahim,54.455621301775146,john.ibrahim@hotmail.com,123456789.0,185.43,2023-03-15,Electronics,3.0,Male
CUST3005,John Gaber,54.455621301775146,john.gaber@hotmail.com,987654321.0,745.31,2023-03-28,Books,3.045305318450427,Female
CUST3006,John Ibrahim,54.455621301775146,john.ibrahim@hotmail.com,,607.52,2024-02-09,Toys,3.045305318450427,Female
CUST3007,Mark Mahmoud,54.455621301775146,mark.mahmoud@hotmail.com,123456789.0,701.88,2024-12-29,Toys,4.0,Female
CUST3008,Sara Hassan,70.0,sara.hassan@gmail.com,,440.04,2024-10-29,Electronics,2.0,Male
CUST3009,Fatma Ali,54.455621301775146,fatma.ali@gmail.com,987654321.0,851.1,2023-08-18,No Especificado,3.045305318450427,Female
CUST3010,Mark Gaber,54.455621301775146,mark.gaber@gmail.com,,221.8,2024-07-20,Electronics,3.0,Male
CUST3011,Fatma Smith,54.455621301775146,fatma.smith@hotmail.com,,977.35,2023-02-05,Electronics,2.0,Female
CUST3012,Alaa Gaber,34.0,alaa.gaber@gmail.com,123456789.0,450.21,2025-01-04,No Especificado,3.045305318450427,Female
CUST3013,Ahmed Ibrahim,63.0,ahmed.ibrahim@hotmail.com,,69.1,2024-02-20,Home,3.0,Female
CUST3014,Fatma Ali,78.0,fatma.ali@yahoo.com,,854.13,2024-09-02,Books,1.0,Female
CUST3015,Alaa Smith,54.455621301775146,alaa.smith@yahoo.com,123456789.0,448.79,2023-03-19,Books,3.0,Male
CUST3016,Alaa Smith,54.455621301775146,alaa.smith@hotmail.com,987654321.0,460.27,2024-01-08,Home,3.045305318450427,Male
CUST3017,Alaa Smith,54.455621301775146,alaa.smith@hotmail.com,123456789.0,102.57,2024-07-15,Electronics,4.0,Male
CUST3018,Mark Hassan,54.455621301775146,mark.hassan@gmail.com,,815.57,2023-03-28,Electronics,3.0,Female
CUST3019,Alaa Smith,54.455621301775146,alaa.smith@hotmail.com,,727.02,2024-10-22,Home,4.0,No Especificado
CUST3020,Sara Hassan,54.455621301775146,sara.hassan@yahoo.com,,587.34,2023-10-08,No Especificado,5.0,Female
CUST3021,Sara Smith,54.455621301775146,sara.smith@hotmail.com,,944.81,2025-05-21,No Especificado,2.0,No Especificado
CUST3022,Lina Smith,54.455621301775146,lina.smith@gmail.com,987654321.0,393.82,2023-10-02,Books,4.0,Male
CUST3023,Lina Gaber,54.455621301775146,lina.gaber@gmail.com,,25.39,2023-04-22,Electronics,3.045305318450427,No Especificado
CUST3024,John Gaber,54.455621301775146,john.gaber@hotmail.com,,650.11,2025-03-07,No Especificado,3.045305318450427,Female
CUST3025,Lina Ibrahim,29.0,lina.ibrahim@gmail.com,,482.39,2023-06-06,Clothing,3.0,Female
CUST3026,Alaa Ali,54.455621301775146,alaa.ali@yahoo.com,,,2024-11-13,Clothing,3.0,Male
CUST3027,Fatma Mahmoud,22.0,fatma.mahmoud@hotmail.com,123456789.0,305.81,2025-06-03,Home,3.0,Male
CUST3028,Ahmed Hassan,54.455621301775146,ahmed.hassan@gmail.com,987654321.0,236.57,,Home,4.0,Female
CUST3029,Mark Mahmoud,54.455621301775146,mark.mahmoud@hotmail.com,,242.49,2025-01-27,No Especificado,4.0,Female
CUST3030,Mark Mahmoud,54.455621301775146,mark.mahmoud@yahoo.com,123456789.0,163.72,2024-11-15,Electronics,1.0,Male
CUST3031,John Mahmoud,54.455621301775146,john.mahmoud@yahoo.com,,361.77,2024-11-10,No Especificado,3.045305318450427,Male
CUST3032,Sara Smith,85.0,sara.smith@gmail.com,987654321.0,450.64,2023-04-22,Books,3.0,Male
CUST3033,Ali Ali,54.455621301775146,ali.ali@gmail.com,123456789.0,796.02,2023-07-16,Clothing,3.045305318450427,Female
CUST3034,Sara Gaber,54.455621301775146,sara.gaber@hotmail.com,,719.78,2024-06-16,Toys,2.0,No Especificado
CUST3035,John Hassan,61.0,john.hassan@yahoo.com,123456789.0,221.93,2024-09-04,No Especificado,3.0,Male
CUST3036,Sara Mahmoud,52.0,sara.mahmoud@hotmail.com,123456789.0,422.83,2023-05-06,Books,5.0,Male
CUST3037,Ali Gaber,60.0,ali.gaber@yahoo.com,,544.65,,No Especificado,3.0,Female
CUST3038,Ahmed Hassan,49.0,ahmed.hassan@gmail.com,123456789.0,851.93,2024-03-10,Home,3.0,Male
CUST3039,Lina Mahmoud,64.0,lina.mahmoud@hotmail.com,987654321.0,209.29,2023-03-15,Toys,2.0,No Especificado
CUST3040,John Hassan,54.455621301775146,john.hassan@hotmail.com,,406.37,2023-03-21,No Especificado,1.0,Male
CUST3041,Ali Smith,16.0,ali.smith@hotmail.com,123456789.0,,2023-01-30,No Especificado,3.045305318450427,No Especificado
CUST3042,Fatma Smith,54.455621301775146,fatma.smith@gmail.com,,176.23,2025-02-28,Toys,5.0,Male
CUST3043,Lina Gaber,18.0,lina.gaber@hotmail.com,,,2025-01-01,Clothing,4.0,Male
CUST3044,Fatma Smith,54.455621301775146,fatma.smith@yahoo.com,,318.59,2023-06-05,Home,5.0,Male
CUST3045,Ali Ali,46.0,ali.ali@yahoo.com,,165.85,2025-07-19,No Especificado,5.0,No Especificado
CUST3046,Alaa Ali,54.455621301775146,alaa.ali@hotmail.com,,487.45,2023-01-02,Toys,1.0,Male
CUST3047,Lina Ibrahim,54.455621301775146,lina.ibrahim@yahoo.com,987654321.0,174.37,2024-01-15,Toys,3.0,Male
CUST3048,Mark Ibrahim,54.455621301775146,mark.ibrahim@hotmail.com,,213.25,2024-03-21,Toys,5.0,Female
CUST3049,Ali Ali,54.455621301775146,ali.ali@yahoo.com,123456789.0,628.68,2023-04-02,Electronics,3.0,Female
CUST3050,Mark Mahmoud,54.455621301775146,mark.mahmoud@gmail.com,987654321.0,283.45,2024-05-28,No Especificado,3.0,No Especificado
CUST3051,John Hassan,54.455621301775146,john.hassan@hotmail.com,987654321.0,159.92,2023-05-18,Home,1.0,Male
CUST3052,Ahmed Smith,54.455621301775146,ahmed.smith@gmail.com,987654321.0,596.51,2024-08-23,No Especificado,3.045305318450427,Male
CUST3053,Sara Hassan,54.455621301775146,sara.hassan@hotmail.com,123456789.0,871.52,2024-08-03,No Especificado,2.0,Male
CUST3054,Lina Hassan,71.0,lina.hassan@gmail.com,,373.4,2023-03-18,Toys,3.0,Female
CUST3055,Ali Smith,54.455621301775146,ali.smith@yahoo.com,987654321.0,108.74,,Toys,3.045305318450427,Male
CUST3056,Mark Mahmoud,54.455621301775146,mark.mahmoud@yahoo.com,987654321.0,199.47,2024-05-21,Toys,3.0,Male
CUST3057,Ahmed Ali,54.455621301775146,ahmed.ali@hotmail.com,987654321.0,500.33,2024-07-12,Clothing,3.045305318450427,Female
CUST3058,Lina Hassan,54.455621301775146,lina.hassan@yahoo.com,,618.11,2024-07-18,Electronics,3.0,Male
CUST3059,John Smith,54.455621301775146,john.smith@hotmail.com,123456789.0,787.93,2023-05-12,Home,1.0,No Especificado
CUST3060,John Hassan,54.455621301775146,john.hassan@yahoo.com,,476.85,2022-11-04,Home,2.0,No Especificado
CUST3061,Fatma Mahmoud,54.455621301775146,fatma.mahmoud@gmail.com,987654321.0,862.24,2023-01-25,Home,3.045305318450427,Male
CUST3062,Alaa Smith,54.455621301775146,alaa.smith@yahoo.com,,814.25,2024-11-16,Clothing,3.045305318450427,No Especificado
CUST3063,Sara Smith,50.0,sara.smith@gmail.com,,706.59,2023-03-03,Books,3.045305318450427,Male
CUST3064,Fatma Gaber,54.455621301775146,fatma.gaber@gmail.com,,263.68,2023-11-02,No Especificado,3.045305318450427,Female
CUST3065,Lina Smith,54.455621301775146,lina.smith@yahoo.com,987654321.0,375.5,2024-03-11,Electronics,2.0,Female
CUST3066,Lina Hassan,54.455621301775146,lina.hassan@hotmail.com,987654321.0,924.4,2022-11-26,No Especificado,4.0,Male
CUST3067,John Ibrahim,54.455621301775146,john.ibrahim@gmail.com,,816.13,2025-01-26,No Especificado,2.0,Male
CUST3068,Fatma Hassan,54.455621301775146,fatma.hassan@hotmail.com,,40.1,,Books,2.0,Male
CUST3069,Ali Ali,54.455621301775146,ali.ali@hotmail.com,,439.99,2025-07-21,No Especificado,5.0,No Especificado
CUST3070,Ahmed Gaber,54.455621301775146,ahmed.gaber@hotmail.com,,558.31,2025-03-04,Toys,3.045305318450427,Female
CUST3071,John Gaber,54.455621301775146,john.gaber@yahoo.com,,587.45,2024-03-07,Electronics,4.0,Female
CUST3072,Mark Gaber,54.455621301775146,mark.gaber@gmail.com,,706.57,2025-06-13,No Especificado,5.0,Male
CUST3073,Mark Hassan,54.455621301775146,mark.hassan@gmail.com,,120.59,2022-12-01,No Especificado,2.0,Male
CUST3074,Sara Hassan,54.455621301775146,sara.hassan@gmail.com,987654321.0,976.2,2024-08-31,Home,1.0,Female
CUST3075,Ali Hassan,54.455621301775146,ali.hassan@gmail.com,987654321.0,473.94,2023-10-02,Books,4.0,Female
CUST3076,Fatma Hassan,54.455621301775146,fatma.hassan@gmail.com,987654321.0,458.91,,Home,2.0,Male
CUST3077,John Mahmoud,70.0,john.mahmoud@gmail.com,,633.02,2023-12-10,Electronics,3.0,Female
CUST3078,Lina Hassan,78.0,lina.hassan@gmail.com,987654321.0,,2023-10-29,Toys,2.0,Female
CUST3079,Alaa Mahmoud,54.455621301775146,alaa.mahmoud@yahoo.com,,225.52,2025-03-27,Home,3.0,No Especificado
CUST3080,Fatma Smith,54.455621301775146,fatma.smith@gmail.com,987654321.0,489.29,2024-10-28,No Especificado,5.0,Female
CUST3081,Alaa Ali,53.0,alaa.ali@yahoo.com,,623.17,2024-04-08,No Especificado,2.0,Female
CUST3082,Ali Ali,54.455621301775146,ali.ali@hotmail.com,,,2025-05-19,No Especificado,4.0,Female
CUST3083,Ali Smith,54.455621301775146,ali.smith@yahoo.com,987654321.0,139.97,2024-02-16,Books,3.0,Male
CUST3084,Lina Hassan,54.455621301775146,lina.hassan@hotmail.com,987654321.0,425.21,2023-06-20,Home,4.0,Male
CUST3085,Sara Hassan,54.455621301775146,sara.hassan@yahoo.com,123456789.0,833.33,2024-08-08,No Especificado,3.045305318450427,Female
CUST3086,Alaa Hassan,54.455621301775146,alaa.hassan@yahoo.com,123456789.0,778.81,2024-07-19,No Especificado,3.0,Male
CUST3087,Ali Smith,54.455621301775146,ali.smith@gmail.com,987654321.0,970.95,2023-06-12,No Especificado,3.0,No Especificado
CUST3088,John Hassan,54.455621301775146,john.hassan@gmail.com,,680.25,2023-03-23,Electronics,3.045305318450427,Female
CUST3089,Sara Mahmoud,54.455621301775146,sara.mahmoud@yahoo.com,,633.44,2023-02-18,Clothing,3.045305318450427,Female
CUST3090,Alaa Smith,54.455621301775146,alaa.smith@hotmail.com,987654321.0,615.98,2023-08-01,No Especificado,2.0,Male
CUST3091,Sara Ibrahim,54.455621301775146,sara.ibrahim@gmail.com,123456789.0,93.18,,Clothing,3.045305318450427,No Especificado
CUST3092,Lina Mahmoud,54.455621301775146,lina.mahmoud@gmail.com,123456789.0,635.34,2023-11-06,Electronics,3.045305318450427,Male
CUST3093,Ali Gaber,54.455621301775146,ali.gaber@gmail.com,,,2023-02-02,Books,3.045305318450427,Female
CUST3094,Mark Smith,28.0,mark.smith@hotmail.com,,73.56,2025-06-12,Electronics,2.0,Male
CUST3095,Alaa Ali,36.0,alaa.ali@hotmail.com,987654321.0,708.91,2025-06-06,No Especificado,4.0,Male
CUST3096,Lina Gaber,54.455621301775146,lina.gaber@yahoo.com,,70.47,2023-08-06,Toys,4.0,Female
CUST3097,Ali Ibrahim,54.455621301775146,ali.ibrahim@hotmail.com,987654321.0,804.19,2023-11-02,Clothing,4.0,Female
CUST3098,Mark Mahmoud,54.455621301775146,mark.mahmoud@hotmail.com,123456789.0,328.31,2023-03-24,No Especificado,1.0,Female
CUST3099,Lina Hassan,54.455621301775146,lina.hassan@gmail.com,987654321.0,253.78,2023-01-18,Books,3.045305318450427,Male
CUST2034,Ali Mahmoud,54.455621301775146,ali.mahmoud@hotmail.com,987654321.0,335.36,2024-07-17,No Especificado,3.0,Male
CUST2176,Ali Ibrahim,54.455621301775146,ali.ibrahim@gmail.com,123456789.0,36.36,2023-12-15,No Especificado,1.0,Female
CUST1067,Sara Gaber,54.455621301775146,sara.gaber@yahoo.com,123456789.0,85.14,,Clothing,3.045305318450427,No Especificado
CUST2330,John Gaber,54.455621301775146,john.gaber@gmail.com,,37.03,2025-03-26,No Especificado,3.0,Male
CUST1650,Lina Ibrahim,54.455621301775146,lina.ibrahim@hotmail.com,987654321.0,304.37,2023-05-26,No Especificado,5.0,Male
CUST2868,Sara Mahmoud,54.455621301775146,sara.mahmoud@gmail.com,,743.05,2024-09-08,Clothing,2.0,Male
CUST1986,Sara Ali,90.0,sara.ali@hotmail.com,,558.91,2023-07-07,Home,5.0,Female
CUST1552,Fatma Gaber,54.455621301775146,fatma.gaber@yahoo.com,987654321.0,432.89,2023-02-17,Electronics,2.0,Female
CUST2427,Fatma Mahmoud,54.455621301775146,fatma.mahmoud@gmail.com,,913.58,2024-10-18,No Especificado,3.045305318450427,Male
CUST2668,Mark Hassan,54.455621301775146,mark.hassan@yahoo.com,,,,Toys,4.0,Male
CUST2574,Sara Mahmoud,44.0,sara.mahmoud@yahoo.com,123456789.0,790.69,2024-10-21,Toys,3.0,Female
CUST2317,Fatma Hassan,54.455621301775146,fatma.hassan@yahoo.com,,,2024-03-16,Clothing,3.0,Female
CUST1494,Ahmed Hassan,54.455621301775146,ahmed.hassan@hotmail.com,123456789.0,778.69,2023-04-08,No Especificado,4.0,Female
CUST2978,Alaa Ibrahim,34.0,alaa.ibrahim@yahoo.com,,751.31,2023-11-08,Home,3.045305318450427,Female
CUST2760,Fatma Smith,54.455621301775146,fatma.smith@hotmail.com,123456789.0,179.72,2025-01-13,Books,3.0,Female
CUST1865,Lina Hassan,54.455621301775146,lina.hassan@hotmail.com,,130.88,2024-06-16,Home,5.0,Male
CUST1529,Sara Gaber,78.0,sara.gaber@hotmail.com,987654321.0,880.22,2023-08-21,Books,4.0,Female
CUST2501,Fatma Gaber,54.455621301775146,fatma.gaber@yahoo.com,,323.91,2023-10-01,Clothing,3.045305318450427,No Especificado
CUST1070,Mark Mahmoud,81.0,mark.mahmoud@gmail.com,,330.97,2024-08-30,Clothing,2.0,Female
CUST2848,Alaa Ali,47.0,alaa.ali@gmail.com,123456789.0,524.07,2023-04-09,Clothing,5.0,Male
CUST2448,Lina Hassan,35.0,lina.hassan@yahoo.com,123456789.0,539.08,2023-05-08,No Especificado,2.0,Female
CUST1571,Alaa Ali,66.0,alaa.ali@yahoo.com,,987.4,2025-05-02,Electronics,3.045305318450427,No Especificado
CUST1420,Lina Gaber,50.0,lina.gaber@gmail.com,,607.73,2023-12-30,Home,3.045305318450427,Male
CUST1948,Ali Hassan,54.455621301775146,ali.hassan@yahoo.com,123456789.0,348.05,2024-05-02,Clothing,3.045305318450427,Female
CUST2420,John Mahmoud,54.455621301775146,john.mahmoud@hotmail.com,987654321.0,865.23,,Toys,1.0,Male
CUST3007,Mark Mahmoud,54.455621301775146,mark.mahmoud@hotmail.com,123456789.0,701.88,2024-12-29,Toys,4.0,Female
CUST2193,Ali Hassan,54.455621301775146,ali.hassan@gmail.com,987654321.0,314.57,2024-03-19,Home,4.0,Male
CUST2571,John Smith,54.455621301775146,john.smith@hotmail.com,987654321.0,595.21,2024-10-02,Electronics,1.0,No Especificado
CUST2192,Fatma Hassan,54.455621301775146,fatma.hassan@yahoo.com,123456789.0,382.28,2024-02-25,No Especificado,3.045305318450427,Female
CUST1583,Sara Hassan,54.455621301775146,sara.hassan@gmail.com,987654321.0,549.44,2023-12-18,Clothing,5.0,Female
CUST1051,Ali Smith,54.455621301775146,ali.smith@yahoo.com,,968.44,2024-07-01,Home,2.0,Male
CUST2444,Ali Ali,54.455621301775146,ali.ali@hotmail.com,,200.94,2023-03-02,No Especificado,3.045305318450427,Male
CUST2287,Fatma Mahmoud,54.455621301775146,fatma.mahmoud@gmail.com,,704.74,,Toys,3.045305318450427,Female
CUST2124,Fatma Ibrahim,54.455621301775146,fatma.ibrahim@gmail.com,987654321.0,,2025-05-06,Toys,5.0,No Especificado
CUST1029,John Mahmoud,67.0,john.mahmoud@hotmail.com,,387.63,2024-02-28,Books,4.0,Female
CUST2220,Fatma Mahmoud,37.0,fatma.mahmoud@yahoo.com,987654321.0,92.52,2024-06-24,Home,3.0,No Especificado
CUST1479,Lina Gaber,54.455621301775146,lina.gaber@gmail.com,987654321.0,,2024-10-11,Books,3.045305318450427,Female
CUST2374,Ali Smith,54.455621301775146,ali.smith@yahoo.com,123456789.0,272.72,2023-05-14,Electronics,3.0,Male
CUST2087,Lina Ibrahim,54.455621301775146,lina.ibrahim@gmail.com,,384.38,2024-08-07,Books,5.0,Female
CUST1231,Ahmed Smith,54.455621301775146,ahmed.smith@yahoo.com,,610.21,2023-03-23,No Especificado,3.045305318450427,Female
CUST2259,Mark Smith,54.455621301775146,mark.smith@yahoo.com,987654321.0,653.34,2023-02-12,Home,4.0,Male
CUST1212,Sara Ibrahim,54.455621301775146,sara.ibrahim@hotmail.com,987654321.0,859.82,2025-06-22,Toys,5.0,Male
CUST1307,Fatma Hassan,54.455621301775146,fatma.hassan@gmail.com,987654321.0,137.52,2024-07-17,Home,5.0,Female
CUST1727,Mark Mahmoud,54.455621301775146,mark.mahmoud@yahoo.com,,860.56,2023-05-17,No Especificado,3.045305318450427,Female
CUST2362,John Mahmoud,54.455621301775146,john.mahmoud@hotmail.com,123456789.0,297.31,2025-01-06,Home,2.0,Female
CUST1447,Mark Mahmoud,66.0,mark.mahmoud@hotmail.com,987654321.0,462.47,2023-08-04,Toys,5.0,Male
CUST1381,Fatma Hassan,54.455621301775146,fatma.hassan@yahoo.com,,237.62,2024-01-28,Toys,5.0,Male
CUST2338,Ali Gaber,54.455621301775146,ali.gaber@gmail.com,,174.72,2024-09-29,Books,3.045305318450427,Male
CUST1694,John Ali,54.455621301775146,john.ali@yahoo.com,987654321.0,250.47,2024-02-05,No Especificado,5.0,Female
CUST1567,Ahmed Hassan,54.455621301775146,ahmed.hassan@yahoo.com,123456789.0,891.41,2023-10-13,Clothing,3.0,Male
