id,title,budget,revenue,profit,roi,vote_average,vote_count
19995,Avatar,237000000,2787965087,2550965087,11.763565767932487,7.2,11800
285,Pirates of the Caribbean: At World's End,300000000,961000000,661000000,3.203333333333333,6.9,4500
206647,Spectre,245000000,880674609,635674609,3.5945902408163266,6.3,4466
49026,The Dark Knight Rises,250000000,1084939099,834939099,4.339756396,7.6,9106
49529,John Carter,260000000,284139100,24139100,1.0928426923076924,6.1,2124
559,Spider-Man 3,258000000,890871626,632871626,3.4529907984496124,5.9,3576
38757,Tangled,260000000,591794936,331794936,2.2761343692307694,7.4,3330
99861,Avengers: Age of Ultron,280000000,1405403694,1125403694,5.019298907142857,7.3,6767
767,Harry Potter and the Half-Blood Prince,250000000,933959197,683959197,3.735836788,7.4,5293
209112,Batman v Superman: Dawn of Justice,250000000,873260194,623260194,3.493040776,5.7,7004
1452,Superman Returns,270000000,391081192,121081192,1.4484488592592593,5.4,1400
10764,Quantum of Solace,200000000,586090727,386090727,2.930453635,6.1,2965
58,Pirates of the Caribbean: Dead Man's Chest,200000000,1065659812,865659812,5.32829906,7.0,5246
57201,The Lone Ranger,255000000,89289910,-165710090,0.3501565098039215,5.9,2311
49521,Man of Steel,225000000,662845518,437845518,2.94598008,6.5,6359
2454,The Chronicles of Narnia: Prince Caspian,225000000,419651413,194651413,1.8651173911111112,6.3,1630
24428,The Avengers,220000000,1519557910,1299557910,6.907081409090909,7.4,11776
1865,Pirates of the Caribbean: On Stranger Tides,380000000,1045713802,665713802,2.7518784263157894,6.4,4948
41154,Men in Black 3,225000000,624026776,399026776,2.773452337777778,6.2,4160
122917,The Hobbit: The Battle of the Five Armies,250000000,956019788,706019788,3.824079152,7.1,4760
1930,The Amazing Spider-Man,215000000,752215857,537215857,3.4986784046511628,6.5,6586
20662,Robin Hood,200000000,310669540,110669540,1.5533477,6.2,1398
57158,The Hobbit: The Desolation of Smaug,250000000,958400000,708400000,3.8336,7.6,4524
2268,The Golden Compass,180000000,372234864,192234864,2.067971466666666,5.8,1303
254,King Kong,207000000,550000000,343000000,2.657004830917874,6.6,2337
597,Titanic,200000000,1845034188,1645034188,9.22517094,7.5,7562
271110,Captain America: Civil War,250000000,1153304495,903304495,4.61321798,7.1,7241
44833,Battleship,209000000,303025485,94025485,1.4498827033492825,5.5,2114
135397,Jurassic World,150000000,1513528810,1363528810,10.090192066666669,6.5,8662
37724,Skyfall,200000000,1108561013,908561013,5.542805065,6.9,7604
558,Spider-Man 2,200000000,783766341,583766341,3.918831705,6.7,4321
68721,Iron Man 3,200000000,1215439994,1015439994,6.07719997,6.8,8806
12155,Alice in Wonderland,200000000,1025491110,825491110,5.12745555,6.4,4645
36668,X-Men: The Last Stand,210000000,459359555,249359555,2.187426452380953,6.3,3525
62211,Monsters University,200000000,743559607,543559607,3.717798035,7.0,3528
8373,Transformers: Revenge of the Fallen,150000000,836297228,686297228,5.575314853333333,6.0,3138
91314,Transformers: Age of Extinction,210000000,1091405097,881405097,5.1971671285714285,5.8,3095
68728,Oz: The Great and Powerful,200000000,491868548,291868548,2.45934274,5.7,3530
102382,The Amazing Spider-Man 2,200000000,705717432,505717432,3.52858716,6.5,4179
20526,TRON: Legacy,170000000,400062763,230062763,2.3533103705882352,6.3,2841
49013,Cars 2,200000000,559852396,359852396,2.79926198,5.8,2033
44912,Green Lantern,200000000,219851172,19851172,1.09925586,5.1,2487
10193,Toy Story 3,200000000,1066969703,866969703,5.334848515,7.6,4597
534,Terminator Salvation,200000000,371353001,171353001,1.856765005,5.9,2463
168259,Furious 7,190000000,1506249360,1316249360,7.927628210526316,7.3,4176
72190,World War Z,200000000,531865000,331865000,2.659325,6.7,5560
127585,X-Men: Days of Future Past,250000000,747862775,497862775,2.9914511,7.5,6032
54138,Star Trek Into Darkness,190000000,467365246,277365246,2.4598170842105263,7.4,4418
81005,Jack the Giant Slayer,195000000,197687603,2687603,1.0137825794871795,5.5,2598
64682,The Great Gatsby,105000000,351040419,246040419,3.343242085714285,7.3,3769
9543,Prince of Persia: The Sands of Time,150000000,335154643,185154643,2.234364286666666,6.2,2317
68726,Pacific Rim,180000000,407602906,227602906,2.264460588888889,6.7,4794
38356,Transformers: Dark of the Moon,195000000,1123746996,928746996,5.762805107692308,6.1,3299
217,Indiana Jones and the Kingdom of the Crystal Skull,185000000,786636033,601636033,4.252086664864865,5.7,2495
105864,The Good Dinosaur,175000000,331926147,156926147,1.89672084,6.6,1736
62177,Brave,185000000,538983207,353983207,2.9134227405405406,6.7,4641
188927,Star Trek Beyond,185000000,343471816,158471816,1.8566044108108108,6.6,2568
10681,WALL·E,180000000,521311860,341311860,2.896177,7.8,6296
5174,Rush Hour 3,140000000,258022233,118022233,1.84301595,6.1,783
14161,2012,200000000,769653595,569653595,3.848267975,5.6,4903
17979,A Christmas Carol,200000000,325233863,125233863,1.626169315,6.6,1095
76757,Jupiter Ascending,176000003,183987723,7987720,1.0453847719536686,5.2,2768
258489,The Legend of Tarzan,180000000,356743061,176743061,1.9819058944444443,5.5,2430
411,"The Chronicles of Narnia: The Lion, the Witch and the Wardrobe",180000000,748806957,568806957,4.16003865,6.7,2629
246655,X-Men: Apocalypse,178000000,543934787,365934787,3.05581341011236,6.4,4721
155,The Dark Knight,185000000,1004558444,819558444,5.430045643243243,8.2,12002
14160,Up,175000000,735099082,560099082,4.200566182857143,7.7,6870
15512,Monsters vs Aliens,175000000,381509870,206509870,2.1800564,6.0,1423
1726,Iron Man,140000000,585174222,445174222,4.179815871428572,7.4,8776
44826,Hugo,170000000,185770160,15770160,1.0927656470588236,7.0,2141
8487,Wild Wild West,170000000,222104681,52104681,1.3064981235294115,5.1,1020
1735,The Mummy: Tomb of the Dragon Emperor,145000000,401128639,256128639,2.766404406896552,5.2,1387
297761,Suicide Squad,175000000,745000000,570000000,4.257142857142857,5.9,7458
2698,Evan Almighty,175000000,173000000,-2000000,0.9885714285714284,5.3,1151
137113,Edge of Tomorrow,178000000,370541256,192541256,2.081692449438202,7.6,4858
9804,Waterworld,175000000,264218220,89218220,1.5098184,5.9,992
14869,G.I. Joe: The Rise of Cobra,175000000,302469017,127469017,1.7283943828571429,5.6,1962
150540,Inside Out,175000000,857611174,682611174,4.90063528,8.0,6560
278927,The Jungle Book,175000000,966550600,791550600,5.523146285714286,6.7,2892
10138,Iron Man 2,200000000,623933331,423933331,3.119666655,6.6,6849
58595,Snow White and the Huntsman,170000000,396600000,226600000,2.3329411764705883,5.8,3118
102651,Maleficent,180000000,758539785,578539785,4.214109916666667,7.0,4496
119450,Dawn of the Planet of the Apes,170000000,710644566,540644566,4.180262152941176,7.3,4410
64686,47 Ronin,175000000,150962475,-24037525,0.8626427142857143,5.9,1326
100402,Captain America: The Winter Soldier,170000000,714766572,544766572,4.204509247058824,7.6,5764
10192,Shrek Forever After,165000000,752600867,587600867,4.561217375757575,6.0,1959
158852,Tomorrowland,190000000,209154322,19154322,1.1008122210526317,6.2,2846
177572,Big Hero 6,165000000,652105443,487105443,3.9521542,7.8,6135
82690,Wreck-It Ralph,165000000,471222889,306222889,2.855896296969697,7.1,4570
5255,The Polar Express,165000000,305875730,140875730,1.853792303030303,6.4,1474
47933,Independence Day: Resurgence,165000000,389681935,224681935,2.3617086969696968,4.9,2491
10191,How to Train Your Dragon,165000000,494878759,329878759,2.999265206060606,7.5,4227
296,Terminator 3: Rise of the Machines,200000000,435000000,235000000,2.175,5.9,2143
118340,Guardians of the Galaxy,170000000,773328629,603328629,4.548991935294118,7.9,9742
157336,Interstellar,165000000,675120017,510120017,4.0916364666666665,8.1,10867
27205,Inception,160000000,825532764,665532764,5.159579775,8.1,13752
315011,Shin Godzilla,15000000,77000000,62000000,5.133333333333334,6.5,143
49051,The Hobbit: An Unexpected Journey,250000000,1021103568,771103568,4.084414272,7.0,8297
9799,The Fast and the Furious,38000000,207283925,169283925,5.454840131578948,6.6,3428
4922,The Curious Case of Benjamin Button,150000000,333932083,183932083,2.2262138866666668,7.3,3292
49538,X-Men: First Class,160000000,353624124,193624124,2.210150775,7.1,5181
131634,The Hunger Games: Mockingjay - Part 2,160000000,653428261,493428261,4.08392663125,6.6,3984
27022,The Sorcerer's Apprentice,150000000,215283742,65283742,1.435224946666667,5.8,1470
503,Poseidon,160000000,181674817,21674817,1.13546760625,5.5,583
241259,Alice Through the Looking Glass,170000000,299370084,129370084,1.7610004941176471,6.5,1725
810,Shrek the Third,160000000,798958165,638958165,4.99348853125,6.0,2278
68735,Warcraft,160000000,433677183,273677183,2.71048239375,6.3,2268
87101,Terminator Genisys,155000000,440603537,285603537,2.842603464516129,5.8,3631
10140,The Chronicles of Narnia: The Voyage of the Dawn Treader,155000000,415686217,260686217,2.6818465612903224,6.2,1514
676,Pearl Harbor,140000000,449220945,309220945,3.208721035714286,6.6,1791
1858,Transformers,150000000,709709780,559709780,4.7313985333333335,6.6,4040
1966,Alexander,155000000,167298192,12298192,1.0793431741935484,5.6,927
675,Harry Potter and the Order of the Phoenix,150000000,938212738,788212738,6.254751586666667,7.4,5494
674,Harry Potter and the Goblet of Fire,150000000,895921036,745921036,5.9728069066666665,7.5,5608
8960,Hancock,150000000,624029371,474029371,4.160195806666667,6.2,2961
6479,I Am Legend,150000000,585349010,435349010,3.902326733333333,6.9,4853
118,Charlie and the Chocolate Factory,150000000,474968763,324968763,3.16645842,6.7,3624
2062,Ratatouille,150000000,623722818,473722818,4.15815212,7.5,4369
272,Batman Begins,150000000,374218673,224218673,2.4947911533333333,7.5,7359
10527,Madagascar: Escape 2 Africa,150000000,603900354,453900354,4.02600236,6.2,1810
18360,Night at the Museum: Battle of the Smithsonian,150000000,413106170,263106170,2.754041133333333,5.9,1971
2080,X-Men Origins: Wolverine,150000000,373062864,223062864,2.48708576,6.2,4021
605,The Matrix Revolutions,150000000,424988211,274988211,2.83325474,6.4,3096
109445,Frozen,150000000,1274219009,1124219009,8.494793393333333,7.3,5295
604,The Matrix Reloaded,150000000,738599701,588599701,4.923998006666666,6.7,3443
76338,Thor: The Dark World,170000000,644571402,474571402,3.791596482352941,6.8,4755
76341,Mad Max: Fury Road,150000000,378858340,228858340,2.5257222666666665,7.2,9427
13448,Angels & Demons,150000000,356613439,206613439,2.3774229266666667,6.5,2129
10195,Thor,150000000,449326618,299326618,2.995510786666667,6.6,6525
13053,Bolt,150000000,309979994,159979994,2.0665332933333334,6.3,1750
19585,G-Force,150000000,292817841,142817841,1.95211894,5.1,510
57165,Wrath of the Titans,150000000,301000000,151000000,2.006666666666667,5.5,1431
62213,Dark Shadows,150000000,245527149,95527149,1.63684766,5.7,2320
177677,Mission: Impossible - Rogue Nation,150000000,682330139,532330139,4.548867593333333,7.1,3224
5559,Bee Movie,150000000,287594577,137594577,1.91729718,5.7,1171
49444,Kung Fu Panda 2,150000000,665692281,515692281,4.43794854,6.7,1880
10196,The Last Airbender,150000000,318502923,168502923,2.12335282,4.7,1151
956,Mission: Impossible III,150000000,397850012,247850012,2.6523334133333334,6.5,2028
117251,White House Down,150000000,205366737,55366737,1.36911158,6.4,1891
50321,Mars Needs Moms,150000000,38992758,-111007242,0.25995172,5.5,199
11619,Flushed Away,149000000,64459316,-84540684,0.4326128590604027,6.0,874
266647,Pan,150000000,128388320,-21611680,0.8559221333333333,5.9,954
82703,Mr. Peabody & Sherman,145000000,272912430,127912430,1.8821546896551724,6.7,843
652,Troy,175000000,497409852,322409852,2.842342011428572,6.9,2759
80321,Madagascar 3: Europe's Most Wanted,145000000,746921274,601921274,5.1511812,6.4,1808
36669,Die Another Day,140000000,431971116,291971116,3.085507971428572,5.8,1092
43074,Ghostbusters,144000000,229147509,85147509,1.5913021458333334,5.3,2142
95,Armageddon,140000000,553799566,413799566,3.9557111857142857,6.4,2482
608,Men in Black II,140000000,441818803,301818803,3.1558485928571427,6.0,3114
2310,Beowulf,70000000,195735876,125735876,2.7962268,5.5,841
140300,Kung Fu Panda 3,145000000,521170825,376170825,3.594281551724138,6.7,1603
56292,Mission: Impossible - Ghost Protocol,145000000,694713380,549713380,4.79112675862069,6.8,3972
81188,Rise of the Guardians,145000000,306941670,161941670,2.116839103448276,7.1,1922
7552,Fun with Dick and Jane,100000000,202026112,102026112,2.02026112,5.9,627
616,The Last Samurai,140000000,456758981,316758981,3.26256415,7.3,1895
147441,Exodus: Gods and Kings,140000000,268031828,128031828,1.9145130571428568,5.6,1921
13475,Star Trek,150000000,385680446,235680446,2.571202973333333,7.4,4518
557,Spider-Man,139000000,821708551,682708551,5.911572309352518,6.8,5265
82702,How to Train Your Dragon 2,145000000,609123048,464123048,4.200848606896551,7.6,3106
205584,Gods of Egypt,140000000,150680864,10680864,1.0762918857142858,5.3,1277
10048,Stealth,135000000,76932943,-58067057,0.5698736518518519,4.9,331
13183,Watchmen,130000000,185258983,55258983,1.4250691,7.0,2811
944,Lethal Weapon 4,140000000,285444603,145444603,2.0388900214285712,6.3,767
1927,Hulk,137000000,245360480,108360480,1.790952408759124,5.3,1533
72559,G.I. Joe: Retaliation,130000000,371876278,241876278,2.860586753846154,5.4,3025
7364,Sahara,130000000,119269486,-10730514,0.9174575846153846,5.7,434
2114,Final Fantasy: The Spirits Within,137000000,85131830,-51868170,0.6214002189781022,5.9,433
1771,Captain America: The First Avenger,140000000,370569774,230569774,2.646926957142857,6.6,7047
36643,The World Is Not Enough,135000000,361832400,226832400,2.68024,6.0,862
8619,Master and Commander: The Far Side of the World,150000000,212011111,62011111,1.4134074066666666,6.9,790
50620,The Twilight Saga: Breaking Dawn - Part 2,120000000,829000000,709000000,6.908333333333333,6.1,2553
65759,Happy Feet Two,130000000,150406466,20406466,1.1569728153846155,5.8,373
1724,The Incredible Hulk,150000000,163712074,13712074,1.0914138266666666,6.1,3021
267935,The BFG,140000000,183345589,43345589,1.30961135,6.0,1000
281957,The Revenant,135000000,532950503,397950503,3.947781503703704,7.3,6396
77950,Turbo,135000000,282570682,147570682,2.093116162962963,6.1,1074
44896,Rango,135000000,245724603,110724603,1.8201822444444444,6.6,2051
270946,Penguins of Madagascar,132000000,373552094,241552094,2.829940106060606,6.5,1346
2503,The Bourne Ultimatum,70000000,442824138,372824138,6.326059114285714,7.3,2888
9502,Kung Fu Panda,130000000,631744560,501744560,4.859573538461539,6.9,3145
102899,Ant-Man,130000000,519311965,389311965,3.9947074230769233,7.0,5880
101299,The Hunger Games: Catching Fire,130000000,847423452,717423452,6.518641938461538,7.4,6495
228161,Home,135000000,368871007,233871007,2.732377829629629,6.8,1519
74,War of the Worlds,132000000,591739379,459739379,4.482874083333333,6.2,2322
8961,Bad Boys II,130000000,273339556,143339556,2.102611969230769,6.3,1564
417859,Puss in Boots,130000000,554987477,424987477,4.269134438461538,6.4,451
27576,Salt,110000000,293329073,183329073,2.6666279363636365,6.2,2093
86834,Noah,125000000,362637473,237637473,2.901099784,5.6,2350
17578,The Adventures of Tintin,130000000,371940071,241940071,2.861077469230769,6.7,2061
673,Harry Potter and the Prisoner of Azkaban,130000000,789804554,659804554,6.075419646153846,7.7,5877
6972,Australia,130000000,49554002,-80445998,0.3811846307692307,6.3,694
82700,After Earth,130000000,243843127,113843127,1.8757163615384616,5.0,2532
10567,Dinosaur,127500000,354248063,226748063,2.7784161803921568,6.2,542
181533,Night at the Museum: Secret of the Tomb,127000000,349424282,222424282,2.751372299212598,6.1,1851
38055,Megamind,130000000,321887208,191887208,2.476055446153846,6.7,1918
671,Harry Potter and the Philosopher's Stone,125000000,976475550,851475550,7.8118044,7.5,7006
49524,R.I.P.D.,130000000,61648500,-68351500,0.4742192307692308,5.4,1260
22,Pirates of the Caribbean: The Curse of the Black Pearl,140000000,655011224,515011224,4.6786516,7.5,6985
131631,The Hunger Games: Mockingjay - Part 1,125000000,752100229,627100229,6.016801832,6.6,5584
591,The Da Vinci Code,125000000,767820459,642820459,6.142563672,6.5,2704
172385,Rio 2,103000000,500188435,397188435,4.856198398058252,6.3,978
36658,X2,110000000,407711549,297711549,3.706468627272727,6.8,3506
51497,Fast Five,125000000,626137675,501137675,5.0091014,7.1,2438
58574,Sherlock Holmes: A Game of Shadows,125000000,334615000,209615000,2.67692,7.0,3886
18823,Clash of the Titans,125000000,232713139,107713139,1.861705112,5.6,2233
861,Total Recall,65000000,261317921,196317921,4.020275707692308,7.1,1710
1911,The 13th Warrior,160000000,61698899,-98301101,0.38561811875,6.4,510
49040,The Bourne Legacy,130000000,276572938,146572938,2.1274841384615386,6.0,2651
415,Batman & Robin,125000000,238207122,113207122,1.905656976,4.2,1418
8871,How the Grinch Stole Christmas,123000000,345141403,222141403,2.8060276666666666,6.2,1386
435,The Day After Tomorrow,125000000,544272402,419272402,4.354179216,6.2,2392
955,Mission: Impossible II,125000000,546388105,421388105,4.37110484,5.9,1928
2133,The Perfect Storm,120000000,325756637,205756637,2.714638641666667,6.2,597
1979,Fantastic 4: Rise of the Silver Surfer,130000000,289047763,159047763,2.223444330769231,5.4,2589
87827,Life of Pi,120000000,609016565,489016565,5.0751380416666665,7.2,5797
1250,Ghost Rider,110000000,228738393,118738393,2.079439936363636,5.2,1712
324668,Jason Bourne,120000000,415484914,295484914,3.4623742833333333,5.9,2341
9471,Charlie's Angels: Full Throttle,120000000,259175788,139175788,2.159798233333333,5.2,914
70981,Prometheus,130000000,403170142,273170142,3.1013087846153846,6.3,5080
10996,Stuart Little 2,120000000,169956806,49956806,1.4163067166666667,5.4,613
68724,Elysium,115000000,286140700,171140700,2.48818,6.4,3439
2789,The Chronicles of Riddick,105000000,115772733,10772733,1.1025974571428572,6.3,1570
97020,RoboCop,120000000,242688965,122688965,2.0224080416666665,5.7,2342
7459,Speed Racer,120000000,93945766,-26054234,0.7828813833333333,5.7,354
42888,How Do You Know,120000000,48668907,-71331093,0.405574225,4.9,223
37834,Knight and Day,117000000,261930431,144930431,2.2387216324786325,5.9,1547
75612,Oblivion,120000000,286168572,166168572,2.3847381,6.4,4800
1895,Star Wars: Episode III - Revenge of the Sith,113000000,850000000,737000000,7.522123893805309,7.1,4116
1894,Star Wars: Episode II - Attack of the Clones,120000000,649398328,529398328,5.411652733333334,6.4,3992
585,"Monsters, Inc.",115000000,562816256,447816256,4.8940544,7.5,5996
76170,The Wolverine,120000000,415440673,295440673,3.462005608333333,6.3,4053
1893,Star Wars: Episode I - The Phantom Menace,115000000,924317558,809317558,8.037543982608696,6.3,4432
49519,The Croods,135000000,585178928,450178928,4.334658725925926,6.8,2399
2395,Asterix at the Olympic Games,97250400,132900000,35649600,1.366575355988253,5.0,471
12100,Windtalkers,115000000,77628265,-37371735,0.6750283913043478,5.8,341
290595,The Huntsman: Winter's War,115000000,164602163,49602163,1.431323156521739,6.0,1523
98566,Teenage Mutant Ninja Turtles,125000000,477200000,352200000,3.8176,5.8,2636
49047,Gravity,105000000,716392705,611392705,6.822787666666667,7.3,5751
9619,Dante's Peak,116000000,178127760,62127760,1.5355841379310344,5.7,428
308531,Teenage Mutant Ninja Turtles: Out of the Shadows,135000000,245623848,110623848,1.8194359111111111,5.8,963
166424,Fantastic Four,120000000,167977596,47977596,1.3998133,4.4,2278
1593,Night at the Museum,110000000,574480841,464480841,5.2225531,6.3,2862
254128,San Andreas,110000000,470490832,360490832,4.277189381818181,6.0,2968
714,Tomorrow Never Dies,110000000,333011068,223011068,3.0273733454545453,6.0,925
2024,The Patriot,110000000,215294342,105294342,1.957221290909091,6.8,1099
163,Ocean's Twelve,110000000,362744280,252744280,3.2976752727272727,6.4,2124
787,Mr. & Mrs. Smith,110000000,478207520,368207520,4.347341090909091,6.5,2965
262500,Insurgent,110000000,295238201,185238201,2.6839836454545454,6.2,3829
2567,The Aviator,116000000,102000000,-14000000,0.8793103448275862,7.0,1489
38745,Gulliver's Travels,112000000,237382724,125382724,2.1194886071428574,4.9,621
40805,The Green Hornet,120000000,227817248,107817248,1.8984770666666664,5.5,1251
53182,300: Rise of an Empire,110000000,337580051,227580051,3.0689095545454546,6.1,2397
41513,The Smurfs,110000000,563749323,453749323,5.124993845454545,5.5,1179
13700,Home on the Range,110000000,103951461,-6048539,0.9450132818181818,5.7,389
262504,Allegiant,110000000,179246868,69246868,1.6295169818181818,5.9,1998
39254,Real Steel,110000000,299268508,189268508,2.7206228,6.6,2692
77931,The Smurfs 2,105000000,347434178,242434178,3.308896933333333,5.5,695
1639,Speed 2: Cruise Control,160000000,164508066,4508066,1.0281754125,4.1,434
80274,Ender's Game,110000000,125537191,15537191,1.1412471909090909,6.6,2303
1571,Live Free or Die Hard,110000000,383531464,273531464,3.486649672727273,6.4,2089
120,The Lord of the Rings: The Fellowship of the Ring,93000000,871368364,778368364,9.369552301075268,8.0,8705
10204,Around the World in 80 Days,110000000,72178895,-37821105,0.6561717727272727,5.7,672
8489,Ali,107000000,87713825,-19286175,0.8197553738317757,6.7,447
2048,"I, Robot",120000000,347234916,227234916,2.8936243,6.7,3793
1495,Kingdom of Heaven,130000000,211643158,81643158,1.6280242923076924,6.6,1157
10137,Stuart Little,133000000,300135367,167135367,2.256656894736842,5.8,959
10198,The Princess and the Frog,105000000,267045765,162045765,2.543293,6.7,1247
286217,The Martian,108000000,630161890,522161890,5.834832314814815,7.6,7268
1635,The Island,126000000,162949164,36949164,1.2932473333333334,6.5,1770
24113,Town & Country,90000000,10372291,-79627709,0.1152476777777777,3.7,16
9679,Gone in Sixty Seconds,90000000,237202299,147202299,2.6355811,6.1,1485
98,Gladiator,103000000,457640427,354640427,4.443110941747573,7.9,5439
180,Minority Report,102000000,358372926,256372926,3.5134600588235294,7.1,2608
672,Harry Potter and the Chamber of Secrets,100000000,876688482,776688482,8.76688482,7.4,5815
36557,Casino Royale,150000000,599045960,449045960,3.9936397333333336,7.3,3855
869,Planet of the Apes,100000000,362211740,262211740,3.6221174,5.6,1243
280,Terminator 2: Judgment Day,100000000,520000000,420000000,5.2,7.7,4185
11322,Public Enemies,80000000,214104620,134104620,2.67630775,6.5,1344
4982,American Gangster,100000000,266465037,166465037,2.66465037,7.4,1502
36955,True Lies,115000000,378882411,263882411,3.2946296608695653,6.8,1116
18487,The Taking of Pelham 1 2 3,100000000,150166126,50166126,1.50166126,6.2,954
39451,Little Fockers,100000000,310650585,210650585,3.10650585,5.4,1060
27581,The Other Guys,100000000,170432927,70432927,1.70432927,6.1,1383
9268,Eraser,100000000,242295562,142295562,2.42295562,5.6,543
68718,Django Unchained,100000000,425368238,325368238,4.25368238,7.8,10099
10545,The Hunchback of Notre Dame,100000000,100138851,138851,1.00138851,6.8,1129
11688,The Emperor's New Groove,100000000,169327687,69327687,1.69327687,7.2,1490
76163,The Expendables 2,100000000,312573423,212573423,3.12573423,6.1,2896
2059,National Treasure,100000000,347451894,247451894,3.47451894,6.4,1926
2486,Eragon,100000000,249288105,149288105,2.49288105,4.9,967
16523,Where the Wild Things Are,100000000,100086793,86793,1.00086793,6.4,572
116711,Epic,100000000,268426634,168426634,2.68426634,6.4,1121
37710,The Tourist,100000000,278731369,178731369,2.78731369,6.0,1699
9946,End of Days,100000000,211989043,111989043,2.11989043,5.5,482
1372,Blood Diamond,100000000,170877916,70877916,1.70877916,7.3,2281
106646,The Wolf of Wall Street,100000000,392000694,292000694,3.92000694,7.9,6571
414,Batman Forever,100000000,336529144,236529144,3.36529144,5.2,1498
563,Starship Troopers,105000000,121214377,16214377,1.154422638095238,6.7,1560
83542,Cloud Atlas,102000000,130482868,28482868,1.2792438039215686,6.6,2977
41216,Legend of the Guardians: The Owls of Ga'Hoole,80000000,140073390,60073390,1.750917375,6.5,703
314,Catwoman,100000000,82102379,-17897621,0.82102379,4.2,808
184315,Hercules,100000000,243400000,143400000,2.434,5.6,1680
9016,Treasure Planet,140000000,109578115,-30421885,0.7827008214285714,7.2,948
18162,Land of the Lost,100000000,68688831,-31311169,0.68688831,5.3,381
138103,The Expendables 3,90000000,206172544,116172544,2.2908060444444445,6.1,1795
257088,Point Break,105000000,133718711,28718711,1.2735115333333331,5.5,783
205775,In the Heart of the Sea,100000000,93820758,-6179242,0.93820758,6.5,1276
11692,The Adventures of Pluto Nash,100000000,7103973,-92896027,0.07103973,4.4,142
22972,Green Zone,100000000,94882889,-5117111,0.94882889,6.4,717
227973,The Peanuts Movie,99000000,246233113,147233113,2.4872031616161614,6.5,604
29193,The Spanish Prisoner,10000000,13835130,3835130,1.383513,7.1,73
1734,The Mummy Returns,98000000,433013274,335013274,4.418502795918367,6.0,2206
3131,Gangs of New York,100000000,193772504,93772504,1.93772504,7.1,1910
76758,The Flowers of War,94000000,95311434,1311434,1.0139514255319149,7.1,187
9408,Surf's Up,85000000,149044513,64044513,1.753464858823529,5.9,601
9890,The Stepford Wives,90000000,102000000,12000000,1.1333333333333333,5.4,334
855,Black Hawk Down,92000000,172989651,80989651,1.8803222934782609,7.2,1811
18,The Fifth Element,90000000,263920180,173920180,2.9324464444444445,7.3,3885
37786,Sex and the City 2,100000000,288347692,188347692,2.88347692,5.4,426
10501,The Road to El Dorado,95000000,76432727,-18567273,0.8045550210526315,7.0,858
57800,Ice Age: Continental Drift,95000000,877244782,782244782,9.2341556,6.2,2672
150689,Cinderella,95000000,543514353,448514353,5.721203715789474,6.7,2374
7980,The Lovely Bones,65000000,93525586,28525586,1.4388551692307692,6.6,1065
12,Finding Nemo,94000000,940335536,846335536,10.003569531914891,7.6,6122
122,The Lord of the Rings: The Return of the King,94000000,1118888979,1024888979,11.903074244680852,8.1,8064
121,The Lord of the Rings: The Two Towers,79000000,926287400,847287400,11.725156962025316,8.0,7487
68737,Seventh Son,95000000,114178613,19178613,1.2018801368421053,5.2,957
1995,Lara Croft: Tomb Raider,115000000,274703340,159703340,2.388724695652174,5.7,2192
157353,Transcendence,100000000,103039258,3039258,1.03039258,5.9,2295
331,Jurassic Park III,93000000,368780809,275780809,3.9653850430107527,5.7,2077
61791,Rise of the Planet of the Apes,93000000,482860185,389860185,5.192045,7.0,4347
8204,The Spiderwick Chronicles,90000000,162839667,72839667,1.8093296333333333,6.3,572
47964,A Good Day to Die Hard,92000000,304654182,212654182,3.3114585,5.2,3493
10733,The Alamo,145000000,25819961,-119180039,0.1780686965517241,5.8,106
9806,The Incredibles,92000000,631442092,539442092,6.863501,7.4,5152
1408,Cutthroat Island,98000000,10017322,-87982678,0.1022175714285714,5.7,136
32657,Percy Jackson & the Olympians: The Lightning Thief,95000000,226497209,131497209,2.384181147368421,6.0,2010
607,Men in Black,90000000,589390539,499390539,6.548783766666666,6.9,4412
863,Toy Story 2,90000000,497366869,407366869,5.526298544444445,7.3,3806
44048,Unstoppable,100000000,167805466,67805466,1.67805466,6.3,1165
5175,Rush Hour 2,90000000,347325802,257325802,3.8591755777777776,6.4,1054
2655,What Lies Beneath,100000000,155464351,55464351,1.55464351,6.3,488
22794,Cloudy with a Chance of Meatballs,100000000,242988466,142988466,2.42988466,6.5,1747
8355,Ice Age: Dawn of the Dinosaurs,90000000,886686817,796686817,9.852075744444443,6.5,2271
116745,The Secret Life of Walter Mitty,90000000,188133322,98133322,2.0903702444444443,7.0,3144
4327,Charlie's Angels,92000000,264105545,172105545,2.870712445652174,5.6,1232
1422,The Departed,90000000,289847354,199847354,3.2205261555555555,7.9,4339
10674,Mulan,90000000,304320254,214320254,3.381336155555556,7.6,2008
7446,Tropic Thunder,92000000,188072649,96072649,2.0442679239130435,6.5,1667
65754,The Girl with the Dragon Tattoo,90000000,232617430,142617430,2.584638111111111,7.2,2434
1572,Die Hard: With a Vengeance,90000000,366101666,276101666,4.067796288888889,6.9,2066
10528,Sherlock Holmes,90000000,524028679,434028679,5.822540877777778,7.0,5766
271969,Ben-Hur,100000000,94061311,-5938689,0.94061311,5.3,621
10865,Atlantis: The Lost Empire,120000000,186053725,66053725,1.5504477083333332,6.7,1224
2253,Valkyrie,75000000,200276000,125276000,2.670346666666666,6.7,1173
10661,You Don't Mess with the Zohan,90000000,201596308,111596308,2.239958977777778,5.5,1048
257344,Pixels,88000000,243637091,155637091,2.7686033068181817,5.6,2513
644,A.I. Artificial Intelligence,100000000,235926552,135926552,2.35926552,6.8,1974
10756,The Haunted Mansion,90000000,182290266,92290266,2.0254474,5.2,466
686,Contact,90000000,171120329,81120329,1.901336988888889,7.2,1308
9383,Hollow Man,95000000,190213455,95213455,2.002246894736842,5.6,634
179,The Interpreter,80000000,162944923,82944923,2.0368115375,6.2,392
76285,Percy Jackson: Sea of Monsters,90000000,174578751,84578751,1.9397639,5.9,1648
1996,Lara Croft Tomb Raider: The Cradle of Life,95000000,156505388,61505388,1.6474251368421051,5.5,1418
291805,Now You See Me 2,90000000,334901337,244901337,3.7211259666666665,6.7,3235
10003,The Saint,68000000,118063304,50063304,1.7362250588235295,5.9,302
1535,Spy Game,92000000,143049560,51049560,1.5548865217391303,6.8,579
2067,Mission to Mars,90000000,60874615,-29125385,0.6763846111111111,5.7,369
46195,Rio,90000000,484635760,394635760,5.384841777777778,6.5,2166
2277,Bicentennial Man,100000000,93700000,-6300000,0.937,6.9,963
4477,The Devil's Own,90000000,140807547,50807547,1.5645283,5.9,290
8665,K-19: The Widowmaker,100000000,35168966,-64831034,0.35168966,6.1,264
9387,Conan the Barbarian,20000000,79114085,59114085,3.95570425,6.6,650
921,Cinderella Man,88000000,108539911,20539911,1.2334080795454545,7.3,616
49852,The Nutcracker: The Untold Story,90000000,16178959,-73821041,0.1797662111111111,5.4,50
4464,Seabiscuit,87000000,148336445,61336445,1.7050166091954022,6.7,216
664,Twister,92000000,494471524,402471524,5.374690478260869,6.1,950
8358,Cast Away,90000000,429632142,339632142,4.773690466666666,7.5,3218
9836,Happy Feet,100000000,384335608,284335608,3.84335608,5.9,1410
2502,The Bourne Supremacy,75000000,288500217,213500217,3.84666956,7.2,2825
9772,Air Force One,85000000,315156409,230156409,3.70772245882353,6.2,840
161,Ocean's Eleven,85000000,450717150,365717150,5.302554705882353,7.2,3783
52451,The Three Musketeers,75000000,132274484,57274484,1.7636597866666666,5.6,924
76492,Hotel Transylvania,85000000,358375603,273375603,4.216183564705882,6.8,2566
4523,Enchanted,85000000,340487652,255487652,4.005737082352941,6.6,1449
59961,Safe House,85000000,208076205,123076205,2.4479553529411766,6.3,1345
10481,102 Dalmatians,85000000,183611771,98611771,2.160138482352941,5.1,313
59108,Tower Heist,75000000,152930623,77930623,2.0390749733333333,5.8,932
1581,The Holiday,85000000,194168700,109168700,2.284337647058824,6.7,1225
9798,Enemy of the State,90000000,250649836,160649836,2.7849981777777777,6.7,1240
22897,It's Complicated,85000000,219103655,134103655,2.577690058823529,6.2,360
298,Ocean's Thirteen,85000000,311312624,226312624,3.6625014588235296,6.5,1999
7484,Open Season,85000000,197309027,112309027,2.3212826705882352,6.1,656
157350,Divergent,85000000,288747895,203747895,3.3970340588235293,6.9,4663
853,Enemy at the Gates,68000000,96976270,28976270,1.4261216176470588,7.2,999
10159,The Rundown,85000000,80916492,-4083508,0.9519587294117648,6.4,514
9593,Last Action Hero,85000000,137298489,52298489,1.6152763411764706,6.1,712
1904,Memoirs of a Geisha,85000000,162242962,77242962,1.9087407294117649,7.3,652
9615,The Fast and the Furious: Tokyo Drift,85000000,158468292,73468292,1.864332847058824,6.1,1705
297,Meet Joe Black,90000000,142940100,52940100,1.588223333333333,6.9,1147
9884,Collateral Damage,85000000,78382433,-6617567,0.9221462705882352,5.5,427
62764,Mirror Mirror,85000000,183018522,98018522,2.153159082352941,5.5,1114
22538,Scott Pilgrim vs. the World,60000000,47664559,-12335441,0.7944093166666667,7.2,2126
9341,The Core,60000000,74208267,14208267,1.23680445,5.4,516
12107,Nutty Professor II: The Klumps,84000000,123307945,39307945,1.4679517261904762,4.7,332
9637,Scooby-Doo,84000000,275650703,191650703,3.281555988095238,5.4,820
49049,Dredd,50000000,41037742,-8962258,0.82075484,6.6,1940
9339,Click,82500000,237681299,155181299,2.8809854424242425,6.0,2104
16281,Creepshow,8000000,21028755,13028755,2.628594375,6.7,226
39691,Cats & Dogs 2 : The Revenge of Kitty Galore,85000000,112483764,27483764,1.3233384,4.9,119
8247,Jumper,85000000,222231186,137231186,2.6144845411764708,5.9,1799
11253,Hellboy II: The Golden Army,85000000,160388063,75388063,1.886918388235294,6.5,1527
1949,Zodiac,65000000,84785914,19785914,1.3043986769230769,7.3,2023
8452,The 6th Day,82000000,96085477,14085477,1.1717741097560976,5.7,595
310,Bruce Almighty,80000000,484572835,404572835,6.0571604375,6.4,3012
27578,The Expendables,80000000,274470394,194470394,3.430879925,6.0,2926
954,Mission: Impossible,80000000,457696359,377696359,5.7212044875,6.7,2631
70160,The Hunger Games,75000000,691210692,616210692,9.21614256,6.9,9455
45243,The Hangover Part II,80000000,254455986,174455986,3.180699825,6.2,3739
364,Batman Returns,80000000,280000000,200000000,3.5,6.6,1673
7518,Over the Hedge,80000000,343397247,263397247,4.2924655875,6.3,1074
11544,Lilo & Stitch,80000000,145771527,65771527,1.8221440875,7.1,1314
9986,Charlotte's Web,85000000,144000000,59000000,1.6941176470588235,5.8,288
8656,Deep Impact,75000000,140464664,65464664,1.8728621866666664,5.9,855
9291,The Longest Yard,82000000,190320568,108320568,2.320982536585366,6.2,785
55301,Alvin and the Chipmunks: Chipwrecked,75000000,342695435,267695435,4.569272466666667,5.4,484
109418,Grown Ups 2,80000000,246984278,166984278,3.087303475,5.8,1155
11665,Get Smart,80000000,230685453,150685453,2.8835681625,6.0,1051
6964,Something's Gotta Give,80000000,266728738,186728738,3.334109225,6.3,410
11324,Shutter Island,80000000,294804195,214804195,3.6850524375,7.8,6336
12193,Four Christmases,80000000,163733697,83733697,2.0466712125,5.3,331
9928,Robots,75000000,260696994,185696994,3.47595992,6.0,1333
754,Face/Off,80000000,245676146,165676146,3.070951825,6.8,1583
10202,Bedtime Stories,80000000,212874442,132874442,2.660930525,5.9,901
4147,Road to Perdition,80000000,181001478,101001478,2.262518475,7.3,1077
50546,Just Go with It,80000000,214918407,134918407,2.6864800875,6.3,1543
1701,Con Air,75000000,224012234,149012234,2.9868297866666667,6.5,1270
13027,Eagle Eye,80000000,178066569,98066569,2.2258321125,6.3,1018
2289,Cold Mountain,79000000,173013509,94013509,2.190044417721519,6.7,533
20504,The Book of Eli,80000000,157107755,77107755,1.9638469375,6.6,2164
9574,Flubber,80000000,177977226,97977226,2.224715325,5.3,695
11618,The Haunting,80000000,91188905,11188905,1.1398613125,5.2,369
2300,Space Jam,80000000,250200000,170200000,3.1275,6.5,1288
10200,The Day the Earth Stood Still,80000000,233093859,153093859,2.9136732375,5.2,1043
8834,Conspiracy Theory,75000000,136982834,61982834,1.8264377866666663,6.5,431
228150,Fury,68000000,211817906,143817906,3.114969205882353,7.4,3946
6068,Six Days Seven Nights,70000000,164000000,94000000,2.342857142857143,5.6,332
41515,Yogi Bear,80000000,201584141,121584141,2.5198017625,5.2,220
9023,Spirit: Stallion of the Cimarron,80000000,122563539,42563539,1.5320442375,7.4,831
38317,Zookeeper,80000000,169852759,89852759,2.1231594875,5.3,498
2157,Lost in Space,80000000,136159423,56159423,1.7019927875,5.0,388
14462,The Manchurian Candidate,80000000,96105964,16105964,1.20132455,6.2,393
159824,Hotel Transylvania 2,80000000,473226958,393226958,5.915336975,6.7,1497
49948,Fantasia 2000,80000000,90874570,10874570,1.135932125,7.0,292
2135,The Time Machine,80000000,123729176,43729176,1.5466147,5.8,631
9705,Swordfish,102000000,147080413,45080413,1.4419648333333333,6.1,932
1656,The Legend of Zorro,75000000,142400065,67400065,1.8986675333333332,5.9,893
12159,What Dreams May Come,85000000,71485043,-13514957,0.841000505882353,6.8,577
4442,The Brothers Grimm,88000000,105316267,17316267,1.1967757613636365,5.6,818
75,Mars Attacks!,70000000,101371017,31371017,1.4481573857142858,6.1,1509
19959,Surrogates,80000000,122444772,42444772,1.53055965,5.9,1195
11973,Thirteen Days,80000000,34566746,-45433254,0.432084325,6.9,189
11228,Daylight,80000000,159212469,79212469,1.9901558625,5.8,378
77951,Walking With Dinosaurs,80000000,126546518,46546518,1.581831475,5.2,133
5491,Battlefield Earth,44000000,21400000,-22600000,0.4863636363636364,3.0,255
10715,Looney Tunes: Back in Action,80000000,68514844,-11485156,0.85643555,5.6,297
10197,Nine,80000000,53825515,-26174485,0.6728189375,5.1,165
9562,Timeline,80000000,19480739,-60519261,0.2435092375,5.4,318
9922,The Postman,80000000,17626234,-62373766,0.220327925,6.1,299
9447,Babe: Pig in the City,90000000,69131860,-20868140,0.7681317777777777,5.2,305
274854,The Last Witch Hunter,90000000,146936910,56936910,1.6326323333333332,5.7,1316
8870,Red Planet,80000000,33463969,-46536031,0.4182996125,5.4,267
9992,Arthur and the Invisibles,86000000,107944236,21944236,1.255165534883721,6.0,639
10077,A Sound of Thunder,80000000,5989640,-74010360,0.0748705,4.8,111
76649,Pompeii,130000000,117831631,-12168369,0.9063971615384616,5.2,1267
453,A Beautiful Mind,60000000,313542341,253542341,5.2257056833333335,7.7,3009
8587,The Lion King,45000000,788241776,743241776,17.516483911111113,8.0,5376
72545,Journey 2: The Mysterious Island,79000000,355692760,276692760,4.50244,5.8,1030
109451,Cloudy with a Chance of Meatballs 2,78000000,248384621,170384621,3.184418217948718,6.4,915
9533,Red Dragon,78000000,209196298,131196298,2.6820038205128207,6.7,1115
2023,Hidalgo,100000000,108103450,8103450,1.0810345,6.5,318
71880,Jack and Jill,79000000,149673788,70673788,1.894604911392405,4.1,604
584,2 Fast 2 Furious,76000000,236350661,160350661,3.1098771184210525,6.2,2028
309809,The Little Prince,64000000,97571250,33571250,1.52455078125,7.6,756
4858,The Invasion,80000000,15071514,-64928486,0.188393925,5.7,359
17711,The Adventures of Rocky & Bullwinkle,76000000,35134820,-40865180,0.4623002631578947,3.9,87
328111,The Secret Life of Pets,75000000,875958308,800958308,11.679444106666669,5.9,3462
8698,The League of Extraordinary Gentlemen,78000000,179265204,101265204,2.2982718461538463,5.7,1155
93456,Despicable Me 2,76000000,970761885,894761885,12.77318269736842,7.0,4637
602,Independence Day,75000000,816969268,741969268,10.892923573333332,6.7,3260
330,The Lost World: Jurassic Park,73000000,229074524,156074524,3.138007178082192,6.2,2487
953,Madagascar,75000000,532680671,457680671,7.102408946666666,6.6,3237
9693,Children of Men,76000000,69959751,-6040249,0.9205230394736842,7.4,2071
36657,X-Men,75000000,296339527,221339527,3.951193693333333,6.8,4097
8909,Wanted,75000000,258270008,183270008,3.4436001066666666,6.4,2528
9802,The Rock,75000000,335062621,260062621,4.467501613333333,6.9,1456
950,Ice Age: The Meltdown,80000000,660940780,580940780,8.26175975,6.5,2951
1824,50 First Dates,75000000,196482882,121482882,2.61977176,6.6,2105
2976,Hairspray,50000000,90450008,40450008,1.80900016,6.5,709
11026,Exorcist: The Beginning,80000000,78000586,-1999414,0.975007325,4.7,183
75656,Now You See Me,75000000,117698894,42698894,1.5693185866666666,7.3,5487
38365,Grown Ups,80000000,271430189,191430189,3.3928773625,6.0,1705
594,The Terminal,60000000,219417255,159417255,3.65695425,7.0,1910
15189,Hotel for Dogs,35000000,73034460,38034460,2.0866988571428573,5.7,202
11678,Vertical Limit,75000000,215663859,140663859,2.87551812,5.9,283
6538,Charlie Wilson's War,75000000,119000410,44000410,1.5866721333333331,6.5,338
10555,Shark Tale,75000000,367275019,292275019,4.897000253333333,5.8,1557
1125,Dreamgirls,70000000,154937680,84937680,2.213395428571429,6.6,284
4551,Be Cool,53000000,95226116,42226116,1.7967191698113207,5.4,292
612,Munich,70000000,130358911,60358911,1.862270157142857,6.9,696
9567,Tears of the Sun,70000000,85632458,15632458,1.2233208285714283,6.4,573
37821,Killers,75000000,98159963,23159963,1.308799506666667,5.7,772
203801,The Man from U.N.C.L.E.,75000000,108145109,33145109,1.4419347866666667,7.1,2265
2539,Spanglish,80000000,55041367,-24958633,0.6880170875,5.8,369
9297,Monster House,75000000,140175006,65175006,1.86900008,6.3,874
3172,Bandits,75000000,67631903,-7368097,0.9017587066666668,6.2,302
6520,First Knight,55000000,127600435,72600435,2.320007909090909,5.9,311
37958,Immortals,75000000,226904017,151904017,3.025386893333333,5.7,880
2026,Hostage,52000000,77944725,25944725,1.4989370192307692,6.2,512
7450,Titan A.E.,75000000,36754634,-38245366,0.4900617866666666,6.3,313
11375,Hollywood Homicide,75000000,51142659,-23857341,0.68190212,5.0,166
9425,Soldier,75000000,14567883,-60432117,0.19423844,6.1,221
23685,Monkeybone,75000000,5409517,-69590483,0.0721268933333333,4.3,78
11866,Flight of the Phoenix,45000000,21009180,-23990820,0.4668706666666666,5.7,276
9741,Unbreakable,75000000,248118121,173118121,3.308241613333333,6.9,1946
211672,Minions,74000000,1156730962,1082730962,15.631499486486486,6.4,4571
23629,Sucker Punch,82000000,89792502,7792502,1.095030512195122,5.9,1623
8688,Snake Eyes,73000000,103891409,30891409,1.4231699863013698,5.8,327
10153,Sphere,75000000,13100000,-61900000,0.1746666666666666,5.8,476
153518,The Angry Birds Movie,73000000,349779543,276779543,4.791500589041096,5.9,1022
8676,Fool's Gold,70000000,111231041,41231041,1.5890148714285717,5.4,444
20829,Funny People,75000000,61458982,-13541018,0.8194530933333334,5.7,390
4349,The Kingdom,70000000,86658558,16658558,1.2379794,6.5,513
9718,Talladega Nights: The Ballad of Ricky Bobby,72500000,162966177,90466177,2.2478093379310344,6.2,491
10808,Dr. Dolittle 2,70000000,176104344,106104344,2.515776342857143,4.9,410
197,Braveheart,72000000,210000000,138000000,2.9166666666666665,7.7,3336
25,Jarhead,72000000,96889998,24889998,1.345694416666667,6.6,765
35,The Simpsons Movie,75000000,527068851,452068851,7.02758468,6.9,2264
11086,The Majestic,72000000,37317558,-34682442,0.5182994166666667,6.6,188
10477,Driven,94000000,54744738,-39255262,0.582390829787234,4.5,179
1997,Two Brothers,74500000,62172050,-12327950,0.8345241610738255,6.9,180
6947,The Village,60000000,256697520,196697520,4.278292,6.2,1071
3050,Doctor Dolittle,71000000,294456605,223456605,4.147276126760564,5.4,686
2675,Signs,72000000,408247917,336247917,5.670109958333334,6.4,1599
809,Shrek 2,150000000,919838758,769838758,6.132258386666667,6.7,2988
920,Cars,120000000,461983149,341983149,3.849859575,6.6,3877
4806,Runaway Bride,70000000,309457509,239457509,4.420821557142857,5.7,455
7451,xXx,70000000,277448382,207448382,3.963548314285714,5.8,1424
228165,The SpongeBob Movie: Sponge Out of Water,74000000,311594032,237594032,4.210730162162162,5.8,719
3595,Ransom,80000000,309492681,229492681,3.8686585125,6.4,470
16869,Inglourious Basterds,70000000,319131050,249131050,4.559015,7.9,6430
879,Hook,70000000,300854823,230854823,4.297926042857143,6.6,1532
1573,Die Hard 2,70000000,240031094,170031094,3.4290156285714284,6.6,1896
9257,S.W.A.T.,80000000,116643346,36643346,1.458041825,5.8,770
1903,Vanilla Sky,68000000,203388341,135388341,2.991005014705882,6.5,1078
9697,Lady in the Water,75000000,42285169,-32714831,0.5638022533333333,5.3,409
395,AVP: Alien vs. Predator,70000000,171183863,101183863,2.445483757142857,5.5,1217
23398,Alvin and the Chipmunks: The Squeakquel,75000000,443140005,368140005,5.9085334,5.4,666
10590,We Were Soldiers,75000000,114660784,39660784,1.528810453333333,6.7,521
117263,Olympus Has Fallen,70000000,161025640,91025640,2.300366285714286,6.2,2981
200,Star Trek: Insurrection,70000000,118000000,48000000,1.6857142857142855,6.3,391
44943,Battle: Los Angeles,70000000,202466756,132466756,2.8923822285714285,5.5,1448
587,Big Fish,70000000,122919055,52919055,1.7559865,7.6,1994
57212,War Horse,66000000,177584879,111584879,2.690679984848485,7.0,992
152760,The Monuments Men,70000000,154984035,84984035,2.214057642857143,5.8,1523
2756,The Abyss,70000000,90000098,20000098,1.2857156857142855,7.1,808
33909,Wall Street: Money Never Sleeps,70000000,134748021,64748021,1.9249717285714285,5.8,493
49017,Dracula Untold,70000000,215529201,145529201,3.078988585714286,6.2,2389
9882,The Siege,70000000,116672912,46672912,1.6667558857142857,6.0,352
2270,Stardust,70000000,135560026,65560026,1.9365718,7.1,1184
978,Seven Years in Tibet,70000000,131457682,61457682,1.8779668857142855,7.0,630
44564,The Dilemma,70000000,67112664,-2887336,0.9587523428571428,5.2,304
3132,Bad Company,70000000,65977295,-4022705,0.9425327857142856,5.4,228
8814,Doom,60000000,55987321,-4012679,0.9331220166666668,5.0,609
8427,I Spy,70000000,33561137,-36438863,0.4794448142857143,5.2,269
52520,Underworld: Awakening,70000000,160112671,90112671,2.2873238714285717,6.1,1862
80585,Rock of Ages,75000000,59418613,-15581387,0.7922481733333333,6.0,385
10592,Hart's War,70000000,32287044,-37712956,0.4612434857142857,5.9,241
49021,Killer Elite,66000000,57777106,-8222894,0.875410696969697,6.1,695
10550,Ballistic: Ecks vs. Sever,70000000,19924033,-50075967,0.2846290428571428,4.3,97
11258,Hard Rain,70000000,19870567,-50129433,0.2838652428571429,5.5,179
12610,Osmosis Jones,75000000,13596911,-61403089,0.1812921466666666,5.9,228
59981,Legends of Oz: Dorothy's Return,70000000,18662027,-51337973,0.2666003857142857,5.9,43
201088,Blackhat,70000000,17752940,-52247060,0.2536134285714285,5.1,826
5137,Sky Captain and the World of Tomorrow,70000000,57958696,-12041304,0.8279813714285714,5.7,439
3093,Basic Instinct 2,70000000,38629478,-31370522,0.5518496857142857,4.6,180
107846,Escape Plan,50000000,122915111,72915111,2.45830222,6.7,1659
188207,The Legend of Hercules,70000000,61279452,-8720548,0.8754207428571429,4.4,533
4614,The Sum of All Fears,68000000,193000000,125000000,2.838235294117647,5.9,437
24021,The Twilight Saga: Eclipse,68000000,698491347,630491347,10.271931573529413,5.8,2301
11371,The Score,68000000,71069884,3069884,1.0451453529411765,6.7,423
20352,Despicable Me,69000000,543513985,474513985,7.877014275362319,7.1,6478
11517,Money Train,60000000,35431113,-24568887,0.59051855,5.4,222
214756,Ted 2,68000000,217022588,149022588,3.191508647058824,6.2,2463
26428,Agora,70000000,39041505,-30958495,0.5577357857142857,6.9,395
9824,Mystery Men,68000000,29762011,-38237989,0.4376766323529412,5.7,250
48988,Hall Pass,36000000,83160734,47160734,2.310020388888889,5.4,611
9008,The Insider,90000000,60289912,-29710088,0.6698879111111111,7.3,481
300673,The Finest Hours,80000000,52099090,-27900910,0.651238625,6.3,588
12113,Body of Lies,70000000,113280098,43280098,1.6182871142857145,6.5,895
38778,Dinner for Schmucks,69000000,86387857,17387857,1.2519979275362318,5.5,531
72331,Abraham Lincoln: Vampire Hunter,69000000,112265139,43265139,1.627031,5.5,1269
1844,Entrapment,66000000,212404396,146404396,3.2182484242424243,6.0,602
846,The X Files,66000000,189198313,123198313,2.866641106060606,6.6,488
9703,The Last Legion,67000000,25303038,-41696962,0.3776572835820895,5.0,207
857,Saving Private Ryan,70000000,481840909,411840909,6.8834415571428575,7.9,5048
136797,Need for Speed,66000000,203277636,137277636,3.0799641818181818,6.1,1520
3981,What Women Want,70000000,374111707,304111707,5.344452957142857,6.1,992
425,Ice Age,59000000,383257136,324257136,6.495883661016949,7.1,3857
6171,Dreamcatcher,68000000,75715436,7715436,1.113462294117647,5.3,567
72976,Lincoln,65000000,275293450,210293450,4.235283846153847,6.7,1429
603,The Matrix,63000000,463517383,400517383,7.357418777777778,7.9,8907
568,Apollo 13,52000000,355237933,303237933,6.831498711538462,7.3,1599
9021,The Santa Clause 2,65000000,172855065,107855065,2.6593086923076923,5.5,297
82695,Les Misérables,61000000,441809770,380809770,7.242783114754098,7.1,1884
9489,You've Got Mail,65000000,250821495,185821495,3.858792230769231,6.3,838
12133,Step Brothers,65000000,128107642,63107642,1.9708868,6.5,1062
9342,The Mask of Zorro,95000000,250288523,155288523,2.6346160315789477,6.3,1183
41733,Due Date,65000000,211780824,146780824,3.2581665230769232,6.2,1685
227306,Unbroken,65000000,163442937,98442937,2.514506723076923,7.3,1400
5551,Space Cowboys,65000000,128884132,63884132,1.9828328,6.3,403
9350,Cliffhanger,70000000,255000211,185000211,3.642860157142857,6.1,588
9208,Broken Arrow,50000000,150270147,100270147,3.00540294,5.7,453
4244,The Kid,65000000,69700000,4700000,1.0723076923076924,6.0,238
1852,World Trade Center,63000000,162945894,99945894,2.586442761904762,5.9,447
76493,The Dictator,65000000,179379533,114379533,2.759685123076923,5.9,1743
345,Eyes Wide Shut,65000000,162091208,97091208,2.4937108923076923,7.1,1234
196867,Annie,65000000,133821816,68821816,2.058797169230769,6.0,466
256591,Focus,50100000,153962963,103862963,3.0731130339321355,6.7,2542
59962,This Means War,65000000,156974557,91974557,2.4149931846153847,5.9,1389
36648,Blade: Trinity,65000000,128905366,63905366,1.983159476923077,5.7,1252
1880,Red Dawn,4200000,38376497,34176497,9.13726119047619,6.4,215
71679,Resident Evil: Retribution,65000000,240159255,175159255,3.69475776923077,5.6,1600
10483,Death Race,45000000,73762516,28762516,1.6391670222222223,6.0,1175
11412,The Long Kiss Goodnight,65000000,89456761,24456761,1.3762578615384615,6.5,314
6795,Zathura: A Space Adventure,65000000,64321501,-678499,0.989561553846154,6.1,779
550,Fight Club,63000000,100853753,37853753,1.6008532222222225,8.3,9413
11170,We Are Marshall,65000000,43545364,-21454636,0.6699286769230769,6.7,186
9292,Hudson Hawk,65000000,17218080,-47781920,0.2648935384615384,5.4,269
100241,"I, Frankenstein",65000000,71154592,6154592,1.0946860307692308,5.0,687
257,Oliver Twist,50000000,42093706,-7906294,0.84187412,6.7,274
9947,Elektra,43000000,56681566,13681566,1.318175953488372,4.8,575
189,Sin City: A Dame to Kill For,65000000,39407616,-25592384,0.6062710153846154,6.3,1286
12618,Random Hearts,64000000,74608570,10608570,1.16575890625,5.3,63
253412,Everest,55000000,203427584,148427584,3.698683345454546,6.7,1772
1427,Perfume: The Story of a Murderer,50000000,132180323,82180323,2.64360646,7.1,1165
818,Austin Powers in Goldmember,63000000,296655431,233655431,4.7088163650793655,5.9,979
16577,Astro Boy,65000000,44091067,-20908933,0.6783241076923077,6.1,409
329,Jurassic Park,63000000,920100000,857100000,14.604761904761904,7.6,4856
12160,Wyatt Earp,63000000,25052000,-37948000,0.3976507936507936,6.5,202
9331,Clear and Present Danger,62000000,215887717,153887717,3.482059951612903,6.4,386
300168,Dragon Blade,65000000,121545703,56545703,1.869933892307692,5.9,145
9072,Little Man,64000000,101595121,37595121,1.587423765625,5.3,261
3536,U-571,62000000,127666415,65666415,2.059135725806452,6.1,340
9087,The American President,62000000,107879496,45879496,1.739991870967742,6.5,195
12177,The Love Guru,62000000,41819064,-20180936,0.6745010322580646,4.3,242
12138,3000 Miles to Graceland,62000000,18720175,-43279825,0.3019383064516129,5.8,178
273248,The Hateful Eight,44000000,155760117,111760117,3.5400026590909093,7.6,4274
50359,Hop,63000000,183953723,120953723,2.919900365079365,5.5,331
1271,300,65000000,422610419,357610419,6.501698753846154,7.0,4997
693,Meet the Fockers,80000000,516642939,436642939,6.4580367375,6.1,1373
14306,Marley & Me,60000000,244082376,184082376,4.0680396,6.9,1343
497,The Green Mile,60000000,284600000,224600000,4.743333333333333,8.2,4048
9982,Chicken Little,150000000,314432665,164432665,2.096217766666667,5.6,944
210577,Gone Girl,61000000,369330363,308330363,6.054596114754099,7.9,5862
2501,The Bourne Identity,60000000,214034224,154034224,3.567237066666667,7.3,3583
710,GoldenEye,58000000,352194034,294194034,6.072310931034483,6.6,1174
2275,The General's Daughter,60000000,149705852,89705852,2.4950975333333334,6.1,205
37165,The Truman Show,60000000,264118201,204118201,4.401970016666667,7.8,4537
9837,The Prince of Egypt,70000000,218613188,148613188,3.123045542857142,6.8,817
10708,Daddy Day Care,60000000,164433867,104433867,2.74056445,5.6,506
136400,2 Guns,61000000,131940411,70940411,2.162957557377049,6.6,1589
10992,Cats & Dogs,60000000,93375151,33375151,1.5562525166666668,5.0,352
9654,The Italian Job,60000000,176070171,116070171,2.93450285,6.6,1919
2642,Two Weeks Notice,60000000,93354918,33354918,1.5559153,5.9,487
8916,Antz,60000000,171757863,111757863,2.86263105,6.0,1272
19899,Couples Retreat,70000000,171844840,101844840,2.454926285714285,5.3,588
2119,Days of Thunder,60000000,157920733,97920733,2.632012216666667,5.9,353
9641,Cheaper by the Dozen 2,60000000,129181830,69181830,2.1530305,5.7,526
294254,Maze Runner: The Scorch Trials,61000000,311256926,250256926,5.102572557377049,6.4,3040
38167,Eat Pray Love,60000000,204594016,144594016,3.4099002666666665,5.8,636
39514,RED,58000000,71664962,13664962,1.2356027931034483,6.6,2808
9563,Any Given Sunday,55000000,100230832,45230832,1.8223787636363635,6.8,422
547,The Horse Whisperer,60000000,186883563,126883563,3.11472605,6.7,292
1538,Collateral,65000000,217764291,152764291,3.350219861538461,7.0,1451
9334,The Scorpion King,60000000,165333180,105333180,2.755553,5.3,779
11128,Ladder 49,60000000,74541707,14541707,1.2423617833333334,6.2,207
75780,Jack Reacher,60000000,218340595,158340595,3.6390099166666663,6.3,2998
8914,Deep Blue Sea,60000000,73648228,13648228,1.2274704666666667,5.6,604
39538,Contagion,60000000,137551594,77551594,2.2925265666666665,6.2,1325
14836,Coraline,60000000,124596398,64596398,2.0766066333333333,7.3,1386
8645,The Happening,60000000,163403799,103403799,2.72339665,4.9,950
9509,Man on Fire,70000000,130293714,60293714,1.8613387714285716,7.3,1553
10067,The Shaggy Dog,50000000,61112916,11112916,1.22225832,4.5,137
9384,Starsky & Hutch,60000000,170268750,110268750,2.8378125,5.6,644
9279,Jingle All the Way,60000000,129832389,69832389,2.16387315,5.5,575
1487,Hellboy,66000000,99318987,33318987,1.5048331363636365,6.5,2225
9422,A Civil Action,70000000,56702901,-13297099,0.8100414428571429,6.1,109
77174,ParaNorman,60000000,107139399,47139399,1.78565665,6.7,789
4824,The Jackal,60000000,159330280,99330280,2.655504666666667,6.1,527
9620,Paycheck,60000000,96269812,36269812,1.6044968666666666,5.9,581
10199,The Tale of Despereaux,60000000,50877145,-9122855,0.8479524166666667,5.8,258
3512,Under Siege 2: Dark Territory,60000000,104324083,44324083,1.738734716666667,5.6,210
137094,Jack Ryan: Shadow Recruit,60000000,50549107,-9450893,0.8424851166666667,5.9,1173
274479,Joy,60000000,101134059,41134059,1.68556765,6.4,1581
267860,London Has Fallen,60000000,205754447,145754447,3.4292407833333334,5.8,1621
8078,Alien: Resurrection,70000000,162000000,92000000,2.3142857142857145,5.9,1365
7485,Shooter,61000000,95696996,34696996,1.568803213114754,6.9,1462
170687,The Boxtrolls,60000000,108255770,48255770,1.8042628333333333,6.6,668
6435,Practical Magic,75000000,46683377,-28316623,0.6224450266666667,6.3,338
137106,The Lego Movie,60000000,469160692,409160692,7.819344866666666,7.5,3070
6278,Reign of Fire,60000000,43061982,-16938018,0.7176997,6.0,669
82682,Gangster Squad,60000000,105200903,45200903,1.7533483833333334,6.2,1778
17610,Year One,60000000,62357900,2357900,1.0392983333333334,4.6,524
22954,Invictus,60000000,122233971,62233971,2.03723285,7.0,1125
16995,State of Play,60000000,87784194,27784194,1.4630699,6.7,484
16558,Duplicity,78146652,60000000,-18146652,0.7677872111526928,5.7,201
9849,My Favorite Martian,65000000,36850101,-28149899,0.5669246307692307,5.1,80
5820,The Sentinel,60000000,77920346,17920346,1.2986724333333333,5.8,225
16866,Planet 51,70000000,104945765,34945765,1.4992252142857143,5.6,556
201,Star Trek: Nemesis,60000000,67312826,7312826,1.1218804333333334,6.1,479
11775,Intolerable Cruelty,60000000,119940815,59940815,1.9990135833333331,5.8,391
12201,Edge of Darkness,80000000,74901339,-5098661,0.9362667375,6.2,487
11015,The Relic,60000000,33956608,-26043392,0.5659434666666666,5.8,130
9932,Analyze That,60000000,55003135,-4996865,0.9167189166666668,5.7,380
13389,Righteous Kill,60000000,73174566,13174566,1.2195761,5.9,375
17332,The Soloist,60000000,31720158,-28279842,0.5286693,6.6,234
4958,The Legend of Bagger Vance,80000000,39459427,-40540573,0.4932428375,6.3,251
786,Almost Famous,60000000,47383689,-12616311,0.78972815,7.4,797
11679,xXx: State of the Union,60000000,71073932,11073932,1.1845655333333334,4.7,549
38321,Priest,60000000,78309131,18309131,1.3051521833333333,5.4,692
14411,Sinbad: Legend of the Seven Seas,60000000,26288320,-33711680,0.4381386666666667,6.6,372
8413,Event Horizon,60000000,26673242,-33326758,0.4445540333333333,6.5,742
10052,Dragonfly,60000000,52322400,-7677600,0.87204,6.1,204
9676,The Black Dahlia,50000000,49111202,-888798,0.98222404,5.7,287
9664,Flyboys,60000000,17800000,-42200000,0.2966666666666667,6.3,271
2100,The Last Castle,72000000,27642707,-44357293,0.3839264861111111,7.0,285
10384,Supernova,90000000,14828081,-75171919,0.1647564555555555,4.9,109
137321,Winter's Tale,60000000,30800231,-29199769,0.5133371833333333,6.0,487
123553,The Mortal Instruments: City of Bones,60000000,90565421,30565421,1.5094236833333334,6.2,1602
11260,Meet Dave,60000000,50650079,-9349921,0.8441679833333333,5.0,371
9009,Dark Water,30000000,25473093,-4526907,0.8491031,5.3,274
2309,Inkheart,60000000,57490374,-2509626,0.9581729,6.0,592
8285,The Spirit,60000000,39031337,-20968663,0.6505222833333333,4.7,320
210860,Mortdecai,60000000,30418560,-29581440,0.506976,5.4,1055
381902,The Monkey King 2,68490000,193677158,125187158,2.8278165863629727,6.0,24
13922,The Great Raid,80000000,10166502,-69833498,0.127081275,6.8,91
293660,Deadpool,58000000,783112979,725112979,13.501947913793105,7.4,10995
190859,American Sniper,58800000,542307423,483507423,9.222915357142858,7.4,4469
257445,Goosebumps,58000000,158162788,100162788,2.7269446206896557,6.2,995
9007,Just Like Heaven,58000000,102854431,44854431,1.7733522586206896,6.5,579
889,The Flintstones in Viva Rock Vegas,83000000,59468275,-23531725,0.7164852409638555,4.4,134
1370,Rambo III,63000000,189015611,126015611,3.000247793650794,5.7,690
4942,Leatherheads,58000000,41299492,-16700508,0.7120602068965517,5.7,130
24438,Did You Hear About the Morgans?,58000000,85280250,27280250,1.4703491379310345,5.1,276
116741,The Internship,58000000,44000000,-14000000,0.7586206896551724,6.1,1658
35791,Resident Evil: Afterlife,60000000,300228084,240228084,5.0038014,5.8,1363
72431,Red Tails,58000000,50365377,-7634623,0.8683685689655173,5.9,178
1813,The Devil's Advocate,57000000,152944660,95944660,2.683239649122807,7.2,1374
87428,That's My Boy,70000000,58058367,-11941633,0.8294052428571429,5.5,453
8840,DragonHeart,57000000,115267375,58267375,2.022234649122807,6.4,535
10589,After the Sunset,60000000,61347797,1347797,1.0224632833333334,6.0,226
71676,Ghost Rider: Spirit of Vengeance,57000000,149217355,92217355,2.6178483333333333,4.7,1135
1722,Captain Corelli's Mandolin,57000000,62112895,5112895,1.0896999122807018,5.5,145
10022,The Pacifier,56000000,113006880,57006880,2.01798,5.8,842
11358,Walking Tall,56000000,57223890,1223890,1.0218551785714285,6.0,381
13,Forrest Gump,55000000,677945399,622945399,12.326279981818182,8.2,7927
6477,Alvin and the Chipmunks,60000000,361366633,301366633,6.022777216666666,5.5,1177
1597,Meet the Parents,55000000,330444045,275444045,6.008073545454545,6.6,1698
10530,Pocahontas,55000000,346079773,291079773,6.292359509090909,6.7,1457
1924,Superman,55000000,300218018,245218018,5.458509418181818,6.9,1022
9327,The Nutty Professor,54000000,128769345,74769345,2.3846175,5.4,702
8488,Hitch,70000000,368100420,298100420,5.258577428571429,6.4,1665
8273,American Wedding,55000000,231449203,176449203,4.208167327272728,6.0,1129
109424,Captain Phillips,55000000,95000000,40000000,1.7272727272727273,7.6,2454
35056,Date Night,55000000,152263880,97263880,2.768434181818182,5.9,1122
8839,Casper,50000000,287928194,237928194,5.75856388,6.0,1019
156022,The Equalizer,55000000,192330738,137330738,3.496922509090909,7.1,2954
7303,Maid in Manhattan,55000000,154906693,99906693,2.8164853272727277,5.6,485
8963,Crimson Tide,53000000,157387195,104387195,2.969569716981132,7.0,498
1402,The Pursuit of Happyness,55000000,307077295,252077295,5.583223545454546,7.7,2525
9315,Flightplan,55000000,223387299,168387299,4.061587254545454,6.1,772
8984,Disclosure,55000000,214015089,159015089,3.891183436363636,5.9,210
795,City of Angels,55000000,198685114,143685114,3.612456618181818,6.4,529
24,Kill Bill: Vol. 1,30000000,180949000,150949000,6.031633333333334,7.7,4949
393,Kill Bill: Vol. 2,30000000,152159461,122159461,5.071982033333334,7.6,3948
9618,Tango & Cash,55000000,63408614,8408614,1.1528838909090908,6.1,458
9374,Death Becomes Her,55000000,149022650,94022650,2.7095027272727275,6.3,636
8584,Shanghai Noon,55000000,56932305,1932305,1.0351328181818182,6.2,735
2320,Executive Decision,55000000,121969216,66969216,2.217622109090909,5.8,256
58224,Mr. Popper's Penguins,55000000,187361754,132361754,3.4065773454545454,5.7,751
1729,The Forbidden Kingdom,55000000,127906624,72906624,2.325574981818182,6.3,461
175574,Free Birds,55000000,110000000,55000000,2.0,5.7,254
8077,Alien³,50000000,159773545,109773545,3.1954709,6.2,1633
8818,Evita,55000000,141047179,86047179,2.564494163636364,5.9,120
8195,Ronin,55000000,41610884,-13389116,0.7565615272727273,6.7,658
10586,The Ghost and the Darkness,50000000,75000000,25000000,1.5,6.4,236
116149,Paddington,55000000,259207227,204207227,4.712858672727273,7.0,883
80035,The Watch,68000000,68267862,267862,1.0039391470588237,5.3,881
10632,The Hunted,55000000,34234008,-20765992,0.6224365090909091,6.0,189
1792,Stuck on You,55000000,33828318,-21171682,0.6150603272727273,5.1,188
72197,The Pirates! In an Adventure with Scientists!,60000000,118338361,58338361,1.9723060166666664,6.4,374
3580,Changeling,55000000,113020255,58020255,2.054913727272728,7.3,1131
12123,Chain Reaction,50000000,60209334,10209334,1.20418668,5.3,284
9566,The Fan,55000000,18626419,-36373581,0.3386621636363636,5.7,194
9833,The Phantom of the Opera,70000000,154648887,84648887,2.2092698142857143,7.0,438
4517,Elizabeth: The Golden Age,55000000,74237563,19237563,1.3497738727272728,6.6,303
8202,Æon Flux,62000000,52304001,-9695999,0.8436129193548387,5.4,703
16072,Gods and Generals,56000000,12923936,-43076064,0.2307845714285714,6.1,48
34314,Turbulence,55000000,11466088,-43533912,0.2084743272727272,5.2,62
145220,Muppets Most Wanted,50000000,80383290,30383290,1.6076658,6.2,316
14623,Thunderbirds,57000000,28283637,-28716363,0.4962041578947368,4.2,91
42297,Burlesque,55000000,89519773,34519773,1.6276322363636364,6.9,573
802,Lolita,2000000,9250000,7250000,4.625,7.3,395
10375,D-Tox,55000000,6416302,-48583698,0.1166600363636363,5.3,123
36586,Blade II,54000000,155010032,101010032,2.870556148148148,6.2,1528
11321,Seven Pounds,55000000,168167691,113167691,3.057594381818182,7.5,2039
70074,Bullet to the Head,55000000,9489829,-45510171,0.1725423454545454,5.2,481
242,The Godfather: Part III,54000000,136766062,82766062,2.532704851851852,7.1,1546
9621,Elizabethtown,57000000,52034889,-4965111,0.9128927894736842,6.1,327
1819,"You, Me and Dupree",54000000,130431368,76431368,2.4153957037037035,5.4,407
8536,Superman II,54000000,190458706,136458706,3.527013074074074,6.5,629
8046,Gigli,54000000,7266209,-46733791,0.1345594259259259,3.5,104
1717,All the King's Men,55000000,9450897,-45549103,0.1718344909090909,5.7,95
479,Shaft,46000000,107196498,61196498,2.330358652173913,5.5,308
9444,Anastasia,53000000,139804348,86804348,2.637817886792453,7.4,1432
824,Moulin Rouge!,52500000,179213434,126713434,3.413589219047619,7.4,1300
11456,Domestic Disturbance,75000000,54249294,-20750706,0.72332392,5.4,113
261023,Black Mass,53000000,98837872,45837872,1.8648655094339623,6.3,1242
3683,Flags of Our Fathers,90000000,65900249,-24099751,0.7322249888888889,6.7,526
22803,Law Abiding Citizen,53000000,126690726,73690726,2.3903910566037734,7.2,1486
285923,Grindhouse,67000000,25037897,-41962103,0.3736999552238806,6.8,459
640,Catch Me If You Can,52000000,352114312,300114312,6.771429076923077,7.7,3795
97630,Zero Dark Thirty,40000000,132820716,92820716,3.3205179,6.7,1702
9767,The Break-Up,52000000,204999686,152999686,3.9423016538461537,5.6,832
11631,Mamma Mia!,52000000,609841637,557841637,11.72772378846154,6.4,1386
32856,Valentine's Day,52000000,216485654,164485654,4.163185653846154,5.7,1013
6519,The Dukes of Hazzard,50000000,110803676,60803676,2.21607352,5.1,316
8741,The Thin Red Line,52000000,98126565,46126565,1.887049326923077,7.2,771
49520,The Change-Up,52000000,75450437,23450437,1.4509699423076925,5.9,736
1850,Man on the Moon,82000000,47434430,-34565570,0.5784686585365854,6.9,435
524,Casino,52000000,116112375,64112375,2.2329302884615383,7.8,1307
26389,From Paris with Love,52000000,52826594,826594,1.0158960384615383,6.1,675
2123,"Me, Myself & Irene",51000000,149270999,98270999,2.9268823333333334,6.1,927
9907,Barnyard,51000000,72779000,21779000,1.4270392156862746,5.3,225
18239,The Twilight Saga: New Moon,50000000,709827462,659827462,14.19654924,5.6,2436
808,Shrek,60000000,484409218,424409218,8.073486966666668,7.3,4056
38050,The Adjustment Bureau,50200000,127869379,77669379,2.5471987848605577,6.5,1652
8367,Robin Hood: Prince of Thieves,48000000,390493908,342493908,8.13528975,6.6,909
9390,Jerry Maguire,50000000,273552592,223552592,5.47105184,6.7,913
72105,Ted,50000000,549368315,499368315,10.9873663,6.3,4697
2898,As Good as It Gets,50000000,314178011,264178011,6.28356022,7.2,915
10312,Patch Adams,50000000,202292902,152292902,4.04585804,7.0,832
109443,Anchorman 2: The Legend Continues,50000000,173649015,123649015,3.4729803,6.0,923
2022,Mr. Deeds,50000000,171269535,121269535,3.4253907,5.6,644
37686,Super 8,50000000,260095987,210095987,5.20191974,6.6,2435
462,Erin Brockovich,52000000,256271286,204271286,4.928293961538461,7.1,716
9919,How to Lose a Guy in 10 Days,50000000,177371441,127371441,3.54742882,6.3,850
187017,22 Jump Street,50000000,188441614,138441614,3.76883228,7.0,3319
628,Interview with the Vampire,60000000,223664608,163664608,3.7277434666666656,7.2,1516
10201,Yes Man,70000000,225990978,155990978,3.228442542857143,6.4,1813
302699,Central Intelligence,50000000,216972543,166972543,4.33945086,6.2,1650
274167,Daddy's Home,50000000,242786137,192786137,4.85572274,5.8,854
224141,Into the Woods,50000000,212902372,162902372,4.25804744,5.6,1652
388,Inside Man,45000000,184376254,139376254,4.097250088888889,7.3,1630
2112,Payback,90000000,161626121,71626121,1.7958457888888888,6.7,548
10329,Congo,50000000,152022101,102022101,3.04044202,5.0,213
74465,We Bought a Zoo,50000000,120081841,70081841,2.40163682,6.5,909
13811,Knowing,50000000,155446362,105446362,3.10892724,5.9,1486
6877,Failure to Launch,50000000,88715192,38715192,1.77430384,5.5,399
10320,The Ring Two,50000000,161451538,111451538,3.22903076,5.4,632
50646,"Crazy, Stupid, Love.",50000000,142851197,92851197,2.85702394,7.0,2443
8920,Garfield,50000000,200804534,150804534,4.01609068,5.2,820
60308,Moneyball,50000000,110206216,60206216,2.20412432,7.0,1381
6950,Outbreak,50000000,189859560,139859560,3.7971912,6.3,513
225574,Non-Stop,50000000,222809600,172809600,4.456192,6.8,2268
13836,Race to Witch Mountain,50000000,106303988,56303988,2.12607976,5.5,509
752,V for Vendetta,54000000,132511035,78511035,2.4539080555555555,7.7,4442
6038,Shanghai Knights,50000000,88323487,38323487,1.76646974,6.0,692
9975,Curious George,50000000,69834815,19834815,1.3966963,6.2,106
11451,Herbie Fully Loaded,50000000,66002004,16002004,1.32004008,5.1,542
12103,Don't Say a Word,50000000,100020092,50020092,2.00040184,6.0,220
60304,Hansel & Gretel: Witch Hunters,50000000,224803475,174803475,4.4960695,5.7,3239
2251,Unfaithful,50000000,119137784,69137784,2.38275568,6.3,276
46529,I Am Number Four,50000000,144492830,94492830,2.8898566,5.9,1567
231,Syriana,50000000,94000000,44000000,1.88,6.3,451
300671,13 Hours: The Secret Soldiers of Benghazi,50000000,69411370,19411370,1.3882274,7.0,938
228326,The Book of Life,50000000,97437106,47437106,1.94874212,7.3,755
9754,Firewall,45000000,82800000,37800000,1.84,5.6,267
66,Absolute Power,50000000,50068310,68310,1.0013662,6.4,223
4421,G.I. Jane,50000000,48169156,-1830844,0.96338312,6.0,395
2649,The Game,50000000,109423648,59423648,2.18847296,7.5,1506
588,Silent Hill,50000000,97607453,47607453,1.95214906,6.3,1067
71552,American Reunion,50000000,234989584,184989584,4.69979168,6.1,1611
9631,The Negotiator,50000000,44547681,-5452319,0.89095362,6.8,582
216282,Into the Storm,50000000,160602194,110602194,3.21204388,5.8,817
306,Beverly Hills Cop III,50000000,119208989,69208989,2.38417978,5.5,434
928,Gremlins 2: The New Batch,50000000,41482207,-8517793,0.82964414,6.2,652
205587,The Judge,50000000,83719388,33719388,1.67438776,7.2,1417
1577,Resident Evil: Apocalypse,45000000,129394835,84394835,2.875440777777778,6.1,1267
9801,Bridget Jones: The Edge of Reason,50000000,40203020,-9796980,0.8040604,6.1,750
2116,Out of Time,50000000,55495563,5495563,1.10991126,6.1,298
9624,On Deadly Ground,50000000,49000000,-1000000,0.98,4.5,104
14199,The Adventures of Sharkboy and Lavagirl,50000000,69425966,19425966,1.38851932,4.4,269
1907,The Beach,40000000,144056873,104056873,3.601421825,6.3,1233
4599,Raising Helen,50000000,49718611,-281389,0.99437222,5.9,189
22832,Ninja Assassin,40000000,60462347,20462347,1.511558675,6.2,371
9879,Striptease,50000000,113309743,63309743,2.26619486,4.4,205
38579,Marmaduke,50000000,83761844,33761844,1.67523688,5.0,149
44603,Hereafter,50000000,105197635,55197635,2.1039527,5.8,510
11892,Murder by Numbers,50000000,56714147,6714147,1.13428294,6.0,268
9691,Assassins,50000000,30303072,-19696928,0.60606144,6.0,387
1248,Hannibal Rising,50000000,82169884,32169884,1.64339768,6.0,654
12220,The Story of Us,50000000,58900031,8900031,1.17800062,5.9,75
72710,The Host,44000000,63327201,19327201,1.439254568181818,6.0,1817
10782,Basic,50000000,42792561,-7207439,0.85585122,6.2,286
9573,Blood Work,50000000,26199517,-23800483,0.52399034,6.1,206
4959,The International,50000000,60161391,10161391,1.20322782,6.0,368
10061,Escape from L.A.,50000000,42277365,-7722635,0.8455473,5.6,373
10386,The Iron Giant,70000000,23159305,-46840695,0.3308472142857143,7.6,1436
421,The Life Aquatic with Steve Zissou,50000000,34808403,-15191597,0.69616806,7.1,775
316152,Free State of Jones,50000000,25035950,-24964050,0.500719,6.6,428
11615,The Life of David Gale,50000000,38955598,-11044402,0.77911196,7.3,480
241554,Run All Night,50000000,71561644,21561644,1.43123288,6.3,1148
2252,Eastern Promises,51500000,55112356,3612356,1.0701428349514563,7.2,848
11968,Into the Blue,50000000,44434439,-5565561,0.88868878,5.8,458
10047,The Messenger: The Story of Joan of Arc,60000000,66976317,6976317,1.11627195,6.2,367
38319,Your Highness,49900000,26121638,-23778362,0.5234797194388777,5.2,501
69668,Dream House,50000000,38502340,-11497660,0.7700468,5.8,391
9770,Mad City,50000000,10541523,-39458477,0.21083046,5.9,81
11212,Baby's Day Out,50000000,16671505,-33328495,0.3334301,5.8,274
10533,The Scarlet Letter,50000000,10382407,-39617593,0.20764814,5.5,108
38363,Fair Game,22000000,24188922,2188922,1.0994964545454546,6.5,235
9923,Domino,50000000,22944502,-27055498,0.45889004,6.0,444
11863,Jade,50000000,9851610,-40148390,0.1970322,5.2,44
18501,Gamer,50000000,40828540,-9171460,0.8165708,5.6,760
109491,Beautiful Creatures,60000000,60052138,52138,1.0008689666666666,5.6,984
329833,Zoolander 2,50000000,55969000,5969000,1.11938,4.7,797
12634,The Big Bounce,50000000,6808550,-43191450,0.136171,5.0,76
47327,Drive Angry,50000000,28931401,-21068599,0.57862802,5.3,600
15268,Street Fighter: The Legend of Chun-Li,50000000,12764201,-37235799,0.25528402,3.9,112
10796,The One,49000000,72700000,23700000,1.4836734693877551,5.7,437
9548,The Adventures of Ford Fairlane,49000000,20423389,-28576611,0.4168038571428571,6.2,71
18947,The Boat That Rocked,50000000,36348784,-13651216,0.72697568,7.2,666
1900,Traffic,48000000,207515725,159515725,4.323244270833333,6.9,562
89,Indiana Jones and the Last Crusade,48000000,474171806,426171806,9.878579291666666,7.6,3152
198184,Chappie,49000000,104399548,55399548,2.1306030204081634,6.6,3062
9481,The Bone Collector,73000000,151493655,78493655,2.075255547945205,6.5,826
4547,Panic Room,48000000,196397415,148397415,4.0916128125,6.5,1267
6415,Three Kings,75000000,108000000,33000000,1.44,6.6,692
181283,Child 44,50000000,3324330,-46675670,0.0664866,6.1,547
9896,Rat Race,48000000,85498534,37498534,1.7812194583333334,6.0,518
167,K-PAX,48000000,50315140,2315140,1.0482320833333334,7.1,695
1636,Bedazzled,48000000,90383208,42383208,1.8829835,5.6,512
2148,The Cotton Club,58000000,25928721,-32071279,0.4470469137931034,6.6,68
5176,3:10 to Yuma,55000000,70016220,15016220,1.2730221818181815,6.9,1188
260346,Taken 3,48000000,325771424,277771424,6.786904666666667,6.1,2200
1389,Out of Sight,48000000,77745568,29745568,1.6196993333333334,6.5,333
9894,The Cable Guy,47000000,102825796,55825796,2.187782893617021,5.7,594
8592,Dick Tracy,47000000,103738726,56738726,2.2072069361702127,5.9,251
913,The Thomas Crown Affair,48000000,124305181,76305181,2.5896912708333333,6.6,339
11091,Riding in Cars with Boys,48000000,35743308,-12256692,0.74465225,6.5,103
1368,First Blood,15000000,125212904,110212904,8.347526933333333,7.2,1488
5393,Happily N'Ever After,47000000,38085778,-8914222,0.8103357021276596,4.6,104
9095,Mary Reilly,47000000,12379402,-34620598,0.2633915319148936,5.7,74
8874,My Best Friend's Wedding,38000000,299288605,261288605,7.876015921052631,6.3,584
320,Insomnia,46000000,113714830,67714830,2.47206152173913,6.8,1148
199,Star Trek: First Contact,46000000,150000000,104000000,3.260869565217391,7.0,661
20533,Jonah Hex,47000000,10539000,-36461000,0.2242340425531915,4.4,420
10684,Courage Under Fire,46000000,100860818,54860818,2.1926264782608698,6.2,232
1624,Liar Liar,45000000,181000000,136000000,4.022222222222222,6.4,1424
325789,The Infiltrator,25000000,15436808,-9563192,0.61747232,6.6,573
113464,Inchon,46000000,5200000,-40800000,0.1130434782608695,6.5,2
888,The Flintstones,46000000,341631208,295631208,7.426765391304348,5.0,543
82675,Taken 2,45000000,376141306,331141306,8.358695688888888,6.1,2757
4256,Scary Movie 3,48000000,220673217,172673217,4.5973586875,5.8,912
1493,Miss Congeniality,45000000,212000000,167000000,4.711111111111111,6.1,961
88751,Journey to the Center of the Earth,45000000,101702060,56702060,2.2600457777777776,5.8,1309
11130,The Princess Diaries 2: Royal Engagement,40000000,95149435,55149435,2.378735875,6.0,697
9944,The Pelican Brief,45000000,195268056,150268056,4.339290133333333,6.3,371
10731,The Client,45000000,117615211,72615211,2.613671355555556,6.4,278
7350,The Bucket List,45000000,175372502,130372502,3.8971667111111112,7.0,1111
9869,Patriot Games,45000000,178051587,133051587,3.9567019333333335,6.3,433
4379,Monster-in-Law,43000000,154749918,111749918,3.598835302325581,5.6,406
146233,Prisoners,46000000,122126687,76126687,2.654927978260869,7.9,3085
2034,Training Day,45000000,104876233,59876233,2.330582955555556,7.3,1634
926,Galaxy Quest,45000000,90683916,45683916,2.015198133333333,6.9,710
4248,Scary Movie 2,45000000,141220678,96220678,3.138237288888889,5.4,982
64328,The Muppets,45000000,165184237,120184237,3.6707608222222223,6.5,501
36647,Blade,45000000,131183530,86183530,2.915189555555556,6.5,1905
7214,Coach Carter,30000000,76669806,46669806,2.5556602,7.3,496
1537,Changing Lanes,45000000,94935764,49935764,2.1096836444444445,5.9,299
9360,Anaconda,45000000,136885767,91885767,3.041905933333333,4.7,610
6282,Coyote Ugly,45000000,113916474,68916474,2.5314772,5.8,575
508,Love Actually,40000000,244931766,204931766,6.12329415,7.0,1869
9487,A Bug's Life,120000000,363258859,243258859,3.027157158333333,6.8,2303
768,From Hell,35000000,74558115,39558115,2.1302318571428573,6.6,741
2636,The Specialist,45000000,170362582,125362582,3.785835155555556,5.5,313
10478,Tin Cup,45000000,53854588,8854588,1.1967686222222222,5.9,150
9981,Kicking & Screaming,45000000,56070433,11070433,1.246009622222222,5.6,176
7453,The Hitchhiker's Guide to the Galaxy,50000000,104478416,54478416,2.08956832,6.6,1315
7737,Resident Evil: Extinction,45000000,148412065,103412065,3.298045888888889,6.1,1292
232672,Blended,40000000,123494610,83494610,3.08736525,6.6,1006
17379,Last Holiday,45000000,38399961,-6600039,0.8533324666666666,6.4,119
82525,Savages,45000000,82966152,37966152,1.8436922666666664,6.2,766
9759,Cellular,25000000,56422687,31422687,2.25690748,6.1,537
9486,Johnny English,40000000,160583018,120583018,4.01457545,6.0,852
9906,The Ant Bully,50000000,55181129,5181129,1.10362258,5.5,366
841,Dune,40000000,30925690,-9074310,0.77314225,6.5,562
4148,Revolutionary Road,35000000,75225693,40225693,2.1493055142857145,6.7,796
2207,16 Blocks,55000000,65664721,10664721,1.193904018181818,6.2,661
9381,Babylon A.D.,70000000,72108608,2108608,1.0301229714285711,5.4,676
20856,Aliens in the Attic,45000000,57881056,12881056,1.286245688888889,5.3,244
5955,The Pledge,35000000,29400000,-5600000,0.84,6.5,215
9899,The Producers,45000000,38058335,-6941665,0.8457407777777778,6.1,151
9826,The Phantom,45000000,17300889,-27699111,0.3844642,4.7,136
10858,Nixon,44000000,13681765,-30318235,0.3109492045454545,7.1,71
11439,The Ghost Writer,45000000,60222298,15222298,1.3382732888888889,6.7,670
9457,Deep Rising,45000000,11203026,-33796974,0.2489561333333333,6.0,154
12412,Miracle at St. Anna,45000000,9323833,-35676167,0.2071962888888888,6.3,90
13184,Bangkok Dangerous,45000000,42487390,-2512610,0.9441642222222222,5.0,332
2185,Big Trouble,40000000,8493890,-31506110,0.21234725,6.3,80
6639,Love in the Time of Cholera,45000000,4607608,-40392392,0.1023912888888888,6.4,81
38153,Shadow Conspiracy,45000000,2154540,-42845460,0.0478786666666666,4.0,11
58233,Johnny English Reborn,45000000,160078586,115078586,3.5573019111111117,6.0,1007
116977,Foodfight!,65000000,73706,-64926294,0.0011339384615384,2.3,28
68734,Argo,44500000,232324128,187824128,5.220766921348314,7.1,3423
5503,The Fugitive,44000000,368875760,324875760,8.38354,7.2,1220
27573,The Bounty Hunter,40000000,136000000,96000000,3.4,5.5,858
819,Sleepers,44000000,165615285,121615285,3.76398375,7.3,715
1369,Rambo: First Blood Part II,44000000,300400432,256400432,6.827282545454546,6.3,864
10895,Pinocchio,2600000,84300000,81700000,32.42307692307692,6.9,1355
10935,Heaven's Gate,44000000,3484331,-40515669,0.0791893409090909,6.4,55
834,Underworld: Evolution,50000000,111340801,61340801,2.22681602,6.4,1528
228066,Victor Frankenstein,40000000,34227298,-5772702,0.85568245,5.6,685
711,Finding Forrester,43000000,80049764,37049764,1.861622418604651,7.0,302
10027,Unleashed,45000000,50871113,5871113,1.1304691777777778,6.6,518
11812,The Sweetest Thing,43000000,68696770,25696770,1.5975993023255814,5.3,280
37233,The Firm,42000000,270248367,228248367,6.434484928571429,6.6,501
37950,Charlie St. Cloud,44000000,48190704,4190704,1.0952432727272727,6.8,566
27582,The Mechanic,40000000,51070807,11070807,1.276770175,6.3,1045
64688,21 Jump Street,42000000,201585328,159585328,4.7996506666666665,6.7,4074
509,Notting Hill,42000000,363889678,321889678,8.664039952380952,7.0,1262
7443,Chicken Run,45000000,224834564,179834564,4.996323644444445,6.5,1150
5966,Along Came Polly,42000000,171963386,129963386,4.094366333333333,5.8,773
11066,Boomerang,40000000,70100000,30100000,1.7525,5.4,134
136795,The Heat,43000000,158674180,115674180,3.690097209302325,6.5,1575
8095,Cleopatra,31115000,71000000,39885000,2.2818576249397395,6.7,146
11560,High Crimes,42000000,63781810,21781810,1.518614523809524,6.1,184
2637,The Mothman Prophecies,32000000,55157539,23157539,1.72367309375,6.1,305
709,Licence to Kill,32000000,156167015,124167015,4.88021921875,5.9,541
49730,Red Riding Hood,42000000,89162162,47162162,2.122908619047619,5.6,922
2749,15 Minutes,60000000,56359980,-3640020,0.939333,5.7,191
9607,Super Mario Bros.,48000000,20915465,-27084535,0.4357388541666667,4.0,232
1830,Lord of War,42000000,24127895,-17872105,0.5744736904761905,7.0,1335
79,Hero,31000000,177394432,146394432,5.722401032258064,7.2,635
54054,One for the Money,40000000,36893721,-3106279,0.922343025,5.3,388
228967,The Interview,44000000,12342632,-31657368,0.2805143636363636,6.1,2304
46528,The Warrior's Way,42000000,11087569,-30912431,0.263989738095238,6.3,136
27936,Micmacs,33000000,14000000,-19000000,0.4242424242424242,6.8,148
65,8 Mile,41000000,215000000,174000000,5.243902439024391,6.8,1626
9476,A Knight's Tale,65000000,117487473,52487473,1.8074995846153843,6.6,907
745,The Sixth Sense,40000000,672806292,632806292,16.8201573,7.7,3147
49527,Man on a Ledge,42000000,46221189,4221189,1.1005045,6.2,925
73937,The Big Year,41000000,7448385,-33551615,0.1816679268292683,5.6,248
1885,The Karate Kid,8000000,90815558,82815558,11.35194475,6.9,891
168672,American Hustle,40000000,251171807,211171807,6.279295175,6.8,2807
18240,The Proposal,40000000,317375031,277375031,7.934375775,6.7,1804
10398,Double Jeopardy,70000000,177841558,107841558,2.5405936857142857,6.2,278
165,Back to the Future Part II,40000000,332000000,292000000,8.3,7.4,3829
240832,Lucy,40000000,126546825,86546825,3.163670625,6.3,5878
216015,Fifty Shades of Grey,40000000,571006128,531006128,14.2751532,5.2,3254
12279,Spy Kids 3-D: Game Over,38000000,197011982,159011982,5.184525842105264,4.7,511
1645,A Time to Kill,40000000,152266007,112266007,3.806650175,7.0,509
11007,Cheaper by the Dozen,40000000,190212113,150212113,4.755302825,6.0,699
193756,Lone Survivor,40000000,149295601,109295601,3.732390025,7.4,1526
11287,A League of Their Own,40000000,107458785,67458785,2.686469625,6.7,354
259693,The Conjuring 2,40000000,320170008,280170008,8.0042502,7.0,1949
37799,The Social Network,40000000,224920315,184920315,5.623007875,7.1,3391
10184,He's Just Not That Into You,40000000,177259441,137259441,4.431486025,6.2,959
4257,Scary Movie 4,45000000,178262620,133262620,3.961391555555556,5.3,750
4234,Scream 3,40000000,161834276,121834276,4.0458569,5.7,736
196,Back to the Future Part III,40000000,244527583,204527583,6.113189575,7.1,2900
257091,Get Hard,40000000,111811453,71811453,2.795286325,5.9,944
6114,Dracula,40000000,215862692,175862692,5.3965673,7.1,1056
24803,Julie & Julia,40000000,129540499,89540499,3.238512475,6.6,560
109410,42,40000000,95020213,55020213,2.375505325,6.8,787
1213,The Talented Mr. Ripley,40000000,128798265,88798265,3.219956625,7.0,767
100042,Dumb and Dumber To,40000000,169837010,129837010,4.24592525,5.4,1127
9036,Eight Below,40000000,120455994,80455994,3.01139985,6.7,542
257211,The Intern,35000000,194564672,159564672,5.558990628571428,7.1,1881
323675,Ride Along 2,40000000,124827316,84827316,3.1206829,6.1,555
9361,The Last of the Mohicans,40000000,75505856,35505856,1.8876464,7.1,732
1677,Ray,40000000,124731534,84731534,3.11828835,7.2,467
187,Sin City,40000000,158733820,118733820,3.9683455,7.2,2691
7461,Vantage Point,40000000,151161491,111161491,3.779037275,6.2,716
16538,"I Love You, Man",41000000,91636986,50636986,2.23504843902439,6.5,515
9889,Shallow Hal,40000000,141069860,101069860,3.5267465,5.7,731
820,JFK,40000000,205405498,165405498,5.13513745,7.5,502
11565,Big Momma's House 2,40000000,138259062,98259062,3.45647655,5.4,371
6073,The Mexican,57000000,147845033,90845033,2.59377250877193,5.8,441
16996,17 Again,20000000,136267476,116267476,6.8133738,6.1,1350
193610,The Other Woman,40000000,196781193,156781193,4.919529825,6.2,1437
19912,The Final Destination,40000000,186167139,146167139,4.654178475,5.4,831
296098,Bridge of Spies,40000000,165478348,125478348,4.1369587,7.2,2583
8007,Behind Enemy Lines,40000000,91753202,51753202,2.29383005,6.0,457
32823,Get Him to the Greek,40000000,90029656,50029656,2.2507414,5.9,612
4380,Shall We Dance?,50000000,170128460,120128460,3.4025692,5.9,297
11551,Small Soldiers,40000000,54682547,14682547,1.367063675,6.2,511
10336,Spawn,40000000,87840042,47840042,2.19600105,5.0,336
11362,The Count of Monte Cristo,35000000,75395048,40395048,2.1541442285714285,7.3,453
50348,The Lincoln Lawyer,40000000,85412898,45412898,2.13532245,7.0,902
48138,Unknown,30000000,130786397,100786397,4.359546566666666,6.5,1265
1124,The Prestige,40000000,109676311,69676311,2.741907775,8.0,4391
227159,Horrible Bosses 2,42000000,107670357,65670357,2.5635799285714285,6.1,1536
68179,Escape from Planet Earth,40000000,74597643,34597643,1.864941075,5.7,332
1579,Apocalypto,40000000,120175290,80175290,3.00438225,7.3,1221
708,The Living Daylights,40000000,191185897,151185897,4.779647425,6.2,440
34851,Predators,40000000,126248813,86248813,3.156220325,6.0,1206
1586,Secret Window,40000000,92913171,52913171,2.322829275,6.4,972
2044,The Lake House,40000000,114830111,74830111,2.870752775,6.5,670
9913,The Skeleton Key,43000000,91974818,48974818,2.1389492558139533,6.4,573
10761,Made of Honor,40000000,84601681,44601681,2.115042025,6.0,394
209451,Jersey Boys,40000000,67347013,27347013,1.683675325,6.8,255
11975,The Rainmaker,40000000,45916769,5916769,1.147919225,6.7,235
4970,Gothika,40000000,141591324,101591324,3.5397831,5.8,629
11831,Amistad,36000000,74000000,38000000,2.055555555555556,6.8,316
440,Aliens vs Predator: Requiem,40000000,41797066,1797066,1.04492665,4.9,740
11172,Music and Lyrics,40000000,145896422,105896422,3.64741055,6.2,554
39513,Paul,40000000,97552050,57552050,2.43880125,6.5,1789
82687,The Guilt Trip,40000000,41863726,1863726,1.04659315,5.4,284
41446,Scream 4,40000000,97138686,57138686,2.42846715,6.1,902
8224,8MM,40000000,96618699,56618699,2.415467475,6.1,474
10537,The Doors,38000000,34416893,-3583107,0.9057077105263158,6.7,275
225886,Sex Tape,40000000,126069509,86069509,3.151737725,5.3,1695
10385,Hanging Up,40000000,36037909,-3962091,0.900947725,5.0,40
55779,Final Destination 5,47000000,157887643,110887643,3.359311553191489,5.9,866
10647,Pay It Forward,40000000,55707411,15707411,1.392685275,7.0,432
11431,Fever Pitch,30000000,50451307,20451307,1.6817102333333334,5.9,182
8850,The Shadow,25000000,48063435,23063435,1.9225374,5.4,138
64685,Extremely Loud & Incredibly Close,40000000,55247881,15247881,1.381197025,6.9,708
38357,Morning Glory,40000000,58785180,18785180,1.4696295,6.1,412
10060,Get Rich or Die Tryin',40000000,46442528,6442528,1.1610632,6.3,186
11398,The Art of War,40000000,30199105,-9800895,0.754977625,5.6,135
1833,Rent,40000000,31670620,-8329380,0.7917655,6.7,155
8970,The Out-of-Towners,75000000,29000000,-46000000,0.3866666666666666,5.0,45
9306,The Island of Dr. Moreau,40000000,49627779,9627779,1.240694475,4.6,147
11370,The Musketeer,40000000,27053815,-12946185,0.676345375,5.2,56
1921,Sweet November,40000000,65754228,25754228,1.6438557,6.4,278
1683,The Reaping,40000000,62771059,22771059,1.569276475,5.4,205
203,Mean Streets,500000,3000000,2500000,6.0,7.2,345
11858,Renaissance Man,40000000,24332324,-15667676,0.6083081,5.9,81
62835,Colombiana,40000000,60965854,20965854,1.52414635,6.5,824
18937,Quest for Camelot,40000000,38172500,-1827500,0.9543125,6.9,190
13536,City By The Sea,40000000,22433915,-17566085,0.560847875,5.7,92
10718,Torque,40000000,46546197,6546197,1.163654925,4.7,119
10802,Showgirls,45000000,20350754,-24649246,0.4522389777777778,4.9,256
1887,Marie Antoinette,40000000,60474340,20474340,1.5118585,6.5,642
10461,Get Carter,63600000,19412993,-44187007,0.3052357389937107,4.8,145
80278,The Impossible,42000000,180274123,138274123,4.292241023809524,7.0,2025
12704,Ishtar,55000000,14375181,-40624819,0.2613669272727272,4.2,28
10315,Fantastic Mr. Fox,40000000,46471023,6471023,1.161775575,7.5,1176
16643,Life or Something Like It,40000000,16872671,-23127329,0.421816775,5.7,124
2687,Memoirs of an Invisible Man,40000000,14358033,-25641967,0.358950825,5.7,125
194,Amélie,10000000,173921954,163921954,17.3921954,7.8,3310
8849,Alfie,60000000,13395939,-46604061,0.22326565,5.6,248
78698,Big Miracle,40000000,24719215,-15280785,0.617980375,6.6,152
30943,The Deep End of the Ocean,38000000,28121100,-9878900,0.7400289473684211,5.9,54
9544,FearDotCom,40000000,18902015,-21097985,0.472550375,3.2,105
24418,Cirque du Freak: The Vampire's Assistant,40000000,28169671,-11830329,0.704241775,5.5,348
7288,Duplex,40000000,19322135,-20677865,0.483053375,5.9,482
10366,Universal Soldier: The Return,45000000,10667893,-34332107,0.2370642888888889,4.2,135
19898,Pandorum,33000000,20645327,-12354673,0.6256159696969696,6.5,774
15074,Extreme Ops,40000000,10959475,-29040525,0.273986875,5.0,28
1272,Sunshine,50000000,32017803,-17982197,0.64035606,7.0,1182
72358,A Thousand Words,40000000,22044277,-17955723,0.551106925,6.0,373
266396,The Gunman,40000000,13644292,-26355708,0.3411073,5.5,392
9978,Stormbreaker,40000000,23937870,-16062130,0.59844675,5.1,213
8271,Disturbia,20000000,117760134,97760134,5.8880067,6.6,1006
10428,Hackers,20000000,7563728,-12436272,0.3781864,6.2,398
110415,Snowpiercer,39200000,86758912,47558912,2.2132375510204083,6.7,2854
9495,The Crow,15000000,94000000,79000000,6.266666666666667,7.3,953
256040,Baahubali: The Beginning,40000000,100000000,60000000,2.5,7.5,135
24420,The Time Traveler's Wife,39000000,101229792,62229792,2.595635692307692,6.7,798
62214,Frankenweenie,39000000,35287788,-3712212,0.9048150769230768,6.6,932
16320,Serenity,39000000,38869464,-130536,0.9966529230769232,7.4,1264
8842,Against the Ropes,39000000,6614280,-32385720,0.1695969230769231,4.5,32
9531,Superman III,39000000,75850624,36850624,1.9448877948717949,5.3,490
64807,Grudge Match,40000000,44907260,4907260,1.1226815,6.0,433
12289,Red Cliff,80341000,127814609,47473609,1.590901395302523,7.1,205
11529,Sweet Home Alabama,30000000,180622424,150622424,6.020747466666666,6.0,394
20943,The Ugly Truth,38000000,205298907,167298907,5.402602815789474,6.4,972
9488,Spy Kids 2: The Island of Lost Dreams,38000000,119723358,81723358,3.1506146842105265,5.3,521
193,Star Trek: Generations,38000000,120000000,82000000,3.1578947368421053,6.4,452
44865,The Grandmaster,3860000,64076736,60216736,16.60019067357513,6.3,273
55787,Water for Elephants,38000000,114156230,76156230,3.0041113157894737,6.7,850
10400,The Hurricane,50000000,73956241,23956241,1.47912482,7.2,396
1957,Enough,38000000,51801187,13801187,1.3631891315789473,6.2,264
256961,Paul Blart: Mall Cop 2,38000000,107597242,69597242,2.8315063684210524,5.0,567
5852,Angel Eyes,53000000,29700000,-23300000,0.560377358490566,5.6,88
622,The Ninth Gate,38000000,58401898,20401898,1.536892052631579,6.3,756
11306,Extreme Measures,38000000,17380126,-20619874,0.4573717368421052,5.7,80
12508,Rock Star,57000000,16991902,-40008098,0.2981035438596491,6.0,190
25793,Precious,10000000,47536959,37536959,4.7536959,6.9,417
10534,White Squall,38000000,10300000,-27700000,0.2710526315789474,6.3,86
1091,The Thing,15000000,19629760,4629760,1.3086506666666666,7.8,1588
87421,Riddick,38000000,98337295,60337295,2.587823552631579,6.2,2035
10871,Switchback,37000000,6482195,-30517805,0.1751944594594594,5.8,52
13600,City of Ember,55000000,17869048,-37130952,0.3248917818181818,6.2,605
68722,The Master,32000000,28258060,-3741940,0.883064375,7.0,701
14324,Virgin Territory,38000000,5410749,-32589251,0.1423881315789473,4.3,75
14325,The Express,40000000,9793496,-30206504,0.2448374,7.1,71
299687,The 5th Wave,38000000,109906372,71906372,2.892272947368421,5.6,1945
312221,Creed,37000000,173567581,136567581,4.691015702702702,7.3,1915
23168,The Town,37000000,154026136,117026136,4.162868540540541,7.0,1468
76494,What to Expect When You're Expecting,40000000,79700000,39700000,1.9925,5.8,594
4944,Burn After Reading,37000000,163720069,126720069,4.42486672972973,6.5,1222
10488,Nim's Island,37000000,100076342,63076342,2.704766,5.6,330
96721,Rush,38000000,90247624,52247624,2.3749374736842106,7.7,2277
334,Magnolia,37000000,48451803,11451803,1.309508189189189,7.5,825
23742,Cop Out,30000000,55583804,25583804,1.8527934666666668,5.3,511
259694,How to Be Single,38000000,112343513,74343513,2.956408236842105,5.9,1201
62837,Dolphin Tale,37000000,95404397,58404397,2.578497216216216,6.7,163
8966,Twilight,37000000,392616625,355616625,10.611260135135137,5.8,3561
8470,John Q,36000000,102244770,66244770,2.8401325,7.0,594
11001,Blue Streak,65000000,117758500,52758500,1.8116692307692308,6.1,352
138832,We're the Millers,37000000,269994119,232994119,7.297138351351351,6.8,2972
16911,The Inhabited Island,36500000,21834845,-14665155,0.5982149315068493,5.3,23
2163,Breakdown,36000000,50159144,14159144,1.3933095555555557,6.6,198
36670,Never Say Never Again,36000000,160000000,124000000,4.444444444444445,5.8,338
23048,Hot Tub Time Machine,36000000,64572262,28572262,1.7936739444444445,6.0,894
227735,Dolphin Tale 2,36000000,52424533,16424533,1.456237027777778,6.7,96
2155,Reindeer Games,42000000,32168970,-9831030,0.7659278571428572,5.4,173
8409,A Man Apart,36000000,44350926,8350926,1.2319701666666667,5.8,258
222936,Aloha,37000000,26250020,-10749980,0.70946,5.2,692
48171,The Rite,37000000,96047633,59047633,2.595881972972973,5.8,556
782,Gattaca,36000000,12532777,-23467223,0.3481326944444444,7.5,1808
75531,Isn't She Great,36000000,3003296,-32996704,0.0834248888888889,4.6,14
11802,Space Chimps,37000000,63800345,26800345,1.724333648648649,5.2,99
18785,The Hangover,35000000,459270619,424270619,13.122017685714283,7.2,6173
365222,Ip Man 3,36000000,156844753,120844753,4.356798694444445,6.5,379
817,Austin Powers: The Spy Who Shagged Me,33000000,310940086,277940086,9.422426848484848,6.2,1011
268,Batman,35000000,411348924,376348924,11.7528264,7.0,2096
943,Lethal Weapon 3,35000000,321731527,286731527,9.192329342857144,6.4,811
22881,The Blind Side,29000000,309208309,280208309,10.66235548275862,7.2,1597
10054,Spy Kids,35000000,147934180,112934180,4.226690857142857,5.5,867
51540,Horrible Bosses,35000000,117000000,82000000,3.342857142857143,6.5,2277
44264,True Grit,38000000,252276927,214276927,6.6388665,7.2,1668
350,The Devil Wears Prada,35000000,326551094,291551094,9.330031257142856,7.0,3088
152,Star Trek: The Motion Picture,35000000,139000000,104000000,3.971428571428572,6.2,530
109431,Identity Thief,35000000,173965010,138965010,4.970428857142857,5.6,1645
1598,Cape Fear,35000000,182300000,147300000,5.208571428571428,7.0,675
8065,21,35000000,69823199,34823199,1.994948542857143,6.5,1375
271718,Trainwreck,35000000,140795793,105795793,4.022736942857143,5.9,1181
11638,Guess Who,35000000,68915888,33915888,1.9690253714285717,5.5,225
409,The English Patient,27000000,231976425,204976425,8.591719444444445,7.0,542
2118,L.A. Confidential,35000000,126216940,91216940,3.6061982857142856,7.7,1310
11459,Sky High,35000000,86369815,51369815,2.467709,5.8,550
9348,Species,35000000,113374103,78374103,3.2392600857142857,5.5,453
377,A Nightmare on Elm Street,1800000,25504513,23704513,14.169173888888889,7.2,1180
8843,The Cell,33000000,104155843,71155843,3.1562376666666667,6.0,436
39486,Secretariat,35000000,60251371,25251371,1.7214677428571428,6.8,103
1273,TMNT,34000000,95608995,61608995,2.8120292647058824,6.0,345
13920,Radio,32000000,52277485,20277485,1.63367140625,6.8,141
50544,Friends with Benefits,35000000,150483765,115483765,4.299536142857143,6.5,2237
325133,Neighbors 2: Sorority Rising,35000000,108758521,73758521,3.1073863142857143,5.6,1462
140823,Saving Mr. Banks,35000000,112544580,77544580,3.2155594285714284,7.3,1226
1883,Malcolm X,34000000,48169908,14169908,1.416762,7.2,370
89492,This Is 40,35000000,88058786,53058786,2.5159653142857143,5.6,896
22949,Old Dogs,35000000,92219310,57219310,2.6348374285714287,5.2,210
12437,Underworld: Rise of the Lycans,35000000,91353501,56353501,2.6101000285714284,6.2,1428
2959,License to Wed,35000000,69307224,34307224,1.9802064,5.2,253
11648,Must Love Dogs,30000000,58405313,28405313,1.9468437666666667,5.8,140
9366,Donnie Brasco,35000000,41954997,6954997,1.1987142,7.4,1147
1576,Resident Evil,33000000,102984862,69984862,3.120753393939394,6.4,2065
609,Poltergeist,10700000,122200000,111500000,11.42056074766355,7.0,794
13051,Max Payne,35000000,85416905,50416905,2.440483,5.2,613
49530,In Time,40000000,173930596,133930596,4.3482649,6.7,3417
34806,The Back-Up Plan,35000000,77477008,42477008,2.2136288,5.7,458
49022,Something Borrowed,35000000,59901913,24901913,1.7114832285714283,5.9,296
23479,The Bad News Bears,35000000,35323292,323292,1.0092369142857145,6.9,97
11667,Street Fighter,35000000,99423521,64423521,2.8406720285714284,4.1,325
423,The Pianist,35000000,120072577,85072577,3.4306450571428573,8.0,1864
10066,House of Wax,40000000,68766121,28766121,1.719153025,5.5,677
2288,Closer,27000000,115505027,88505027,4.277963962962963,6.7,811
88794,J. Edgar,35000000,84606030,49606030,2.417315142857143,6.0,741
13515,Mirrors,35000000,72436439,37436439,2.069612542857143,6.0,485
11979,Queen of the Damned,35000000,45479110,10479110,1.2994031428571429,5.4,239
169,Predator 2,35000000,57120318,22120318,1.6320090857142855,5.9,730
8090,Untraceable,35000000,32483410,-2516590,0.9280974285714284,5.9,238
11622,Blast from the Past,35000000,40263020,5263020,1.150372,6.3,245
3604,Flash Gordon,35000000,27107960,-7892040,0.7745131428571429,6.1,233
9541,Jersey Girl,35000000,36098382,1098382,1.031382342857143,5.8,325
94348,Alex Cross,45000000,30353232,-14646768,0.6745162666666666,5.1,300
8197,Midnight in the Garden of Good and Evil,35000000,25105255,-9894745,0.717293,6.3,157
336004,Heist,8900000,4100000,-4800000,0.4606741573033708,5.6,318
35019,Nanny McPhee and the Big Bang,35000000,93246388,58246388,2.6641825142857143,6.0,436
8836,The X Files: I Want to Believe,30000000,68369434,38369434,2.278981133333333,5.5,523
14442,Ella Enchanted,31000000,27388767,-3611233,0.8835086129032258,5.9,437
321741,Concussion,35000000,50363790,15363790,1.4389654285714286,7.0,823
59965,Abduction,35000000,82087155,47087155,2.345347285714286,5.6,961
14175,Valiant,35000000,19478106,-15521894,0.5565173142857143,5.2,235
11918,Superhero Movie,35000000,25871834,-9128166,0.7391952571428572,4.9,379
98357,Broken City,56000000,19701164,-36298836,0.3518065,5.7,593
10012,Cursed,35000000,19294901,-15705099,0.5512828857142857,5.1,167
49526,Premium Rush,35000000,31083599,-3916401,0.8881028285714285,6.2,832
268920,Hot Pursuit,35000000,51680201,16680201,1.4765771714285714,5.4,647
9093,The Four Feathers,35000000,29882645,-5117355,0.8537898571428572,6.5,159
119283,Parker,35000000,46216641,11216641,1.3204754571428572,5.7,1455
11823,Wimbledon,31000000,41512007,10512007,1.339097,6.0,293
35169,Furry Vengeance,35000000,39340177,4340177,1.124005057142857,4.6,149
849,Krull,27000000,16519460,-10480540,0.6118318518518518,5.8,129
4515,Lions for Lambs,35000000,63215872,28215872,1.8061677714285715,6.0,216
6575,Walk Hard: The Dewey Cox Story,35000000,18317151,-16682849,0.5233471714285715,6.6,212
13496,American Outlaws,35000000,13678913,-21321087,0.3908260857142857,5.7,55
18320,The Young Victoria,35000000,27409889,-7590111,0.7831396857142857,7.0,322
22787,Whiteout,40000000,12206028,-27793972,0.3051507,5.3,220
8967,The Tree of Life,32000000,54674226,22674226,1.7085695625,6.5,987
144336,Sabotage,35000000,17508518,-17491482,0.5002433714285714,5.5,555
9616,The Order,35000000,11560806,-23439194,0.3303087428571428,4.8,91
13056,Punisher: War Zone,20500000,10089373,-10410627,0.4921645365853658,5.6,294
14113,Zoom,35000000,12506188,-22493812,0.3573196571428571,4.9,135
285783,The Walk,35000000,61181942,26181942,1.7480554857142858,6.9,1121
9726,A Good Year,35000000,42064105,7064105,1.2018315714285714,6.5,357
20763,Radio Flyer,35000000,4651977,-30348023,0.1329136285714285,6.6,53
9280,Femme Fatale,35000000,16838910,-18161090,0.4811117142857143,6.2,142
11876,The Horseman on the Roof,35000000,15000000,-20000000,0.4285714285714285,6.7,25
22267,Ride with the Devil,38000000,635096,-37364904,0.0167130526315789,6.6,49
1969,Bandidas,35000000,10496317,-24503683,0.2998947714285714,5.8,307
198663,The Maze Runner,34000000,348319861,314319861,10.244701794117647,7.0,5371
239573,Unfinished Business,35000000,14431253,-20568747,0.4123215142857143,5.0,320
10436,The Age of Innocence,34000000,32255440,-1744560,0.948689411764706,7.0,169
1381,The Fountain,35000000,15304890,-19695110,0.4372825714285714,6.8,827
2162,Chill Factor,70000000,11263966,-58736034,0.1609138,5.3,29
127493,Stolen,35000000,2106557,-32893443,0.0601873428571428,5.1,344
12429,Ponyo,41677699,187479518,145801819,4.498317385515933,7.5,926
228205,The Longest Ride,34000000,63013281,29013281,1.853331794117647,7.3,1064
2900,The Astronaut's Wife,75000000,19598588,-55401412,0.2613145066666666,5.4,254
192136,Mandela: Long Walk to Freedom,35000000,27330000,-7670000,0.7808571428571428,6.5,224
18254,Reds,32000000,40382659,8382659,1.26195809375,7.1,67
881,A Few Good Men,40000000,243240178,203240178,6.08100445,7.1,877
10877,Exit Wounds,50000000,79958599,29958599,1.59917198,5.3,110
9600,Big Momma's House,30000000,173959438,143959438,5.798647933333333,5.6,506
71469,The Darkest Hour,30000000,64626786,34626786,2.1542262,4.8,469
85446,Step Up Revolution,33000000,140470746,107470746,4.2566892727272725,6.7,663
326,Snakes on a Plane,33000000,62022014,29022014,1.8794549696969696,5.1,497
7220,The Punisher,33000000,54700105,21700105,1.6575789393939393,6.1,766
9763,Goal!: The Dream Begins,30000000,27610873,-2389127,0.9203624333333332,6.6,238
72387,Safe,30000000,40346186,10346186,1.3448728666666667,6.3,799
1892,Return of the Jedi,32350000,572700000,540350000,17.7032457496136,7.9,4665
13460,Doomsday,30000000,22211426,-7788574,0.7403808666666667,5.8,363
8055,The Reader,32000000,113019290,81019290,3.5318528125,7.2,813
50647,Wanderlust,35000000,24159934,-10840066,0.6902838285714286,5.3,394
10719,Elf,32000000,173398518,141398518,5.4187036875,6.4,987
9294,Phenomenon,32000000,152036382,120036382,4.7511369375,6.2,323
9353,Nacho Libre,32000000,80197993,48197993,2.50618728125,5.6,359
55721,Bridesmaids,32500000,288383523,255883523,8.87333916923077,6.5,1661
109414,This Is the End,32000000,126041322,94041322,3.9387913125,6.3,2359
10307,Stigmata,29000000,50041732,21041732,1.7255769655172415,6.0,242
11978,Men of Honor,32000000,48814909,16814909,1.52546590625,7.0,544
22907,Takers,32000000,69055695,37055695,2.15799046875,6.0,394
87567,The Big Wedding,35000000,21819348,-13180652,0.6234099428571429,5.7,414
38322,"Big Mommas: Like Father, Like Son",32000000,83615414,51615414,2.6129816875,5.3,313
45612,Source Code,32000000,147332697,115332697,4.60414678125,7.1,2699
7305,Alive,32000000,36733909,4733909,1.14793465625,6.7,374
3594,The Number 23,30000000,77566815,47566815,2.5855605,6.3,1018
157841,The Young and Prodigious T.S. Spivet,33000000,9494789,-23505211,0.2877208787878788,6.7,232
11519,1941,35000000,31755742,-3244258,0.9073069142857144,5.6,143
59,A History of Violence,32000000,60740827,28740827,1.89815084375,6.9,832
9335,Transporter 2,32000000,85167639,53167639,2.66148871875,6.2,1061
12106,The Quick and the Dead,32000000,18552460,-13447540,0.579764375,6.3,427
11141,Laws of Attraction,28000000,30016165,2016165,1.0720058928571428,5.6,104
31867,Repo Men,32000000,18409891,-13590109,0.57530909375,6.2,620
10253,Dragon Wars: D-War,70000000,53587404,-16412596,0.7655343428571428,4.0,104
124459,The Incredible Burt Wonderstone,30000000,27437881,-2562119,0.9145960333333332,5.3,724
24662,Cats Don't Dance,32000000,3566637,-28433363,0.11145740625,7.1,24
182,The Good German,32000000,5914908,-26085092,0.184840875,5.9,86
28,Apocalypse Now,31500000,89460381,57960381,2.8400120952380954,8.0,2055
38073,Going the Distance,32000000,42045846,10045846,1.3139326875,6.0,262
302156,Criminal,31500000,14708696,-16791304,0.4669427301587301,5.7,557
606,Out of Africa,31000000,128499205,97499205,4.14513564516129,7.0,279
87502,Flight,31000000,161772375,130772375,5.21846370967742,6.5,2415
698,Moonraker,34000000,210308099,176308099,6.185532323529412,5.9,541
120467,The Grand Budapest Hotel,30000000,174600318,144600318,5.8200106,8.0,4519
11313,Hearts in Atlantis,31000000,24185781,-6814219,0.7801864838709678,6.4,131
6488,Arachnophobia,31000000,53208180,22208180,1.7163929032258065,6.2,433
10559,Frequency,31000000,68106245,37106245,2.1969756451612903,7.0,462
296099,Vacation,31000000,104384188,73384188,3.367231870967742,6.2,1195
8012,Get Shorty,30250000,115101622,84851622,3.805012297520661,6.4,302
1574,Chicago,45000000,306776732,261776732,6.817260711111111,6.9,677
9032,Big Daddy,34200000,234801895,200601895,6.865552485380117,6.1,875
2770,American Pie 2,30000000,287553595,257553595,9.585119833333334,6.0,1344
862,Toy Story,30000000,373554033,343554033,12.4518011,7.7,5269
1637,Speed,30000000,350448145,320448145,11.681604833333331,6.8,1783
72570,The Vow,30000000,196114570,166114570,6.537152333333333,7.0,1293
27569,Extraordinary Measures,31000000,15134293,-15865707,0.488203,6.0,89
10637,Remember the Titans,30000000,136706683,106706683,4.556889433333334,7.4,821
1669,The Hunt for Red October,30000000,199200000,169200000,6.64,7.2,957
132363,The Butler,25000000,115922175,90922175,4.636887,7.2,1101
9472,DodgeBall: A True Underdog Story,20000000,167722310,147722310,8.3861155,6.2,981
2907,The Addams Family,30000000,191502426,161502426,6.3834142,6.7,848
9273,Ace Ventura: When Nature Calls,30000000,212385533,182385533,7.079517766666667,6.1,1099
9880,The Princess Diaries,37000000,165335153,128335153,4.468517648648649,6.5,1023
2925,The First Wives Club,26000000,116400000,90400000,4.476923076923077,6.5,166
807,Se7en,33000000,327311859,294311859,9.91854118181818,8.1,5765
17654,District 9,30000000,210819611,180819611,7.027320366666666,7.3,3382
11836,The SpongeBob SquarePants Movie,30000000,140161792,110161792,4.672059733333334,6.7,574
322,Mystic River,25000000,156822020,131822020,6.2728808,7.6,1422
70,Million Dollar Baby,30000000,216763646,186763646,7.225454866666666,7.7,2439
9535,Analyze This,80000000,176885658,96885658,2.211070725,6.4,503
11036,The Notebook,29000000,115603229,86603229,3.98631824137931,7.7,3067
6557,27 Dresses,30000000,160259319,130259319,5.3419773,6.1,978
18126,Hannah Montana: The Movie,35000000,155545279,120545279,4.444150828571429,6.0,449
16340,Rugrats in Paris: The Movie,30,103,73,3.433333333333333,6.0,100
10333,The Prince of Tides,30000000,74787599,44787599,2.492919966666667,5.9,56
4476,Legends of the Fall,30000000,160638883,130638883,5.354629433333334,7.2,619
22947,Up in the Air,25000000,163670000,138670000,6.5468,6.7,1205
2755,About Schmidt,30000000,105834556,75834556,3.5278185333333334,6.7,362
82654,Warm Bodies,35000000,116980662,81980662,3.3423046285714286,6.4,2652
59967,Looper,30000000,47042000,17042000,1.5680666666666667,6.6,4697
9598,Babe,30000000,254134910,224134910,8.471163666666667,6.0,733
82696,Hope Springs,30000000,114281051,84281051,3.8093683666666665,5.8,284
9870,Forgetting Sarah Marshall,30000000,105173115,75173115,3.5057705,6.4,1172
8292,Four Brothers,45000000,92374674,47374674,2.0527705333333333,6.7,607
8780,Baby Mama,30000000,63833449,33833449,2.127781633333333,5.8,205
10521,Bride Wars,30000000,114663461,84663461,3.8221153666666665,5.9,856
10762,Without a Paddle,19000000,69631118,50631118,3.6647956842105263,5.3,214
10096,13 Going on 30,37000000,96455697,59455697,2.6069107297297296,6.3,1204
59436,Midnight in Paris,30000000,151119219,121119219,5.0373073,7.4,1990
4133,Blow,53000000,83282296,30282296,1.5713640754716982,7.4,1317
10207,Message in a Bottle,80000000,118880016,38880016,1.4860002,5.8,196
172,Star Trek V: The Final Frontier,30000000,70200000,40200000,2.34,5.6,376
36593,The Naked Gun 33⅓: The Final Insult,30000000,51132598,21132598,1.7044199333333334,6.3,521
707,A View to a Kill,30000000,152427960,122427960,5.080932,6.0,506
533,The Curse of the Were-Rabbit,30000000,192452832,162452832,6.4150944,6.8,643
6023,P.S. I Love You,30000000,156835339,126835339,5.2278446333333335,6.9,977
6439,Racing Stripes,30000000,93772522,63772522,3.125750733333333,5.1,123
4347,Atonement,30000000,129266061,99266061,4.3088687,7.4,1049
4105,Black Rain,30000000,45892212,15892212,1.5297404,6.2,243
76489,The Three Stooges,30000000,54819301,24819301,1.8273100333333332,4.9,140
3933,Corpse Bride,40000000,117195061,77195061,2.929876525,7.2,1894
273481,Sicario,30000000,84025816,54025816,2.800860533333333,7.2,2416
307081,Southpaw,30000000,91709827,61709827,3.056994233333333,7.3,2067
16871,Drag Me to Hell,30000000,90810892,60810892,3.0270297333333334,6.2,966
293863,The Age of Adaline,25000000,65663276,40663276,2.62653104,7.4,1990
41233,Step Up 3D,30000000,159291809,129291809,5.309726966666667,6.6,582
9266,Blue Crush,25000000,51842679,26842679,2.07370716,5.6,159
1262,Stranger Than Fiction,30000000,53653224,23653224,1.7884408,7.1,721
4513,30 Days of Night,30000000,75505973,45505973,2.5168657666666667,6.2,767
22970,The Cabin in the Woods,30000000,66486080,36486080,2.2162026666666668,6.5,2263
7278,Meet the Spartans,30000000,84646831,54646831,2.8215610333333334,3.7,359
9013,Midnight Run,30000000,38413606,8413606,1.2804535333333331,7.2,238
865,The Running Man,27000000,38122105,11122105,1.4119298148148147,6.4,703
10776,Little Shop of Horrors,25000000,38748395,13748395,1.5499358,6.6,384
50456,Hanna,30000000,63782078,33782078,2.1260692666666667,6.5,1263
9823,Mortal Kombat: Annihilation,30000000,51376861,21376861,1.7125620333333331,3.8,221
59861,Larry Crowne,30000000,36160375,6160375,1.2053458333333331,5.7,359
133805,Carrie,30000000,82394288,52394288,2.746476266666667,5.8,1463
12763,Take the Lead,30000000,34742066,4742066,1.1580688666666668,6.6,162
9766,Gridiron Gang,30000000,41480851,11480851,1.3826950333333334,6.5,206
12244,9,30000000,48428063,18428063,1.6142687666666666,6.6,1262
109421,Side Effects,30000000,63372757,33372757,2.112425233333333,6.4,1323
51162,Winnie the Pooh,30000000,14460000,-15540000,0.482,6.8,258
10152,Dumb and Dumberer: When Harry Met Lloyd,19000000,39267515,20267515,2.066711315789474,4.1,210
9452,Bulworth,30000000,29202884,-797116,0.9734294666666666,6.3,66
9271,Virtuosity,30000000,24048000,-5952000,0.8016,5.4,163
48340,Sanctum,30000000,108609310,78609310,3.620310333333333,5.8,339
14846,Little Black Book,35000000,22034832,-12965168,0.6295666285714285,5.2,112
72207,The Five-Year Engagement,30000000,53909751,23909751,1.7969917,5.7,457
16232,Mr. 3000,30000000,21800302,-8199698,0.7266767333333334,5.0,66
43539,The Next Three Days,30000000,51148651,21148651,1.7049550333333334,6.9,905
9920,Ultraviolet,30000000,31070211,1070211,1.0356737,4.8,458
8978,Assault on Precinct 13,30000000,35294470,5294470,1.1764823333333334,6.0,311
11702,The Replacement Killers,30000000,19204929,-10795071,0.6401643,6.0,127
18550,Fled,25000000,17193231,-7806769,0.68772924,5.2,47
43347,Love & Other Drugs,30000000,102820008,72820008,3.4273336,6.6,1233
3489,88 Minutes,30000000,16930884,-13069116,0.5643628,5.7,313
9701,North Country,35000000,25224242,-9775758,0.7206926285714286,6.8,125
2122,The Whole Ten Yards,40000000,26155781,-13844219,0.653894525,5.5,278
10658,Howard the Duck,37000000,37962774,962774,1.026020918918919,5.1,221
13150,Pride and Glory,30000000,31148328,1148328,1.0382776,6.3,240
9042,The Cave,30000000,15007991,-14992009,0.5002663666666667,5.1,202
17813,Alex & Emma,30000000,15368897,-14631103,0.5122965666666667,5.0,68
11208,Wicker Park,30000000,13001257,-16998743,0.4333752333333333,6.7,157
58151,Fright Night,17000000,24922237,7922237,1.4660139411764703,6.0,603
11400,The New World,30000000,30536013,536013,1.0178671,6.4,330
11058,Godsend,25000000,30114487,5114487,1.20457948,4.7,114
14844,Chasing Liberty,23000000,12,-22999988,5.217391304347826e-07,6.1,152
57089,Hoodwinked Too! Hood VS. Evil,30000000,13521829,-16478171,0.4507276333333333,4.8,131
1947,An Unfinished Life,30000000,18618284,-11381716,0.6206094666666667,6.7,161
8054,The Imaginarium of Doctor Parnassus,30000000,64352607,34352607,2.1450869,6.3,869
46829,Barney's Version,30000000,8454301,-21545699,0.2818100333333333,7.2,129
146238,Runner Runner,30000000,62616646,32616646,2.087221533333333,5.5,543
9989,Antitrust,30000000,18195610,-11804390,0.6065203333333333,5.8,153
9665,Glory,18000000,26828365,8828365,1.4904647222222225,7.4,383
13967,Miss Potter,30000000,35078241,5078241,1.1692747,6.3,141
9053,DOA: Dead or Alive,21000000,480314,-20519686,0.0228720952380952,5.0,205
4512,The Assassination of Jesse James by the Coward Robert Ford,30000000,14711793,-15288207,0.4903931,7.0,776
76349,1911,30000000,108348,-29891652,0.0036116,5.0,41
45610,Machine Gun Preacher,30000000,2527904,-27472096,0.0842634666666666,6.4,286
223702,Sausage Party,19000000,140752617,121752617,7.40803247368421,5.6,2238
254470,Pitch Perfect 2,29000000,287506194,258506194,9.914006689655173,6.8,1940
69,Walk the Line,28000000,186438883,158438883,6.658531535714285,7.3,718
4967,Keeping the Faith,30000000,37036004,7036004,1.2345334666666667,5.9,159
4912,Confessions of a Dangerous Mind,30000000,33013805,3013805,1.100460166666667,6.6,275
12771,Serving Sara,29000000,16930185,-12069815,0.5837994827586207,5.0,85
323676,The Boss,29000000,78636257,49636257,2.7115950689655173,5.5,431
11249,Seed of Chucky,12000000,24829644,12829644,2.069137,4.9,287
9667,The Jacket,29000000,21126225,-7873775,0.7284905172413794,6.8,455
812,Aladdin,28000000,504050219,476050219,18.001793535714285,7.4,3416
277216,Straight Outta Compton,28000000,201634991,173634991,7.201249678571428,7.7,1355
87,Indiana Jones and the Temple of Doom,28000000,333000000,305000000,11.892857142857142,7.1,2781
14444,The Rugrats Movie,30000000,100491683,70491683,3.3497227666666665,5.7,147
2043,Along Came a Spider,60000000,105178561,45178561,1.7529760166666666,6.1,400
315664,Florence Foster Jenkins,29000000,48902953,19902953,1.686308724137931,6.6,392
1428,Once Upon a Time in Mexico,29000000,98185582,69185582,3.3857097241379317,6.2,594
562,Die Hard,28000000,140767956,112767956,5.027427,7.5,3948
15373,Role Models,28000000,92380927,64380927,3.299318821428572,6.4,564
318846,The Big Short,28000000,133346506,105346506,4.762375214285714,7.3,2607
14292,Miracle,28000000,64445708,36445708,2.3016324285714287,7.0,159
924,Dawn of the Dead,28000000,102356381,74356381,3.6555850357142856,6.8,1016
2018,The Wedding Planner,35000000,94728529,59728529,2.7065294,5.5,427
192577,Space Pirate Captain Harlock,30000000,17137302,-12862698,0.5712434,6.5,356
9428,The Royal Tenenbaums,21000000,71441250,50441250,3.4019642857142856,7.4,1286
2832,Identity,30000000,90259536,60259536,3.0086512,7.1,1061
137093,Last Vegas,28000000,134402450,106402450,4.8000875,6.4,799
699,For Your Eyes Only,28000000,195312802,167312802,6.975457214285714,6.3,490
9778,Serendipity,28000000,77516304,49516304,2.7684394285714284,6.6,521
8831,Timecop,27000000,101646581,74646581,3.764688185185185,5.5,282
9398,Zoolander,28000000,60780981,32780981,2.170749321428572,6.1,1337
112949,Safe Haven,28000000,97594140,69594140,3.485505,6.9,823
10439,Hocus Pocus,28000000,39514713,11514713,1.41123975,6.4,471
3638,No Reservations,28000000,92601050,64601050,3.3071803571428573,6.1,327
23483,Kick-Ass,28000000,96188903,68188903,3.4353179642857143,7.1,4645
62206,30 Minutes or Less,28000000,40547440,12547440,1.448122857142857,5.6,531
10577,Dracula 2000,28000000,33000337,5000337,1.1785834642857145,4.6,148
218778,"Alexander and the Terrible, Horrible, No Good, Very Bad Day",28000000,100654149,72654149,3.5947910357142856,6.1,493
4348,Pride & Prejudice,28000000,121147947,93147947,4.326712392857143,7.7,1358
78,Blade Runner,28000000,33139618,5139618,1.1835577857142856,7.9,3509
11780,Rob Roy,28000000,31596911,3596911,1.1284611071428572,6.5,148
192102,3 Days to Kill,28000000,52597999,24597999,1.8784999642857143,6.0,883
2001,We Own the Night,21000000,54926886,33926886,2.615566,6.5,323
11516,Winged Migration,35866397,20217080,-15649317,0.5636774722590618,7.0,49
10025,Just My Luck,28000000,38159905,10159905,1.36285375,5.8,491
15198,"Mystery, Alaska",28000000,8888143,-19111857,0.3174336785714285,6.0,69
23172,The Spy Next Door,28000000,45236543,17236543,1.6155908214285717,5.5,345
17834,A Simple Wish,28000000,8345056,-19654944,0.2980377142857143,5.5,46
10016,Ghosts of Mars,28000000,14010832,-13989168,0.5003868571428571,4.8,296
10317,Our Brand Is Crisis,28000000,7002261,-20997739,0.25008075,5.8,195
58431,Pride and Prejudice and Zombies,28000000,16374328,-11625672,0.5847974285714286,5.5,640
9746,Kundun,28000000,5684789,-22315211,0.2030281785714285,6.8,91
13092,How to Lose Friends & Alienate People,27000000,17286299,-9713701,0.6402332962962963,6.2,244
59859,Kick-Ass 2,28000000,60700000,32700000,2.1678571428571427,6.3,2224
13495,Alatriste,24000000,23321954,-678046,0.9717480833333332,5.6,61
254473,Brick Mansions,28000000,68896829,40896829,2.460601035714286,5.7,615
700,Octopussy,27500000,187500000,160000000,6.818181818181818,6.2,527
4964,Knocked Up,30000000,219076518,189076518,7.3025506,6.2,1214
10024,My Sister's Keeper,30000000,95714875,65714875,3.1904958333333333,7.1,598
13490,Welcome Home Roscoe Jenkins,35000000,43650785,8650785,1.2471652857142856,5.7,57
15927,A Passage to India,8000000,27187653,19187653,3.398456625,6.9,67
1259,Notes on a Scandal,15000000,49469904,34469904,3.2979936,6.9,235
5125,Rendition,27500000,24748670,-2751330,0.8999516363636364,6.2,205
174,Star Trek VI: The Undiscovered Country,27000000,96900000,69900000,3.588888888888889,6.7,413
9437,Kiss the Girls,27000000,60527873,33527873,2.2417730740740742,6.2,345
525,The Blues Brothers,27000000,115229890,88229890,4.267773703703703,7.5,1065
10188,The Sisterhood of the Traveling Pants 2,27000000,44352417,17352417,1.6426821111111112,6.0,238
245,About a Boy,27000000,129000000,102000000,4.777777777777778,6.6,607
9825,Lake Placid,27000000,56870414,29870414,2.1063116296296296,5.5,247
186,Lucky Number Slevin,27000000,56308881,29308881,2.0855141111111117,7.4,1323
9549,The Right Stuff,27000000,21500000,-5500000,0.7962962962962963,7.3,235
61891,Anonymous,30000000,15395087,-14604913,0.5131695666666667,6.3,288
34584,The NeverEnding Story,27000000,20158808,-6841192,0.7466225185185185,7.0,1002
2666,Dark City,27000000,27200316,200316,1.007419111111111,7.2,828
13155,Return to Oz,25000000,11137801,-13862199,0.44551204,6.7,120
42807,The Newton Boys,27000000,76000000,49000000,2.814814814814815,5.9,44
28355,Case 39,27000000,29000000,2000000,1.0740740740740742,6.1,563
8080,Suspect Zero,27000000,13000000,-14000000,0.4814814814814814,5.5,98
56288,Spy Kids: All the Time in the World,27000000,85564310,58564310,3.1690485185185184,4.4,222
303858,Money Monster,27000000,93282604,66282604,3.4549112592592595,6.5,1068
1613,The 51st State,28,14,-14,0.5,5.9,173
16617,Mindhunters,27000000,21148829,-5851171,0.7832899629629629,6.3,333
8944,What Just Happened,25000000,6673422,-18326578,0.26693688,5.2,127
14560,Paul Blart: Mall Cop,26000000,183293131,157293131,7.049735807692308,5.2,788
10330,Freaky Friday,26000000,110230332,84230332,4.239628153846154,6.0,879
6957,The 40 Year Old Virgin,26000000,109449237,83449237,4.209586038461539,6.2,1983
1934,Shakespeare in Love,25000000,289317794,264317794,11.57271176,6.8,796
169917,A Walk Among the Tombstones,28000000,53181600,25181600,1.8993428571428568,6.2,1131
951,Kindergarten Cop,15000000,201957688,186957688,13.463845866666666,5.8,628
10189,Pineapple Express,27000000,101624843,74624843,3.763883074074074,6.6,1148
9454,Ever After: A Cinderella Story,26000000,65705772,39705772,2.5271450769230768,6.8,399
2055,Open Range,22000000,68296293,46296293,3.1043769545454545,7.0,262
1551,Flatliners,26000000,61489265,35489265,2.3649717307692306,6.3,404
5902,A Bridge Too Far,22000000,50750000,28750000,2.3068181818181817,6.9,207
11460,Red Eye,26000000,57891803,31891803,2.226607807692308,6.2,455
9358,Final Destination 2,26000000,90426405,64426405,3.4779386538461536,5.9,1023
134,"O Brother, Where Art Thou?",26000000,71868327,45868327,2.764166423076923,7.3,1112
22894,Legion,26000000,67918658,41918658,2.6122560769230767,5.2,629
134374,Pain & Gain,25000000,86175291,61175291,3.44701164,6.1,1573
15028,Clockstoppers,26000000,38793283,12793283,1.4920493461538462,4.9,89
7445,Brothers,26000000,43318349,17318349,1.666090346153846,6.8,633
17047,Agent Cody Banks 2: Destination London,26000000,28818995,2818995,1.1084228846153843,5.2,144
62838,New Year's Eve,56000000,142044638,86044638,2.5365113928571428,5.7,718
2057,Original Sin,42000000,35402320,-6597680,0.842912380952381,5.8,198
70436,The Raven,26000000,29657751,3657751,1.1406827307692309,6.1,426
16784,Welcome to Mooseport,30000000,14000000,-16000000,0.4666666666666667,4.8,54
8011,Highlander: The Final Dimension,26000000,36800000,10800000,1.4153846153846157,4.5,110
36355,Flipper,25530000,20080020,-5449980,0.7865264394829612,5.3,84
238615,Self/less,26000000,30523226,4523226,1.1739702307692308,6.3,1091
1985,The Constant Gardener,25000000,82466670,57466670,3.2986668,6.8,417
615,The Passion of the Christ,30000000,611899420,581899420,20.39664733333333,6.9,864
788,Mrs. Doubtfire,25000000,441286195,416286195,17.6514478,7.0,1591
380,Rain Man,25000000,412800000,387800000,16.512,7.6,1709
13223,Gran Torino,33000000,269958228,236958228,8.180552363636364,7.8,3086
10523,W.,25100000,29506464,4406464,1.175556334661355,6.1,143
8681,Taken,25000000,226830568,201830568,9.07322272,7.2,4369
239571,The Best of Me,26000000,35926213,9926213,1.381777423076923,7.2,765
619,The Bodyguard,25000000,411006740,386006740,16.4402696,6.1,661
424,Schindler's List,22000000,321365567,299365567,14.607525772727271,8.3,4329
50014,The Help,25000000,124272124,99272124,4.97088496,7.8,1910
162903,The Fifth Estate,28000000,8555008,-19444992,0.305536,5.7,364
6466,Freddy vs. Jason,30000000,114908830,84908830,3.830294333333333,5.8,594
12589,Jimmy Neutron: Boy Genius,25000000,80936232,55936232,3.23744928,5.6,231
7191,Cloverfield,25000000,170764026,145764026,6.83056104,6.4,2251
1497,Teenage Mutant Ninja Turtles II: The Secret of the Ooze,25000000,78000000,53000000,3.12,5.8,286
117,The Untouchables,25000000,76270454,51270454,3.05081816,7.6,1384
6977,No Country for Old Men,25000000,171600000,146600000,6.864,7.7,3003
168530,Ride Along,25000000,153997819,128997819,6.15991276,6.1,853
634,Bridget Jones's Diary,25000000,281929795,256929795,11.2771918,6.5,1356
392,Chocolat,25000000,152500343,127500343,6.10001372,6.8,951
10327,"Legally Blonde 2: Red, White & Blonde",45000000,124914842,79914842,2.7758853777777777,5.1,377
88042,Parental Guidance,25000000,119772232,94772232,4.79088928,5.7,210
41630,No Strings Attached,25000000,147780440,122780440,5.9112176,6.1,1331
11969,Tombstone,25000000,56505065,31505065,2.2602026,7.4,626
2085,Romeo Must Die,25000000,91036760,66036760,3.6414704,6.0,330
794,The Omen,2800000,60922980,58122980,21.75820714285714,7.2,476
9286,Final Destination 3,25000000,117719158,92719158,4.70876632,5.8,974
77877,The Lucky One,25000000,99357138,74357138,3.97428552,6.8,946
1265,Bridge to Terabithia,60000000,137587063,77587063,2.2931177166666665,7.0,1113
866,Finding Neverland,25000000,116766556,91766556,4.67066224,7.2,1223
75174,The Grey,25000000,77278331,52278331,3.09113324,6.4,1451
11096,Hide and Seek,25000000,122644820,97644820,4.9057928,6.1,440
8699,Anchorman: The Legend of Ron Burgundy,26000000,90574188,64574188,3.4836226153846157,6.7,1493
769,GoodFellas,25000000,46836394,21836394,1.87345576,8.2,3128
10923,Agent Cody Banks,28000000,58795814,30795814,2.0998505,5.0,284
11283,Nanny McPhee,25000000,122489822,97489822,4.89959288,6.4,711
111,Scarface,25000000,65884703,40884703,2.63538812,8.0,2948
746,The Last Emperor,23000000,43984230,20984230,1.9123578260869565,7.4,355
77866,Contraband,25000000,63100000,38100000,2.524,6.1,770
7345,There Will Be Blood,25000000,77208711,52208711,3.08834844,7.9,1537
12277,Undercover Brother,25000000,41604473,16604473,1.66417892,5.5,112
9779,The Sisterhood of the Traveling Pants,25000000,39053061,14053061,1.56212244,6.3,386
2140,Kiss of the Dragon,25000000,64437847,39437847,2.57751388,6.4,298
12620,The House Bunny,25000000,70442940,45442940,2.8177176,5.6,529
14177,Beauty Shop,25000000,36351350,11351350,1.454054,5.4,115
198185,Million Dollar Arm,25000000,38307627,13307627,1.53230508,6.6,259
227156,The Giver,25000000,66980456,41980456,2.67921824,6.4,1798
11351,Jeepers Creepers 2,17000000,63102666,46102666,3.711921529411765,5.5,299
10030,Good Luck Chuck,25000000,59192128,34192128,2.36768512,5.5,444
10623,Cradle 2 the Grave,25000000,56489558,31489558,2.25958232,5.8,236
590,The Hours,25000000,41597830,16597830,1.6639132,7.0,451
9655,She's the Man,20000000,33889159,13889159,1.69445795,6.4,671
1268,Mr. Bean's Holiday,25000000,229736344,204736344,9.18945376,6.1,663
11237,Anacondas: The Hunt for the Blood Orchid,20000000,70992898,50992898,3.5496449,4.9,199
190955,Blood Ties,25500000,2415472,-23084528,0.0947243921568627,6.0,171
5123,August Rush,25000000,66122026,41122026,2.64488104,7.1,797
4518,Elizabeth,30000000,82150642,52150642,2.7383547333333333,7.1,334
11932,Bride of Chucky,25000000,50671850,25671850,2.026874,5.5,350
11165,Tora! Tora! Tora!,25485000,29548291,4063291,1.1594385324700804,6.9,147
6116,Spice World,25000000,100000000,75000000,4.0,4.7,123
57431,The Sitter,25000000,34942188,9942188,1.39768752,5.4,325
278,The Shawshank Redemption,25000000,28341469,3341469,1.13365876,8.5,8205
9290,Crocodile Dundee in Los Angeles,21150000,39438674,18288674,1.864712718676123,4.7,146
11543,Kingpin,27000000,25023434,-1976566,0.9267938518518518,6.7,244
284536,The Gambler,25000000,39171130,14171130,1.5668452,5.7,543
152737,August: Osage County,25000000,74188937,49188937,2.96755748,6.9,483
13374,Ice Princess,25000000,27645491,2645491,1.10581964,5.9,185
8976,A Lot Like Love,30000000,42886719,12886719,1.4295573,6.5,318
319888,Eddie the Eagle,23000000,46152800,23152800,2.006643478260869,7.2,661
9469,He Got Game,25000000,21567853,-3432147,0.86271412,6.7,134
1909,Don Juan DeMarco,25000000,22200000,-2800000,0.888,6.2,183
22971,Dear John,25000000,114977104,89977104,4.59908416,6.6,1262
34813,The Losers,25000000,23580000,-1420000,0.9432,6.2,515
46261,Don't Be Afraid of the Dark,25000000,36993168,11993168,1.47972672,5.4,341
10431,War,25000000,40452643,15452643,1.61810572,6.0,414
8051,Punch-Drunk Love,25000000,17000000,-8000000,0.68,6.9,530
9352,EuroTrip,25000000,20796847,-4203153,0.83187388,6.5,656
15487,The Greatest Game Ever Played,25000000,15431177,-9568823,0.61724708,6.9,110
22825,The Box,30000000,33333531,3333531,1.1111177,5.4,597
1831,The Next Best Thing,25000000,24362772,-637228,0.97451088,4.3,29
43931,My Soul to Take,25000000,19829957,-5170043,0.79319828,5.2,147
10591,The Girl Next Door,25000000,30411183,5411183,1.21644732,6.3,824
10861,Maximum Risk,25000000,51702483,26702483,2.06809932,5.2,101
276907,Legend,25000000,42972994,17972994,1.71891976,6.7,973
65055,Shark Night,28000000,10126458,-17873542,0.3616592142857143,4.9,132
10397,Angela's Ashes,25,13,-12,0.52,7.0,59
200505,Draft Day,25000000,28831145,3831145,1.1532458,6.5,304
60309,The Conspirator,25000000,15478800,-9521200,0.619152,6.2,137
9787,Lords of Dogtown,25000000,13411957,-11588043,0.53647828,7.0,210
293646,The 33,25000000,24902723,-97277,0.99610892,6.0,378
6978,Big Trouble in Little China,25000000,11000000,-14000000,0.44,7.1,705
59440,Warrior,25000000,23057115,-1942885,0.9222846,7.7,1272
1770,Michael Collins,28000000,16900000,-11100000,0.6035714285714285,6.7,97
8988,Stop-Loss,25000000,11207130,-13792870,0.4482852,6.1,82
15992,Abandon,25000000,10719357,-14280643,0.42877428,4.6,45
17707,Brokedown Palace,25000000,13000000,-12000000,0.52,6.2,111
77883,The Possession,14000000,85446075,71446075,6.103291071428571,5.8,498
40001,Mrs. Winterbourne,25000000,10070000,-14930000,0.4028,5.3,25
64639,Straw Dogs,25000000,10324441,-14675559,0.41297764,5.5,144
9903,The Hoax,25000000,11772461,-13227539,0.47089844,6.4,60
20766,The Road,32000000,27635305,-4364695,0.86360328125,6.8,1087
24264,Sheena,25000000,5778353,-19221647,0.23113412,5.0,22
9067,Tank Girl,25000000,4064495,-20935505,0.1625798,5.5,138
8338,Blindness,25000000,19844979,-5155021,0.79379916,6.4,387
168705,BloodRayne,25000000,2405420,-22594580,0.0962168,3.5,118
72113,Carnage,25000000,27603069,2603069,1.10412276,7.0,738
22256,Without Limits,25000000,777423,-24222577,0.03109692,6.2,19
12404,Me and Orson Welles,25000000,2336172,-22663828,0.09344688,6.6,49
152742,The Best Offer,13500000,19255873,5755873,1.426360962962963,7.7,704
11699,The Bad Lieutenant: Port of Call - New Orleans,25000000,10589102,-14410898,0.42356408,6.0,326
48034,Little White Lies,25000000,48531470,23531470,1.9412588,7.1,380
36696,Space Dogs,25000000,6500000,-18500000,0.26,6.3,10
109091,The Counselor,25000000,71009334,46009334,2.84037336,5.0,712
33157,Waterloo,25000000,3052000,-21948000,0.12208,7.0,31
859,Dangerous Liaisons,14000000,34670720,20670720,2.47648,7.0,257
83770,On the Road,25000000,8784318,-16215682,0.35137272,5.5,301
168,Star Trek IV: The Voyage Home,24000000,133000000,109000000,5.541666666666667,6.9,477
1246,Rocky Balboa,24000000,155721132,131721132,6.4883805,6.5,835
4233,Scream 2,24000000,172363301,148363301,7.181804208333333,6.1,840
174751,Jane Got a Gun,25000000,1397284,-23602716,0.05589136,5.4,285
184098,Think Like a Man Too,24000000,70181428,46181428,2.9242261666666667,6.4,225
2069,The Whole Nine Yards,41300000,106371651,65071651,2.575584769975787,6.2,531
1788,Footloose,8200000,80035402,71835402,9.76041487804878,6.4,505
11635,Old School,24000000,87055349,63055349,3.627306208333333,6.6,541
177,The Fisher King,24000000,41895491,17895491,1.7456454583333334,7.2,341
3600,I Still Know What You Did Last Summer,65000000,40002112,-24997888,0.6154171076923077,5.1,374
2621,Return to Me,24000000,36609995,12609995,1.5254164583333334,6.1,67
10358,Zack and Miri Make a Porno,24000000,42105111,18105111,1.754379625,6.1,721
10313,The Men Who Stare at Goats,24000000,68729358,44729358,2.86372325,5.9,742
13476,Win a Date with Tad Hamilton!,17000000,16980098,-19902,0.9988292941176472,5.5,160
10208,Muppets from Space,24000000,16290976,-7709024,0.6787906666666667,5.8,92
24961,The Wiz,24000000,21049053,-2950947,0.877043875,5.9,58
20697,Ready to Rumble,24000000,12372410,-11627590,0.5155170833333333,4.7,49
20761,Play It to the Bone,24000000,8434146,-15565854,0.35142275,5.7,53
70868,I Don't Know How She Does It,24000000,30551495,6551495,1.2729789583333333,5.0,141
43593,Piranha 3D,24000000,83188165,59188165,3.4661735416666666,5.3,581
40688,Meet the Deedles,24000000,4562146,-19437854,0.1900894166666666,4.1,19
26672,The Thief and the Cobbler,28000000,669276,-27330724,0.0239027142857142,6.8,26
41283,Faster,24000000,23081726,-918274,0.9617385833333332,6.1,568
4935,Howl's Moving Castle,24000000,234710455,210710455,9.779602291666668,8.2,1991
19908,Zombieland,23600000,102391382,78791382,4.338617881355932,7.2,3550
10663,The Waterboy,23000000,185991646,162991646,8.086593304347826,5.9,512
1891,The Empire Strikes Back,18000000,538400000,520400000,29.91111111111111,8.2,5879
9737,Bad Boys,19000000,141407024,122407024,7.442474947368421,6.5,1699
37137,The Naked Gun 2½: The Smell of Fear,23000000,86930411,63930411,3.7795830869565217,6.6,546
9532,Final Destination,23000000,53302314,30302314,2.317491913043478,6.4,1378
10316,The Ides of March,12500000,75993061,63493061,6.07944488,6.5,910
2787,Pitch Black,23000000,53187659,30187659,2.312506913043478,6.7,1789
152601,Her,23000000,47351251,24351251,2.058750043478261,7.9,4097
10866,Joy Ride,23000000,36642838,13642838,1.5931668695652177,6.3,325
227707,The Adventurer: The Curse of the Midas Box,25000000,6399,-24993601,0.00025596,5.1,73
21349,Anywhere But Here,23000000,18653615,-4346385,0.8110267391304348,5.9,66
70435,Haywire,23000000,33372606,10372606,1.4509828695652174,5.6,505
580,Jaws: The Revenge,23000000,51881013,28881013,2.2556962173913044,3.5,224
20024,The End of the Affair,23000000,10827816,-12172184,0.4707746086956522,6.6,55
2453,Harley Davidson and the Marlboro Man,23000000,7434726,-15565274,0.3232489565217391,6.1,82
6973,In the Valley of Elah,23000000,29541790,6541790,1.284425652173913,6.6,261
22215,Cheri,23000000,9366227,-13633773,0.4072272608695652,5.9,56
11632,Vanity Fair,23000000,16123851,-6876149,0.701037,5.5,73
30596,Bodyguards and Assassins,23000000,5837674,-17162326,0.2538119130434783,6.5,57
3021,1408,25000000,94679598,69679598,3.78718392,6.5,1343
957,Spaceballs,22700000,38119483,15419483,1.6792723788546255,6.7,902
256917,The Water Diviner,22500000,15520023,-6979977,0.6897788,6.8,431
251,Ghost,22000000,505000000,483000000,22.954545454545453,6.9,1339
544,There's Something About Mary,23000000,369884651,346884651,16.08194134782609,6.5,1590
11395,The Santa Clause,22000000,189833357,167833357,8.628788954545454,6.3,489
14635,The Rookie,20000000,75597042,55597042,3.7798521,6.5,110
13680,The Game Plan,22000000,147880543,125880543,6.721842863636364,6.0,428
688,The Bridges of Madison County,24000000,182016617,158016617,7.584025708333333,7.3,385
11090,The Animal,22000000,84772742,62772742,3.8533064545454554,4.6,304
783,Gandhi,22000000,77737889,55737889,3.533540409090909,7.4,716
228194,The Hundred-Foot Journey,22000000,88880821,66880821,4.0400373181818185,7.3,508
1642,The Net,22000000,110627965,88627965,5.028543863636363,5.6,354
10950,I Am Sam,22000000,92542418,70542418,4.206473545454545,7.2,530
235260,Son of God,22000000,67800064,45800064,3.081821090909091,5.9,83
277,Underworld,22000000,95708457,73708457,4.350384409090909,6.6,2512
8999,Derailed,22000000,57479076,35479076,2.6126852727272727,6.1,319
11323,The Informant!,22000000,35424826,13424826,1.6102193636363635,6.0,301
11453,Deuce Bigalow: European Gigolo,22000000,22400154,400154,1.0181888181818182,4.7,225
146239,Delivery Man,26000000,51164106,25164106,1.9678502307692307,6.2,551
10878,Saving Silverman,22000000,19351569,-2648431,0.8796167727272727,5.4,154
82650,Diary of a Wimpy Kid: Dog Days,22000000,77112176,55112176,3.505098909090909,6.0,223
2294,Jay and Silent Bob Strike Back,22000000,33788161,11788161,1.5358255,6.4,480
2176,The Glass House,30000000,23619609,-6380391,0.7873203,5.4,201
270487,"Hail, Caesar!",22000000,63647656,41647656,2.893075272727273,5.7,1309
204082,Homefront,22000000,43058898,21058898,1.9572226363636365,6.4,875
24100,The Little Vampire,22000000,13555988,-8444012,0.6161812727272727,6.1,77
5550,RoboCop 3,22000000,10696210,-11303790,0.4861913636363636,4.2,305
287948,The Transporter Refueled,25000000,72629670,47629670,2.9051868,5.2,559
9075,Black Book,21000000,26193068,5193068,1.2472889523809525,7.2,277
11661,Joyeux Noël,22000000,17709155,-4290845,0.8049615909090909,7.2,212
109513,Hit & Run,2000000,14400000,12400000,7.2,5.5,224
204922,Before I Go to Sleep,22000000,15447154,-6552846,0.7021433636363636,6.2,659
38985,Sorcerer,22000000,12000000,-10000000,0.5454545454545454,7.4,98
44113,Stone,22000000,9479718,-12520282,0.4308962727272727,5.2,192
164457,Out of the Furnace,22000000,15400000,-6600000,0.7,6.5,720
4566,Michael Clayton,25000000,92991835,67991835,3.7196734,6.5,501
153158,Underdogs,22000000,24000000,2000000,1.0909090909090908,6.0,122
81836,To Rome with Love,17000000,73244881,56244881,4.308522411764706,5.6,546
10724,Firefox,18000000,70687344,52687344,3.9270746666666665,5.5,139
2196,Death at a Funeral,9000000,46,-8999954,5.111111111111112e-06,6.9,497
1499,Teenage Mutant Ninja Turtles III,21000000,42000000,21000000,2.0,5.1,184
20857,Hardball,32000000,40222729,8222729,1.25696028125,6.3,123
82693,Silver Linings Playbook,21000000,205738714,184738714,9.79708161904762,6.9,4742
1646,Freedom Writers,21000000,41170784,20170784,1.960513523809524,7.5,356
4108,The Transporter,21000000,43928932,22928932,2.091853904761905,6.6,1692
8456,Never Back Down,20000000,41627431,21627431,2.08137155,6.4,497
7341,The Rage: Carrie 2,21000000,17762705,-3237295,0.8458430952380952,5.1,76
19255,Away We Go,17000000,14899417,-2100583,0.876436294117647,6.7,189
10187,Swing Vote,21000000,17600000,-3400000,0.8380952380952381,5.8,65
31005,Moonlight Mile,21000000,10011050,-10988950,0.4767166666666667,6.5,52
50780,The Beaver,21000000,970816,-20029184,0.0462293333333333,6.3,276
16363,The Best Little Whorehouse in Texas,35000000,69701637,34701637,1.9914753428571428,5.9,41
1946,eXistenZ,15000000,2856712,-12143288,0.1904474666666666,6.7,475
85,Raiders of the Lost Ark,18000000,389925971,371925971,21.662553944444443,7.7,3854
772,Home Alone 2: Lost in New York,18000000,358991681,340991681,19.943982277777778,6.3,2395
840,Close Encounters of the Third Kind,20000000,303788635,283788635,15.18943175,7.2,1098
9682,Pulse,38000000,29907685,-8092315,0.7870443421052632,5.0,150
96,Beverly Hills Cop II,20000000,299965036,279965036,14.9982518,6.1,613
10678,Bringing Down the House,20000000,132675402,112675402,6.6337701,5.4,183
274,The Silence of the Lambs,19000000,272742922,253742922,14.354890631578948,8.1,4443
8872,Wayne's World,20000000,121697323,101697323,6.08486615,6.5,728
16290,Jackass 3D,20000000,117224271,97224271,5.86121355,6.4,428
579,Jaws 2,20000000,187884007,167884007,9.39420035,5.9,406
14405,Beverly Hills Chihuahua,20000000,149281606,129281606,7.4640803,4.9,209
138843,The Conjuring,13000000,318000141,305000141,24.46154930769231,7.4,3092
11637,Are We There Yet?,32000000,97918663,65918663,3.05995821875,5.2,221
226486,Tammy,20000000,100525432,80525432,5.0262716,5.0,500
1584,School of Rock,35000000,131282949,96282949,3.7509414,6.7,1414
9312,Mortal Kombat,18000000,122195920,104195920,6.788662222222222,5.4,442
12153,White Chicks,37000000,113086475,76086475,3.056391216216216,6.3,679
65057,The Descendants,20000000,177243185,157243185,8.86215925,6.7,934
76203,12 Years a Slave,20000000,187000000,167000000,9.35,7.9,3674
13497,Drumline,20000000,57588485,37588485,2.87942425,6.2,116
35688,Why Did I Get Married Too?,20000000,60072596,40072596,3.0036298,6.1,29
162,Edward Scissorhands,20000000,53000000,33000000,2.65,7.5,3601
296096,Me Before You,20000000,207945075,187945075,10.39725375,7.6,2562
1051,The French Connection,1800000,41158757,39358757,22.86597611111111,7.4,422
376659,Bad Moms,20000000,183936074,163936074,9.1968037,6.3,1252
10073,Date Movie,20000000,48548426,28548426,2.4274213,3.6,222
16690,Return to Never Land,20000000,109862682,89862682,5.4931341,6.1,290
273895,Selma,20000000,66787908,46787908,3.3393954,7.4,817
14873,The Jungle Book 2,20000000,135680000,115680000,6.784,5.6,269
8968,Boogeyman,20000000,67192859,47192859,3.35964295,4.6,191
9963,Premonition,20000000,84146832,64146832,4.2073416,5.8,381
15655,The Tigger Movie,30000000,45554533,15554533,1.5184844333333334,6.3,143
21208,Orphan,20000000,41596251,21596251,2.07981255,6.7,1261
272878,Max,20000000,43967255,23967255,2.19836275,6.8,276
9760,Epic Movie,20000000,86865564,66865564,4.3432782,3.2,326
314365,Spotlight,20000000,88346473,68346473,4.41732365,7.8,2686
13279,Lakeview Terrace,20000000,27640028,7640028,1.3820014,5.9,292
1975,The Grudge 2,20000000,39143839,19143839,1.95719195,5.2,283
33644,How Stella Got Her Groove Back,20000000,37672350,17672350,1.8836175,6.0,24
9895,Man of the Year,20000000,41237648,21237648,2.0618824,5.8,129
9570,The Black Hole,20000000,35841901,15841901,1.79209505,6.1,131
27579,The American,20000000,65464324,45464324,3.2732162,5.8,481
16052,Selena,20000000,60000000,40000000,3.0,7.0,114
40264,Vampires Suck,20000000,80547866,60547866,4.0273933,4.2,315
1164,Babel,25000000,135330182,110330182,5.41320728,6.9,1055
239678,This Is Where I Leave You,19800000,41296320,21496320,2.085672727272727,6.5,505
14359,Doubt,20000000,50907234,30907234,2.5453617,7.0,435
3989,Team America: World Police,32000000,50907422,18907422,1.5908569375,6.6,660
76617,Texas Chainsaw 3D,20000000,47241945,27241945,2.36209725,5.3,465
4258,Scary Movie 5,20000000,78378744,58378744,3.9189372,4.6,793
20391,Paint Your Wagon,20000000,31678778,11678778,1.5839389,6.2,63
10139,Milk,20000000,54586584,34586584,2.7293292,7.1,612
335778,Risen,20000000,46069568,26069568,2.3034784,5.7,295
9645,Ghost Ship,35000000,68349884,33349884,1.9528538285714283,5.3,531
55465,A Very Harold & Kumar Christmas,19000000,35387212,16387212,1.862484842105263,6.0,328
617,Wild Things,20000000,67200000,47200000,3.36,6.3,444
48289,The Debt,20000000,45636368,25636368,2.2818184,6.3,257
243,High Fidelity,30000000,47126295,17126295,1.5708765,7.0,628
8848,The Bank Job,20000000,64822796,44822796,3.2411398,6.6,697
38,Eternal Sunshine of the Spotless Mind,20000000,72258126,52258126,3.6129063,7.9,3652
38303,You Again,20000000,32005248,12005248,1.6002624,6.0,368
1266,Street Kings,20000000,65569869,45569869,3.27849345,6.3,363
107985,The World's End,20000000,46089287,26089287,2.30446435,6.7,1778
19901,Daybreakers,20000000,51416464,31416464,2.5708232,6.0,634
34016,She's Out of My League,20000000,49779728,29779728,2.4889864,5.9,525
59860,Monte Carlo,20000000,17425000,-2575000,0.87125,6.0,593
10069,Stay Alive,9000000,27105095,18105095,3.011677222222222,5.3,155
12819,Alpha and Omega,20000000,39300000,19300000,1.965,5.3,124
9954,The Covenant,20000000,37597471,17597471,1.87987355,5.2,288
25132,Shorts,40000000,28972508,-11027492,0.7243127,5.1,44
577,To Die For,20000000,21284514,1284514,1.0642257,6.7,175
328387,Nerve,20000000,83707310,63707310,4.1853655,7.1,2181
12690,Appaloosa,20000000,20211394,211394,1.0105697,6.3,299
539,Psycho,806948,32000000,31193052,39.655591190510414,8.2,2320
13596,My Best Friend's Girl,20000000,36620508,16620508,1.8310254,5.4,220
226857,Endless Love,20000000,34077920,14077920,1.703896,6.7,542
47941,Under the Rainbow,20000000,2297493,-17702507,0.11487465,4.9,7
526,Ladyhawke,20000000,18432000,-1568000,0.9216,6.8,260
22796,Simon Birch,20000000,18253415,-1746585,0.91267075,6.5,52
2355,Reign Over Me,20000000,22222308,2222308,1.1111154,7.1,334
5915,Into the Wild,15000000,56255142,41255142,3.7503428,7.8,3045
9842,School for Scoundrels,20000000,17807569,-2192431,0.89037845,5.6,111
61012,Silent Hill: Revelation 3D,20000000,52302796,32302796,2.6151398,5.0,432
755,From Dusk Till Dawn,19000000,25836616,6836616,1.359821894736842,6.9,1603
9470,Kung Fu Hustle,20000000,100914445,80914445,5.04572225,7.2,831
7979,The Kite Runner,20000000,73276047,53276047,3.66380235,7.3,394
470,21 Grams,20000000,60427839,40427839,3.02139195,7.2,918
15644,Paparazzi,20000000,16605763,-3394237,0.83028815,5.8,52
9582,A Guy Thing,20000000,17432163,-2567837,0.87160815,5.3,83
22074,Capitalism: A Love Story,20000000,17436509,-2563491,0.87182545,7.0,167
2428,The Greatest Story Ever Told,20000000,15473333,-4526667,0.77366665,6.5,41
290751,Secret in Their Eyes,19500000,34854990,15354990,1.7874353846153843,6.2,336
13805,Disaster Movie,25000000,14109284,-10890716,0.56437136,3.0,240
4597,Armored,20000000,22942221,2942221,1.14711105,5.5,208
9414,The Man Who Knew Too Little,20000000,13801755,-6198245,0.69008775,6.5,125
63492,What's Your Number?,20000000,30426096,10426096,1.5213048,6.2,671
81796,Lockout,20000000,32204030,12204030,1.6102015,5.8,715
15092,Crank: High Voltage,20000000,34560577,14560577,1.72802885,5.9,861
15005,One Night with the King,20000000,13391174,-6608826,0.6695587,6.1,12
8198,The Quiet American,30000000,27674124,-2325876,0.9224708,6.4,81
6963,The Weather Man,20000000,12482775,-7517225,0.62413875,6.0,289
15070,Undisputed,20000000,12398628,-7601372,0.6199314,6.1,139
17134,12 Rounds,20000000,17280326,-2719674,0.8640163,5.7,220
41402,Let Me In,20000000,24145613,4145613,1.20728065,6.7,641
146198,Triple 9,20000000,12639297,-7360703,0.63196485,5.6,797
2639,Deconstructing Harry,20000000,10686841,-9313159,0.53434205,7.3,187
295964,Burnt,20000000,36606743,16606743,1.83033715,6.3,950
11835,Death Sentence,20000000,16974459,-3025541,0.84872295,6.5,297
14396,Code Name: The Cleaner,20000000,10337477,-9662523,0.51687385,4.7,78
15673,Connie and Carla,20000000,11341016,-8658984,0.5670508,6.4,24
42618,Sweet Charity,8000000,20000000,12000000,2.5,6.5,15
171274,Inherent Vice,20000000,11110975,-8889025,0.55554875,6.5,833
109417,Battle of the Year,20000000,16549477,-3450523,0.82747385,5.9,88
13948,An American Carol,20000000,7000000,-13000000,0.35,4.1,20
106747,Machete Kills,12000000,15008161,3008161,1.2506800833333334,5.3,631
256962,Little Boy,20000000,6420319,-13579681,0.32101595,7.0,185
48231,A Dangerous Method,15000000,27462041,12462041,1.8308027333333332,6.2,571
3509,A Scanner Darkly,8700000,7659918,-1040082,0.8804503448275862,6.8,532
12142,Alone in the Dark,20000000,10442808,-9557192,0.5221404,3.1,173
23367,Bandslam,20000000,5210988,-14789012,0.2605494,5.4,126
241239,A Most Violent Year,20000000,12007070,-7992930,0.6003535,6.5,546
3902,I'm Not There.,20000000,4001121,-15998879,0.20005605,6.6,195
77948,The Cold Light of Day,20000000,16863583,-3136417,0.84317915,4.8,271
21755,The Brothers Bloom,20000000,5530764,-14469236,0.2765382,6.8,203
128,Princess Mononoke,26500000,159375308,132875308,6.014162566037736,8.2,1983
16608,The Proposition,2000000,5048693,3048693,2.5243465,7.1,218
32316,Marci X,20000000,1675706,-18324294,0.0837853,3.3,12
7299,Equilibrium,20000000,5359645,-14640355,0.26798225,6.9,1552
13405,The Children of Huang Shi,40000000,7400000,-32600000,0.185,6.5,52
314385,By the Sea,10000000,3727746,-6272254,0.3727746,5.4,156
10448,Rapa Nui,20000000,305070,-19694930,0.0152535,6.2,33
43935,Dylan Dog: Dead of Night,20000000,4634062,-15365938,0.2317031,4.5,139
44638,The Tempest,20000000,346594,-19653406,0.0173297,6.0,31
199373,The Frozen Ground,27220000,5496951,-21723049,0.2019452975753122,6.1,465
581,Dances with Wolves,22000000,424208848,402208848,19.28222036363636,7.6,1046
52449,Bad Teacher,20000000,216197492,196197492,10.8098746,5.4,1584
12150,Sea of Love,19000000,110879513,91879513,5.835763842105263,6.7,141
11247,A Cinderella Story,19000000,70067909,51067909,3.687784684210526,6.1,713
4232,Scream,14000000,173046663,159046663,12.360475928571429,7.0,1476
694,The Shining,19000000,44017374,25017374,2.316703894736842,8.1,3757
105,Back to the Future,19000000,381109762,362109762,20.05840852631579,8.0,6079
11377,House on Haunted Hill,19000000,40846082,21846082,2.149793789473684,5.5,209
41210,The Switch,19000000,49830607,30830607,2.6226635263157894,5.9,583
12090,Just Married,18000000,101564935,83564935,5.642496388888889,5.3,404
62630,The Devil's Double,19100000,5728213,-13371787,0.2999064397905759,6.5,208
29427,The Crazies,20000000,54956140,34956140,2.747807,6.2,633
129,Spirited Away,15000000,274925095,259925095,18.32833966666667,8.3,3840
2669,The Bounty,25000000,8613462,-16386538,0.34453848,6.5,108
13523,Sex Drive,19000000,18755936,-244064,0.9871545263157896,6.0,342
25195,Leap Year,19000000,29922472,10922472,1.5748669473684211,6.4,465
17277,The Fall of the Roman Empire,19000000,4750000,-14250000,0.25,6.0,33
50725,Take Me Home Tonight,19000000,6928068,-12071932,0.3646351578947368,6.2,208
73191,The Nutcracker,19000000,2119994,-16880006,0.1115786315789473,5.6,5
10065,The Amityville Horror,19000000,108047131,89047131,5.686691105263158,6.0,588
2757,Adaptation.,19000000,32801173,13801173,1.7263775263157894,7.3,638
11683,Land of the Dead,15000000,46770602,31770602,3.1180401333333334,6.0,381
1878,Fear and Loathing in Las Vegas,18500000,10680275,-7819725,0.5773121621621622,7.2,1301
23082,The Invention of Lying,18500000,31912793,13412793,1.7250158378378375,6.0,518
195589,Neighbors,18000000,268157400,250157400,14.897633333333332,6.2,2713
854,The Mask,23000000,351583407,328583407,15.286235086956522,6.6,2472
2280,Big,18000000,151668774,133668774,8.426043,6.9,993
496,Borat: Cultural Learnings of America for Make Benefit Glorious Nation of Kazakhstan,18000000,261572744,243572744,14.531819111111112,6.5,1579
8835,Legally Blonde,18000000,141774679,123774679,7.8763710555555555,6.1,882
157,Star Trek III: The Search for Spock,18000000,87000000,69000000,4.833333333333333,6.4,434
8643,The Exorcism of Emily Rose,19000000,144216468,125216468,7.590340421052631,6.3,659
10402,Deuce Bigalow: Male Gigolo,17000000,65535067,48535067,3.8550039411764714,5.5,308
218043,Left Behind,16000000,19682924,3682924,1.23018275,3.7,392
21301,Barbershop 2:  Back in Business,18000000,65070412,47070412,3.615022888888889,5.6,74
10147,Bad Santa,23000000,76488889,53488889,3.3256038695652173,6.5,656
816,Austin Powers: International Man of Mystery,16500000,67683989,51183989,4.102059939393939,6.5,1013
302688,My Big Fat Greek Wedding 2,18000000,88923251,70923251,4.940180611111111,5.5,322
60307,Diary of a Wimpy Kid: Rodrick Rules,21000000,72417394,51417394,3.448447333333333,6.3,238
106,Predator,18000000,98235548,80235548,5.457530444444444,7.3,2093
279,Amadeus,18000000,51973029,33973029,2.8873905,7.8,1076
10625,Mean Girls,17000000,129042871,112042871,7.590757117647059,6.9,2320
5279,Gosford Park,19800000,87754044,67954044,4.432022424242424,6.8,246
10013,Peggy Sue Got Married,18000000,41382841,23382841,2.299046722222222,5.9,136
194662,Birdman,18000000,103215094,85215094,5.734171888888889,7.4,4535
160588,Blue Jasmine,18000000,99206215,81206215,5.511456388888889,7.0,1098
9829,United 93,15000000,76286096,61286096,5.085739733333333,6.9,367
10028,Honey,18000000,62646763,44646763,3.480375722222222,6.0,303
790,The Fog,1000000,21378361,20378361,21.378361,6.4,311
43959,Soul Surfer,18000000,47088990,29088990,2.616055,6.9,342
10364,Catch-22,18000000,24911670,6911670,1.3839816666666669,6.7,72
9610,Conan the Destroyer,18000000,100000000,82000000,5.555555555555555,5.8,383
1578,Raging Bull,18000000,23000000,5000000,1.2777777777777777,7.7,938
25643,Love Happens,18000000,36133014,18133014,2.007389666666666,5.6,180
44115,127 Hours,18000000,35692920,17692920,1.98294,7.0,2606
10560,Center Stage,18000000,17200925,-799075,0.9556069444444444,6.8,90
333348,Love the Coopers,17000000,24000000,7000000,1.411764705882353,5.4,167
20483,Catch That Kid,18000000,16702864,-1297136,0.9279368888888888,4.9,76
321697,Steve Jobs,30000000,34441873,4441873,1.1480624333333334,6.8,1573
38665,The Legend of the Lone Ranger,18000000,2945600,-15054400,0.1636444444444444,3.7,14
2575,The Tailor of Panama,21000000,28008462,7008462,1.3337362857142858,6.2,92
11644,Blow Out,18000000,12000000,-6000000,0.6666666666666666,7.3,236
146227,Getaway,18000000,10501938,-7498062,0.583441,4.9,246
68924,The Ice Storm,18000000,8038061,-9961939,0.4465589444444444,6.9,176
253235,And So It Goes,18000000,25312387,7312387,1.4062437222222222,5.7,164
10068,Nine 1/2 Weeks,17000000,6735922,-10264078,0.3962307058823529,5.8,177
848,Dragonslayer,18000000,14110013,-3889987,0.7838896111111111,6.5,67
522,Ed Wood,18000000,5887457,-12112543,0.3270809444444444,7.3,630
130150,Labor Day,18000000,20275812,2275812,1.126434,6.7,299
12246,Mongol: The Rise of Genghis Khan,18000000,26527510,8527510,1.4737505555555557,6.5,158
13809,RockNRolla,18000000,25739015,7739015,1.4299452777777777,6.9,836
33870,Mao's Last Dancer,25000000,20719451,-4280549,0.82877804,6.8,28
245703,Midnight Special,18000000,6212282,-11787718,0.3451267777777778,6.2,694
127560,The Railway Man,18000000,22309223,4309223,1.239401277777778,6.7,273
10017,The Wraith,2700000,3500000,800000,1.2962962962962965,5.9,108
11468,Salton Sea,18000000,676698,-17323302,0.0375943333333333,7.0,104
193613,Metallica: Through the Never,18000000,7972967,-10027033,0.4429426111111111,6.7,83
17436,The Informers,18000000,382174,-17617826,0.0212318888888888,4.4,60
43434,Carlos,18000000,871279,-17128721,0.0484043888888888,6.7,50
8408,Day of the Dead,3500000,34000000,30500000,9.714285714285714,6.9,270
9389,Renaissance,18000000,1831348,-16168652,0.1017415555555555,6.7,77
9626,Red Sonja,17900000,6948633,-10951367,0.3881917877094972,5.0,206
75638,Red Lights,14000000,13551174,-448826,0.967941,6.0,376
8363,Superbad,20000000,121463226,101463226,6.0731613,7.0,2100
8328,Step Up 2: The Streets,23000000,150816700,127816700,6.557247826086956,6.5,640
10982,Hoodwinked!,15000000,51053787,36053787,3.4035858,5.9,479
205,Hotel Rwanda,17500000,38000000,20500000,2.1714285714285717,7.5,793
1620,Hitman,24000000,99965753,75965753,4.165239708333333,5.9,966
175541,Black Nativity,17500000,7018189,-10481811,0.4010393714285714,5.8,16
241254,The Prince,18000000,266586800,248586800,14.810377777777775,4.6,218
679,Aliens,18500000,183316455,164816455,9.908997567567567,7.7,3220
11113,My Fair Lady,17000000,72070731,55070731,4.239454764705882,7.4,352
3597,I Know What You Did Last Summer,17000000,125586134,108586134,7.387419647058824,5.6,687
193893,Let's Be Cops,17000000,136621271,119621271,8.036545352941177,6.4,1219
9675,Sideways,16000000,109502303,93502303,6.8438939375,6.9,478
9988,Beerfest,17500000,19179969,1679969,1.0959982285714285,5.8,172
948,Halloween,300000,70000000,69700000,233.33333333333331,7.4,1035
146304,The Best Man Holiday,17000000,71625195,54625195,4.213246764705882,6.7,110
7516,Smokin' Aces,17000000,57103895,40103895,3.359052647058824,6.4,534
41439,Saw: The Final Chapter,20000000,136150434,116150434,6.8075217,5.8,730
9429,A Night at the Roxbury,17000000,30331165,13331165,1.7841861764705882,5.9,198
38117,Beastly,17000000,43165571,26165571,2.539151235294117,6.0,849
9792,The Hills Have Eyes,15000000,69623713,54623713,4.641580866666667,6.1,705
13960,ATL,20000000,21170563,1170563,1.05852815,6.0,32
114150,Pitch Perfect,17000000,115350426,98350426,6.785319176470588,7.3,2247
26602,Summer Catch,34000000,19693891,-14306109,0.5792320882352942,4.8,63
26390,Brooklyn's Finest,17000000,29536299,12536299,1.7374293529411764,6.2,293
27759,55 Days at Peking,17000000,10000000,-7000000,0.5882352941176471,6.3,36
109428,Evil Dead,17000000,97542952,80542952,5.737820705882353,6.4,1723
23049,My Life in Ruins,17000000,20455276,3455276,1.2032515294117647,5.6,101
9310,American Dreamz,17000000,7314027,-9685973,0.4302368823529411,4.9,95
11411,Superman IV: The Quest for Peace,17000000,19300000,2300000,1.1352941176470588,4.1,318
7304,Running Scared,17000000,9500000,-7500000,0.5588235294117647,7.0,331
1491,The Illusionist,40000000,86915017,46915017,2.172875425,7.1,1615
2989,Roar,17000000,2000000,-15000000,0.1176470588235294,5.6,19
10629,Veronica Guerin,17000000,1569918,-15430082,0.0923481176470588,6.8,59
255343,Escobar: Paradise Lost,17000000,3758328,-13241672,0.2210781176470588,6.1,271
4723,Southland Tales,17000000,374743,-16625257,0.0220437058823529,5.2,153
25763,Damnation Alley,17000000,8720000,-8280000,0.5129411764705882,5.0,27
79694,The Apparition,17000000,9627492,-7372508,0.5663230588235294,4.5,140
18615,Fur: An Imaginary Portrait of Diane Arbus,16800000,2281089,-14518911,0.1357791071428571,5.8,73
10673,Wall Street,15000000,43848069,28848069,2.9232046,7.0,546
4584,Sense and Sensibility,16500000,135000000,118500000,8.181818181818182,7.2,352
2977,Becoming Jane,16500000,37311672,20811672,2.2613134545454545,6.9,317
10760,Sydney White,16500000,13620075,-2879925,0.8254590909090909,6.0,236
11093,House of Sand and Fog,16500000,16942795,442795,1.0268360606060607,7.0,199
207,Dead Poets Society,16400000,235860116,219460116,14.381714390243902,8.1,2705
8467,Dumb and Dumber,16000000,247275374,231275374,15.454710875,6.5,1859
639,When Harry Met Sally...,16000000,92823546,76823546,5.801471625,7.3,950
24226,The Verdict,16000000,53977250,37977250,3.373578125,7.4,131
9285,Road Trip,16000000,119754278,103754278,7.484642375,5.9,542
74643,The Artist,15000000,133432856,118432856,8.895523733333333,7.3,1049
13788,The Unborn,16000000,76514050,60514050,4.782128125,4.8,365
83666,Moonrise Kingdom,16000000,68263166,52263166,4.266447875,7.6,1662
318850,The Young Messiah,18500000,6490401,-12009599,0.3508324864864864,6.4,30
1417,Pan's Labyrinth,19000000,83258226,64258226,4.382011894736842,7.6,3041
16161,Baby Boy,16000000,29381649,13381649,1.8363530625,7.4,55
49950,The Roommate,16000000,40492759,24492759,2.5307974375,5.3,224
10956,Joe Dirt,17700000,30987695,13287695,1.750717231638418,5.5,242
9594,Double Impact,15000000,30102717,15102717,2.0068478,5.3,215
4638,Hot Fuzz,12000000,80573774,68573774,6.714481166666666,7.4,2199
13972,The Women,16000000,50007546,34007546,3.125471625,4.6,96
5038,Vicky Cristina Barcelona,15000000,96408652,81408652,6.427243466666667,6.7,1020
10571,Boys and Girls,16000000,20627372,4627372,1.28921075,5.4,103
19994,Jennifer's Body,16000000,31556061,15556061,1.9722538125,5.3,837
25166,Drowning Mona,16000000,15427192,-572808,0.9641995,5.4,43
12120,My Stepmother is an Alien,20000000,13854000,-6146000,0.6927,5.3,131
9800,Philadelphia,26000000,206678440,180678440,7.949170769230769,7.6,988
1090,The Thirteenth Floor,16000000,18564088,2564088,1.1602555,6.8,378
18475,The Cookout,16000000,12,-15999988,7.5e-07,4.6,10
9781,Detroit Rock City,6500000,4217115,-2282885,0.6487869230769231,6.7,100
8009,Highlander,16000000,5900000,-10100000,0.36875,6.8,624
3877,Things We Lost in the Fire,16000000,2849142,-13150858,0.178071375,6.7,90
8854,Steel,16000000,1686429,-14313571,0.1054018125,4.3,48
152599,The Immigrant,16000000,5867686,-10132314,0.366730375,6.2,250
68727,Trance,20000000,24261569,4261569,1.21307845,6.5,956
12657,Soul Plane,16000000,14822346,-1177654,0.926396625,4.7,108
8265,Welcome to the Sticks,11000000,53191886,42191886,4.835626,6.8,615
34647,Enter the Void,13000000,754249,-12245751,0.0580191538461538,7.2,387
28178,Hachi: A Dog's Tale,16000000,47801389,31801389,2.9875868125,7.7,1717
264656,The Homesman,16000000,3442853,-12557147,0.2151783125,6.4,258
18777,Slow Burn,15500000,1237615,-14262385,0.079846129032258,5.5,16
90,Beverly Hills Cop,15000000,316360478,301360478,21.09069853333333,6.8,961
771,Home Alone,18000000,476684675,458684675,26.482481944444444,7.1,2414
9576,Tootsie,21000000,177200000,156200000,8.438095238095238,6.9,421
744,Top Gun,15000000,356830601,341830601,23.78870673333333,6.7,1698
146,"Crouching Tiger, Hidden Dragon",17000000,213525736,196525736,12.560337411764706,7.2,927
14,American Beauty,15000000,356296601,341296601,23.753106733333333,7.9,3313
45269,The King's Speech,15000000,414211549,399211549,27.614103266666667,7.6,2752
9493,Twins,15000000,216614388,201614388,14.4409592,5.7,559
22556,The Yellow Handkerchief,15000000,317000,-14683000,0.0211333333333333,6.4,52
873,The Color Purple,15000000,146292009,131292009,9.7528006,7.7,338
33196,Tidal Wave,16000000,11301649,-4698351,0.7063530625,6.5,48
205596,The Imitation Game,14000000,233555708,219555708,16.68255057142857,8.0,5723
16769,Coal Miner's Daughter,15000000,67182787,52182787,4.478852466666667,7.2,67
33217,Diary of a Wimpy Kid,15000000,75700498,60700498,5.046699866666667,5.9,355
132232,Mama,15000000,146497771,131497771,9.766518066666666,6.0,1401
11153,National Lampoon's Vacation,15000000,61399552,46399552,4.093303466666667,7.1,410
208134,Bad Grandpa,15000000,151831537,136831537,10.122102466666666,6.0,680
1165,The Queen,15000000,123384128,108384128,8.225608533333334,6.8,338
4011,Beetlejuice,15000000,73326666,58326666,4.8884444,7.1,1444
17202,Why Did I Get Married?,15000000,55184721,40184721,3.6789814,6.1,33
65086,The Woman in Black,17000000,127730736,110730736,7.513572705882353,6.1,1206
10053,When a Stranger Calls,15000000,66966987,51966987,4.4644658,5.4,268
11870,Big Fat Liar,15000000,52970014,37970014,3.5313342666666667,5.6,197
11778,The Deer Hunter,15000000,50000000,35000000,3.333333333333333,7.8,921
586,Wag the Dog,15000000,64256513,49256513,4.283767533333333,6.7,270
18736,The Lizzie McGuire Movie,17000000,55534455,38534455,3.266732647058824,5.7,280
134411,Snitch,35000000,42930462,7930462,1.2265846285714286,5.8,1138
287903,Krampus,15000000,61548707,46548707,4.103247133333333,5.9,584
9276,The Faculty,15000000,40283321,25283321,2.6855547333333334,6.2,492
2142,Cop Land,15000000,44862187,29862187,2.9908124666666667,6.6,382
11397,Not Another Teen Movie,16000000,66468332,50468332,4.15427075,5.5,431
77016,End of Watch,7000000,48126384,41126384,6.875197714285714,7.2,1170
11478,The Skulls,15000000,35007180,20007180,2.333812,5.8,156
266856,The Theory of Everything,15000000,123726688,108726688,8.248445866666666,7.8,3311
10564,Where the Heart Is,15000000,33771174,18771174,2.2514116,6.9,155
947,Lawrence of Arabia,15000000,69995385,54995385,4.666359,7.8,851
24150,Halloween II,15000000,39421467,24421467,2.6280978,5.1,267
228970,Wild,15000000,52501541,37501541,3.500102733333333,7.0,951
18405,The Last House on the Left,15000000,32721635,17721635,2.181442333333333,6.2,440
6961,The Wedding Date,15000000,47175038,32175038,3.1450025333333333,6.2,230
11442,Halloween: Resurrection,13000000,37664855,24664855,2.8972965384615383,4.5,228
2493,The Princess Bride,16000000,30857814,14857814,1.928613375,7.6,1486
14047,The Great Debaters,15000000,30226144,15226144,2.0150762666666666,6.9,151
64690,Drive,15000000,78054825,63054825,5.203655,7.4,3725
11132,Confessions of a Teenage Drama Queen,15000000,29331068,14331068,1.9554045333333332,5.1,221
17127,The Object of My Affection,15000000,46905889,31905889,3.1270592666666666,5.6,72
1562,28 Weeks Later,15000000,64238440,49238440,4.282562666666666,6.5,1197
232679,When the Game Stands Tall,15000000,30127963,15127963,2.008530866666667,6.3,130
17880,Because of Winn-Dixie,14000000,32645546,18645546,2.3318247142857143,6.1,61
14736,Love & Basketball,20000000,27728118,7728118,1.3864059,7.4,88
23706,All About Steve,15000000,40105542,25105542,2.6737028,4.7,295
9100,The Craft,15000000,24769466,9769466,1.6512977333333334,6.3,380
116,Match Point,15000000,85306374,70306374,5.6870916,7.3,1105
1245,The Remains of the Day,11500000,23237911,11737911,2.0206879130434783,7.5,202
4995,Boogie Nights,15000000,43101594,28101594,2.8734396,7.5,796
14012,Flicka,15000000,21000000,6000000,1.4,6.1,52
12212,Urban Legends: Final Cut,14000000,38574362,24574362,2.7553115714285714,4.4,100
8975,The Marine,20000000,22165608,2165608,1.1082804,5.0,163
342521,Keanu,15000000,20566327,5566327,1.3710884666666667,6.0,421
45272,Country Strong,15000000,20529194,5529194,1.3686129333333332,5.9,80
9424,Disturbing Behavior,15000000,17507368,2507368,1.1671578666666669,5.5,104
97367,The Place Beyond the Pines,15000000,35485608,20485608,2.3657072,6.8,1653
254904,The November Man,15000000,32556119,17556119,2.1704079333333333,6.0,639
12162,The Hurt Locker,15000000,42000000,27000000,2.8,7.2,1840
11495,Firestarter,15000000,17080167,2080167,1.1386778,5.9,173
64689,Killing Them Softly,15000000,37930465,22930465,2.5286976666666665,5.8,742
157849,A Most Wanted Man,15000000,31554855,16554855,2.103657,6.5,541
37003,U2 3D,15000000,22730842,7730842,1.5153894666666667,6.7,10
12211,Highlander: Endgame,25000000,15843608,-9156392,0.63374432,4.4,104
51828,One Day,15000000,59389433,44389433,3.9592955333333335,7.0,978
22798,Whip It,15000000,16633035,1633035,1.108869,6.7,357
7501,Knockaround Guys,15000000,12000000,-3000000,0.8,5.9,97
97430,The Man with the Iron Fists,15000000,15608545,608545,1.0405696666666666,5.2,358
12257,Home Fries,15000000,10443316,-4556684,0.6962210666666667,4.8,32
14024,Raise Your Voice,15000000,14867514,-132486,0.9911676,6.0,211
115,The Big Lebowski,15000000,46189568,31189568,3.079304533333333,7.8,2926
7874,Black Snake Moan,15000000,10903846,-4096154,0.7269230666666666,6.6,243
4911,Dark Blue,15000000,9237470,-5762530,0.6158313333333333,6.5,85
1988,A Mighty Heart,16000000,18928871,2928871,1.1830544375,6.7,95
16222,Whatever It Takes,15000000,9902115,-5097885,0.660141,5.0,37
9557,Boat Trip,20000000,8586376,-11413624,0.4293188,4.7,146
8321,In Bruges,15000000,34533783,19533783,2.3022522,7.4,1388
10186,The Rocker,15000000,8762890,-6237110,0.5841926666666667,5.6,156
25704,Post Grad,15000000,6405245,-8594755,0.4270163333333333,5.0,100
133694,Promised Land,15000000,8138788,-6861212,0.5425858666666666,6.0,243
19265,Whatever Works,15000000,35097815,20097815,2.3398543333333333,6.8,350
36047,The In Crowd,15000000,5217498,-9782502,0.3478332,4.7,15
8053,The Three Burials of Melquiades Estrada,15000000,12036149,-2963851,0.8024099333333333,7.0,177
5236,Kiss Kiss Bang Bang,15000000,15785148,785148,1.0523432,7.2,886
6552,Idle Hands,25000000,4152230,-20847770,0.1660892,6.1,182
1018,Mulholland Drive,15000000,20117339,5117339,1.3411559333333334,7.6,1477
42188,Never Let Me Go,15000000,9455232,-5544768,0.6303488,6.8,737
6687,Transsiberian,15000000,5926410,-9073590,0.395094,6.5,195
8461,Funny Games,15000000,7938872,-7061128,0.5292581333333334,6.3,545
19,Metropolis,92620000,650422,-91969578,0.0070224789462319,8.0,657
10045,District B13,12000000,9584131,-2415869,0.7986775833333334,6.5,565
400,Things to Do in Denver When You're Dead,8000000,529766,-7470234,0.06622075,6.7,85
253450,The Assassin,15000000,632542,-14367458,0.0421694666666666,6.6,157
16353,Ong Bak 2,8500000,8936663,436663,1.0513721176470587,6.0,152
23759,Centurion,12000000,6814789,-5185211,0.5678990833333334,5.9,386
24206,Silent Trigger,15000000,76382,-14923618,0.0050921333333333,5.0,22
10185,The Midnight Meat Train,15000000,3533227,-11466773,0.2355484666666666,6.0,290
31668,All The Queen's Men,15000000,23000,-14977000,0.0015333333333333,6.1,7
13501,The Good Night,15000000,20380,-14979620,0.0013586666666666,5.7,41
172391,Khumba,20000000,27187375,7187375,1.35936875,5.8,72
137,Groundhog Day,14600000,70906973,56306973,4.85664198630137,7.4,2301
264999,Magic Mike XXL,14800000,122513057,107713057,8.277909256756757,6.3,706
454,Romeo + Juliet,14500000,147298761,132798761,10.15853524137931,6.7,1374
53457,Sarah's Key,10000000,17511906,7511906,1.7511906,7.2,196
33,Unforgiven,14000000,159157447,145157447,11.368389071428572,7.7,1113
1951,Manderlay,14200000,674918,-13525082,0.0475294366197183,6.9,78
12405,Slumdog Millionaire,15000000,377910544,362910544,25.194036266666668,7.6,2827
10998,Fatal Attraction,14000000,320145693,306145693,22.8675495,6.6,291
114,Pretty Woman,14000000,463000000,449000000,33.07142857142857,7.0,1746
2604,Born on the Fourth of July,14000000,161001698,147001698,11.500121285714286,6.7,395
864,Cool Runnings,14000000,154864401,140864401,11.061742928571428,6.8,491
14435,My Bloody Valentine,15000000,100734718,85734718,6.715647866666667,5.3,299
1931,Stomp the Yard,13000000,75511123,62511123,5.808547923076923,6.1,88
691,The Spy Who Loved Me,14000000,185438673,171438673,13.2456195,6.6,507
9877,Urban Legend,14000000,72527595,58527595,5.1805425,5.6,290
12227,White Fang,14000000,34793160,20793160,2.4852257142857144,6.5,135
71688,The Iron Lady,13000000,114956699,101956699,8.842823,6.2,527
8291,Poetic Justice,14000000,27515786,13515786,1.9654132857142856,6.9,47
13950,All About the Benjamins,14000000,25482931,11482931,1.8202093571428573,5.8,48
12158,Vampire in Brooklyn,14000000,19800000,5800000,1.4142857142857144,4.5,111
11586,Exorcist II: The Heretic,14000000,30749142,16749142,2.196367285714285,4.5,133
12403,A Perfect Getaway,14000000,22852638,8852638,1.6323312857142858,6.2,351
34563,Our Family Wedding,14000000,21409028,7409028,1.5292162857142857,5.7,39
10368,Tea with Mussolini,12000000,21001563,9001563,1.75013025,5.8,32
14434,I Think I Love My Wife,11000000,13196245,2196245,1.1996586363636363,5.0,55
11470,Jason X,11000000,16951798,5951798,1.5410725454545455,4.5,291
24940,Head Over Heels,14000000,10424470,-3575530,0.744605,5.3,73
82679,Fun Size,14000000,11417362,-2582638,0.8155258571428572,5.5,134
2013,The Diving Bell and the Butterfly,14000000,19777647,5777647,1.4126890714285714,7.4,283
1440,Little Children,26000000,14821658,-11178342,0.5700637692307692,6.9,240
18041,Gossip,14000000,5108820,-8891180,0.3649157142857143,5.5,68
87729,Jefferson in Paris,14000000,2474000,-11526000,0.1767142857142857,5.2,10
44754,Margaret,14000000,46495,-13953505,0.0033210714285714,6.1,86
43949,Flipped,14000000,1755212,-12244788,0.1253722857142857,7.4,418
142,Brokeback Mountain,14000000,178043761,164043761,12.7174115,7.5,1480
10712,Far from Heaven,13500000,29027914,15527914,2.150215851851852,6.9,144
243938,Hot Tub Time Machine 2,14000000,12314651,-1685349,0.8796179285714286,5.0,354
10876,Quills,13500000,7060876,-6439124,0.5230278518518519,6.8,128
86838,Seven Psychopaths,15000000,19422261,4422261,1.2948174,6.7,1206
613,Downfall,18339750,92180910,73841160,5.026290434711488,7.7,1037
1913,The Sea Inside,12806000,38535221,25729221,3.0091535998750585,7.2,219
97370,Under the Skin,13300000,5380251,-7919749,0.4045301503759398,6.0,1102
801,"Good Morning, Vietnam",13000000,123922370,110922370,9.53249,7.1,642
70829,The Last Godfather,13400000,16700000,3300000,1.2462686567164178,4.7,7
54518,Justin Bieber: Never Say Never,13000000,98441954,85441954,7.572458,4.8,154
44214,Black Swan,13000000,327803731,314803731,25.21567161538461,7.3,4430
240,The Godfather: Part II,13000000,47542841,34542841,3.657141615384616,8.3,3338
9816,Save the Last Dance,13000000,91038276,78038276,7.002944307692308,6.3,352
10131,A Nightmare on Elm Street 4: The Dream Master,7000000,72500000,65500000,10.357142857142858,5.8,281
339984,Miracles from Heaven,16000000,77000000,61000000,4.8125,6.7,186
8859,"Dude, Where’s My Car?",13000000,73180723,60180723,5.629286384615384,5.2,509
11967,Young Guns,13000000,44726644,31726644,3.440511076923077,6.6,258
239563,St. Vincent,13000000,54837234,41837234,4.218248769230769,7.1,763
222899,About Last Night,12500000,49002684,36502684,3.92021472,6.0,210
4951,10 Things I Hate About You,16000000,53478166,37478166,3.342385375,7.3,1701
332567,The Shallows,17000000,119100758,102100758,7.005926941176471,6.2,1567
1954,The Butterfly Effect,13000000,96060858,83060858,7.38929676923077,7.3,2060
22345,Baby Geniuses,12000000,36450736,24450736,3.037561333333333,3.3,75
9448,The Big Hit,13000000,27007143,14007143,2.0774725384615387,6.1,109
11186,Child's Play 2,13000000,35763605,22763605,2.7510465384615386,5.8,308
136835,No Good Deed,13200000,53830415,40630415,4.078061742424242,5.6,181
5876,The Mist,18000000,57096190,39096190,3.172010555555556,6.7,1399
264660,Ex Machina,15000000,36869414,21869414,2.457960933333333,7.6,4737
492,Being John Malkovich,13000000,22863596,9863596,1.758738153846154,7.3,1101
238603,Earth to Echo,13000000,45300000,32300000,3.4846153846153847,5.7,290
10691,Crazy/Beautiful,13000000,16929123,3929123,1.302240230769231,6.6,96
1251,Letters from Iwo Jima,19000000,68673228,49673228,3.614380421052632,7.2,541
5172,The Astronaut Farmer,13000000,11130889,-1869111,0.8562222307692308,6.2,123
58680,Woo,13000000,8026971,-4973029,0.6174593076923077,5.5,10
264644,Room,6000000,35401758,29401758,5.900293,8.1,2757
11592,Serial Mom,13000000,7820688,-5179312,0.6015913846153846,6.4,135
16406,Dick,13000000,27500000,14500000,2.1153846153846154,5.7,67
3682,54,13000000,16757163,3757163,1.2890125384615383,5.5,135
107811,21 & Over,13000000,48065672,35065672,3.697359384615385,5.7,737
2266,"Paris, je t'aime",13000000,4857367,-8142633,0.3736436153846154,6.8,207
144340,Admission,13000000,18000000,5000000,1.3846153846153846,5.4,304
28211,Chloe,15000000,8459458,-6540542,0.5639638666666666,5.9,498
47502,Faithful,13000000,9789900,-3210100,0.7530692307692308,4.8,4
9950,Find Me Guilty,13000000,2636637,-10363363,0.2028182307692307,6.5,138
84892,The Perks of Being a Wallflower,13000000,33400000,20400000,2.569230769230769,7.7,2968
24227,Excessive Force,3000000,1200000,-1800000,0.4,4.5,10
9672,Infamous,13000000,1151330,-11848670,0.0885638461538461,6.4,60
157544,The Vatican Tapes,13000000,1784763,-11215237,0.1372894615384615,4.6,243
59678,Attack the Block,14350531,3964682,-10385849,0.2762742368209232,6.3,733
79777,In the Land of Blood and Honey,10000000,303877,-9696123,0.0303877,5.8,45
158011,The Call,13000000,68572378,55572378,5.274798307692308,6.6,1257
8952,I Love You Phillip Morris,13000000,10652035,-2347965,0.8193873076923077,6.4,503
62204,Quest for Fire,12000000,55260558,43260558,4.6050465,7.1,109
13435,Antwone Fisher,12500000,23367586,10867586,1.86940688,6.7,137
319,True Romance,12500000,12281551,-218449,0.98252408,7.5,749
9504,Glengarry Glen Ross,12500000,10725228,-1774772,0.85801824,7.5,323
26688,Sorority Row,12500000,27206120,14706120,2.1764896,5.4,177
6615,Lars and the Real Girl,12000000,11293663,-706337,0.9411385833333332,7.1,509
14574,The Boy in the Striped Pyjamas,12500000,20416563,7916563,1.63332504,7.7,1451
16,Dancer in the Dark,12800000,40031879,27231879,3.127490546875,7.6,377
21612,The Funeral,12500000,1227324,-11272676,0.09818592,7.3,31
36691,Solitary Man,15000000,5024782,-9975218,0.3349854666666667,5.8,84
23631,Machete,20000000,31327899,11327899,1.56639495,6.3,1150
45324,Casino Jack,12500000,1083683,-11416317,0.08669464,6.0,94
12144,The Land Before Time,12300000,84460846,72160846,6.866735447154472,7.0,640
56601,The Perfect Game,12500000,3878993,-8621007,0.31031944,6.3,30
9552,The Exorcist,8000000,441306145,433306145,55.163268125,7.5,2005
578,Jaws,7000000,470654000,463654000,67.23628571428571,7.5,2542
2105,American Pie,11000000,235483004,224483004,21.40754581818182,6.4,2296
126319,Ernest & Celestine,12516654,8109160,-4407494,0.6478696303341133,7.6,142
10136,The Golden Child,25000000,79817939,54817939,3.19271756,5.6,304
67660,Think Like a Man,12000000,96070507,84070507,8.005875583333333,6.9,281
10611,Barbershop,12000000,75781642,63781642,6.315136833333334,6.2,137
154,Star Trek II: The Wrath of Khan,12000000,96800000,84800000,8.066666666666666,7.3,675
3049,Ace Ventura: Pet Detective,15000000,107217396,92217396,7.1478264,6.4,1648
860,WarGames,12000000,79567667,67567667,6.630638916666666,7.0,504
9281,Witness,12000000,68706993,56706993,5.72558275,7.0,375
75674,Act of Valor,12000000,81272766,69272766,6.7727305,6.3,417
9762,Step Up,12000000,114194847,102194847,9.51623725,6.7,1060
184,Jackie Brown,12000000,39673162,27673162,3.306096833333333,7.3,1514
13335,Harold & Kumar Escape from Guantanamo Bay,12000000,43493123,31493123,3.6244269166666663,6.2,497
76726,Chronicle,15000000,145000000,130000000,9.666666666666666,6.6,1935
10269,Yentl,12000000,30400000,18400000,2.533333333333333,6.2,51
36819,Time Bandits,5000000,42365581,37365581,8.4731162,6.6,249
17130,Crossroads,12000000,61141030,49141030,5.095085833333333,4.7,158
57214,Project X,12000000,100000000,88000000,8.333333333333334,6.5,1564
11202,Patton,12000000,89800000,77800000,7.483333333333333,7.3,323
9357,One Hour Photo,12000000,52223306,40223306,4.351942166666666,6.6,435
13812,Quarantine,12000000,40855419,28855419,3.40461825,5.5,339
9030,The Eye,12000000,56309766,44309766,4.6924805,5.5,281
19084,Johnson Family Vacation,12000000,31179516,19179516,2.598293,4.7,30
8386,How High,12000000,31155435,19155435,2.59628625,6.3,218
1360,Frida,12000000,56298474,44298474,4.6915395,7.3,383
101267,Katy Perry: Part of Me,12000000,32726956,20726956,2.727246333333333,6.5,85
222935,The Fault in Our Stars,12000000,307166834,295166834,25.597236166666665,7.6,3759
10220,Rounders,12000000,22921898,10921898,1.9101581666666667,6.9,439
31915,Prophecy,12000000,54000000,42000000,4.5,5.4,25
11601,Stir of Echoes,12000000,21133087,9133087,1.7610905833333332,6.5,330
205220,Philomena,12000000,100129872,88129872,8.344156,7.4,579
14191,Aquamarine,12000000,23006849,11006849,1.9172374166666664,5.8,364
286565,Paper Towns,12000000,85512300,73512300,7.126025,6.1,1937
129670,Nebraska,12000000,17654912,5654912,1.4712426666666667,7.4,636
34549,Max Keeble's Big Move,12000000,17292381,5292381,1.44103175,5.4,33
57157,Young Adult,12000000,22939027,10939027,1.9115855833333333,5.6,364
1948,Crank,12000000,42931041,30931041,3.57758675,6.6,1151
46889,Living Out Loud,12000000,12902790,902790,1.0752325,5.3,11
387,Das Boot,14000000,85000000,71000000,6.071428571428571,7.9,613
60599,Arbitrage,12000000,35485056,23485056,2.957088,6.1,294
227719,Project Almanac,12000000,32248241,20248241,2.687353416666667,6.4,933
12088,Fortress,8000000,6739141,-1260859,0.842392625,5.7,168
14799,For Your Consideration,12000000,5542025,-6457975,0.4618354166666666,5.9,43
7510,Running with Scissors,12000000,6754898,-5245102,0.5629081666666667,5.8,78
31246,From Justin to Kelly,12000000,4922166,-7077834,0.4101805,3.0,23
61752,Girl 6,12000000,4939939,-7060061,0.4116615833333333,5.7,16
10944,In the Cut,12000000,23,-11999977,1.916666666666667e-06,4.6,89
10362,Two Lovers,12000000,3148182,-8851818,0.2623485,6.6,154
1255,The Host,11000000,88489643,77489643,8.044513,6.7,537
179144,The Great Beauty,12400000,8371085,-4028915,0.6750875,7.3,720
86825,Stoker,12000000,12077441,77441,1.0064534166666668,6.5,882
844,2046,12000000,19271312,7271312,1.6059426666666667,6.9,206
38448,Ondine,12000000,1644755,-10355245,0.1370629166666666,6.5,84
327,Brother,12000000,15250000,3250000,1.2708333333333333,6.8,107
21345,City of Life and Death,12000000,10652498,-1347502,0.8877081666666666,7.6,55
173931,Legend of a Rabbit,19000000,2570000,-16430000,0.1352631578947368,3.0,3
61984,Space Battleship Yamato,12000000,11212294,-787706,0.9343578333333332,6.3,59
50601,5 Days of War,20000000,17479,-19982521,0.00087395,5.8,62
236751,Heaven is for Real,12000000,101332962,89332962,8.4444135,6.0,229
107,Snatch,10000000,83557872,73557872,8.3557872,7.7,2912
8913,Pet Sematary,11500000,57469467,45969467,4.997344956521739,6.4,407
927,Gremlins,11000000,153083102,142083102,13.916645636363636,6.9,1596
11,Star Wars,11000000,775398007,764398007,70.49072790909091,8.1,6624
291870,Dirty Grandpa,11500000,94073028,82573028,8.180263304347825,5.7,1406
907,Doctor Zhivago,11000000,111858363,100858363,10.168942090909091,7.4,247
45317,The Fighter,25000000,93617009,68617009,3.74468036,7.2,1486
12094,Jackass Number Two,11000000,72778712,61778712,6.616246545454546,6.4,298
10377,My Cousin Vinny,11000000,64088552,53088552,5.826232,7.3,384
249164,If I Stay,11000000,78874843,67874843,7.170440272727273,7.3,1368
9942,Major League,11000000,49797148,38797148,4.527013454545455,6.6,217
1817,Phone Booth,13000000,97837138,84837138,7.525933692307692,6.7,1062
10229,A Walk to Remember,11000000,41227069,30227069,3.747915363636364,7.5,1018
687,Dead Man Walking,11000000,39363635,28363635,3.5785122727272727,7.3,337
796,Cruel Intentions,10500000,75902208,65402208,7.228781714285715,6.6,827
22804,Saw VI,11000000,68233629,57233629,6.203057181818182,6.0,722
10156,History of the World: Part I,11000000,31672907,20672907,2.8793551818181817,6.5,204
12837,The Secret Life of Bees,11000000,38105395,27105395,3.464126818181818,7.4,158
17708,Corky Romano,11000000,23978402,12978402,2.179854727272727,4.1,54
13937,Raising Cain,12000000,37170057,25170057,3.09750475,5.9,65
28932,F.I.S.T.,11,11,0,1.0,6.4,29
31909,Invaders from Mars,12000000,4884663,-7115337,0.40705525,5.5,57
167073,Brooklyn,11000000,62076141,51076141,5.643285545454545,7.2,1213
3175,Barry Lyndon,11000000,20000000,9000000,1.818181818181818,7.7,505
14369,Out Cold,24000000,14782676,-9217324,0.6159448333333334,5.8,53
16888,The Ladies Man,24000000,13700000,-10300000,0.5708333333333333,5.7,34
121826,Quartet,11000000,59520298,48520298,5.410936181818182,6.3,139
10646,Tomcats,11000000,23430766,12430766,2.130069636363636,4.9,74
12149,Frailty,11000000,13110448,2110448,1.191858909090909,7.0,334
304357,Woman in Gold,11000000,61619773,50619773,5.601797545454546,7.3,440
20009,Slackers,14000000,6413915,-7586085,0.4581367857142857,5.4,60
1587,What's Eating Gilbert Grape,11000000,30000000,19000000,2.727272727272727,7.5,919
30973,The Visual Bible: The Gospel of John,10000000,4069090,-5930910,0.406909,8.2,12
63020,The Perez Family,11000000,2832826,-8167174,0.2575296363636363,6.6,9
86829,Inside Llewyn Davis,11000000,32935319,21935319,2.994119909090909,7.2,834
13888,Return to the Blue Lagoon,11000000,2807854,-8192146,0.2552594545454545,5.1,153
42345,The Molly Maguires,11000000,2200000,-8800000,0.2,5.9,16
11917,Saw V,10800000,113857533,103057533,10.542364166666667,5.9,820
14395,Kabhi Alvida Naa Kehna,7400000,17000000,9600000,2.2972972972972974,6.1,42
24137,An Ideal Husband,14000000,18535191,4535191,1.3239422142857142,6.3,46
62,2001: A Space Odyssey,10500000,68700000,58200000,6.542857142857143,7.9,2998
601,E.T. the Extra-Terrestrial,10500000,792910554,782410554,75.51529085714286,7.3,3269
13067,In the Land of Women,10000000,17500000,7500000,1.75,5.8,160
88641,There Goes My Baby,10500000,123509,-10376491,0.0117627619047619,8.5,2
96399,For Greater Glory - The True Story of Cristiada,12000000,9622846,-2377154,0.8019038333333334,6.4,35
489,Good Will Hunting,10000000,225933435,215933435,22.5933435,7.9,2811
214,Saw III,10000000,163876815,153876815,16.3876815,6.1,1071
10890,Stripes,10000000,85300000,75300000,8.53,6.5,249
1588,Bring It On,28000000,90449929,62449929,3.230354607142857,5.8,568
316727,The Purge: Election Year,10000000,118587880,108587880,11.858788,6.1,1306
10314,She's All That,10000000,103166989,93166989,10.3166989,5.7,418
663,Saw IV,10000000,139352633,129352633,13.9352633,5.9,903
11804,White Noise,10000000,91196419,81196419,9.1196419,5.6,261
16781,Madea's Family Reunion,6000000,57231524,51231524,9.538587333333334,6.0,77
11873,The Color of Money,13800000,52293982,38493982,3.7894189855072464,6.7,291
9289,The Longest Day,10000000,50100000,40100000,5.01,7.2,234
10414,The Mighty Ducks,10000000,50752337,40752337,5.0752337,6.4,198
1970,The Grudge,10000000,183474602,173474602,18.3474602,5.8,865
9614,Happy Gilmore,12000000,41205099,29205099,3.43375825,6.5,755
8922,Jeepers Creepers,10000000,59217789,49217789,5.9217789,6.1,720
1648,Bill & Ted's Excellent Adventure,10000000,40485039,30485039,4.0485039,6.7,454
17917,Oliver!,10000000,37402877,27402877,3.7402877,7.0,103
74534,The Best Exotic Marigold Hotel,10000000,136836156,126836156,13.6836156,6.9,459
19405,Recess: School's Out,10000000,44460850,34460850,4.446085,6.6,67
9355,Mad Max Beyond Thunderdome,12305523,36230219,23924696,2.9442242316722336,5.9,748
10999,Commando,10000000,57500000,47500000,5.75,6.4,742
321258,The Boy,10000000,64188367,54188367,6.4188367,5.8,1102
44040,Devil,10000000,33583175,23583175,3.3583175,5.8,816
10426,Friday After Next,20000000,33526835,13526835,1.67634175,6.0,100
280092,Insidious: Chapter 3,10000000,104303851,94303851,10.4303851,6.2,983
13938,The Last Dragon,10000000,25754284,15754284,2.5754284,6.4,69
10163,The Lawnmower Man,10000000,32101000,22101000,3.2101,5.4,197
12182,Nick and Norah's Infinite Playlist,9000000,32973937,23973937,3.6637707777777777,6.4,379
1832,Dogma,10000000,30652890,20652890,3.065289,6.8,823
15301,Twilight Zone: The Movie,10000000,29450919,19450919,2.9450919,6.2,161
10135,Road House,15000000,30050028,15050028,2.0033352,6.3,252
26352,A Low Down Dirty Shame,10000000,29392418,19392418,2.9392418,6.0,31
20616,Swimfan,8500000,34411240,25911240,4.048381176470588,5.0,70
9794,Employee of the Month,12000000,38368909,26368909,3.197409083333333,5.3,153
15037,Can't Hardly Wait,10000000,25605015,15605015,2.5605015,6.1,122
227,The Outsiders,10000000,33697647,23697647,3.3697647,6.9,291
294272,Pete's Dragon,65000000,143695338,78695338,2.210697507692308,6.2,679
11336,The Dead Zone,10000000,20766616,10766616,2.0766616,6.9,311
283445,Sinister 2,10000000,52882018,42882018,5.2882018,5.4,581
88036,Sparkle,14000000,24637469,10637469,1.7598192142857143,5.8,36
22824,The Fourth Kind,10000000,42333295,32333295,4.2333295,5.8,441
11545,Rushmore,9000000,17096053,8096053,1.8995614444444444,7.5,676
42684,Skyline,10000000,66821036,56821036,6.6821036,4.7,507
268238,The Second Best Exotic Marigold Hotel,10000000,85978266,75978266,8.5978266,6.3,272
41823,Mo' Better Blues,10000000,16153593,6153593,1.6153593,6.3,47
9362,Tremors,11000000,48572000,37572000,4.415636363636364,6.6,864
9902,Wrong Turn,12600000,28650575,16050575,2.2738551587301585,6.0,635
14729,The Long Riders,10000000,15795189,5795189,1.5795189,6.6,50
9455,The Corruptor,25000000,15156200,-9843800,0.606248,6.0,57
103731,Mud,10000000,21587700,11587700,2.15877,7.0,1068
10090,Reno 911!: Miami,10000000,20342161,10342161,2.0342161,5.6,72
75900,My Week with Marilyn,6400000,35057696,28657696,5.477765,6.6,406
9515,The Matador,10000000,17297244,7297244,1.7297244,6.2,136
328425,The Gift,5000000,58978653,53978653,11.7957306,6.7,1049
1542,Office Space,10000000,12827813,2827813,1.2827813,7.4,1050
10490,Drop Dead Gorgeous,10000000,10571408,571408,1.0571408,6.4,86
87093,Big Eyes,10000000,28883511,18883511,2.8883511,6.8,1196
10029,Very Bad Things,30000000,9898412,-20101588,0.3299470666666667,6.2,179
11507,Body Double,10000000,8801940,-1198060,0.880194,6.4,137
37931,MacGruber,10000000,6110000,-3890000,0.611,5.1,179
87818,Movie 43,6000000,32438988,26438988,5.406498,4.4,797
88005,Seeking a Friend for the End of the World,10000000,9636289,-363711,0.9636289,6.3,700
73,American History X,20000000,23875127,3875127,1.19375635,8.2,3016
14283,The Red Violin,18000000,9495408,-8504592,0.5275226666666667,7.3,99
209403,Bad Words,9500000,7800000,-1700000,0.8210526315789474,6.4,334
7942,"Run, Fatboy, Run",10000000,33000000,23000000,3.3,6.2,238
73247,Heartbeeps,10000000,2154696,-7845304,0.2154696,3.8,6
253331,Black or White,9000000,21571189,12571189,2.3967987777777777,6.5,115
9952,Rescue Dawn,10000000,7177143,-2822857,0.7177143,6.9,336
256924,Danny Collins,10000000,10835752,835752,1.0835752,6.6,183
82532,"Jeff, Who Lives at Home",10000000,4417580,-5582420,0.441758,6.1,217
2088,Romeo Is Bleeding,11500000,3275585,-8224415,0.2848334782608696,5.7,36
10388,The Limey,10000000,3193102,-6806898,0.3193102,6.6,105
1640,Crash,6500000,98410061,91910061,15.140009384615384,7.2,1149
25520,The House of Mirth,10000000,5164404,-4835596,0.5164404,6.4,25
329440,The Forest,10000000,40055439,30055439,4.0055439,4.8,448
47890,Sphinx,14000000,439564,-13560436,0.0313974285714285,6.0,2
252512,While We're Young,10000000,7587485,-2412515,0.7587485,5.8,383
55720,A Better Life,10000000,1759252,-8240748,0.1759252,7.0,54
29076,Gun Shy,10000000,1631839,-8368161,0.1631839,5.4,24
68812,The Iceman,20000000,1969193,-18030807,0.09845965,6.4,365
73567,Killer Joe,10000000,3665069,-6334931,0.3665069,6.5,425
41479,The Joneses,10000000,7022728,-2977272,0.7022728,6.1,210
1989,My Blueberry Nights,10000000,21786738,11786738,2.1786738,6.0,190
12779,Swept Away,10000000,598645,-9401355,0.0598645,4.8,50
13191,"War, Inc.",5000000,1296184,-3703816,0.2592368,5.6,86
101173,Coriolanus,7700000,1072602,-6627398,0.139298961038961,5.9,131
20178,World's Greatest Dad,10000000,295750,-9704250,0.029575,6.5,177
78149,"An Alan Smithee Film: Burn, Hollywood, Burn",10000000,45779,-9954221,0.0045779,3.0,9
245846,Strangerland,10000000,17472,-9982528,0.0017472,5.1,83
25186,Janky Promoters,10000000,9069,-9990931,0.0009069,7.0,5
217708,Of Horses and Men,10,11,1,1.1,6.9,26
78383,Nurse 3-D,10,10000000,9999990,1000000.0,4.9,119
16614,Adventureland,9500000,17164377,7664377,1.8067765263157896,6.4,737
9700,The Lost City,9600000,4386236,-5213764,0.4568995833333333,6.0,24
10471,Next Friday,11000000,59827328,48827328,5.438848,6.4,135
667,You Only Live Twice,9500000,111584787,102084787,11.74576705263158,6.5,531
86837,Amour,8900000,19839492,10939492,2.229156404494382,7.5,400
10306,Poltergeist III,10500000,14144000,3644000,1.347047619047619,4.5,123
11576,"It's a Mad, Mad, Mad, Mad World",9400000,60000000,50600000,6.382978723404255,7.0,140
219,Volver,12899867,85582407,72682540,6.634363517081223,7.3,406
62215,Melancholia,7400000,21817298,14417298,2.948283513513513,7.0,885
348,Alien,11000000,104931801,93931801,9.539254636363635,7.9,4470
30497,The Texas Chain Saw Massacre,85000,30859000,30774000,363.0470588235294,7.2,590
27586,The Runaways,10000000,2995811,-7004189,0.2995811,6.3,254
14811,Fiddler on the Roof,9000000,83304330,74304330,9.256036666666668,7.4,134
660,Thunderball,5500000,141195658,135695658,25.671937818181817,6.5,562
40794,Loose Cannons,7000000,8220215,1220215,1.1743164285714285,7.0,118
9400,Set It Off,9000000,41590886,32590886,4.621209555555556,6.9,66
16162,The Best Man,9000000,34573780,25573780,3.8415311111111112,6.8,38
10585,Child's Play,9000000,44196684,35196684,4.910742666666667,6.3,581
2359,Sicko,9000000,24538513,15538513,2.7265014444444446,7.3,235
238636,The Purge: Anarchy,9000000,108782847,99782847,12.086983,6.6,1954
11282,Harold & Kumar Go to White Castle,9000000,23936908,14936908,2.6596564444444444,6.6,693
14181,Boiler Room,26000000,28780255,2780255,1.1069328846153843,6.5,201
1621,Trading Places,40600000,90400000,49800000,2.226600985221675,7.1,738
9656,Black Christmas,9000000,21510851,12510851,2.390094555555556,4.8,119
1619,The Way of the Gun,8500000,19125401,10625401,2.2500471764705883,6.4,100
9685,Igby Goes Down,9000000,4777465,-4222535,0.5308294444444445,6.5,95
14425,PCU,9000000,4350774,-4649226,0.4834193333333333,6.0,41
15568,Gracie,9000000,2955039,-6044961,0.3283376666666667,6.0,17
67675,Glee: The Concert Movie,9000000,18663238,9663238,2.073693111111111,6.8,79
250349,Barbecue,6000000,14348529,8348529,2.3914215,5.8,214
39806,Princess Kaiulani,9000000,771499,-8228501,0.0857221111111111,4.8,14
15699,Opal Dream,5000000,140666,-4859334,0.0281332,6.1,7
17926,Undiscovered,9000000,1046166,-7953834,0.1162406666666666,4.5,12
9671,Crocodile Dundee,5000000,328203506,323203506,65.6407012,6.3,503
13483,Awake,86000000,14373825,-71626175,0.1671375,6.3,395
1547,The Lost Boys,8500000,32222567,23722567,3.7908902352941176,6.8,538
25196,Crazy Heart,7000000,39462438,32462438,5.637491142857143,6.8,274
16323,The Rose,9250000,29174648,19924648,3.154016,6.8,28
175528,Baggage Claim,8500000,22456509,13956509,2.6419422352941178,5.6,85
8069,Barbarella,9000000,2500000,-6500000,0.2777777777777778,5.7,146
16727,The Namesake,12000000,20138836,8138836,1.6782363333333334,6.8,50
272693,The DUFF,8500000,43528634,35028634,5.1210157647058825,6.8,1322
10696,Glitter,22000000,5271666,-16728334,0.2396211818181818,3.4,38
29963,Bright Star,8500000,4440055,-4059945,0.5223594117647059,6.8,107
26022,My Name Is Khan,12000000,42345360,30345360,3.52878,7.7,232
152747,All Is Lost,9000000,6108720,-2891280,0.6787466666666667,6.6,671
62676,Limbo,8000000,1997807,-6002193,0.249725875,7.0,17
1116,The Wind That Shakes the Barley,6500000,22889018,16389018,3.5213873846153847,7.1,154
185008,Yeh Jawaani Hai Deewani,7700000,46000000,38300000,5.974025974025974,7.2,79
11620,Quo Vadis,8250000,30000000,21750000,3.636363636363636,7.0,63
680,Pulp Fiction,8000000,213928762,205928762,26.74109525,8.3,8428
242582,Nightcrawler,8500000,38697217,30197217,4.552613764705883,7.6,3395
11217,Club Dread,8500000,5001655,-3498345,0.58843,5.1,107
15121,The Sound of Music,8200000,286214286,278014286,34.9041812195122,7.4,941
2619,Splash,8000000,69821334,61821334,8.72766675,6.1,321
773,Little Miss Sunshine,8000000,100523181,92523181,12.565397625,7.5,1686
235,Stand by Me,8000000,52287414,44287414,6.53592675,7.8,1522
170,28 Days Later,5000000,82719885,77719885,16.543977,7.1,1777
10734,Escape from Alcatraz,8000000,43000000,35000000,5.375,7.2,561
37964,Brown Sugar,8000000,27362712,19362712,3.420339,7.0,31
40807,50/50,8000000,39187783,31187783,4.898472875,7.0,1261
225565,That Awkward Moment,8000000,26049082,18049082,3.25613525,6.1,1004
668,On Her Majesty's Secret Service,6500000,81974493,75474493,12.611460461538462,6.5,456
11596,New Nightmare,14000000,18090181,4090181,1.2921557857142858,6.4,291
14429,Drive Me Crazy,8000000,22593409,14593409,2.824176125,5.8,62
13751,Akeelah and the Bee,8000000,18948425,10948425,2.368553125,6.7,81
9490,Half Baked,8000000,17460020,9460020,2.1825025,6.4,177
14536,New in Town,8000000,29010817,21010817,3.626352125,5.2,99
1359,American Psycho,7000000,34266564,27266564,4.895223428571429,7.3,2066
9962,The Good Girl,8000000,16856124,8856124,2.1070155,6.1,181
15049,Bon Cop Bad Cop,8000000,12671300,4671300,1.5839125,6.5,42
22821,The Boondock Saints II: All Saints Day,8000000,10629321,2629321,1.328665125,5.9,261
37735,Easy A,8000000,74952305,66952305,9.369038125,6.7,2210
10873,Shadow of the Vampire,8000000,8279017,279017,1.034877125,6.6,148
51588,Prom,8000000,10130000,2130000,1.26625,5.7,134
291270,Anomalisa,8000000,5659286,-2340714,0.70741075,7.0,459
44009,Another Year,8000000,18124262,10124262,2.26553275,7.0,97
13154,Showdown in Little Tokyo,8000000,2275557,-5724443,0.284444625,5.7,95
43923,It's Kind of a Funny Story,8000000,6491240,-1508760,0.811405,6.9,672
26306,Prefontaine,8000000,589304,-7410696,0.073663,6.7,21
198277,Begin Again,8000000,63464861,55464861,7.933107625,7.3,1254
7870,Down in the Valley,8000000,852872,-7147128,0.106609,5.9,63
13072,Brooklyn Rules,8000000,458232,-7541768,0.057279,5.8,18
10288,Fido,8000000,426224,-7573776,0.053278,6.6,135
44147,Wild Target,8000000,3453043,-4546957,0.431630375,6.4,215
13197,10th & Wolf,8000000,143451,-7856549,0.017931375,6.3,24
251321,Aloft,8000000,53086,-7946914,0.00663575,5.1,41
149,Akira,8000000,553171,-7446829,0.069146375,7.8,773
10425,The Death and Life of Bobby Z,22000000,413454,-21586546,0.0187933636363636,5.8,103
49081,The Rocket: The Legend of Rocket Richard,8000000,2019009,-5980991,0.252376125,6.1,17
302,Swimming Pool,7800000,22441323,14641323,2.8770926923076923,6.4,153
403,Driving Miss Daisy,7500000,145793296,138293296,19.439106133333333,7.0,350
33542,Rumble in the Bronx,7500000,32392047,24892047,4.3189396,6.5,240
9388,Thank You for Smoking,6500000,24793509,18293509,3.814386,7.1,664
1691,Hostel: Part II,10200000,35619521,25419521,3.4921099019607844,5.6,453
24684,An Education,7500000,26096852,18596852,3.479580266666667,6.8,409
2610,Shopgirl,10284523,11588205,1303682,1.1267615425625477,5.7,75
11022,Narc,6500000,12633747,6133747,1.9436533846153845,6.8,142
34341,Men with Brooms,7500000,4245870,-3254130,0.566116,4.5,7
36046,The Work and the Glory,7500000,3347647,-4152353,0.4463529333333333,6.1,7
12569,Extract,8000000,10848783,2848783,1.356097875,5.7,192
73873,Albert Nobbs,8000000,5634828,-2365172,0.7043535,6.2,132
7735,The Wave,7500000,19000000,11500000,2.533333333333333,7.5,841
301365,The Neon Demon,7000000,1333124,-5666876,0.1904462857142857,6.4,887
25941,Harry Brown,7300000,10329747,3029747,1.4150338356164385,6.7,348
7326,Juno,7500000,231411584,223911584,30.854877866666666,7.0,2244
681,Diamonds Are Forever,7200000,116019547,108819547,16.113825972222223,6.3,553
238,The Godfather,6000000,245066411,239066411,40.844401833333336,8.4,5893
535,Flashdance,4000000,92921203,88921203,23.23030075,6.1,302
19913,(500) Days of Summer,7500000,60722734,53222734,8.096364533333333,7.2,2904
713,The Piano,7000000,116700000,109700000,16.67142857142857,7.1,281
77930,Magic Mike,7000000,167221571,160221571,23.888795857142856,6.1,1040
253,Live and Let Die,7000000,161777836,154777836,23.111119428571428,6.4,533
57119,Jumping the Broom,6600000,37710610,31110610,5.713728787878788,6.0,56
3291,"Good Night, and Good Luck.",7000000,54600000,47600000,7.8,6.8,273
398,Capote,7000000,49084830,42084830,7.012118571428571,6.8,384
8068,Desperado,7000000,25405445,18405445,3.6293492857142855,6.8,881
10803,Logan's Run,9000000,25000000,16000000,2.7777777777777777,6.6,269
682,The Man with the Golden Gun,7000000,97572000,90572000,13.938857142857144,6.3,524
10117,Action Jackson,7000000,20256975,13256975,2.893853571428572,4.9,50
79316,Devil's Due,7000000,36433975,29433975,5.204853571428571,4.4,216
2074,Flirting with Disaster,7000000,14702438,7702438,2.100348285714286,6.3,66
308639,Dope,700000,17986781,17286781,25.69540142857143,7.2,691
22314,In Too Deep,7000000,14011454,7011454,2.001636285714285,6.2,17
2662,House of 1000 Corpses,7000000,16829545,9829545,2.404220714285714,6.0,306
12573,A Serious Man,7000000,31430334,24430334,4.490047714285715,6.6,483
241771,Beyond the Lights,7000000,14618727,7618727,2.0883895714285714,7.0,139
11051,The Last Temptation of Christ,7000000,8373585,1373585,1.1962264285714286,7.0,201
14578,Outside Providence,7000000,7292175,292175,1.0417392857142858,5.6,30
13006,Split Second,7,5,-2,0.7142857142857143,5.7,63
16651,The Other Side of Heaven,7000000,4720371,-2279629,0.6743387142857142,6.7,14
4251,Veer-Zaara,7000000,29385320,22385320,4.197902857142857,7.4,64
14112,Auto Focus,7000000,2062066,-4937934,0.2945808571428571,6.1,56
71859,We Need to Talk About Kevin,7000000,6038942,-961058,0.862706,7.4,677
33676,Losin' It,7000000,1246141,-5753859,0.1780201428571428,4.5,31
30128,I Hope They Serve Beer in Hell,7000000,1429299,-5570701,0.2041855714285714,5.7,20
44835,Hesher,7000000,382946,-6617054,0.0547065714285714,6.7,212
306745,Freeheld,7000000,573335,-6426665,0.081905,7.1,164
47088,The Extra Man,7000000,453079,-6546921,0.0647255714285714,5.9,29
110402,Hard to Be a God,7000000,1310673,-5689327,0.187239,6.7,41
27004,Ca$h,7000000,46488,-6953512,0.0066411428571428,6.0,73
8374,The Boondock Saints,6000000,30471,-5969529,0.0050785,7.2,837
164372,The Snow Queen,7000000,12400000,5400000,1.7714285714285714,5.1,47
13001,Stargate: The Ark of Truth,7000000,8900000,1900000,1.2714285714285714,6.9,140
9571,Dazed and Confused,6900000,7993039,1093039,1.1584114492753623,7.4,583
82505,House at the End of the Street,6900000,44287131,37387131,6.418424782608696,5.6,555
46738,Incendies,6800000,7103838,303838,1.0446820588235295,7.9,479
250546,Annabelle,6500000,255273813,248773813,39.272894307692304,5.6,1517
38415,Bran Nue Dae,7,7,0,1.0,5.2,6
650,Boyz n the Hood,6500000,57504069,51004069,8.846779846153845,7.4,364
16620,La Bamba,6500000,54215416,47715416,8.340833230769231,6.8,116
11033,Dressed to Kill,6500000,31899000,25399000,4.907538461538461,6.8,157
9430,Go,6500000,28451622,21951622,4.377172615384615,7.0,196
8998,Friends with Money,6500000,13368437,6868437,2.056682615384615,5.1,128
10514,The Andromeda Strain,6500000,12376563,5876563,1.9040866153846157,7.0,190
76025,Shame,6500000,17693675,11193675,2.7221038461538463,7.0,875
4836,Layer Cake,6500000,11850214,5350214,1.8231098461538464,7.0,559
14631,The Work and the Glory II: American Zion,6500000,2025032,-4474968,0.3115433846153846,8.0,6
87499,The East,6500000,2401510,-4098490,0.3694630769230769,6.5,305
18923,A Home at the End of the World,6500000,1548955,-4951045,0.2383007692307692,6.8,45
28089,The Messenger,6500000,1521261,-4978739,0.2340401538461538,7.1,119
218,The Terminator,6400000,78371200,71971200,12.2455,7.3,4128
338,"Good bye, Lenin!",4800000,79384880,74584880,16.538516666666666,7.4,586
10925,The Return of the Living Dead,4000000,14237000,10237000,3.55925,7.3,267
2293,Mallrats,6000000,2122561,-3877439,0.3537601666666666,6.8,392
621,Grease,6000000,181813770,175813770,30.302295,7.2,1581
792,Platoon,6000000,138530565,132530565,23.0884275,7.5,1205
1777,Fahrenheit 9/11,6000000,119114517,113114517,19.8524195,6.8,397
642,Butch Cassidy and the Sundance Kid,6000000,102308889,96308889,17.0514815,7.4,650
433,Mary Poppins,6000000,102272727,96272727,17.0454545,7.4,1183
1725,West Side Story,6000000,43656822,37656822,7.276137,7.0,389
11977,Caddyshack,6000000,39846344,33846344,6.641057333333333,6.6,365
16158,The Wood,6000000,25059640,19059640,4.176606666666666,7.1,34
629,The Usual Suspects,6000000,23341568,17341568,3.890261333333333,8.1,3254
10160,A Nightmare on Elm Street 5: The Dream Child,8000000,22168359,14168359,2.771044875,5.5,245
11452,National Lampoon’s Van Wilder,5000000,38275483,33275483,7.6550966,5.9,858
12163,The Wrestler,6000000,44703995,38703995,7.450665833333334,7.3,1000
32275,Duel in the Sun,6000000,20400000,14400000,3.4,6.2,37
1103,Escape from New York,6000000,50244700,44244700,8.374116666666668,6.9,703
14144,Daddy Day Camp,6000000,18197398,12197398,3.0328996666666668,4.4,91
10622,Mr. Nice Guy,12716953,18814720,6097767,1.479499059247919,6.3,128
13370,A Mighty Wind,6000000,18750246,12750246,3.125041,6.6,74
10215,Sliding Doors,6000000,58000000,52000000,9.666666666666666,6.5,354
25066,Tales from the Hood,6000000,12000000,6000000,2.0,5.4,32
1523,The Last King of Scotland,6000000,48027970,42027970,8.004661666666667,7.4,558
11361,Halloween 5: The Revenge of Michael Myers,5000000,11642254,6642254,2.3284508,5.2,183
92591,Bernie,5000000,9206470,4206470,1.841294,6.5,320
57612,Dolphins and Whales: Tribes of the Ocean,6000000,7518876,1518876,1.253146,8.0,3
15256,200 Cigarettes,6000000,6852450,852450,1.142075,6.1,44
83686,The Words,6000000,13231461,7231461,2.2052435,6.4,379
28053,City Island,6000000,6670712,670712,1.1117853333333334,6.9,113
67913,The Guard,6000000,19560274,13560274,3.2600456666666666,6.8,372
13991,College,7000000,6230276,-769724,0.8900394285714286,4.8,48
1443,The Virgin Suicides,6000000,10409377,4409377,1.734896166666667,7.1,817
231576,Wish I Was Here,5500000,5483299,-16701,0.9969634545454544,6.4,300
16172,Simply Irresistible,6000000,4398989,-1601011,0.7331648333333334,5.5,52
15797,Only the Strong,6000000,3283371,-2716629,0.5472285,6.9,29
13537,Shattered Glass,6000000,2944752,-3055248,0.490792,6.6,111
20794,Novocaine,6000000,2025238,-3974762,0.3375396666666667,6.0,44
576,The Wild Bunch,6244087,638641,-5605446,0.1022793244232503,7.6,259
13990,The Wackness,6000000,2899975,-3100025,0.4833291666666666,6.2,94
27549,Beastmaster 2: Through the Portal of Time,6000000,869325,-5130675,0.1448875,4.6,17
59728,The 5th Quarter,6000000,399611,-5600389,0.0666018333333333,4.7,12
58882,Snow Flower and the Secret Fan,134005,1332231,1198226,9.941651430916757,5.3,22
13827,"Surfer, Dude",6000000,69497,-5930503,0.0115828333333333,4.7,25
97614,Deadfall,12000000,66351,-11933649,0.00552925,5.6,224
837,Videodrome,5952000,2120439,-3831561,0.3562565524193548,7.1,454
1555,The Spanish Apartment,5300000,3897799,-1402201,0.7354337735849057,7.0,266
244783,Song One,6000000,32251,-5967749,0.0053751666666666,5.5,87
16564,Winter in Wartime,4000000,530048,-3469952,0.132512,6.8,66
3482,The Train,5800000,6800000,1000000,1.1724137931034482,7.2,72
8982,The Protector,6000000,27165581,21165581,4.527596833333333,6.8,167
455,Bend It Like Beckham,3500159,76578641,73078482,21.878617799934236,6.2,578
14351,Crossover,5800000,7000000,1200000,1.206896551724138,4.2,10
10664,[REC]²,5600000,18469680,12869680,3.298157142857143,6.4,489
9277,The Sting,5500000,159616327,154116327,29.02115036363636,7.9,622
9443,Chariots of Fire,5500000,58972904,53472904,10.722346181818182,6.8,207
11901,High Plains Drifter,5500000,15700000,10200000,2.8545454545454545,7.4,278
33155,Galaxina,5500000,4865000,-635000,0.8845454545454545,3.3,16
321,Mambo Italiano,4361898,3031801,-1330097,0.6950646255368649,5.6,28
4997,Wonderland,5000000,2466444,-2533556,0.4932888,6.2,73
925,Do the Right Thing,6500000,37295445,30795445,5.7377607692307695,7.6,292
7913,Rang De Basanti,2200000,11502151,9302151,5.228250454545455,7.2,97
230266,Miss Julie,5500000,5000000,-500000,0.9090909090909092,5.9,45
215,Saw II,4000000,152925093,148925093,38.23127325,6.3,1251
333371,10 Cloverfield Lane,15000000,108286421,93286421,7.219094733333334,6.8,2468
9012,Jackass: The Movie,5000000,64282312,59282312,12.8564624,6.1,345
345911,Lights Out,4900000,44107032,39207032,9.001435102040816,6.3,1129
72571,Paranormal Activity 3,5000000,205703818,200703818,41.1407636,5.9,669
242512,Ouija,5000000,103590271,98590271,20.7180542,4.9,983
10072,A Nightmare on Elm Street 3: Dream Warriors,5000000,44793222,39793222,8.9586444,6.5,354
211954,Instructions Not Included,5500000,99067206,93567206,18.012219272727272,7.5,205
82990,Paranormal Activity 4,5000000,142817992,137817992,28.5635984,5.2,563
29912,The Robe,4100000,36000000,31900000,8.78048780487805,6.4,42
11843,The Return of the Pink Panther,5000000,41833347,36833347,8.3666694,6.7,137
11284,Freddy's Dead: The Final Nightmare,11000000,34872033,23872033,3.170184818181818,5.1,272
504,Monster,8000000,60378584,52378584,7.547323,7.0,485
173,"20,000 Leagues Under the Sea",5000000,28200000,23200000,5.64,6.8,157
227348,Paranormal Activity: The Marked Ones,5000000,86362372,81362372,17.2724744,5.2,449
1955,The Elephant Man,5000000,26010864,21010864,5.2021728,7.9,719
152532,Dallas Buyers Club,5000000,55198285,50198285,11.039657,7.9,2886
243940,The Lazarus Effect,3300000,64110728,60810728,19.42749333333333,5.1,505
77,Memento,9000000,39723096,30723096,4.413677333333333,8.1,4028
157547,Oculus,5000000,44030246,39030246,8.8060492,6.3,1050
2295,Clerks II,5000000,26888376,21888376,5.3776752,6.9,398
71,Billy Elliot,5000000,110000000,105000000,22.0,7.4,750
147773,The Way Way Back,4600000,23198652,18598652,5.043185217391304,7.1,688
24266,The Man from Snowy River,3500000,20659423,17159423,5.902692285714286,6.8,37
59968,Our Idiot Brother,10000000,17273593,7273593,1.7273593,5.9,365
323677,Race,5000000,24804129,19804129,4.9608258,7.1,478
256274,"As Above, So Below",5000000,40100000,35100000,8.02,6.1,766
284293,Still Alice,5000000,43884652,38884652,8.7769304,7.5,1104
24973,The Egyptian,5000000,15000000,10000000,3.0,6.0,11
21610,Nighthawks,5000000,19905359,14905359,3.9810718,6.4,86
10283,Friday the 13th Part VIII: Jason Takes Manhattan,5000000,14000000,9000000,2.8,4.8,191
8346,My Big Fat Greek Wedding,5000000,368744044,363744044,73.7488088,6.2,671
122081,Spring Breakers,5000000,31724284,26724284,6.3448568,5.0,1551
10987,Halloween: The Curse of Michael Myers,5000000,15116634,10116634,3.0233268,5.0,170
1391,Y Tu Mamá También,5000000,33616692,28616692,6.7233384,7.3,315
747,Shaun of the Dead,4000000,30039392,26039392,7.509848,7.5,2420
26748,Lone Star,5000000,13269963,8269963,2.6539926,6.9,77
11357,Halloween 4: The Return of Michael Myers,5000000,17768757,12768757,3.5537514,5.9,209
14854,Lone Wolf McQuade,5000000,12232628,7232628,2.4465256,5.5,67
50357,Apollo 18,5000000,25562924,20562924,5.1125848,5.0,356
13090,Sunshine Cleaning,5000000,16174377,11174377,3.2348754,6.5,255
192141,No Escape,5000000,54418872,49418872,10.8837744,6.7,777
29996,Solomon and Sheba,5000000,12200000,7200000,2.44,5.4,8
351819,Fifty Shades of Black,20000000,21164799,1164799,1.05823995,4.3,331
22649,A Farewell to Arms,4,25,21,6.25,6.2,28
11042,The Barbarian Invasions,8000000,3432342,-4567658,0.42904275,6.7,77
17339,Force 10 from Navarone,5000000,7230000,2230000,1.446,6.4,91
335,Once Upon a Time in the West,5000000,5321508,321508,1.0643016,8.1,1128
15745,Made,5000000,5476060,476060,1.095212,6.3,55
17431,Moon,5000000,9760104,4760104,1.9520208,7.6,1794
78394,Sea Rex 3D: Journey to a Prehistoric World,5000000,4074023,-925977,0.8148046,5.9,11
10217,The Sweet Hereafter,5000000,3263585,-1736415,0.652717,6.8,103
46332,Of Gods and Men,4000000,41424067,37424067,10.35601675,6.5,91
13996,Bottle Shock,5000000,4040588,-959412,0.8081176,6.6,60
1024,Heavenly Creatures,5000000,3049135,-1950865,0.609827,7.0,294
343795,90 Minutes in Heaven,5000000,4842699,-157301,0.9685398,5.4,40
45658,Everything Must Go,5000000,2614773,-2385227,0.5229546,6.0,208
16148,Zero Effect,5000000,1980338,-3019662,0.3960676,6.0,55
4553,The Machinist,5000000,8203235,3203235,1.640647,7.3,1247
245916,Kill the Messenger,5000000,2450846,-2549154,0.4901692,6.6,355
27585,Rabbit Hole,5000000,5129058,129058,1.0258116,6.9,165
1415,Party Monster,5000000,742898,-4257102,0.1485796,5.9,58
313922,Green Room,5000000,3220371,-1779629,0.6440742,6.7,683
199933,Atlas Shrugged Part III: Who is John Galt?,5000000,846704,-4153296,0.1693408,3.9,15
13685,Bottle Rocket,7000000,560069,-6439931,0.0800098571428571,6.8,281
46838,Tucker and Dale vs Evil,5000000,5476793,476793,1.0953586,7.3,847
298312,The Visit,5000000,98450062,93450062,19.6900124,6.0,1360
11600,Redacted,5000000,782102,-4217898,0.1564204,6.2,37
31175,Soul Kitchen,5000000,17872796,12872796,3.5745592,7.1,116
12498,Sling Blade,1000000,24475416,23475416,24.475416,7.4,231
77949,The Awakening,4798235,209696,-4588539,0.0437027365270771,6.3,458
1690,Hostel,4800000,80578934,75778934,16.787277916666667,5.7,887
64720,Take Shelter,5000000,3099314,-1900686,0.6198628,7.1,471
16337,The Texas Chainsaw Massacre 2,4700000,8025872,3325872,1.707632340425532,5.9,139
11577,Pat Garrett & Billy the Kid,4638783,11000000,6361217,2.3713116134123973,7.2,65
77987,Only God Forgives,4800000,10337387,5537387,2.1536222916666667,5.6,862
9336,Police Academy,4500000,146198896,141698896,32.488643555555555,6.5,602
5689,The Blue Lagoon,4500000,58853106,54353106,13.078468,5.8,408
712,Four Weddings and a Funeral,6000000,254700832,248700832,42.45013866666667,6.6,632
13342,Fast Times at Ridgemont High,4500000,27092880,22592880,6.02064,7.0,322
10339,Moby Dick,4500000,10400000,5900000,2.311111111111111,6.9,89
1429,25th Hour,15000000,13060843,-1939157,0.8707228666666667,7.2,629
9303,Bound,4500000,7011317,2511317,1.5580704444444444,6.9,198
641,Requiem for a Dream,4500000,7390108,2890108,1.6422462222222225,7.9,2443
252680,Moms' Night Out,5000000,10429707,5429707,2.0859414,5.5,121
141,Donnie Darko,6000000,1270522,-4729478,0.2117536666666666,7.7,3452
39800,Life During Wartime,4500000,744816,-3755184,0.1655146666666666,6.3,30
36419,After.Life,4500000,3606395,-893605,0.8014211111111111,5.4,251
510,One Flew Over the Cuckoo's Nest,3000000,108981275,105981275,36.32709166666667,8.2,2919
375290,Airlift,4500000,32000000,27500000,7.111111111111111,7.3,57
116613,The Sweeney,3730500,6294161,2563661,1.6872164589197158,5.7,109
1088,Whale Rider,8000000,41400000,33400000,5.175,7.1,111
3040,Night Watch,4200000,32000000,27800000,7.619047619047619,6.3,210
11386,The Crying Game,3705538,62548947,58843409,16.879855772630048,6.9,176
10246,Porky's,4000000,125728258,121728258,31.4320645,6.1,183
10331,Night of the Living Dead,114000,30000000,29886000,263.1578947368421,7.5,580
153,Lost in Translation,4000000,119723856,115723856,29.930964,7.3,1895
703,Annie Hall,4000000,38251425,34251425,9.56285625,7.8,1010
27191,The Greatest Show on Earth,4000000,36000000,32000000,9.0,6.6,50
1365,Monster's Ball,4000000,44909486,40909486,11.2273715,6.5,250
287424,Maggie,4000000,187112,-3812888,0.046778,5.2,593
451,Leaving Las Vegas,3600000,49800000,46200000,13.833333333333334,7.1,360
241251,The Boy Next Door,4000000,52425855,48425855,13.10646375,4.1,1022
40494,Trapeze,4000000,14400000,10400000,3.6,6.4,22
39781,The Kids Are All Right,3500000,34705850,31205850,9.915957142857144,6.5,506
8337,They Live,4000000,13008928,9008928,3.252232,7.1,550
5925,The Great Escape,4000000,11744471,7744471,2.93611775,7.8,717
146203,The Last Exorcism Part II,5000000,15179302,10179302,3.0358604,4.4,203
85350,Boyhood,4000000,44349000,40349000,11.08725,7.5,1971
512,Scoop,4000000,31584901,27584901,7.89622525,6.4,420
13408,The Wash,7000000,10229331,3229331,1.461333,5.3,26
47816,3 Strikes,6000000,9000000,3000000,1.5,5.9,15
11536,The Misfits,4000000,8200000,4200000,2.05,6.8,72
2370,Topaz,4000000,6000000,2000000,1.5,6.1,77
9809,Let's Go to Prison,4000000,4630045,630045,1.15751125,5.5,69
5,Four Rooms,4000000,4300000,300000,1.075,6.5,530
11013,Secretary,4000000,9304609,5304609,2.32615225,6.7,376
10132,Talk Radio,4000000,3468572,-531428,0.867143,6.7,46
8141,You Kill Me,4000000,2426851,-1573149,0.60671275,6.2,80
48572,Red State,4000000,1104682,-2895318,0.2761705,5.9,316
14517,Mirrormask,4000000,866999,-3133001,0.21674975,6.6,102
157847,Joe,4000000,2365467,-1634533,0.59136675,6.5,338
25719,Shooting Fish,3000000,302204,-2697796,0.1007346666666666,7.0,23
48309,Prison,1300000,354704,-945296,0.2728492307692308,6.7,27
44945,Trust,9500000,120000,-9380000,0.0126315789473684,6.6,307
111190,Adore,16000000,318982,-15681018,0.019936375,6.1,291
54580,Mondays in the Sun,4000000,146402,-3853598,0.0366005,7.1,36
52015,Stake Land,650000,33245,-616755,0.0511461538461538,6.2,285
60422,Another Happy Day,4000000,355688,-3644312,0.088922,6.2,37
81390,A Lonely Place to Die,4000000,25345000,21345000,6.33625,6.2,157
22301,Hell's Angels,3950000,8000000,4050000,2.0253164556962027,6.1,19
874,A Man for All Seasons,3900000,28350000,24450000,7.269230769230769,7.5,89
10774,Network,3800000,23689877,19889877,6.234178157894737,7.7,381
770,Gone with the Wind,4000000,400176459,396176459,100.04411475,7.7,970
29715,Major Dundee,3800000,14873,-3785127,0.003913947368421,6.2,38
25209,Annie Get Your Gun,3768785,8000000,4231215,2.122700021359669,7.3,22
37495,Four Lions,967686,4270000,3302314,4.412588380941751,7.0,423
34769,Defendor,3500000,44462,-3455538,0.0127034285714285,6.5,195
35032,The Pirate,3700000,2956000,-744000,0.798918918918919,6.6,17
8618,The History Boys,4000000,13401952,9401952,3.350488,6.6,66
3116,Midnight Cowboy,3600000,44785053,41185053,12.4402925,7.4,299
9427,The Full Monty,3500000,257850122,254350122,73.67146342857143,6.8,363
813,Airplane!,3500000,83453539,79953539,23.843868285714287,7.1,1074
10634,Friday,3500000,28215918,24715918,8.061690857142857,7.0,503
9516,Menace II Society,3500000,27900000,24400000,7.9714285714285715,7.2,173
16288,Creepshow 2,3500000,14000000,10500000,4.0,5.9,129
23330,The Ballad of Cable Hogue,3716946,5000000,1283054,1.3451903794136368,6.9,47
18900,In Cold Blood,3500000,13007551,9507551,3.716443142857143,7.4,82
27029,The Nun's Story,3500000,12800000,9300000,3.657142857142857,7.4,46
26268,Harper,3500000,12000000,8500000,3.4285714285714284,6.2,35
573,Frenzy,3500000,12600000,9100000,3.6,7.1,158
310131,The Witch,3500000,40423945,36923945,11.549698571428571,6.3,1434
11363,She's the One,3500000,9482579,5982579,2.7093082857142856,5.7,70
3033,Gods and Monsters,10000000,6451628,-3548372,0.6451628,6.8,81
25376,The Secret in Their Eyes,2000000,33965843,31965843,16.9829215,7.8,626
765,Evil Dead II,3600000,5923044,2323044,1.64529,7.6,742
46146,Troll Hunter,3500000,4159678,659678,1.1884794285714286,6.7,583
14256,Winter Passing,3500000,113783,-3386217,0.0325094285714285,6.7,28
12535,High Anxiety,3400000,31063038,27663038,9.136187647058824,6.5,84
1667,March of the Penguins,8000000,127392239,119392239,15.924029875,6.9,358
50839,Margin Call,3500000,19504039,16004039,5.572582571428572,6.7,524
13973,Choke,3000000,3830137,830137,1.2767123333333332,6.0,127
244786,Whiplash,3300000,13092000,9792000,3.9672727272727273,8.3,4254
598,City of God,3300000,30641770,27341770,9.28538484848485,8.1,1814
11129,Human Traffic,600000,4000000,3400000,6.666666666666667,6.8,97
103663,The Hunt,3800000,16800000,13000000,4.421052631578948,7.9,927
301748,The Opposite Sex,3300000,45000,-3255000,0.0136363636363636,4.1,9
108346,Dreaming of Joseph Lees,2000000,7,-1999993,3.5e-06,8.0,1
805,Rosemary's Baby,3200000,33395426,30195426,10.436070625,7.5,863
11697,The Man Who Shot Liberty Valance,3200000,8000000,4800000,2.5,7.4,265
55347,Beginners,3200000,5332926,2132926,1.666539375,6.8,347
8469,Animal House,2700000,141000000,138300000,52.22222222222222,7.0,418
658,Goldfinger,2500000,124881062,122381062,49.9524248,7.2,987
1585,It's a Wonderful Life,3180000,9644124,6464124,3.032743396226415,8.0,1076
627,Trainspotting,4000000,16491080,12491080,4.12277,7.8,2655
41436,Paranormal Activity 2,3000000,177512032,174512032,59.17067733333333,5.7,722
1430,Bowling for Columbine,4000000,35564473,31564473,8.89111825,7.3,453
10014,A Nightmare on Elm Street Part 2: Freddy's Revenge,3000000,29999213,26999213,9.999737666666666,5.7,361
11257,A Room with a View,3000000,20966644,17966644,6.9888813333333335,6.9,156
158015,The Purge,3000000,89328627,86328627,29.776209,6.0,2428
82507,Sinister,3000000,77712439,74712439,25.904146333333333,6.7,1573
20337,Martin Lawrence Live: Runteldat,3000000,19184015,16184015,6.3946716666666665,5.0,1
261,Cat on a Hot Tin Roof,3000000,17570324,14570324,5.8567746666666665,7.6,165
1685,Beneath the Planet of the Apes,3000000,18999718,15999718,6.333239333333333,6.2,361
20737,Air Bud,3000000,23144499,20144499,7.714833,5.3,106
10991,Pokémon: Spell of the Unknown,16000000,68411275,52411275,4.2757046875,5.9,137
10225,Friday the 13th Part VI: Jason Lives,3000000,19472057,16472057,6.490685666666667,5.7,216
826,The Bridge on the River Kwai,3000000,33300000,30300000,11.1,7.7,542
34086,Spaced Invaders,3000000,15369573,12369573,5.123191,4.7,25
5854,Family Plot,2000000,7900000,5900000,3.95,6.7,86
284,The Apartment,3000000,25000000,22000000,8.333333333333334,8.1,483
10285,Jason Goes to Hell: The Final Friday,3000000,15938065,12938065,5.312688333333333,4.2,193
5780,Torn Curtain,3000000,13000000,10000000,4.333333333333333,6.4,120
292,Dave Chappelle's Block Party,3000000,11718595,8718595,3.906198333333333,6.4,28
22013,Elmer Gantry,3000000,10400000,7400000,3.466666666666667,7.3,41
821,Judgment at Nuremberg,3000000,10000000,7000000,3.333333333333333,7.6,155
3089,Red River,3000000,9012000,6012000,3.004,7.3,82
132344,Before Midnight,3000000,11176469,8176469,3.725489666666667,7.4,568
15158,Phantasm II,3000000,7282851,4282851,2.427617,6.3,94
44634,Woman Thou Art Loosed,3000000,6804016,3804016,2.268005333333333,5.0,3
10557,East Is East,3800000,28200000,24400000,7.421052631578948,6.5,59
28005,Kama Sutra - A Tale of Love,3000000,4109095,1109095,1.3696983333333332,5.7,35
252,Willy Wonka & the Chocolate Factory,3000000,4000000,1000000,1.3333333333333333,7.4,798
18892,Jawbreaker,3000000,3076820,76820,1.0256066666666668,5.9,90
549,Basquiat,2962051,3011195,49144,1.016591206565991,6.6,94
868,Tsotsi,3000000,9879971,6879971,3.2933236666666668,6.9,94
10683,Happiness,3000000,2807390,-192610,0.9357966666666668,7.4,194
246403,Tusk,2800000,1826705,-973295,0.6523946428571429,5.1,366
670,Oldboy,3000000,14980005,11980005,4.993335,8.0,1945
49010,Hobo with a Shotgun,3000000,748453,-2251547,0.2494843333333333,5.7,211
24469,Fish Tank,3000000,2357852,-642148,0.7859506666666667,6.9,250
84174,Bachelorette,3000000,11947954,8947954,3.9826513333333335,5.3,444
38541,The Divide,3000000,22000,-2978000,0.0073333333333333,5.7,197
234212,Demonic,3000000,3387000,387000,1.129,4.9,148
26039,Point Blank,2500000,3200000,700000,1.28,7.1,95
666,Central Station,2900000,5596708,2696708,1.929899310344828,7.6,126
248,Pocketful of Miracles,2900000,5000000,2100000,1.7241379310344829,7.3,25
43942,Freakonomics,3000000,103735,-2896265,0.0345783333333333,6.6,36
10476,Hustle & Flow,8000000,23563727,15563727,2.945465875,6.9,99
239,Some Like It Hot,2883848,25000000,22116152,8.668972844615944,8.0,808
10281,Friday the 13th Part VII: The New Blood,2800000,19170001,16370001,6.846428928571428,5.3,192
630,The Wizard of Oz,2777000,33754967,30977967,12.15519157364062,7.4,1642
3034,Young Frankenstein,2800000,86273333,83473333,30.811904642857144,7.7,854
13025,Diary of the Dead,2000000,5364858,3364858,2.682429,5.4,190
17264,The Black Stallion,2700000,37799643,35099643,13.999867777777778,7.0,59
15875,Donovan's Reef,2686000,6600000,3914000,2.457185405807893,6.0,30
43306,A Guy Named Joe,2627000,5363000,2736000,2.041492196421774,6.0,8
11072,Blazing Saddles,2600000,119500000,116900000,45.96153846153846,7.2,609
9730,Friday the 13th: The Final Chapter,2600000,32980880,30380880,12.684953846153846,5.9,237
209274,Ida,2159280,10700000,8540720,4.955355488866659,7.1,260
291,Riding Giants,2600000,3166000,566000,1.2176923076923076,7.6,23
14139,Timecrimes,2600000,553198,-2046802,0.2127684615384615,7.0,308
872,Singin' in the Rain,2540800,7200000,4659200,2.8337531486146097,7.8,727
139038,A Haunted House,2500000,60141683,57641683,24.0566732,5.4,516
126509,2016: Obama's America,2500000,33400000,30900000,13.36,4.6,19
10676,Halloween III: Season of the Witch,2500000,14400000,11900000,5.76,5.0,229
1687,Escape from the Planet of the Apes,2500000,12348905,9848905,4.939562,6.3,264
24748,Hud,2500000,10000000,7500000,4.0,7.5,66
401,Garden State,2500000,26781723,24281723,10.7126892,7.1,618
76,Before Sunrise,2500000,5535405,3035405,2.214162,7.7,959
84329,Robot & Frank,2500000,3325038,825038,1.3300152,6.8,450
157386,The Spectacular Now,2500000,6854611,4354611,2.7418444,6.8,1048
46849,Eye of the Dolphin,2500000,71904,-2428096,0.0287616,7.1,7
20764,Sleep Dealer,2500000,107559,-2392441,0.0430236,6.0,40
45132,Super,2500000,324138,-2175862,0.1296552,6.6,441
49471,Get on the Bus,2400000,5731103,3331103,2.387959583333333,7.0,11
7512,Idiocracy,30000000,495303,-29504697,0.0165101,6.3,664
11798,This Is England,2380000,8176544,5796544,3.43552268907563,7.4,363
43546,Bathing Beauty,2361000,6892000,4531000,2.919102075391783,7.0,4
17820,Show Boat,2300000,11000000,8700000,4.782608695652174,6.9,18
756,Fantasia,2280000,83320000,81040000,36.54385964912281,7.2,808
9728,Friday the 13th Part III,4000000,36690067,32690067,9.17251675,5.7,254
9731,Friday the 13th: A New Beginning,2200000,21930418,19730418,9.96837181818182,5.1,196
43610,The Valley of Decision,2160000,9132000,6972000,4.227777777777778,5.8,4
887,The Best Years of Our Lives,2100000,23650000,21550000,11.261904761904765,7.6,143
364083,Mi America,2100000,3330,-2096670,0.0015857142857142,0.0,0
8329,[REC],1500000,30448000,28948000,20.298666666666666,7.1,934
657,From Russia with Love,2000000,78898765,76898765,39.4493825,6.9,760
11561,Sleeper,2000000,18344729,16344729,9.1723645,7.0,200
270303,It Follows,2000000,14674076,12674076,7.337038,6.6,1832
11624,Everything You Always Wanted to Know About Sex *But Were Afraid to Ask,2000000,18016290,16016290,9.008145,6.6,215
595,To Kill a Mockingbird,2000000,13129846,11129846,6.564923,8.0,657
8810,Mad Max 2: The Road Warrior,2000000,24600832,22600832,12.300416,7.3,957
226,Boys Don't Cry,2000000,11540607,9540607,5.7703035,7.2,353
92182,Silent House,2000000,13101672,11101672,6.550836,5.2,125
582,The Lives of Others,2000000,70000000,68000000,35.0,7.9,958
72213,Courageous,1000000,34522221,33522221,34.522221,6.8,77
990,The Hustler,2000000,7600000,5600000,3.8,7.6,240
55604,Boom Town,2000000,9172000,7172000,4.586,6.5,8
9662,The Triplets of Belleville,8000000,1477676,-6522324,0.1847095,7.3,231
80,Before Sunset,2700000,15992615,13292615,5.923190740740741,7.6,718
55,Amores perros,2000000,20908467,18908467,10.4542335,7.6,521
11023,Thirteen,2000000,4601043,2601043,2.3005215,6.7,339
33667,Gentleman's Agreement,2000000,7800000,5800000,3.9,6.8,47
39013,Winter's Bone,2000000,13831503,11831503,6.9157515,6.8,565
43839,Alexander's Ragtime Band,2000000,4000000,2000000,2.0,4.8,6
44639,Inside Job,2000000,7871522,5871522,3.935761,7.7,286
301351,We Are Your Friends,6000000,11122090,5122090,1.853681666666667,6.3,658
7873,Harsh Times,2000000,5967038,3967038,2.983519,6.3,197
331190,Captive,2000000,2801508,801508,1.400754,5.6,92
15186,Full Frontal,2000000,2506446,506446,1.253223,4.8,26
1378,Shortbus,2000000,5179037,3179037,2.5895185,6.3,140
8885,Waltz with Bashir,2000000,11125849,9125849,5.5629245,7.8,291
48382,"The Book of Mormon Movie, Volume 1: The Journey",2000000,1672730,-327270,0.836365,5.0,2
12901,No End in Sight,2000000,1431623,-568377,0.7158115,7.2,23
250124,The Diary of a Teenage Girl,2000000,1477002,-522998,0.738501,6.8,279
12228,Inside Deep Throat,2000000,653621,-1346379,0.3268105,6.8,31
42889,The Virginity Hit,2000000,563706,-1436294,0.281853,4.6,19
10656,Subway,2000000,390659,-1609341,0.1953295,6.3,86
24746,Six-String Samurai,2000000,124494,-1875506,0.062247,5.8,36
12109,It's All Gone Pete Tong,2000000,120620,-1879380,0.06031,7.1,52
27023,Saint John of Las Vegas,3800000,111731,-3688269,0.0294028947368421,5.9,18
273899,Stonewall,13500000,187674,-13312326,0.0139017777777777,5.2,32
20653,Roadside Romeo,7000000,1100000,-5900000,0.1571428571428571,6.7,3
28260,Return of the Living Dead 3,2000000,54207,-1945793,0.0271035,5.9,88
13075,Sherrybaby,2000000,622806,-1377194,0.311403,6.3,41
115210,Stitches,100000,95000,-5000,0.95,5.5,92
11302,Bananas,2000000,11833696,9833696,5.916848,6.7,165
26388,Buried,1987650,19152480,17164830,9.635740698815184,6.6,827
38358,The Last Exorcism,1800000,67738090,65938090,37.63227222222222,5.6,328
702,A Streetcar Named Desire,1800000,8000000,6200000,4.444444444444445,7.6,281
935,Dr. Strangelove or: How I Learned to Stop Worrying and Love the Bomb,1800000,9440272,7640272,5.244595555555556,8.0,1442
84175,Beasts of the Southern Wild,1800000,21107746,19307746,11.726525555555556,6.8,403
1705,Battle for the Planet of the Apes,1700000,8844595,7144595,5.202702941176471,5.5,215
50875,Higher Ground,2000000,841733,-1158267,0.4208665,5.3,14
4929,Hang 'em High,1800000,6800000,5000000,3.7777777777777777,6.7,192
104,Run Lola Run,1530000,7267585,5737585,4.750055555555556,7.2,664
10894,May,500000,150277,-349723,0.300554,6.3,152
1688,Conquest of the Planet of the Apes,1700000,9700000,8000000,5.705882352941177,6.1,236
43947,I Spit on Your Grave,2000000,572809,-1427191,0.2864045,6.3,519
24066,"Happy, Texas",1700000,1943649,243649,1.1433229411764705,5.5,39
191714,The Lunchbox,1000000,4235151,3235151,4.235151,7.3,221
34106,You Can't Take It With You,1644736,7433101,5788365,4.5193277218957935,7.2,79
11426,From Here to Eternity,1650000,30500000,28850000,18.484848484848484,7.2,133
13909,She Wore a Yellow Ribbon,1600000,5400000,3800000,3.375,7.1,61
592,The Conversation,1600000,4420000,2820000,2.7625,7.5,372
10758,Waitress,2000000,22179430,20179430,11.089715,6.7,129
11690,Bloodsport,1500000,11806119,10306119,7.870746,6.6,363
3083,Mr. Smith Goes to Washington,1500000,9600000,8100000,6.4,7.9,241
9344,Kids,1500000,7412216,5912216,4.941477333333333,6.8,279
10707,The Squid and the Whale,1500000,11098131,9598131,7.398754,6.9,226
15647,Kissing Jessica Stein,1000000,10013424,9013424,10.013424,5.9,48
4174,Spellbound,1500000,7000000,5500000,4.666666666666667,7.3,160
9464,Buffalo '66,1500000,2375097,875097,1.583398,7.1,166
49018,Insidious,1500000,97009150,95509150,64.67276666666666,6.8,1737
13820,Repo Man,1500000,2300000,800000,1.5333333333333334,6.7,144
17113,The Ballad of Jack and Rose,1500000,712294,-787706,0.4748626666666666,6.5,43
129139,The To Do List,1500000,3566225,2066225,2.377483333333333,5.5,342
507,Killing Zoe,1500000,418961,-1081039,0.2793073333333333,6.1,111
4012,The Believer,1500000,416925,-1083075,0.27795,6.8,151
10972,Session 9,1500000,373967,-1126033,0.2493113333333333,6.2,251
3082,Modern Times,1,8500000,8499999,8500000.0,8.1,856
1961,My Name Is Bruce,1500000,173066,-1326934,0.1153773333333333,5.9,107
23963,Pontypool,1500000,32000,-1468000,0.0213333333333333,6.6,183
104755,The Lords of Salem,1500000,1165882,-334118,0.7772546666666666,5.1,242
408,Snow White and the Seven Dwarfs,1488423,184925486,183437063,124.24256142239136,6.9,1914
39209,Shalako,1455000,2620000,1165000,1.8006872852233675,5.4,12
100,"Lock, Stock and Two Smoking Barrels",1350000,3897569,2547569,2.8870881481481483,7.5,1648
25784,Journey from the Fall,1300000,639000,-661000,0.4915384615384615,5.0,1
223,Rebecca,1288000,6000000,4712000,4.658385093167702,7.7,336
9725,Friday the 13th Part 2,1250000,21722776,20472776,17.3782208,6.0,315
28580,The Lost Weekend,1250000,11000000,9750000,8.8,7.4,112
23730,C.H.U.D.,1250000,3412497,2162497,2.7299976,5.3,62
19997,Niagara,1250000,8500000,7250000,6.8,6.7,79
43266,How Green Was My Valley,1250000,6000000,4750000,4.8,6.8,72
176,Saw,1200000,103911669,102711669,86.5930575,7.2,2184
39939,Super Troopers,3000000,18492362,15492362,6.164120666666666,6.6,362
11219,The Trouble with Harry,1200000,7000000,5800000,5.833333333333333,6.9,149
176124,Home Run,1200000,2861020,1661020,2.384183333333333,6.3,24
500,Reservoir Dogs,1200000,14661007,13461007,12.217505833333334,8.0,3697
429,"The Good, the Bad and the Ugly",1200000,6000000,4800000,5.0,8.1,2311
89750,"Pink Ribbons, Inc.",900000,25000,-875000,0.0277777777777777,6.8,6
43884,The Charge of the Light Brigade,1200000,2736000,1536000,2.28,6.8,18
13064,Airborne,2600000,2850263,250263,1.096255,6.1,20
7553,Waiting...,3000000,18637690,15637690,6.212563333333334,6.2,237
39895,From a Whisper to a Scream,1100000,1400000,300000,1.2727272727272727,6.8,15
94329,The Raid,1100000,4105187,3005187,3.7319881818181817,7.3,1055
289,Casablanca,878000,10462500,9584500,11.916287015945333,7.9,1422
1366,Rocky,1000000,117235147,116235147,117.235147,7.5,1791
5769,Tom Jones,1000000,37600000,36600000,37.6,6.1,39
277685,Unfriended,1000000,62882090,61882090,62.88209,5.5,1047
103,Taxi Driver,1300000,28262574,26962574,21.74044153846154,8.0,2535
11298,The Howling,1000000,17985893,16985893,17.985893,6.4,161
646,Dr. No,950000,59600000,58650000,62.73684210526316,6.9,940
9003,Hellraiser,1000000,14564027,13564027,14.564027,6.9,449
347126,God's Not Dead 2,5000000,23507567,18507567,4.7015134,5.7,72
10092,Cry_Wolf,1000000,10047674,9047674,10.047674,5.6,126
10643,Godzilla 2000,1000000,10037390,9037390,10.03739,5.9,43
46705,Blue Valentine,3500000,16566240,13066240,4.733211428571429,6.9,890
546,Transamerica,1000000,13350369,12350369,13.350369,6.9,144
76487,The Devil Inside,1000000,101758490,100758490,101.75849,4.6,262
5722,Beyond the Valley of the Dolls,2090000,40000000,37910000,19.138755980861244,6.6,53
39833,Love Me Tender,1000000,9000000,8000000,9.0,5.5,21
1781,An Inconvenient Truth,1000000,46243000,45243000,46.243,6.7,251
18712,Sands of Iwo Jima,1000000,7800000,6800000,7.8,6.2,33
171424,The Green Inferno,5000000,6833445,1833445,1.366689,5.0,349
113947,The Sessions,1000000,9138338,8138338,9.138338,6.6,179
32456,Two Girls and a Guy,1000000,2057193,1057193,2.057193,5.4,24
13508,Who Killed the Electric Car?,1000000,1678874,678874,1.678874,7.2,59
22597,The Broken Hearts Club: A Romantic Comedy,1000000,1744858,744858,1.744858,6.3,25
26791,Brigham City,1000000,852206,-147794,0.852206,7.3,4
56666,Fiza,1000000,623791,-376209,0.623791,6.1,7
46989,Blue Car,1000000,464000,-536000,0.464,6.7,13
123678,The Act of Killing,1000000,444575,-555425,0.444575,7.5,210
13362,Taxi to the Dark Side,1000000,274661,-725339,0.274661,6.6,53
18206,Alone With Her,1000000,10018,-989982,0.010018,6.2,20
13856,Special,1000000,7202,-992798,0.007202,6.6,32
29146,Charly,950000,814666,-135334,0.8575431578947369,6.6,28
654,On the Waterfront,910000,9600000,8690000,10.54945054945055,8.0,357
91070,L!fe Happens,930000,30905,-899095,0.0332311827956989,5.3,66
2009,"4 Months, 3 Weeks and 2 Days",852510,1185783,333273,1.3909314846746663,7.3,156
2652,Hard Candy,950000,7022209,6072209,7.391798947368421,6.8,701
9813,The Quiet,900000,381420,-518580,0.4238,6.1,73
3170,Bambi,858000,267447150,266589150,311.709965034965,6.8,1405
15708,Latter Days,850000,819939,-30061,0.9646341176470588,6.7,56
84200,"For a Good Time, Call...",850000,1243961,393961,1.4634835294117647,5.8,110
47889,Ruby in Paradise,800000,1001437,201437,1.25179625,5.6,10
25461,Raising Victor Vargas,800000,2816116,2016116,3.520145,7.8,13
26899,The Mudge Boy,800000,62852,-737148,0.078565,7.3,23
14451,Dead Snow,800000,1984662,1184662,2.4808275,6.1,311
838,American Graffiti,777000,140000000,139223000,180.18018018018017,6.9,324
84332,Safety Not Guaranteed,750000,4007792,3257792,5.343722666666666,6.8,556
74725,Kill List,500000,171760,-328240,0.34352,6.0,210
58428,The Innkeepers,750000,78396,-671604,0.104528,5.4,219
288,High Noon,730000,8000000,7270000,10.95890410958904,7.6,334
14275,Hoop Dreams,700000,7830611,7130611,11.186587142857142,7.7,87
18734,L.I.E.,700000,1667192,967192,2.3817028571428573,6.7,31
7859,Half Nelson,700000,4911725,4211725,7.01675,6.5,240
302579,Naturally Native,700000,10508,-689492,0.0150114285714285,0.0,0
3080,Top Hat,609000,3202000,2593000,5.257799671592775,7.4,59
2667,The Blair Witch Project,60000,248000000,247940000,4133.333333333333,6.3,1055
9459,Woodstock,600000,34505110,33905110,57.508516666666665,7.1,66
704,A Hard Day's Night,560000,12299668,11739668,21.963692857142856,7.3,168
14438,Fireproof,500000,33456317,32956317,66.912634,7.0,100
83,Open Water,130000,54667954,54537954,420.5227230769231,5.4,315
30315,Kingdom of the Spiders,500000,17000000,16500000,34.0,5.7,30
2056,The Station Agent,500000,8679814,8179814,17.359628,7.4,210
14271,Beyond the Mat,2053648,500000,-1553648,0.2434691826447375,7.8,17
84401,Sholem Aleichem: Laughing In The Darkness,500000,845188,345188,1.690376,7.0,2
12281,Mean Creek,500000,603943,103943,1.207886,6.9,106
346,Seven Samurai,2000000,271841,-1728159,0.1359205,8.2,878
45649,Rubber,500000,98017,-401983,0.196034,5.7,251
43933,Monsters,500000,4242978,3742978,8.485956,6.2,587
15624,Conversations with Other Women,450000,973525,523525,2.163388888888889,6.2,38
3062,42nd Street,439000,2281000,1842000,5.195899772209567,6.1,37
8193,Napoleon Dynamite,400000,46118097,45718097,115.2952425,6.7,554
23827,Paranormal Activity,15000,193355800,193340800,12890.386666666667,5.9,1316
762,Monty Python and the Holy Grail,400000,5028948,4628948,12.57237,7.8,1708
1435,Tarnation,218,1162014,1161796,5330.339449541284,7.5,22
9029,What Happens in Vegas,35000000,170000000,135000000,4.857142857142857,5.8,923
11240,My Beautiful Laundrette,860000,2451545,1591545,2.8506337209302326,6.6,51
3059,Intolerance,385907,8394751,8008844,21.75330066570443,7.4,60
65203,The Broadway Melody,379000,4358000,3979000,11.49868073878628,5.0,19
764,The Evil Dead,350000,29400000,29050000,84.0,7.3,894
103620,Maniac,6000000,31081,-5968919,0.0051801666666666,6.0,316
14278,Murderball,300000,1750211,1450211,5.834036666666667,6.9,23
389,12 Angry Men,350000,1000000,650000,2.857142857142857,8.2,2078
3078,It Happened One Night,325000,4500000,4175000,13.846153846153848,7.7,275
21525,Tupac: Resurrection,300000,7808524,7508524,26.028413333333333,8.0,26
55123,Tumbleweeds,312000,1281176,969176,4.106333333333334,6.2,11
11980,The Prophecy,8,16,8,2.0,6.4,138
73981,Ayurveda: Art of Being,300000,2074000,1774000,6.913333333333333,5.5,3
118452,"First Love, Last Rites",300000,40542,-259458,0.13514,3.0,1
13282,Death Race 2000,300000,8000000,7700000,26.666666666666668,5.9,124
2255,Chasing Amy,250000,12021272,11771272,48.085088,6.7,433
50035,Lovely & Amazing,250000,4186931,3936931,16.747724,6.3,23
431,Cube,250000,501818,251818,2.007272,6.9,1069
51942,I Married a Strange Person!,250,203,-47,0.812,7.5,12
60420,Like Crazy,250000,3542353,3292353,14.169412,6.4,381
109729,The Canyons,250000,56825,-193175,0.2273,4.1,75
3060,The Big Parade,245000,22000000,21755000,89.79591836734694,7.0,21
18533,Bronson,230000,2260712,2030712,9.829182608695652,6.9,733
139948,Burn,225000,111300,-113700,0.4946666666666666,6.9,6
70478,The Stewardesses,100000,27000000,26900000,270.0,4.3,5
35073,"The Beast from 20,000 Fathoms",210000,5000000,4790000,23.80952380952381,6.7,41
9659,Mad Max,400000,100000000,99600000,250.0,6.6,1213
10218,Swingers,200000,4505922,4305922,22.52961,6.8,253
391,A Fistful of Dollars,200000,14500000,14300000,72.5,7.6,883
43595,She Done Him Wrong,200000,2200000,2000000,11.0,5.1,27
54897,The Grace Card,200000,2295733,2095733,11.478665,6.5,10
21334,Children of Heaven,180000,900000,720000,5.0,7.8,112
79120,Weekend,8000,469947,461947,58.743375,7.4,163
55420,Another Earth,100000,1776935,1676935,17.76935,6.8,527
5822,Sweet Sweetback's Baadasssss Song,150000,15200000,15050000,101.33333333333331,4.6,18
39141,Tadpole,150000,2891288,2741288,19.27525333333333,5.5,19
5723,Once,160000,20710513,20550513,129.44070625,7.3,453
1779,Roger & Me,160000,6706368,6546368,41.9148,7.4,90
84355,Your Sister's Sister,125000,3200000,3075000,25.6,6.5,137
339408,The Birth of a Nation,8500000,15861566,7361566,1.866066588235294,6.5,178
18925,Facing the Giants,100000,10178331,10078331,101.78331,6.6,64
299245,The Gallows,100000,42664410,42564410,426.6441,4.9,361
985,Eraserhead,10000,7000000,6990000,700.0,7.5,485
473,Pi,60000,3221152,3161152,53.68586666666667,7.1,586
9372,Super Size Me,65000,28575078,28510078,439.6165846153846,6.6,506
47607,Tiny Furniture,65000,416498,351498,6.4076615384615385,5.6,59
242095,The Signal,4000000,600896,-3399104,0.150224,5.8,631
42151,Down Terrace,31192,10000,-21192,0.3205950243652218,6.3,26
2292,Clerks,27000,3151130,3124130,116.70851851851852,7.4,755
692,Pink Flamingos,12000,6000000,5988000,500.0,6.2,110
36095,Cure,20000,99000,79000,4.95,7.4,63
14337,Primer,7000,424760,417760,60.68,6.9,658
9367,El Mariachi,220000,2040920,1820920,9.276909090909092,6.6,238
