id,title,runtime,runtime_category,vote_average,vote_count,revenue,budget,profit
19995,Avatar,162.0,Very Long (150+ min),7.2,11800,2787965087,237000000,2550965087
285,Pirates of the Caribbean: At World's End,169.0,Very Long (150+ min),6.9,4500,961000000,300000000,661000000
206647,Spectre,148.0,Long (120-149 min),6.3,4466,880674609,245000000,635674609
49026,The Dark Knight Rises,165.0,Very Long (150+ min),7.6,9106,1084939099,250000000,834939099
49529,John Carter,132.0,Long (120-149 min),6.1,2124,284139100,260000000,24139100
559,Spider-Man 3,139.0,Long (120-149 min),5.9,3576,890871626,258000000,632871626
38757,Tangled,100.0,Standard (90-119 min),7.4,3330,591794936,260000000,331794936
99861,Avengers: Age of Ultron,141.0,Long (120-149 min),7.3,6767,1405403694,280000000,1125403694
767,Harry Potter and the Half-Blood Prince,153.0,Very Long (150+ min),7.4,5293,933959197,250000000,683959197
209112,Batman v Superman: Dawn of Justice,151.0,Very Long (150+ min),5.7,7004,873260194,250000000,623260194
1452,Superman Returns,154.0,Very Long (150+ min),5.4,1400,391081192,270000000,121081192
10764,Quantum of Solace,106.0,Standard (90-119 min),6.1,2965,586090727,200000000,386090727
58,Pirates of the Caribbean: Dead Man's Chest,151.0,Very Long (150+ min),7.0,5246,1065659812,200000000,865659812
57201,The Lone Ranger,149.0,Long (120-149 min),5.9,2311,89289910,255000000,-165710090
49521,Man of Steel,143.0,Long (120-149 min),6.5,6359,662845518,225000000,437845518
2454,The Chronicles of Narnia: Prince Caspian,150.0,Very Long (150+ min),6.3,1630,419651413,225000000,194651413
24428,The Avengers,143.0,Long (120-149 min),7.4,11776,1519557910,220000000,1299557910
1865,Pirates of the Caribbean: On Stranger Tides,136.0,Long (120-149 min),6.4,4948,1045713802,380000000,665713802
41154,Men in Black 3,106.0,Standard (90-119 min),6.2,4160,624026776,225000000,399026776
122917,The Hobbit: The Battle of the Five Armies,144.0,Long (120-149 min),7.1,4760,956019788,250000000,706019788
1930,The Amazing Spider-Man,136.0,Long (120-149 min),6.5,6586,752215857,215000000,537215857
20662,Robin Hood,140.0,Long (120-149 min),6.2,1398,310669540,200000000,110669540
57158,The Hobbit: The Desolation of Smaug,161.0,Very Long (150+ min),7.6,4524,958400000,250000000,708400000
2268,The Golden Compass,113.0,Standard (90-119 min),5.8,1303,372234864,180000000,192234864
254,King Kong,187.0,Very Long (150+ min),6.6,2337,550000000,207000000,343000000
597,Titanic,194.0,Very Long (150+ min),7.5,7562,1845034188,200000000,1645034188
271110,Captain America: Civil War,147.0,Long (120-149 min),7.1,7241,1153304495,250000000,903304495
44833,Battleship,131.0,Long (120-149 min),5.5,2114,303025485,209000000,94025485
135397,Jurassic World,124.0,Long (120-149 min),6.5,8662,1513528810,150000000,1363528810
37724,Skyfall,143.0,Long (120-149 min),6.9,7604,1108561013,200000000,908561013
558,Spider-Man 2,127.0,Long (120-149 min),6.7,4321,783766341,200000000,583766341
68721,Iron Man 3,130.0,Long (120-149 min),6.8,8806,1215439994,200000000,1015439994
12155,Alice in Wonderland,108.0,Standard (90-119 min),6.4,4645,1025491110,200000000,825491110
36668,X-Men: The Last Stand,104.0,Standard (90-119 min),6.3,3525,459359555,210000000,249359555
62211,Monsters University,104.0,Standard (90-119 min),7.0,3528,743559607,200000000,543559607
8373,Transformers: Revenge of the Fallen,150.0,Very Long (150+ min),6.0,3138,836297228,150000000,686297228
91314,Transformers: Age of Extinction,165.0,Very Long (150+ min),5.8,3095,1091405097,210000000,881405097
68728,Oz: The Great and Powerful,130.0,Long (120-149 min),5.7,3530,491868548,200000000,291868548
102382,The Amazing Spider-Man 2,142.0,Long (120-149 min),6.5,4179,705717432,200000000,505717432
20526,TRON: Legacy,125.0,Long (120-149 min),6.3,2841,400062763,170000000,230062763
49013,Cars 2,106.0,Standard (90-119 min),5.8,2033,559852396,200000000,359852396
44912,Green Lantern,114.0,Standard (90-119 min),5.1,2487,219851172,200000000,19851172
10193,Toy Story 3,103.0,Standard (90-119 min),7.6,4597,1066969703,200000000,866969703
534,Terminator Salvation,115.0,Standard (90-119 min),5.9,2463,371353001,200000000,171353001
168259,Furious 7,137.0,Long (120-149 min),7.3,4176,1506249360,190000000,1316249360
72190,World War Z,116.0,Standard (90-119 min),6.7,5560,531865000,200000000,331865000
127585,X-Men: Days of Future Past,131.0,Long (120-149 min),7.5,6032,747862775,250000000,497862775
54138,Star Trek Into Darkness,132.0,Long (120-149 min),7.4,4418,467365246,190000000,277365246
81005,Jack the Giant Slayer,114.0,Standard (90-119 min),5.5,2598,197687603,195000000,2687603
64682,The Great Gatsby,143.0,Long (120-149 min),7.3,3769,351040419,105000000,246040419
9543,Prince of Persia: The Sands of Time,116.0,Standard (90-119 min),6.2,2317,335154643,150000000,185154643
68726,Pacific Rim,131.0,Long (120-149 min),6.7,4794,407602906,180000000,227602906
38356,Transformers: Dark of the Moon,154.0,Very Long (150+ min),6.1,3299,1123746996,195000000,928746996
217,Indiana Jones and the Kingdom of the Crystal Skull,122.0,Long (120-149 min),5.7,2495,786636033,185000000,601636033
105864,The Good Dinosaur,93.0,Standard (90-119 min),6.6,1736,331926147,175000000,156926147
62177,Brave,93.0,Standard (90-119 min),6.7,4641,538983207,185000000,353983207
188927,Star Trek Beyond,122.0,Long (120-149 min),6.6,2568,343471816,185000000,158471816
10681,WALL·E,98.0,Standard (90-119 min),7.8,6296,521311860,180000000,341311860
5174,Rush Hour 3,91.0,Standard (90-119 min),6.1,783,258022233,140000000,118022233
14161,2012,158.0,Very Long (150+ min),5.6,4903,769653595,200000000,569653595
17979,A Christmas Carol,96.0,Standard (90-119 min),6.6,1095,325233863,200000000,125233863
76757,Jupiter Ascending,124.0,Long (120-149 min),5.2,2768,183987723,176000003,7987720
258489,The Legend of Tarzan,109.0,Standard (90-119 min),5.5,2430,356743061,180000000,176743061
411,"The Chronicles of Narnia: The Lion, the Witch and the Wardrobe",143.0,Long (120-149 min),6.7,2629,748806957,180000000,568806957
246655,X-Men: Apocalypse,144.0,Long (120-149 min),6.4,4721,543934787,178000000,365934787
155,The Dark Knight,152.0,Very Long (150+ min),8.2,12002,1004558444,185000000,819558444
14160,Up,96.0,Standard (90-119 min),7.7,6870,735099082,175000000,560099082
15512,Monsters vs Aliens,94.0,Standard (90-119 min),6.0,1423,381509870,175000000,206509870
1726,Iron Man,126.0,Long (120-149 min),7.4,8776,585174222,140000000,445174222
44826,Hugo,126.0,Long (120-149 min),7.0,2141,185770160,170000000,15770160
8487,Wild Wild West,106.0,Standard (90-119 min),5.1,1020,222104681,170000000,52104681
1735,The Mummy: Tomb of the Dragon Emperor,112.0,Standard (90-119 min),5.2,1387,401128639,145000000,256128639
297761,Suicide Squad,123.0,Long (120-149 min),5.9,7458,745000000,175000000,570000000
2698,Evan Almighty,96.0,Standard (90-119 min),5.3,1151,173000000,175000000,-2000000
137113,Edge of Tomorrow,113.0,Standard (90-119 min),7.6,4858,370541256,178000000,192541256
9804,Waterworld,135.0,Long (120-149 min),5.9,992,264218220,175000000,89218220
14869,G.I. Joe: The Rise of Cobra,118.0,Standard (90-119 min),5.6,1962,302469017,175000000,127469017
150540,Inside Out,94.0,Standard (90-119 min),8.0,6560,857611174,175000000,682611174
278927,The Jungle Book,106.0,Standard (90-119 min),6.7,2892,966550600,175000000,791550600
10138,Iron Man 2,124.0,Long (120-149 min),6.6,6849,623933331,200000000,423933331
58595,Snow White and the Huntsman,127.0,Long (120-149 min),5.8,3118,396600000,170000000,226600000
102651,Maleficent,97.0,Standard (90-119 min),7.0,4496,758539785,180000000,578539785
119450,Dawn of the Planet of the Apes,130.0,Long (120-149 min),7.3,4410,710644566,170000000,540644566
79698,The Lovers,109.0,Standard (90-119 min),4.8,34,0,27000000,-27000000
64686,47 Ronin,119.0,Standard (90-119 min),5.9,1326,150962475,175000000,-24037525
100402,Captain America: The Winter Soldier,136.0,Long (120-149 min),7.6,5764,714766572,170000000,544766572
10192,Shrek Forever After,93.0,Standard (90-119 min),6.0,1959,752600867,165000000,587600867
158852,Tomorrowland,130.0,Long (120-149 min),6.2,2846,209154322,190000000,19154322
177572,Big Hero 6,102.0,Standard (90-119 min),7.8,6135,652105443,165000000,487105443
82690,Wreck-It Ralph,108.0,Standard (90-119 min),7.1,4570,471222889,165000000,306222889
5255,The Polar Express,100.0,Standard (90-119 min),6.4,1474,305875730,165000000,140875730
47933,Independence Day: Resurgence,120.0,Long (120-149 min),4.9,2491,389681935,165000000,224681935
10191,How to Train Your Dragon,98.0,Standard (90-119 min),7.5,4227,494878759,165000000,329878759
296,Terminator 3: Rise of the Machines,109.0,Standard (90-119 min),5.9,2143,435000000,200000000,235000000
118340,Guardians of the Galaxy,121.0,Long (120-149 min),7.9,9742,773328629,170000000,603328629
157336,Interstellar,169.0,Very Long (150+ min),8.1,10867,675120017,165000000,510120017
27205,Inception,148.0,Long (120-149 min),8.1,13752,825532764,160000000,665532764
315011,Shin Godzilla,120.0,Long (120-149 min),6.5,143,77000000,15000000,62000000
49051,The Hobbit: An Unexpected Journey,169.0,Very Long (150+ min),7.0,8297,1021103568,250000000,771103568
9799,The Fast and the Furious,106.0,Standard (90-119 min),6.6,3428,207283925,38000000,169283925
4922,The Curious Case of Benjamin Button,166.0,Very Long (150+ min),7.3,3292,333932083,150000000,183932083
49538,X-Men: First Class,132.0,Long (120-149 min),7.1,5181,353624124,160000000,193624124
131634,The Hunger Games: Mockingjay - Part 2,137.0,Long (120-149 min),6.6,3984,653428261,160000000,493428261
27022,The Sorcerer's Apprentice,109.0,Standard (90-119 min),5.8,1470,215283742,150000000,65283742
503,Poseidon,99.0,Standard (90-119 min),5.5,583,181674817,160000000,21674817
241259,Alice Through the Looking Glass,113.0,Standard (90-119 min),6.5,1725,299370084,170000000,129370084
810,Shrek the Third,93.0,Standard (90-119 min),6.0,2278,798958165,160000000,638958165
68735,Warcraft,123.0,Long (120-149 min),6.3,2268,433677183,160000000,273677183
87101,Terminator Genisys,126.0,Long (120-149 min),5.8,3631,440603537,155000000,285603537
10140,The Chronicles of Narnia: The Voyage of the Dawn Treader,113.0,Standard (90-119 min),6.2,1514,415686217,155000000,260686217
676,Pearl Harbor,183.0,Very Long (150+ min),6.6,1791,449220945,140000000,309220945
1858,Transformers,144.0,Long (120-149 min),6.6,4040,709709780,150000000,559709780
1966,Alexander,175.0,Very Long (150+ min),5.6,927,167298192,155000000,12298192
675,Harry Potter and the Order of the Phoenix,138.0,Long (120-149 min),7.4,5494,938212738,150000000,788212738
674,Harry Potter and the Goblet of Fire,157.0,Very Long (150+ min),7.5,5608,895921036,150000000,745921036
8960,Hancock,92.0,Standard (90-119 min),6.2,2961,624029371,150000000,474029371
6479,I Am Legend,101.0,Standard (90-119 min),6.9,4853,585349010,150000000,435349010
118,Charlie and the Chocolate Factory,115.0,Standard (90-119 min),6.7,3624,474968763,150000000,324968763
2062,Ratatouille,111.0,Standard (90-119 min),7.5,4369,623722818,150000000,473722818
272,Batman Begins,140.0,Long (120-149 min),7.5,7359,374218673,150000000,224218673
10527,Madagascar: Escape 2 Africa,89.0,Short (<90 min),6.2,1810,603900354,150000000,453900354
18360,Night at the Museum: Battle of the Smithsonian,105.0,Standard (90-119 min),5.9,1971,413106170,150000000,263106170
2080,X-Men Origins: Wolverine,107.0,Standard (90-119 min),6.2,4021,373062864,150000000,223062864
605,The Matrix Revolutions,129.0,Long (120-149 min),6.4,3096,424988211,150000000,274988211
109445,Frozen,102.0,Standard (90-119 min),7.3,5295,1274219009,150000000,1124219009
604,The Matrix Reloaded,138.0,Long (120-149 min),6.7,3443,738599701,150000000,588599701
76338,Thor: The Dark World,112.0,Standard (90-119 min),6.8,4755,644571402,170000000,474571402
76341,Mad Max: Fury Road,120.0,Long (120-149 min),7.2,9427,378858340,150000000,228858340
13448,Angels & Demons,138.0,Long (120-149 min),6.5,2129,356613439,150000000,206613439
10195,Thor,115.0,Standard (90-119 min),6.6,6525,449326618,150000000,299326618
13053,Bolt,98.0,Standard (90-119 min),6.3,1750,309979994,150000000,159979994
19585,G-Force,88.0,Short (<90 min),5.1,510,292817841,150000000,142817841
57165,Wrath of the Titans,99.0,Standard (90-119 min),5.5,1431,301000000,150000000,151000000
62213,Dark Shadows,113.0,Standard (90-119 min),5.7,2320,245527149,150000000,95527149
177677,Mission: Impossible - Rogue Nation,131.0,Long (120-149 min),7.1,3224,682330139,150000000,532330139
7978,The Wolfman,102.0,Standard (90-119 min),5.5,549,0,150000000,-150000000
5559,Bee Movie,91.0,Standard (90-119 min),5.7,1171,287594577,150000000,137594577
49444,Kung Fu Panda 2,91.0,Standard (90-119 min),6.7,1880,665692281,150000000,515692281
10196,The Last Airbender,103.0,Standard (90-119 min),4.7,1151,318502923,150000000,168502923
956,Mission: Impossible III,126.0,Long (120-149 min),6.5,2028,397850012,150000000,247850012
117251,White House Down,131.0,Long (120-149 min),6.4,1891,205366737,150000000,55366737
50321,Mars Needs Moms,88.0,Short (<90 min),5.5,199,38992758,150000000,-111007242
11619,Flushed Away,85.0,Short (<90 min),6.0,874,64459316,149000000,-84540684
266647,Pan,111.0,Standard (90-119 min),5.9,954,128388320,150000000,-21611680
82703,Mr. Peabody & Sherman,92.0,Standard (90-119 min),6.7,843,272912430,145000000,127912430
652,Troy,163.0,Very Long (150+ min),6.9,2759,497409852,175000000,322409852
80321,Madagascar 3: Europe's Most Wanted,93.0,Standard (90-119 min),6.4,1808,746921274,145000000,601921274
36669,Die Another Day,133.0,Long (120-149 min),5.8,1092,431971116,140000000,291971116
43074,Ghostbusters,116.0,Standard (90-119 min),5.3,2142,229147509,144000000,85147509
95,Armageddon,151.0,Very Long (150+ min),6.4,2482,553799566,140000000,413799566
608,Men in Black II,88.0,Short (<90 min),6.0,3114,441818803,140000000,301818803
2310,Beowulf,115.0,Standard (90-119 min),5.5,841,195735876,70000000,125735876
140300,Kung Fu Panda 3,95.0,Standard (90-119 min),6.7,1603,521170825,145000000,376170825
56292,Mission: Impossible - Ghost Protocol,133.0,Long (120-149 min),6.8,3972,694713380,145000000,549713380
81188,Rise of the Guardians,97.0,Standard (90-119 min),7.1,1922,306941670,145000000,161941670
7552,Fun with Dick and Jane,90.0,Standard (90-119 min),5.9,627,202026112,100000000,102026112
616,The Last Samurai,154.0,Very Long (150+ min),7.3,1895,456758981,140000000,316758981
147441,Exodus: Gods and Kings,150.0,Very Long (150+ min),5.6,1921,268031828,140000000,128031828
13475,Star Trek,127.0,Long (120-149 min),7.4,4518,385680446,150000000,235680446
557,Spider-Man,121.0,Long (120-149 min),6.8,5265,821708551,139000000,682708551
82702,How to Train Your Dragon 2,102.0,Standard (90-119 min),7.6,3106,609123048,145000000,464123048
205584,Gods of Egypt,127.0,Long (120-149 min),5.3,1277,150680864,140000000,10680864
10048,Stealth,121.0,Long (120-149 min),4.9,331,76932943,135000000,-58067057
13183,Watchmen,163.0,Very Long (150+ min),7.0,2811,185258983,130000000,55258983
944,Lethal Weapon 4,127.0,Long (120-149 min),6.3,767,285444603,140000000,145444603
1927,Hulk,138.0,Long (120-149 min),5.3,1533,245360480,137000000,108360480
72559,G.I. Joe: Retaliation,110.0,Standard (90-119 min),5.4,3025,371876278,130000000,241876278
7364,Sahara,124.0,Long (120-149 min),5.7,434,119269486,130000000,-10730514
2114,Final Fantasy: The Spirits Within,106.0,Standard (90-119 min),5.9,433,85131830,137000000,-51868170
1771,Captain America: The First Avenger,124.0,Long (120-149 min),6.6,7047,370569774,140000000,230569774
36643,The World Is Not Enough,128.0,Long (120-149 min),6.0,862,361832400,135000000,226832400
8619,Master and Commander: The Far Side of the World,138.0,Long (120-149 min),6.9,790,212011111,150000000,62011111
50620,The Twilight Saga: Breaking Dawn - Part 2,115.0,Standard (90-119 min),6.1,2553,829000000,120000000,709000000
65759,Happy Feet Two,100.0,Standard (90-119 min),5.8,373,150406466,130000000,20406466
1724,The Incredible Hulk,114.0,Standard (90-119 min),6.1,3021,163712074,150000000,13712074
267935,The BFG,120.0,Long (120-149 min),6.0,1000,183345589,140000000,43345589
281957,The Revenant,156.0,Very Long (150+ min),7.3,6396,532950503,135000000,397950503
77950,Turbo,96.0,Standard (90-119 min),6.1,1074,282570682,135000000,147570682
44896,Rango,107.0,Standard (90-119 min),6.6,2051,245724603,135000000,110724603
270946,Penguins of Madagascar,92.0,Standard (90-119 min),6.5,1346,373552094,132000000,241552094
2503,The Bourne Ultimatum,115.0,Standard (90-119 min),7.3,2888,442824138,70000000,372824138
9502,Kung Fu Panda,90.0,Standard (90-119 min),6.9,3145,631744560,130000000,501744560
102899,Ant-Man,117.0,Standard (90-119 min),7.0,5880,519311965,130000000,389311965
101299,The Hunger Games: Catching Fire,146.0,Long (120-149 min),7.4,6495,847423452,130000000,717423452
228161,Home,94.0,Standard (90-119 min),6.8,1519,368871007,135000000,233871007
74,War of the Worlds,116.0,Standard (90-119 min),6.2,2322,591739379,132000000,459739379
8961,Bad Boys II,147.0,Long (120-149 min),6.3,1564,273339556,130000000,143339556
417859,Puss in Boots,90.0,Standard (90-119 min),6.4,451,554987477,130000000,424987477
27576,Salt,100.0,Standard (90-119 min),6.2,2093,293329073,110000000,183329073
86834,Noah,139.0,Long (120-149 min),5.6,2350,362637473,125000000,237637473
17578,The Adventures of Tintin,107.0,Standard (90-119 min),6.7,2061,371940071,130000000,241940071
673,Harry Potter and the Prisoner of Azkaban,141.0,Long (120-149 min),7.7,5877,789804554,130000000,659804554
6972,Australia,165.0,Very Long (150+ min),6.3,694,49554002,130000000,-80445998
82700,After Earth,100.0,Standard (90-119 min),5.0,2532,243843127,130000000,113843127
10567,Dinosaur,82.0,Short (<90 min),6.2,542,354248063,127500000,226748063
181533,Night at the Museum: Secret of the Tomb,97.0,Standard (90-119 min),6.1,1851,349424282,127000000,222424282
38055,Megamind,95.0,Standard (90-119 min),6.7,1918,321887208,130000000,191887208
671,Harry Potter and the Philosopher's Stone,152.0,Very Long (150+ min),7.5,7006,976475550,125000000,851475550
49524,R.I.P.D.,96.0,Standard (90-119 min),5.4,1260,61648500,130000000,-68351500
22,Pirates of the Caribbean: The Curse of the Black Pearl,143.0,Long (120-149 min),7.5,6985,655011224,140000000,515011224
131631,The Hunger Games: Mockingjay - Part 1,123.0,Long (120-149 min),6.6,5584,752100229,125000000,627100229
591,The Da Vinci Code,149.0,Long (120-149 min),6.5,2704,767820459,125000000,642820459
172385,Rio 2,102.0,Standard (90-119 min),6.3,978,500188435,103000000,397188435
36658,X2,133.0,Long (120-149 min),6.8,3506,407711549,110000000,297711549
51497,Fast Five,130.0,Long (120-149 min),7.1,2438,626137675,125000000,501137675
58574,Sherlock Holmes: A Game of Shadows,129.0,Long (120-149 min),7.0,3886,334615000,125000000,209615000
18823,Clash of the Titans,106.0,Standard (90-119 min),5.6,2233,232713139,125000000,107713139
861,Total Recall,113.0,Standard (90-119 min),7.1,1710,261317921,65000000,196317921
1911,The 13th Warrior,102.0,Standard (90-119 min),6.4,510,61698899,160000000,-98301101
49040,The Bourne Legacy,120.0,Long (120-149 min),6.0,2651,276572938,130000000,146572938
415,Batman & Robin,125.0,Long (120-149 min),4.2,1418,238207122,125000000,113207122
8871,How the Grinch Stole Christmas,104.0,Standard (90-119 min),6.2,1386,345141403,123000000,222141403
435,The Day After Tomorrow,124.0,Long (120-149 min),6.2,2392,544272402,125000000,419272402
955,Mission: Impossible II,123.0,Long (120-149 min),5.9,1928,546388105,125000000,421388105
2133,The Perfect Storm,130.0,Long (120-149 min),6.2,597,325756637,120000000,205756637
1979,Fantastic 4: Rise of the Silver Surfer,92.0,Standard (90-119 min),5.4,2589,289047763,130000000,159047763
87827,Life of Pi,127.0,Long (120-149 min),7.2,5797,609016565,120000000,489016565
1250,Ghost Rider,114.0,Standard (90-119 min),5.2,1712,228738393,110000000,118738393
324668,Jason Bourne,123.0,Long (120-149 min),5.9,2341,415484914,120000000,295484914
9471,Charlie's Angels: Full Throttle,106.0,Standard (90-119 min),5.2,914,259175788,120000000,139175788
70981,Prometheus,124.0,Long (120-149 min),6.3,5080,403170142,130000000,273170142
10996,Stuart Little 2,78.0,Short (<90 min),5.4,613,169956806,120000000,49956806
68724,Elysium,109.0,Standard (90-119 min),6.4,3439,286140700,115000000,171140700
2789,The Chronicles of Riddick,119.0,Standard (90-119 min),6.3,1570,115772733,105000000,10772733
97020,RoboCop,102.0,Standard (90-119 min),5.7,2342,242688965,120000000,122688965
7459,Speed Racer,135.0,Long (120-149 min),5.7,354,93945766,120000000,-26054234
42888,How Do You Know,121.0,Long (120-149 min),4.9,223,48668907,120000000,-71331093
37834,Knight and Day,109.0,Standard (90-119 min),5.9,1547,261930431,117000000,144930431
75612,Oblivion,124.0,Long (120-149 min),6.4,4800,286168572,120000000,166168572
1895,Star Wars: Episode III - Revenge of the Sith,140.0,Long (120-149 min),7.1,4116,850000000,113000000,737000000
1894,Star Wars: Episode II - Attack of the Clones,142.0,Long (120-149 min),6.4,3992,649398328,120000000,529398328
585,"Monsters, Inc.",92.0,Standard (90-119 min),7.5,5996,562816256,115000000,447816256
76170,The Wolverine,126.0,Long (120-149 min),6.3,4053,415440673,120000000,295440673
1893,Star Wars: Episode I - The Phantom Menace,136.0,Long (120-149 min),6.3,4432,924317558,115000000,809317558
49519,The Croods,98.0,Standard (90-119 min),6.8,2399,585178928,135000000,450178928
2395,Asterix at the Olympic Games,116.0,Standard (90-119 min),5.0,471,132900000,97250400,35649600
12100,Windtalkers,134.0,Long (120-149 min),5.8,341,77628265,115000000,-37371735
290595,The Huntsman: Winter's War,114.0,Standard (90-119 min),6.0,1523,164602163,115000000,49602163
98566,Teenage Mutant Ninja Turtles,101.0,Standard (90-119 min),5.8,2636,477200000,125000000,352200000
49047,Gravity,91.0,Standard (90-119 min),7.3,5751,716392705,105000000,611392705
9619,Dante's Peak,108.0,Standard (90-119 min),5.7,428,178127760,116000000,62127760
308531,Teenage Mutant Ninja Turtles: Out of the Shadows,112.0,Standard (90-119 min),5.8,963,245623848,135000000,110623848
166424,Fantastic Four,100.0,Standard (90-119 min),4.4,2278,167977596,120000000,47977596
1593,Night at the Museum,108.0,Standard (90-119 min),6.3,2862,574480841,110000000,464480841
254128,San Andreas,114.0,Standard (90-119 min),6.0,2968,470490832,110000000,360490832
714,Tomorrow Never Dies,119.0,Standard (90-119 min),6.0,925,333011068,110000000,223011068
2024,The Patriot,165.0,Very Long (150+ min),6.8,1099,215294342,110000000,105294342
163,Ocean's Twelve,125.0,Long (120-149 min),6.4,2124,362744280,110000000,252744280
787,Mr. & Mrs. Smith,120.0,Long (120-149 min),6.5,2965,478207520,110000000,368207520
262500,Insurgent,119.0,Standard (90-119 min),6.2,3829,295238201,110000000,185238201
2567,The Aviator,170.0,Very Long (150+ min),7.0,1489,102000000,116000000,-14000000
38745,Gulliver's Travels,85.0,Short (<90 min),4.9,621,237382724,112000000,125382724
40805,The Green Hornet,119.0,Standard (90-119 min),5.5,1251,227817248,120000000,107817248
53182,300: Rise of an Empire,102.0,Standard (90-119 min),6.1,2397,337580051,110000000,227580051
41513,The Smurfs,103.0,Standard (90-119 min),5.5,1179,563749323,110000000,453749323
13700,Home on the Range,76.0,Short (<90 min),5.7,389,103951461,110000000,-6048539
262504,Allegiant,121.0,Long (120-149 min),5.9,1998,179246868,110000000,69246868
39254,Real Steel,127.0,Long (120-149 min),6.6,2692,299268508,110000000,189268508
77931,The Smurfs 2,105.0,Standard (90-119 min),5.5,695,347434178,105000000,242434178
1639,Speed 2: Cruise Control,121.0,Long (120-149 min),4.1,434,164508066,160000000,4508066
80274,Ender's Game,114.0,Standard (90-119 min),6.6,2303,125537191,110000000,15537191
1571,Live Free or Die Hard,128.0,Long (120-149 min),6.4,2089,383531464,110000000,273531464
120,The Lord of the Rings: The Fellowship of the Ring,178.0,Very Long (150+ min),8.0,8705,871368364,93000000,778368364
10204,Around the World in 80 Days,120.0,Long (120-149 min),5.7,672,72178895,110000000,-37821105
8489,Ali,157.0,Very Long (150+ min),6.7,447,87713825,107000000,-19286175
10588,The Cat in the Hat,82.0,Short (<90 min),4.9,366,0,0,0
2048,"I, Robot",115.0,Standard (90-119 min),6.7,3793,347234916,120000000,227234916
1495,Kingdom of Heaven,144.0,Long (120-149 min),6.6,1157,211643158,130000000,81643158
10137,Stuart Little,84.0,Short (<90 min),5.8,959,300135367,133000000,167135367
10198,The Princess and the Frog,97.0,Standard (90-119 min),6.7,1247,267045765,105000000,162045765
286217,The Martian,141.0,Long (120-149 min),7.6,7268,630161890,108000000,522161890
1635,The Island,136.0,Long (120-149 min),6.5,1770,162949164,126000000,36949164
24113,Town & Country,104.0,Standard (90-119 min),3.7,16,10372291,90000000,-79627709
9679,Gone in Sixty Seconds,118.0,Standard (90-119 min),6.1,1485,237202299,90000000,147202299
98,Gladiator,155.0,Very Long (150+ min),7.9,5439,457640427,103000000,354640427
180,Minority Report,145.0,Long (120-149 min),7.1,2608,358372926,102000000,256372926
672,Harry Potter and the Chamber of Secrets,161.0,Very Long (150+ min),7.4,5815,876688482,100000000,776688482
36557,Casino Royale,144.0,Long (120-149 min),7.3,3855,599045960,150000000,449045960
869,Planet of the Apes,119.0,Standard (90-119 min),5.6,1243,362211740,100000000,262211740
280,Terminator 2: Judgment Day,137.0,Long (120-149 min),7.7,4185,520000000,100000000,420000000
11322,Public Enemies,140.0,Long (120-149 min),6.5,1344,214104620,80000000,134104620
4982,American Gangster,157.0,Very Long (150+ min),7.4,1502,266465037,100000000,166465037
36955,True Lies,141.0,Long (120-149 min),6.8,1116,378882411,115000000,263882411
18487,The Taking of Pelham 1 2 3,106.0,Standard (90-119 min),6.2,954,150166126,100000000,50166126
39451,Little Fockers,98.0,Standard (90-119 min),5.4,1060,310650585,100000000,210650585
27581,The Other Guys,107.0,Standard (90-119 min),6.1,1383,170432927,100000000,70432927
9268,Eraser,115.0,Standard (90-119 min),5.6,543,242295562,100000000,142295562
68718,Django Unchained,165.0,Very Long (150+ min),7.8,10099,425368238,100000000,325368238
10545,The Hunchback of Notre Dame,91.0,Standard (90-119 min),6.8,1129,100138851,100000000,138851
11688,The Emperor's New Groove,78.0,Short (<90 min),7.2,1490,169327687,100000000,69327687
76163,The Expendables 2,103.0,Standard (90-119 min),6.1,2896,312573423,100000000,212573423
2059,National Treasure,131.0,Long (120-149 min),6.4,1926,347451894,100000000,247451894
2486,Eragon,104.0,Standard (90-119 min),4.9,967,249288105,100000000,149288105
16523,Where the Wild Things Are,101.0,Standard (90-119 min),6.4,572,100086793,100000000,86793
116711,Epic,102.0,Standard (90-119 min),6.4,1121,268426634,100000000,168426634
37710,The Tourist,103.0,Standard (90-119 min),6.0,1699,278731369,100000000,178731369
9946,End of Days,121.0,Long (120-149 min),5.5,482,211989043,100000000,111989043
1372,Blood Diamond,143.0,Long (120-149 min),7.3,2281,170877916,100000000,70877916
106646,The Wolf of Wall Street,180.0,Very Long (150+ min),7.9,6571,392000694,100000000,292000694
414,Batman Forever,121.0,Long (120-149 min),5.2,1498,336529144,100000000,236529144
563,Starship Troopers,129.0,Long (120-149 min),6.7,1560,121214377,105000000,16214377
83542,Cloud Atlas,172.0,Very Long (150+ min),6.6,2977,130482868,102000000,28482868
41216,Legend of the Guardians: The Owls of Ga'Hoole,97.0,Standard (90-119 min),6.5,703,140073390,80000000,60073390
314,Catwoman,104.0,Standard (90-119 min),4.2,808,82102379,100000000,-17897621
184315,Hercules,99.0,Standard (90-119 min),5.6,1680,243400000,100000000,143400000
9016,Treasure Planet,95.0,Standard (90-119 min),7.2,948,109578115,140000000,-30421885
18162,Land of the Lost,102.0,Standard (90-119 min),5.3,381,68688831,100000000,-31311169
138103,The Expendables 3,127.0,Long (120-149 min),6.1,1795,206172544,90000000,116172544
257088,Point Break,114.0,Standard (90-119 min),5.5,783,133718711,105000000,28718711
10214,Son of the Mask,94.0,Standard (90-119 min),3.6,338,0,84000000,-84000000
205775,In the Heart of the Sea,122.0,Long (120-149 min),6.5,1276,93820758,100000000,-6179242
11692,The Adventures of Pluto Nash,95.0,Standard (90-119 min),4.4,142,7103973,100000000,-92896027
22972,Green Zone,115.0,Standard (90-119 min),6.4,717,94882889,100000000,-5117111
227973,The Peanuts Movie,88.0,Short (<90 min),6.5,604,246233113,99000000,147233113
29193,The Spanish Prisoner,110.0,Standard (90-119 min),7.1,73,13835130,10000000,3835130
1734,The Mummy Returns,130.0,Long (120-149 min),6.0,2206,433013274,98000000,335013274
3131,Gangs of New York,167.0,Very Long (150+ min),7.1,1910,193772504,100000000,93772504
76758,The Flowers of War,145.0,Long (120-149 min),7.1,187,95311434,94000000,1311434
9408,Surf's Up,85.0,Short (<90 min),5.9,601,149044513,85000000,64044513
9890,The Stepford Wives,93.0,Standard (90-119 min),5.4,334,102000000,90000000,12000000
855,Black Hawk Down,144.0,Long (120-149 min),7.2,1811,172989651,92000000,80989651
77953,The Campaign,85.0,Short (<90 min),5.6,578,104907746,0,104907746
18,The Fifth Element,126.0,Long (120-149 min),7.3,3885,263920180,90000000,173920180
37786,Sex and the City 2,146.0,Long (120-149 min),5.4,426,288347692,100000000,188347692
10501,The Road to El Dorado,89.0,Short (<90 min),7.0,858,76432727,95000000,-18567273
57800,Ice Age: Continental Drift,88.0,Short (<90 min),6.2,2672,877244782,95000000,782244782
150689,Cinderella,105.0,Standard (90-119 min),6.7,2374,543514353,95000000,448514353
7980,The Lovely Bones,136.0,Long (120-149 min),6.6,1065,93525586,65000000,28525586
12,Finding Nemo,100.0,Standard (90-119 min),7.6,6122,940335536,94000000,846335536
122,The Lord of the Rings: The Return of the King,201.0,Very Long (150+ min),8.1,8064,1118888979,94000000,1024888979
121,The Lord of the Rings: The Two Towers,179.0,Very Long (150+ min),8.0,7487,926287400,79000000,847287400
68737,Seventh Son,102.0,Standard (90-119 min),5.2,957,114178613,95000000,19178613
1995,Lara Croft: Tomb Raider,100.0,Standard (90-119 min),5.7,2192,274703340,115000000,159703340
157353,Transcendence,119.0,Standard (90-119 min),5.9,2295,103039258,100000000,3039258
331,Jurassic Park III,92.0,Standard (90-119 min),5.7,2077,368780809,93000000,275780809
61791,Rise of the Planet of the Apes,105.0,Standard (90-119 min),7.0,4347,482860185,93000000,389860185
8204,The Spiderwick Chronicles,95.0,Standard (90-119 min),6.3,572,162839667,90000000,72839667
47964,A Good Day to Die Hard,98.0,Standard (90-119 min),5.2,3493,304654182,92000000,212654182
10733,The Alamo,137.0,Long (120-149 min),5.8,106,25819961,145000000,-119180039
9806,The Incredibles,115.0,Standard (90-119 min),7.4,5152,631442092,92000000,539442092
1408,Cutthroat Island,119.0,Standard (90-119 min),5.7,136,10017322,98000000,-87982678
32657,Percy Jackson & the Olympians: The Lightning Thief,118.0,Standard (90-119 min),6.0,2010,226497209,95000000,131497209
607,Men in Black,98.0,Standard (90-119 min),6.9,4412,589390539,90000000,499390539
863,Toy Story 2,92.0,Standard (90-119 min),7.3,3806,497366869,90000000,407366869
44048,Unstoppable,98.0,Standard (90-119 min),6.3,1165,167805466,100000000,67805466
5175,Rush Hour 2,90.0,Standard (90-119 min),6.4,1054,347325802,90000000,257325802
2655,What Lies Beneath,130.0,Long (120-149 min),6.3,488,155464351,100000000,55464351
22794,Cloudy with a Chance of Meatballs,90.0,Standard (90-119 min),6.5,1747,242988466,100000000,142988466
8355,Ice Age: Dawn of the Dinosaurs,94.0,Standard (90-119 min),6.5,2271,886686817,90000000,796686817
116745,The Secret Life of Walter Mitty,114.0,Standard (90-119 min),7.0,3144,188133322,90000000,98133322
4327,Charlie's Angels,98.0,Standard (90-119 min),5.6,1232,264105545,92000000,172105545
1422,The Departed,151.0,Very Long (150+ min),7.9,4339,289847354,90000000,199847354
10674,Mulan,88.0,Short (<90 min),7.6,2008,304320254,90000000,214320254
7446,Tropic Thunder,107.0,Standard (90-119 min),6.5,1667,188072649,92000000,96072649
65754,The Girl with the Dragon Tattoo,158.0,Very Long (150+ min),7.2,2434,232617430,90000000,142617430
1572,Die Hard: With a Vengeance,128.0,Long (120-149 min),6.9,2066,366101666,90000000,276101666
10528,Sherlock Holmes,128.0,Long (120-149 min),7.0,5766,524028679,90000000,434028679
271969,Ben-Hur,125.0,Long (120-149 min),5.3,621,94061311,100000000,-5938689
10865,Atlantis: The Lost Empire,95.0,Standard (90-119 min),6.7,1224,186053725,120000000,66053725
258509,Alvin and the Chipmunks: The Road Chip,92.0,Standard (90-119 min),5.8,428,233755553,0,233755553
2253,Valkyrie,121.0,Long (120-149 min),6.7,1173,200276000,75000000,125276000
10661,You Don't Mess with the Zohan,113.0,Standard (90-119 min),5.5,1048,201596308,90000000,111596308
257344,Pixels,105.0,Standard (90-119 min),5.6,2513,243637091,88000000,155637091
644,A.I. Artificial Intelligence,146.0,Long (120-149 min),6.8,1974,235926552,100000000,135926552
10756,The Haunted Mansion,99.0,Standard (90-119 min),5.2,466,182290266,90000000,92290266
686,Contact,150.0,Very Long (150+ min),7.2,1308,171120329,90000000,81120329
9383,Hollow Man,112.0,Standard (90-119 min),5.6,634,190213455,95000000,95213455
179,The Interpreter,128.0,Long (120-149 min),6.2,392,162944923,80000000,82944923
76285,Percy Jackson: Sea of Monsters,106.0,Standard (90-119 min),5.9,1648,174578751,90000000,84578751
1996,Lara Croft Tomb Raider: The Cradle of Life,117.0,Standard (90-119 min),5.5,1418,156505388,95000000,61505388
291805,Now You See Me 2,129.0,Long (120-149 min),6.7,3235,334901337,90000000,244901337
10003,The Saint,116.0,Standard (90-119 min),5.9,302,118063304,68000000,50063304
1535,Spy Game,126.0,Long (120-149 min),6.8,579,143049560,92000000,51049560
2067,Mission to Mars,114.0,Standard (90-119 min),5.7,369,60874615,90000000,-29125385
46195,Rio,96.0,Standard (90-119 min),6.5,2166,484635760,90000000,394635760
2277,Bicentennial Man,131.0,Long (120-149 min),6.9,963,93700000,100000000,-6300000
10357,Volcano,104.0,Standard (90-119 min),5.2,376,0,90000000,-90000000
4477,The Devil's Own,107.0,Standard (90-119 min),5.9,290,140807547,90000000,50807547
8665,K-19: The Widowmaker,138.0,Long (120-149 min),6.1,264,35168966,100000000,-64831034
9387,Conan the Barbarian,129.0,Long (120-149 min),6.6,650,79114085,20000000,59114085
921,Cinderella Man,144.0,Long (120-149 min),7.3,616,108539911,88000000,20539911
49852,The Nutcracker: The Untold Story,110.0,Standard (90-119 min),5.4,50,16178959,90000000,-73821041
4464,Seabiscuit,141.0,Long (120-149 min),6.7,216,148336445,87000000,61336445
664,Twister,113.0,Standard (90-119 min),6.1,950,494471524,92000000,402471524
8358,Cast Away,143.0,Long (120-149 min),7.5,3218,429632142,90000000,339632142
9836,Happy Feet,108.0,Standard (90-119 min),5.9,1410,384335608,100000000,284335608
2502,The Bourne Supremacy,108.0,Standard (90-119 min),7.2,2825,288500217,75000000,213500217
9772,Air Force One,124.0,Long (120-149 min),6.2,840,315156409,85000000,230156409
161,Ocean's Eleven,116.0,Standard (90-119 min),7.2,3783,450717150,85000000,365717150
52451,The Three Musketeers,110.0,Standard (90-119 min),5.6,924,132274484,75000000,57274484
76492,Hotel Transylvania,91.0,Standard (90-119 min),6.8,2566,358375603,85000000,273375603
4523,Enchanted,107.0,Standard (90-119 min),6.6,1449,340487652,85000000,255487652
59961,Safe House,115.0,Standard (90-119 min),6.3,1345,208076205,85000000,123076205
10481,102 Dalmatians,100.0,Standard (90-119 min),5.1,313,183611771,85000000,98611771
59108,Tower Heist,104.0,Standard (90-119 min),5.8,932,152930623,75000000,77930623
1581,The Holiday,136.0,Long (120-149 min),6.7,1225,194168700,85000000,109168700
9798,Enemy of the State,132.0,Long (120-149 min),6.7,1240,250649836,90000000,160649836
22897,It's Complicated,121.0,Long (120-149 min),6.2,360,219103655,85000000,134103655
298,Ocean's Thirteen,122.0,Long (120-149 min),6.5,1999,311312624,85000000,226312624
7484,Open Season,83.0,Short (<90 min),6.1,656,197309027,85000000,112309027
157350,Divergent,139.0,Long (120-149 min),6.9,4663,288747895,85000000,203747895
853,Enemy at the Gates,131.0,Long (120-149 min),7.2,999,96976270,68000000,28976270
10159,The Rundown,104.0,Standard (90-119 min),6.4,514,80916492,85000000,-4083508
9593,Last Action Hero,130.0,Long (120-149 min),6.1,712,137298489,85000000,52298489
1904,Memoirs of a Geisha,145.0,Long (120-149 min),7.3,652,162242962,85000000,77242962
9615,The Fast and the Furious: Tokyo Drift,104.0,Standard (90-119 min),6.1,1705,158468292,85000000,73468292
51052,Arthur Christmas,97.0,Standard (90-119 min),6.7,333,0,0,0
297,Meet Joe Black,178.0,Very Long (150+ min),6.9,1147,142940100,90000000,52940100
9884,Collateral Damage,108.0,Standard (90-119 min),5.5,427,78382433,85000000,-6617567
16858,All That Jazz,123.0,Long (120-149 min),7.3,85,37823676,0,37823676
62764,Mirror Mirror,106.0,Standard (90-119 min),5.5,1114,183018522,85000000,98018522
22538,Scott Pilgrim vs. the World,112.0,Standard (90-119 min),7.2,2126,47664559,60000000,-12335441
9341,The Core,136.0,Long (120-149 min),5.4,516,74208267,60000000,14208267
12107,Nutty Professor II: The Klumps,106.0,Standard (90-119 min),4.7,332,123307945,84000000,39307945
9637,Scooby-Doo,88.0,Short (<90 min),5.4,820,275650703,84000000,191650703
49049,Dredd,95.0,Standard (90-119 min),6.6,1940,41037742,50000000,-8962258
9339,Click,107.0,Standard (90-119 min),6.0,2104,237681299,82500000,155181299
16281,Creepshow,120.0,Long (120-149 min),6.7,226,21028755,8000000,13028755
39691,Cats & Dogs 2 : The Revenge of Kitty Galore,82.0,Short (<90 min),4.9,119,112483764,85000000,27483764
8247,Jumper,88.0,Short (<90 min),5.9,1799,222231186,85000000,137231186
11253,Hellboy II: The Golden Army,120.0,Long (120-149 min),6.5,1527,160388063,85000000,75388063
1949,Zodiac,157.0,Very Long (150+ min),7.3,2023,84785914,65000000,19785914
8452,The 6th Day,123.0,Long (120-149 min),5.7,595,96085477,82000000,14085477
310,Bruce Almighty,101.0,Standard (90-119 min),6.4,3012,484572835,80000000,404572835
27578,The Expendables,103.0,Standard (90-119 min),6.0,2926,274470394,80000000,194470394
954,Mission: Impossible,110.0,Standard (90-119 min),6.7,2631,457696359,80000000,377696359
70160,The Hunger Games,142.0,Long (120-149 min),6.9,9455,691210692,75000000,616210692
45243,The Hangover Part II,102.0,Standard (90-119 min),6.2,3739,254455986,80000000,174455986
364,Batman Returns,126.0,Long (120-149 min),6.6,1673,280000000,80000000,200000000
7518,Over the Hedge,83.0,Short (<90 min),6.3,1074,343397247,80000000,263397247
11544,Lilo & Stitch,85.0,Short (<90 min),7.1,1314,145771527,80000000,65771527
9986,Charlotte's Web,97.0,Standard (90-119 min),5.8,288,144000000,85000000,59000000
8656,Deep Impact,120.0,Long (120-149 min),5.9,855,140464664,75000000,65464664
146216,RED 2,116.0,Standard (90-119 min),6.4,1526,0,84000000,-84000000
9291,The Longest Yard,113.0,Standard (90-119 min),6.2,785,190320568,82000000,108320568
55301,Alvin and the Chipmunks: Chipwrecked,87.0,Short (<90 min),5.4,484,342695435,75000000,267695435
109418,Grown Ups 2,100.0,Standard (90-119 min),5.8,1155,246984278,80000000,166984278
11665,Get Smart,110.0,Standard (90-119 min),6.0,1051,230685453,80000000,150685453
6964,Something's Gotta Give,128.0,Long (120-149 min),6.3,410,266728738,80000000,186728738
11324,Shutter Island,138.0,Long (120-149 min),7.8,6336,294804195,80000000,214804195
12193,Four Christmases,88.0,Short (<90 min),5.3,331,163733697,80000000,83733697
9928,Robots,91.0,Standard (90-119 min),6.0,1333,260696994,75000000,185696994
754,Face/Off,138.0,Long (120-149 min),6.8,1583,245676146,80000000,165676146
10202,Bedtime Stories,99.0,Standard (90-119 min),5.9,901,212874442,80000000,132874442
4147,Road to Perdition,117.0,Standard (90-119 min),7.3,1077,181001478,80000000,101001478
50546,Just Go with It,117.0,Standard (90-119 min),6.3,1543,214918407,80000000,134918407
1701,Con Air,115.0,Standard (90-119 min),6.5,1270,224012234,75000000,149012234
13027,Eagle Eye,118.0,Standard (90-119 min),6.3,1018,178066569,80000000,98066569
2289,Cold Mountain,154.0,Very Long (150+ min),6.7,533,173013509,79000000,94013509
20504,The Book of Eli,118.0,Standard (90-119 min),6.6,2164,157107755,80000000,77107755
9574,Flubber,93.0,Standard (90-119 min),5.3,695,177977226,80000000,97977226
11618,The Haunting,113.0,Standard (90-119 min),5.2,369,91188905,80000000,11188905
2300,Space Jam,88.0,Short (<90 min),6.5,1288,250200000,80000000,170200000
12096,The Pink Panther,93.0,Standard (90-119 min),5.6,550,0,0,0
10200,The Day the Earth Stood Still,104.0,Standard (90-119 min),5.2,1043,233093859,80000000,153093859
8834,Conspiracy Theory,135.0,Long (120-149 min),6.5,431,136982834,75000000,61982834
228150,Fury,135.0,Long (120-149 min),7.4,3946,211817906,68000000,143817906
6068,Six Days Seven Nights,98.0,Standard (90-119 min),5.6,332,164000000,70000000,94000000
41515,Yogi Bear,80.0,Short (<90 min),5.2,220,201584141,80000000,121584141
9023,Spirit: Stallion of the Cimarron,83.0,Short (<90 min),7.4,831,122563539,80000000,42563539
38317,Zookeeper,102.0,Standard (90-119 min),5.3,498,169852759,80000000,89852759
2157,Lost in Space,130.0,Long (120-149 min),5.0,388,136159423,80000000,56159423
14462,The Manchurian Candidate,129.0,Long (120-149 min),6.2,393,96105964,80000000,16105964
161795,Déjà Vu,117.0,Standard (90-119 min),8.0,1,0,0,0
159824,Hotel Transylvania 2,89.0,Short (<90 min),6.7,1497,473226958,80000000,393226958
49948,Fantasia 2000,74.0,Short (<90 min),7.0,292,90874570,80000000,10874570
2135,The Time Machine,96.0,Standard (90-119 min),5.8,631,123729176,80000000,43729176
9822,Mighty Joe Young,114.0,Standard (90-119 min),5.9,208,0,90000000,-90000000
9705,Swordfish,99.0,Standard (90-119 min),6.1,932,147080413,102000000,45080413
1656,The Legend of Zorro,129.0,Long (120-149 min),5.9,893,142400065,75000000,67400065
12159,What Dreams May Come,113.0,Standard (90-119 min),6.8,577,71485043,85000000,-13514957
9678,Little Nicky,90.0,Standard (90-119 min),5.2,438,0,85000000,-85000000
4442,The Brothers Grimm,118.0,Standard (90-119 min),5.6,818,105316267,88000000,17316267
75,Mars Attacks!,106.0,Standard (90-119 min),6.1,1509,101371017,70000000,31371017
330770,Evolution,81.0,Short (<90 min),6.4,47,0,0,0
9433,The Edge,117.0,Standard (90-119 min),6.7,349,43312294,0,43312294
19959,Surrogates,89.0,Short (<90 min),5.9,1195,122444772,80000000,42444772
11973,Thirteen Days,145.0,Long (120-149 min),6.9,189,34566746,80000000,-45433254
11228,Daylight,115.0,Standard (90-119 min),5.8,378,159212469,80000000,79212469
77951,Walking With Dinosaurs,87.0,Short (<90 min),5.2,133,126546518,80000000,46546518
5491,Battlefield Earth,118.0,Standard (90-119 min),3.0,255,21400000,44000000,-22600000
10715,Looney Tunes: Back in Action,90.0,Standard (90-119 min),5.6,297,68514844,80000000,-11485156
10197,Nine,112.0,Standard (90-119 min),5.1,165,53825515,80000000,-26174485
9562,Timeline,116.0,Standard (90-119 min),5.4,318,19480739,80000000,-60519261
9922,The Postman,177.0,Very Long (150+ min),6.1,299,17626234,80000000,-62373766
9447,Babe: Pig in the City,92.0,Standard (90-119 min),5.2,305,69131860,90000000,-20868140
274854,The Last Witch Hunter,106.0,Standard (90-119 min),5.7,1316,146936910,90000000,56936910
8870,Red Planet,106.0,Standard (90-119 min),5.4,267,33463969,80000000,-46536031
9992,Arthur and the Invisibles,94.0,Standard (90-119 min),6.0,639,107944236,86000000,21944236
36970,Oceans,84.0,Short (<90 min),7.3,111,19406406,0,19406406
10077,A Sound of Thunder,110.0,Standard (90-119 min),4.8,111,5989640,80000000,-74010360
76649,Pompeii,105.0,Standard (90-119 min),5.2,1267,117831631,130000000,-12168369
293644,Top Cat Begins,89.0,Short (<90 min),5.3,9,0,8000000,-8000000
453,A Beautiful Mind,135.0,Long (120-149 min),7.7,3009,313542341,60000000,253542341
8587,The Lion King,89.0,Short (<90 min),8.0,5376,788241776,45000000,743241776
72545,Journey 2: The Mysterious Island,94.0,Standard (90-119 min),5.8,1030,355692760,79000000,276692760
109451,Cloudy with a Chance of Meatballs 2,95.0,Standard (90-119 min),6.4,915,248384621,78000000,170384621
9533,Red Dragon,124.0,Long (120-149 min),6.7,1115,209196298,78000000,131196298
2023,Hidalgo,136.0,Long (120-149 min),6.5,318,108103450,100000000,8103450
71880,Jack and Jill,91.0,Standard (90-119 min),4.1,604,149673788,79000000,70673788
584,2 Fast 2 Furious,107.0,Standard (90-119 min),6.2,2028,236350661,76000000,160350661
309809,The Little Prince,92.0,Standard (90-119 min),7.6,756,97571250,64000000,33571250
4858,The Invasion,99.0,Standard (90-119 min),5.7,359,15071514,80000000,-64928486
17711,The Adventures of Rocky & Bullwinkle,88.0,Short (<90 min),3.9,87,35134820,76000000,-40865180
328111,The Secret Life of Pets,87.0,Short (<90 min),5.9,3462,875958308,75000000,800958308
8698,The League of Extraordinary Gentlemen,110.0,Standard (90-119 min),5.7,1155,179265204,78000000,101265204
93456,Despicable Me 2,98.0,Standard (90-119 min),7.0,4637,970761885,76000000,894761885
602,Independence Day,145.0,Long (120-149 min),6.7,3260,816969268,75000000,741969268
330,The Lost World: Jurassic Park,129.0,Long (120-149 min),6.2,2487,229074524,73000000,156074524
953,Madagascar,86.0,Short (<90 min),6.6,3237,532680671,75000000,457680671
9693,Children of Men,109.0,Standard (90-119 min),7.4,2071,69959751,76000000,-6040249
36657,X-Men,104.0,Standard (90-119 min),6.8,4097,296339527,75000000,221339527
8909,Wanted,110.0,Standard (90-119 min),6.4,2528,258270008,75000000,183270008
9802,The Rock,136.0,Long (120-149 min),6.9,1456,335062621,75000000,260062621
950,Ice Age: The Meltdown,91.0,Standard (90-119 min),6.5,2951,660940780,80000000,580940780
1824,50 First Dates,99.0,Standard (90-119 min),6.6,2105,196482882,75000000,121482882
2976,Hairspray,117.0,Standard (90-119 min),6.5,709,90450008,50000000,40450008
11026,Exorcist: The Beginning,114.0,Standard (90-119 min),4.7,183,78000586,80000000,-1999414
332,Inspector Gadget,78.0,Short (<90 min),4.3,318,0,75000000,-75000000
75656,Now You See Me,115.0,Standard (90-119 min),7.3,5487,117698894,75000000,42698894
38365,Grown Ups,102.0,Standard (90-119 min),6.0,1705,271430189,80000000,191430189
594,The Terminal,128.0,Long (120-149 min),7.0,1910,219417255,60000000,159417255
15189,Hotel for Dogs,100.0,Standard (90-119 min),5.7,202,73034460,35000000,38034460
11678,Vertical Limit,124.0,Long (120-149 min),5.9,283,215663859,75000000,140663859
6538,Charlie Wilson's War,102.0,Standard (90-119 min),6.5,338,119000410,75000000,44000410
10555,Shark Tale,90.0,Standard (90-119 min),5.8,1557,367275019,75000000,292275019
1125,Dreamgirls,134.0,Long (120-149 min),6.6,284,154937680,70000000,84937680
4551,Be Cool,118.0,Standard (90-119 min),5.4,292,95226116,53000000,42226116
612,Munich,164.0,Very Long (150+ min),6.9,696,130358911,70000000,60358911
9567,Tears of the Sun,121.0,Long (120-149 min),6.4,573,85632458,70000000,15632458
37821,Killers,100.0,Standard (90-119 min),5.7,772,98159963,75000000,23159963
203801,The Man from U.N.C.L.E.,116.0,Standard (90-119 min),7.1,2265,108145109,75000000,33145109
2539,Spanglish,130.0,Long (120-149 min),5.8,369,55041367,80000000,-24958633
9297,Monster House,91.0,Standard (90-119 min),6.3,874,140175006,75000000,65175006
3172,Bandits,123.0,Long (120-149 min),6.2,302,67631903,75000000,-7368097
6520,First Knight,134.0,Long (120-149 min),5.9,311,127600435,55000000,72600435
1439,Anna and the King,148.0,Long (120-149 min),6.4,197,0,75000000,-75000000
37958,Immortals,110.0,Standard (90-119 min),5.7,880,226904017,75000000,151904017
2026,Hostage,113.0,Standard (90-119 min),6.2,512,77944725,52000000,25944725
7450,Titan A.E.,94.0,Standard (90-119 min),6.3,313,36754634,75000000,-38245366
11375,Hollywood Homicide,116.0,Standard (90-119 min),5.0,166,51142659,75000000,-23857341
9425,Soldier,99.0,Standard (90-119 min),6.1,221,14567883,75000000,-60432117
25769,Carriers,84.0,Short (<90 min),5.8,282,5802422,0,5802422
23685,Monkeybone,93.0,Standard (90-119 min),4.3,78,5409517,75000000,-69590483
11866,Flight of the Phoenix,113.0,Standard (90-119 min),5.7,276,21009180,45000000,-23990820
9741,Unbreakable,106.0,Standard (90-119 min),6.9,1946,248118121,75000000,173118121
211672,Minions,91.0,Standard (90-119 min),6.4,4571,1156730962,74000000,1082730962
23629,Sucker Punch,110.0,Standard (90-119 min),5.9,1623,89792502,82000000,7792502
8688,Snake Eyes,98.0,Standard (90-119 min),5.8,327,103891409,73000000,30891409
10153,Sphere,134.0,Long (120-149 min),5.8,476,13100000,75000000,-61900000
153518,The Angry Birds Movie,97.0,Standard (90-119 min),5.9,1022,349779543,73000000,276779543
8676,Fool's Gold,112.0,Standard (90-119 min),5.4,444,111231041,70000000,41231041
20829,Funny People,146.0,Long (120-149 min),5.7,390,61458982,75000000,-13541018
4349,The Kingdom,110.0,Standard (90-119 min),6.5,513,86658558,70000000,16658558
9718,Talladega Nights: The Ballad of Ricky Bobby,116.0,Standard (90-119 min),6.2,491,162966177,72500000,90466177
10808,Dr. Dolittle 2,87.0,Short (<90 min),4.9,410,176104344,70000000,106104344
197,Braveheart,177.0,Very Long (150+ min),7.7,3336,210000000,72000000,138000000
25,Jarhead,125.0,Long (120-149 min),6.6,765,96889998,72000000,24889998
35,The Simpsons Movie,87.0,Short (<90 min),6.9,2264,527068851,75000000,452068851
11086,The Majestic,152.0,Very Long (150+ min),6.6,188,37317558,72000000,-34682442
10477,Driven,116.0,Standard (90-119 min),4.5,179,54744738,94000000,-39255262
1997,Two Brothers,109.0,Standard (90-119 min),6.9,180,62172050,74500000,-12327950
6947,The Village,108.0,Standard (90-119 min),6.2,1071,256697520,60000000,196697520
3050,Doctor Dolittle,85.0,Short (<90 min),5.4,686,294456605,71000000,223456605
2675,Signs,106.0,Standard (90-119 min),6.4,1599,408247917,72000000,336247917
809,Shrek 2,93.0,Standard (90-119 min),6.7,2988,919838758,150000000,769838758
920,Cars,117.0,Standard (90-119 min),6.6,3877,461983149,120000000,341983149
4806,Runaway Bride,116.0,Standard (90-119 min),5.7,455,309457509,70000000,239457509
7451,xXx,124.0,Long (120-149 min),5.8,1424,277448382,70000000,207448382
228165,The SpongeBob Movie: Sponge Out of Water,93.0,Standard (90-119 min),5.8,719,311594032,74000000,237594032
3595,Ransom,117.0,Standard (90-119 min),6.4,470,309492681,80000000,229492681
16869,Inglourious Basterds,153.0,Very Long (150+ min),7.9,6430,319131050,70000000,249131050
879,Hook,144.0,Long (120-149 min),6.6,1532,300854823,70000000,230854823
1573,Die Hard 2,124.0,Long (120-149 min),6.6,1896,240031094,70000000,170031094
9257,S.W.A.T.,117.0,Standard (90-119 min),5.8,770,116643346,80000000,36643346
1903,Vanilla Sky,136.0,Long (120-149 min),6.5,1078,203388341,68000000,135388341
9697,Lady in the Water,110.0,Standard (90-119 min),5.3,409,42285169,75000000,-32714831
395,AVP: Alien vs. Predator,101.0,Standard (90-119 min),5.5,1217,171183863,70000000,101183863
23398,Alvin and the Chipmunks: The Squeakquel,88.0,Short (<90 min),5.4,666,443140005,75000000,368140005
10590,We Were Soldiers,138.0,Long (120-149 min),6.7,521,114660784,75000000,39660784
117263,Olympus Has Fallen,120.0,Long (120-149 min),6.2,2981,161025640,70000000,91025640
200,Star Trek: Insurrection,103.0,Standard (90-119 min),6.3,391,118000000,70000000,48000000
44943,Battle: Los Angeles,116.0,Standard (90-119 min),5.5,1448,202466756,70000000,132466756
587,Big Fish,125.0,Long (120-149 min),7.6,1994,122919055,70000000,52919055
10395,Wolf,125.0,Long (120-149 min),6.0,216,0,0,0
57212,War Horse,146.0,Long (120-149 min),7.0,992,177584879,66000000,111584879
152760,The Monuments Men,118.0,Standard (90-119 min),5.8,1523,154984035,70000000,84984035
2756,The Abyss,139.0,Long (120-149 min),7.1,808,90000098,70000000,20000098
33909,Wall Street: Money Never Sleeps,133.0,Long (120-149 min),5.8,493,134748021,70000000,64748021
49017,Dracula Untold,92.0,Standard (90-119 min),6.2,2389,215529201,70000000,145529201
9882,The Siege,116.0,Standard (90-119 min),6.0,352,116672912,70000000,46672912
2270,Stardust,127.0,Long (120-149 min),7.1,1184,135560026,70000000,65560026
978,Seven Years in Tibet,136.0,Long (120-149 min),7.0,630,131457682,70000000,61457682
44564,The Dilemma,111.0,Standard (90-119 min),5.2,304,67112664,70000000,-2887336
3132,Bad Company,116.0,Standard (90-119 min),5.4,228,65977295,70000000,-4022705
8814,Doom,105.0,Standard (90-119 min),5.0,609,55987321,60000000,-4012679
8427,I Spy,97.0,Standard (90-119 min),5.2,269,33561137,70000000,-36438863
52520,Underworld: Awakening,88.0,Short (<90 min),6.1,1862,160112671,70000000,90112671
80585,Rock of Ages,123.0,Long (120-149 min),6.0,385,59418613,75000000,-15581387
10592,Hart's War,125.0,Long (120-149 min),5.9,241,32287044,70000000,-37712956
49021,Killer Elite,116.0,Standard (90-119 min),6.1,695,57777106,66000000,-8222894
11535,Rollerball,98.0,Standard (90-119 min),3.4,106,0,0,0
10550,Ballistic: Ecks vs. Sever,91.0,Standard (90-119 min),4.3,97,19924033,70000000,-50075967
11258,Hard Rain,97.0,Standard (90-119 min),5.5,179,19870567,70000000,-50129433
12610,Osmosis Jones,95.0,Standard (90-119 min),5.9,228,13596911,75000000,-61403089
59981,Legends of Oz: Dorothy's Return,88.0,Short (<90 min),5.9,43,18662027,70000000,-51337973
201088,Blackhat,133.0,Long (120-149 min),5.1,826,17752940,70000000,-52247060
5137,Sky Captain and the World of Tomorrow,107.0,Standard (90-119 min),5.7,439,57958696,70000000,-12041304
3093,Basic Instinct 2,114.0,Standard (90-119 min),4.6,180,38629478,70000000,-31370522
107846,Escape Plan,115.0,Standard (90-119 min),6.7,1659,122915111,50000000,72915111
188207,The Legend of Hercules,99.0,Standard (90-119 min),4.4,533,61279452,70000000,-8720548
4614,The Sum of All Fears,124.0,Long (120-149 min),5.9,437,193000000,68000000,125000000
24021,The Twilight Saga: Eclipse,124.0,Long (120-149 min),5.8,2301,698491347,68000000,630491347
11371,The Score,124.0,Long (120-149 min),6.7,423,71069884,68000000,3069884
20352,Despicable Me,95.0,Standard (90-119 min),7.1,6478,543513985,69000000,474513985
11517,Money Train,103.0,Standard (90-119 min),5.4,222,35431113,60000000,-24568887
214756,Ted 2,115.0,Standard (90-119 min),6.2,2463,217022588,68000000,149022588
26428,Agora,127.0,Long (120-149 min),6.9,395,39041505,70000000,-30958495
9824,Mystery Men,121.0,Long (120-149 min),5.7,250,29762011,68000000,-38237989
48988,Hall Pass,105.0,Standard (90-119 min),5.4,611,83160734,36000000,47160734
9008,The Insider,157.0,Very Long (150+ min),7.3,481,60289912,90000000,-29710088
300673,The Finest Hours,114.0,Standard (90-119 min),6.3,588,52099090,80000000,-27900910
12113,Body of Lies,128.0,Long (120-149 min),6.5,895,113280098,70000000,43280098
38778,Dinner for Schmucks,114.0,Standard (90-119 min),5.5,531,86387857,69000000,17387857
72331,Abraham Lincoln: Vampire Hunter,94.0,Standard (90-119 min),5.5,1269,112265139,69000000,43265139
1844,Entrapment,112.0,Standard (90-119 min),6.0,602,212404396,66000000,146404396
846,The X Files,121.0,Long (120-149 min),6.6,488,189198313,66000000,123198313
9703,The Last Legion,102.0,Standard (90-119 min),5.0,207,25303038,67000000,-41696962
857,Saving Private Ryan,169.0,Very Long (150+ min),7.9,5048,481840909,70000000,411840909
136797,Need for Speed,130.0,Long (120-149 min),6.1,1520,203277636,66000000,137277636
3981,What Women Want,127.0,Long (120-149 min),6.1,992,374111707,70000000,304111707
425,Ice Age,81.0,Short (<90 min),7.1,3857,383257136,59000000,324257136
6171,Dreamcatcher,136.0,Long (120-149 min),5.3,567,75715436,68000000,7715436
72976,Lincoln,149.0,Long (120-149 min),6.7,1429,275293450,65000000,210293450
603,The Matrix,136.0,Long (120-149 min),7.9,8907,463517383,63000000,400517383
568,Apollo 13,140.0,Long (120-149 min),7.3,1599,355237933,52000000,303237933
9021,The Santa Clause 2,104.0,Standard (90-119 min),5.5,297,172855065,65000000,107855065
82695,Les Misérables,157.0,Very Long (150+ min),7.1,1884,441809770,61000000,380809770
9489,You've Got Mail,119.0,Standard (90-119 min),6.3,838,250821495,65000000,185821495
12133,Step Brothers,98.0,Standard (90-119 min),6.5,1062,128107642,65000000,63107642
9342,The Mask of Zorro,136.0,Long (120-149 min),6.3,1183,250288523,95000000,155288523
41733,Due Date,95.0,Standard (90-119 min),6.2,1685,211780824,65000000,146780824
227306,Unbroken,137.0,Long (120-149 min),7.3,1400,163442937,65000000,98442937
5551,Space Cowboys,130.0,Long (120-149 min),6.3,403,128884132,65000000,63884132
9350,Cliffhanger,112.0,Standard (90-119 min),6.1,588,255000211,70000000,185000211
9208,Broken Arrow,108.0,Standard (90-119 min),5.7,453,150270147,50000000,100270147
4244,The Kid,104.0,Standard (90-119 min),6.0,238,69700000,65000000,4700000
1852,World Trade Center,128.0,Long (120-149 min),5.9,447,162945894,63000000,99945894
11820,Mona Lisa Smile,117.0,Standard (90-119 min),6.5,393,0,65000000,-65000000
76493,The Dictator,83.0,Short (<90 min),5.9,1743,179379533,65000000,114379533
345,Eyes Wide Shut,159.0,Very Long (150+ min),7.1,1234,162091208,65000000,97091208
196867,Annie,119.0,Standard (90-119 min),6.0,466,133821816,65000000,68821816
256591,Focus,105.0,Standard (90-119 min),6.7,2542,153962963,50100000,103862963
59962,This Means War,103.0,Standard (90-119 min),5.9,1389,156974557,65000000,91974557
36648,Blade: Trinity,123.0,Long (120-149 min),5.7,1252,128905366,65000000,63905366
1880,Red Dawn,114.0,Standard (90-119 min),6.4,215,38376497,4200000,34176497
9440,Primary Colors,143.0,Long (120-149 min),6.1,94,0,65000000,-65000000
71679,Resident Evil: Retribution,95.0,Standard (90-119 min),5.6,1600,240159255,65000000,175159255
10483,Death Race,105.0,Standard (90-119 min),6.0,1175,73762516,45000000,28762516
11412,The Long Kiss Goodnight,120.0,Long (120-149 min),6.5,314,89456761,65000000,24456761
11983,Proof of Life,135.0,Long (120-149 min),6.0,208,0,65000000,-65000000
6795,Zathura: A Space Adventure,101.0,Standard (90-119 min),6.1,779,64321501,65000000,-678499
550,Fight Club,139.0,Long (120-149 min),8.3,9413,100853753,63000000,37853753
11170,We Are Marshall,124.0,Long (120-149 min),6.7,186,43545364,65000000,-21454636
9292,Hudson Hawk,100.0,Standard (90-119 min),5.4,269,17218080,65000000,-47781920
10783,Lucky Numbers,105.0,Standard (90-119 min),4.9,52,0,65000000,-65000000
100241,"I, Frankenstein",92.0,Standard (90-119 min),5.0,687,71154592,65000000,6154592
257,Oliver Twist,130.0,Long (120-149 min),6.7,274,42093706,50000000,-7906294
9947,Elektra,97.0,Standard (90-119 min),4.8,575,56681566,43000000,13681566
189,Sin City: A Dame to Kill For,102.0,Standard (90-119 min),6.3,1286,39407616,65000000,-25592384
12618,Random Hearts,133.0,Long (120-149 min),5.3,63,74608570,64000000,10608570
253412,Everest,121.0,Long (120-149 min),6.7,1772,203427584,55000000,148427584
1427,Perfume: The Story of a Murderer,147.0,Long (120-149 min),7.1,1165,132180323,50000000,82180323
818,Austin Powers in Goldmember,94.0,Standard (90-119 min),5.9,979,296655431,63000000,233655431
16577,Astro Boy,94.0,Standard (90-119 min),6.1,409,44091067,65000000,-20908933
329,Jurassic Park,127.0,Long (120-149 min),7.6,4856,920100000,63000000,857100000
12160,Wyatt Earp,191.0,Very Long (150+ min),6.5,202,25052000,63000000,-37948000
9331,Clear and Present Danger,141.0,Long (120-149 min),6.4,386,215887717,62000000,153887717
300168,Dragon Blade,127.0,Long (120-149 min),5.9,145,121545703,65000000,56545703
9072,Little Man,98.0,Standard (90-119 min),5.3,261,101595121,64000000,37595121
3536,U-571,116.0,Standard (90-119 min),6.1,340,127666415,62000000,65666415
9087,The American President,106.0,Standard (90-119 min),6.5,195,107879496,62000000,45879496
12177,The Love Guru,87.0,Short (<90 min),4.3,242,41819064,62000000,-20180936
12138,3000 Miles to Graceland,125.0,Long (120-149 min),5.8,178,18720175,62000000,-43279825
273248,The Hateful Eight,167.0,Very Long (150+ min),7.6,4274,155760117,44000000,111760117
9955,Blades of Glory,93.0,Standard (90-119 min),5.9,569,0,53000000,-53000000
50359,Hop,95.0,Standard (90-119 min),5.5,331,183953723,63000000,120953723
1271,300,117.0,Standard (90-119 min),7.0,4997,422610419,65000000,357610419
693,Meet the Fockers,115.0,Standard (90-119 min),6.1,1373,516642939,80000000,436642939
14306,Marley & Me,115.0,Standard (90-119 min),6.9,1343,244082376,60000000,184082376
497,The Green Mile,189.0,Very Long (150+ min),8.2,4048,284600000,60000000,224600000
11199,Wild Hogs,100.0,Standard (90-119 min),5.6,648,253625427,0,253625427
9982,Chicken Little,81.0,Short (<90 min),5.6,944,314432665,150000000,164432665
210577,Gone Girl,145.0,Long (120-149 min),7.9,5862,369330363,61000000,308330363
2501,The Bourne Identity,119.0,Standard (90-119 min),7.3,3583,214034224,60000000,154034224
710,GoldenEye,130.0,Long (120-149 min),6.6,1174,352194034,58000000,294194034
2275,The General's Daughter,116.0,Standard (90-119 min),6.1,205,149705852,60000000,89705852
37165,The Truman Show,103.0,Standard (90-119 min),7.8,4537,264118201,60000000,204118201
9837,The Prince of Egypt,99.0,Standard (90-119 min),6.8,817,218613188,70000000,148613188
10708,Daddy Day Care,92.0,Standard (90-119 min),5.6,506,164433867,60000000,104433867
136400,2 Guns,109.0,Standard (90-119 min),6.6,1589,131940411,61000000,70940411
10992,Cats & Dogs,87.0,Short (<90 min),5.0,352,93375151,60000000,33375151
9654,The Italian Job,110.0,Standard (90-119 min),6.6,1919,176070171,60000000,116070171
2642,Two Weeks Notice,101.0,Standard (90-119 min),5.9,487,93354918,60000000,33354918
8916,Antz,83.0,Short (<90 min),6.0,1272,171757863,60000000,111757863
19899,Couples Retreat,113.0,Standard (90-119 min),5.3,588,171844840,70000000,101844840
2119,Days of Thunder,107.0,Standard (90-119 min),5.9,353,157920733,60000000,97920733
9641,Cheaper by the Dozen 2,94.0,Standard (90-119 min),5.7,526,129181830,60000000,69181830
294254,Maze Runner: The Scorch Trials,132.0,Long (120-149 min),6.4,3040,311256926,61000000,250256926
38167,Eat Pray Love,133.0,Long (120-149 min),5.8,636,204594016,60000000,144594016
5994,The Family Man,125.0,Long (120-149 min),6.5,521,0,60000000,-60000000
39514,RED,111.0,Standard (90-119 min),6.6,2808,71664962,58000000,13664962
9563,Any Given Sunday,163.0,Very Long (150+ min),6.8,422,100230832,55000000,45230832
547,The Horse Whisperer,170.0,Very Long (150+ min),6.7,292,186883563,60000000,126883563
1538,Collateral,120.0,Long (120-149 min),7.0,1451,217764291,65000000,152764291
9334,The Scorpion King,92.0,Standard (90-119 min),5.3,779,165333180,60000000,105333180
11128,Ladder 49,115.0,Standard (90-119 min),6.2,207,74541707,60000000,14541707
75780,Jack Reacher,130.0,Long (120-149 min),6.3,2998,218340595,60000000,158340595
8914,Deep Blue Sea,105.0,Standard (90-119 min),5.6,604,73648228,60000000,13648228
13576,This Is It,111.0,Standard (90-119 min),6.7,247,0,60000000,-60000000
39538,Contagion,106.0,Standard (90-119 min),6.2,1325,137551594,60000000,77551594
10628,Kangaroo Jack,89.0,Short (<90 min),4.3,203,0,0,0
14836,Coraline,100.0,Standard (90-119 min),7.3,1386,124596398,60000000,64596398
8645,The Happening,91.0,Standard (90-119 min),4.9,950,163403799,60000000,103403799
9509,Man on Fire,146.0,Long (120-149 min),7.3,1553,130293714,70000000,60293714
10067,The Shaggy Dog,98.0,Standard (90-119 min),4.5,137,61112916,50000000,11112916
9384,Starsky & Hutch,101.0,Standard (90-119 min),5.6,644,170268750,60000000,110268750
9279,Jingle All the Way,89.0,Short (<90 min),5.5,575,129832389,60000000,69832389
1487,Hellboy,122.0,Long (120-149 min),6.5,2225,99318987,66000000,33318987
9422,A Civil Action,115.0,Standard (90-119 min),6.1,109,56702901,70000000,-13297099
77174,ParaNorman,90.0,Standard (90-119 min),6.7,789,107139399,60000000,47139399
4824,The Jackal,124.0,Long (120-149 min),6.1,527,159330280,60000000,99330280
9620,Paycheck,119.0,Standard (90-119 min),5.9,581,96269812,60000000,36269812
9302,Up Close & Personal,119.0,Standard (90-119 min),5.9,50,0,60000000,-60000000
10199,The Tale of Despereaux,93.0,Standard (90-119 min),5.8,258,50877145,60000000,-9122855
10771,The Tuxedo,98.0,Standard (90-119 min),5.3,483,0,0,0
3512,Under Siege 2: Dark Territory,100.0,Standard (90-119 min),5.6,210,104324083,60000000,44324083
137094,Jack Ryan: Shadow Recruit,105.0,Standard (90-119 min),5.9,1173,50549107,60000000,-9450893
274479,Joy,124.0,Long (120-149 min),6.4,1581,101134059,60000000,41134059
267860,London Has Fallen,99.0,Standard (90-119 min),5.8,1621,205754447,60000000,145754447
8078,Alien: Resurrection,109.0,Standard (90-119 min),5.9,1365,162000000,70000000,92000000
7485,Shooter,124.0,Long (120-149 min),6.9,1462,95696996,61000000,34696996
170687,The Boxtrolls,97.0,Standard (90-119 min),6.6,668,108255770,60000000,48255770
6435,Practical Magic,104.0,Standard (90-119 min),6.3,338,46683377,75000000,-28316623
137106,The Lego Movie,100.0,Standard (90-119 min),7.5,3070,469160692,60000000,409160692
10040,Miss Congeniality 2: Armed and Fabulous,115.0,Standard (90-119 min),5.3,425,0,0,0
6278,Reign of Fire,101.0,Standard (90-119 min),6.0,669,43061982,60000000,-16938018
82682,Gangster Squad,113.0,Standard (90-119 min),6.2,1778,105200903,60000000,45200903
17610,Year One,97.0,Standard (90-119 min),4.6,524,62357900,60000000,2357900
22954,Invictus,134.0,Long (120-149 min),7.0,1125,122233971,60000000,62233971
16995,State of Play,127.0,Long (120-149 min),6.7,484,87784194,60000000,27784194
16558,Duplicity,125.0,Long (120-149 min),5.7,201,60000000,78146652,-18146652
9849,My Favorite Martian,94.0,Standard (90-119 min),5.1,80,36850101,65000000,-28149899
5820,The Sentinel,108.0,Standard (90-119 min),5.8,225,77920346,60000000,17920346
16866,Planet 51,91.0,Standard (90-119 min),5.6,556,104945765,70000000,34945765
201,Star Trek: Nemesis,117.0,Standard (90-119 min),6.1,479,67312826,60000000,7312826
11775,Intolerable Cruelty,100.0,Standard (90-119 min),5.8,391,119940815,60000000,59940815
87825,Trouble with the Curve,111.0,Standard (90-119 min),6.6,366,0,0,0
12201,Edge of Darkness,117.0,Standard (90-119 min),6.2,487,74901339,80000000,-5098661
11015,The Relic,110.0,Standard (90-119 min),5.8,130,33956608,60000000,-26043392
9932,Analyze That,96.0,Standard (90-119 min),5.7,380,55003135,60000000,-4996865
13389,Righteous Kill,101.0,Standard (90-119 min),5.9,375,73174566,60000000,13174566
8838,Mercury Rising,111.0,Standard (90-119 min),6.0,368,0,60000000,-60000000
17332,The Soloist,109.0,Standard (90-119 min),6.6,234,31720158,60000000,-28279842
4958,The Legend of Bagger Vance,126.0,Long (120-149 min),6.3,251,39459427,80000000,-40540573
786,Almost Famous,122.0,Long (120-149 min),7.4,797,47383689,60000000,-12616311
9513,Garfield: A Tail of Two Kitties,78.0,Short (<90 min),5.1,464,141702264,0,141702264
11679,xXx: State of the Union,101.0,Standard (90-119 min),4.7,549,71073932,60000000,11073932
38321,Priest,87.0,Short (<90 min),5.4,692,78309131,60000000,18309131
14411,Sinbad: Legend of the Seven Seas,86.0,Short (<90 min),6.6,372,26288320,60000000,-33711680
8413,Event Horizon,96.0,Standard (90-119 min),6.5,742,26673242,60000000,-33326758
10052,Dragonfly,104.0,Standard (90-119 min),6.1,204,52322400,60000000,-7677600
9676,The Black Dahlia,121.0,Long (120-149 min),5.7,287,49111202,50000000,-888798
9664,Flyboys,140.0,Long (120-149 min),6.3,271,17800000,60000000,-42200000
2100,The Last Castle,131.0,Long (120-149 min),7.0,285,27642707,72000000,-44357293
10384,Supernova,91.0,Standard (90-119 min),4.9,109,14828081,90000000,-75171919
137321,Winter's Tale,118.0,Standard (90-119 min),6.0,487,30800231,60000000,-29199769
123553,The Mortal Instruments: City of Bones,130.0,Long (120-149 min),6.2,1602,90565421,60000000,30565421
11260,Meet Dave,90.0,Standard (90-119 min),5.0,371,50650079,60000000,-9349921
9009,Dark Water,105.0,Standard (90-119 min),5.3,274,25473093,30000000,-4526907
11374,Edtv,122.0,Long (120-149 min),5.7,166,0,80000000,-80000000
2309,Inkheart,106.0,Standard (90-119 min),6.0,592,57490374,60000000,-2509626
8285,The Spirit,103.0,Standard (90-119 min),4.7,320,39031337,60000000,-20968663
210860,Mortdecai,106.0,Standard (90-119 min),5.4,1055,30418560,60000000,-29581440
2312,In the Name of the King: A Dungeon Siege Tale,127.0,Long (120-149 min),4.1,224,0,60000000,-60000000
9839,Beyond Borders,127.0,Long (120-149 min),6.7,110,0,35000000,-35000000
381902,The Monkey King 2,120.0,Long (120-149 min),6.0,24,193677158,68490000,125187158
13922,The Great Raid,132.0,Long (120-149 min),6.8,91,10166502,80000000,-69833498
293660,Deadpool,108.0,Standard (90-119 min),7.4,10995,783112979,58000000,725112979
9713,Holy Man,114.0,Standard (90-119 min),4.9,111,0,60000000,-60000000
190859,American Sniper,133.0,Long (120-149 min),7.4,4469,542307423,58800000,483507423
257445,Goosebumps,103.0,Standard (90-119 min),6.2,995,158162788,58000000,100162788
9007,Just Like Heaven,95.0,Standard (90-119 min),6.5,579,102854431,58000000,44854431
889,The Flintstones in Viva Rock Vegas,90.0,Standard (90-119 min),4.4,134,59468275,83000000,-23531725
1370,Rambo III,102.0,Standard (90-119 min),5.7,690,189015611,63000000,126015611
4942,Leatherheads,114.0,Standard (90-119 min),5.7,130,41299492,58000000,-16700508
347969,The Ridiculous 6,119.0,Standard (90-119 min),4.9,388,0,60000000,-60000000
24438,Did You Hear About the Morgans?,103.0,Standard (90-119 min),5.1,276,85280250,58000000,27280250
116741,The Internship,119.0,Standard (90-119 min),6.1,1658,44000000,58000000,-14000000
35791,Resident Evil: Afterlife,97.0,Standard (90-119 min),5.8,1363,300228084,60000000,240228084
72431,Red Tails,125.0,Long (120-149 min),5.9,178,50365377,58000000,-7634623
1813,The Devil's Advocate,144.0,Long (120-149 min),7.2,1374,152944660,57000000,95944660
87428,That's My Boy,116.0,Standard (90-119 min),5.5,453,58058367,70000000,-11941633
8840,DragonHeart,103.0,Standard (90-119 min),6.4,535,115267375,57000000,58267375
10589,After the Sunset,97.0,Standard (90-119 min),6.0,226,61347797,60000000,1347797
71676,Ghost Rider: Spirit of Vengeance,95.0,Standard (90-119 min),4.7,1135,149217355,57000000,92217355
1722,Captain Corelli's Mandolin,131.0,Long (120-149 min),5.5,145,62112895,57000000,5112895
10022,The Pacifier,95.0,Standard (90-119 min),5.8,842,113006880,56000000,57006880
11358,Walking Tall,86.0,Short (<90 min),6.0,381,57223890,56000000,1223890
13,Forrest Gump,142.0,Long (120-149 min),8.2,7927,677945399,55000000,622945399
6477,Alvin and the Chipmunks,92.0,Standard (90-119 min),5.5,1177,361366633,60000000,301366633
1597,Meet the Parents,108.0,Standard (90-119 min),6.6,1698,330444045,55000000,275444045
10530,Pocahontas,81.0,Short (<90 min),6.7,1457,346079773,55000000,291079773
1924,Superman,143.0,Long (120-149 min),6.9,1022,300218018,55000000,245218018
9327,The Nutty Professor,95.0,Standard (90-119 min),5.4,702,128769345,54000000,74769345
8488,Hitch,118.0,Standard (90-119 min),6.4,1665,368100420,70000000,298100420
10603,George of the Jungle,92.0,Standard (90-119 min),5.4,496,0,55000000,-55000000
8273,American Wedding,103.0,Standard (90-119 min),6.0,1129,231449203,55000000,176449203
109424,Captain Phillips,134.0,Long (120-149 min),7.6,2454,95000000,55000000,40000000
35056,Date Night,97.0,Standard (90-119 min),5.9,1122,152263880,55000000,97263880
8839,Casper,100.0,Standard (90-119 min),6.0,1019,287928194,50000000,237928194
156022,The Equalizer,132.0,Long (120-149 min),7.1,2954,192330738,55000000,137330738
7303,Maid in Manhattan,105.0,Standard (90-119 min),5.6,485,154906693,55000000,99906693
8963,Crimson Tide,116.0,Standard (90-119 min),7.0,498,157387195,53000000,104387195
1402,The Pursuit of Happyness,117.0,Standard (90-119 min),7.7,2525,307077295,55000000,252077295
9315,Flightplan,98.0,Standard (90-119 min),6.1,772,223387299,55000000,168387299
8984,Disclosure,123.0,Long (120-149 min),5.9,210,214015089,55000000,159015089
795,City of Angels,114.0,Standard (90-119 min),6.4,529,198685114,55000000,143685114
24,Kill Bill: Vol. 1,111.0,Standard (90-119 min),7.7,4949,180949000,30000000,150949000
11353,Bowfinger,97.0,Standard (90-119 min),6.0,254,0,55000000,-55000000
393,Kill Bill: Vol. 2,136.0,Long (120-149 min),7.6,3948,152159461,30000000,122159461
9618,Tango & Cash,104.0,Standard (90-119 min),6.1,458,63408614,55000000,8408614
9374,Death Becomes Her,104.0,Standard (90-119 min),6.3,636,149022650,55000000,94022650
8584,Shanghai Noon,110.0,Standard (90-119 min),6.2,735,56932305,55000000,1932305
2320,Executive Decision,133.0,Long (120-149 min),5.8,256,121969216,55000000,66969216
58224,Mr. Popper's Penguins,94.0,Standard (90-119 min),5.7,751,187361754,55000000,132361754
1729,The Forbidden Kingdom,104.0,Standard (90-119 min),6.3,461,127906624,55000000,72906624
175574,Free Birds,91.0,Standard (90-119 min),5.7,254,110000000,55000000,55000000
8077,Alien³,114.0,Standard (90-119 min),6.2,1633,159773545,50000000,109773545
8818,Evita,134.0,Long (120-149 min),5.9,120,141047179,55000000,86047179
8195,Ronin,122.0,Long (120-149 min),6.7,658,41610884,55000000,-13389116
10586,The Ghost and the Darkness,109.0,Standard (90-119 min),6.4,236,75000000,50000000,25000000
116149,Paddington,95.0,Standard (90-119 min),7.0,883,259207227,55000000,204207227
80035,The Watch,98.0,Standard (90-119 min),5.3,881,68267862,68000000,267862
10632,The Hunted,94.0,Standard (90-119 min),6.0,189,34234008,55000000,-20765992
12117,Instinct,126.0,Long (120-149 min),6.2,146,0,80000000,-80000000
1792,Stuck on You,118.0,Standard (90-119 min),5.1,188,33828318,55000000,-21171682
13260,Semi-Pro,91.0,Standard (90-119 min),5.4,251,33472850,0,33472850
72197,The Pirates! In an Adventure with Scientists!,88.0,Short (<90 min),6.4,374,118338361,60000000,58338361
3580,Changeling,141.0,Long (120-149 min),7.3,1131,113020255,55000000,58020255
12123,Chain Reaction,107.0,Standard (90-119 min),5.3,284,60209334,50000000,10209334
9566,The Fan,116.0,Standard (90-119 min),5.7,194,18626419,55000000,-36373581
9833,The Phantom of the Opera,143.0,Long (120-149 min),7.0,438,154648887,70000000,84648887
4517,Elizabeth: The Golden Age,114.0,Standard (90-119 min),6.6,303,74237563,55000000,19237563
8202,Æon Flux,93.0,Standard (90-119 min),5.4,703,52304001,62000000,-9695999
16072,Gods and Generals,214.0,Very Long (150+ min),6.1,48,12923936,56000000,-43076064
34314,Turbulence,100.0,Standard (90-119 min),5.2,62,11466088,55000000,-43533912
19724,Imagine That,107.0,Standard (90-119 min),5.7,134,0,55000000,-55000000
145220,Muppets Most Wanted,112.0,Standard (90-119 min),6.2,316,80383290,50000000,30383290
14623,Thunderbirds,95.0,Standard (90-119 min),4.2,91,28283637,57000000,-28716363
42297,Burlesque,119.0,Standard (90-119 min),6.9,573,89519773,55000000,34519773
2841,A Very Long Engagement,133.0,Long (120-149 min),7.1,346,0,47000000,-47000000
802,Lolita,153.0,Very Long (150+ min),7.3,395,9250000,2000000,7250000
10375,D-Tox,96.0,Standard (90-119 min),5.3,123,6416302,55000000,-48583698
36586,Blade II,117.0,Standard (90-119 min),6.2,1528,155010032,54000000,101010032
11321,Seven Pounds,123.0,Long (120-149 min),7.5,2039,168167691,55000000,113167691
70074,Bullet to the Head,92.0,Standard (90-119 min),5.2,481,9489829,55000000,-45510171
242,The Godfather: Part III,162.0,Very Long (150+ min),7.1,1546,136766062,54000000,82766062
9621,Elizabethtown,123.0,Long (120-149 min),6.1,327,52034889,57000000,-4965111
1819,"You, Me and Dupree",108.0,Standard (90-119 min),5.4,407,130431368,54000000,76431368
8536,Superman II,127.0,Long (120-149 min),6.5,629,190458706,54000000,136458706
8046,Gigli,121.0,Long (120-149 min),3.5,104,7266209,54000000,-46733791
1717,All the King's Men,125.0,Long (120-149 min),5.7,95,9450897,55000000,-45549103
479,Shaft,99.0,Standard (90-119 min),5.5,308,107196498,46000000,61196498
9444,Anastasia,94.0,Standard (90-119 min),7.4,1432,139804348,53000000,86804348
824,Moulin Rouge!,127.0,Long (120-149 min),7.4,1300,179213434,52500000,126713434
11456,Domestic Disturbance,89.0,Short (<90 min),5.4,113,54249294,75000000,-20750706
261023,Black Mass,122.0,Long (120-149 min),6.3,1242,98837872,53000000,45837872
3683,Flags of Our Fathers,132.0,Long (120-149 min),6.7,526,65900249,90000000,-24099751
22803,Law Abiding Citizen,109.0,Standard (90-119 min),7.2,1486,126690726,53000000,73690726
285923,Grindhouse,191.0,Very Long (150+ min),6.8,459,25037897,67000000,-41962103
39437,Beloved,172.0,Very Long (150+ min),5.9,26,0,0,0
1950,Lucky You,124.0,Long (120-149 min),5.4,81,5761917,0,5761917
640,Catch Me If You Can,141.0,Long (120-149 min),7.7,3795,352114312,52000000,300114312
97630,Zero Dark Thirty,157.0,Very Long (150+ min),6.7,1702,132820716,40000000,92820716
9767,The Break-Up,106.0,Standard (90-119 min),5.6,832,204999686,52000000,152999686
11631,Mamma Mia!,108.0,Standard (90-119 min),6.4,1386,609841637,52000000,557841637
32856,Valentine's Day,125.0,Long (120-149 min),5.7,1013,216485654,52000000,164485654
6519,The Dukes of Hazzard,104.0,Standard (90-119 min),5.1,316,110803676,50000000,60803676
8741,The Thin Red Line,170.0,Very Long (150+ min),7.2,771,98126565,52000000,46126565
49520,The Change-Up,112.0,Standard (90-119 min),5.9,736,75450437,52000000,23450437
1850,Man on the Moon,118.0,Standard (90-119 min),6.9,435,47434430,82000000,-34565570
524,Casino,178.0,Very Long (150+ min),7.8,1307,116112375,52000000,64112375
26389,From Paris with Love,92.0,Standard (90-119 min),6.1,675,52826594,52000000,826594
11817,Bulletproof Monk,104.0,Standard (90-119 min),5.1,278,0,52000000,-52000000
2123,"Me, Myself & Irene",116.0,Standard (90-119 min),6.1,927,149270999,51000000,98270999
9907,Barnyard,90.0,Standard (90-119 min),5.3,225,72779000,51000000,21779000
9969,Deck the Halls,93.0,Standard (90-119 min),5.1,109,47231070,0,47231070
18239,The Twilight Saga: New Moon,130.0,Long (120-149 min),5.6,2436,709827462,50000000,659827462
808,Shrek,90.0,Standard (90-119 min),7.3,4056,484409218,60000000,424409218
38050,The Adjustment Bureau,106.0,Standard (90-119 min),6.5,1652,127869379,50200000,77669379
8367,Robin Hood: Prince of Thieves,143.0,Long (120-149 min),6.6,909,390493908,48000000,342493908
9390,Jerry Maguire,139.0,Long (120-149 min),6.7,913,273552592,50000000,223552592
72105,Ted,106.0,Standard (90-119 min),6.3,4697,549368315,50000000,499368315
2898,As Good as It Gets,139.0,Long (120-149 min),7.2,915,314178011,50000000,264178011
10312,Patch Adams,115.0,Standard (90-119 min),7.0,832,202292902,50000000,152292902
109443,Anchorman 2: The Legend Continues,119.0,Standard (90-119 min),6.0,923,173649015,50000000,123649015
2022,Mr. Deeds,96.0,Standard (90-119 min),5.6,644,171269535,50000000,121269535
37686,Super 8,112.0,Standard (90-119 min),6.6,2435,260095987,50000000,210095987
462,Erin Brockovich,131.0,Long (120-149 min),7.1,716,256271286,52000000,204271286
9919,How to Lose a Guy in 10 Days,116.0,Standard (90-119 min),6.3,850,177371441,50000000,127371441
187017,22 Jump Street,112.0,Standard (90-119 min),7.0,3319,188441614,50000000,138441614
628,Interview with the Vampire,123.0,Long (120-149 min),7.2,1516,223664608,60000000,163664608
10201,Yes Man,104.0,Standard (90-119 min),6.4,1813,225990978,70000000,155990978
302699,Central Intelligence,107.0,Standard (90-119 min),6.2,1650,216972543,50000000,166972543
9441,Stepmom,124.0,Long (120-149 min),6.9,277,0,0,0
274167,Daddy's Home,96.0,Standard (90-119 min),5.8,854,242786137,50000000,192786137
224141,Into the Woods,125.0,Long (120-149 min),5.6,1652,212902372,50000000,162902372
388,Inside Man,129.0,Long (120-149 min),7.3,1630,184376254,45000000,139376254
2112,Payback,100.0,Standard (90-119 min),6.7,548,161626121,90000000,71626121
10329,Congo,109.0,Standard (90-119 min),5.0,213,152022101,50000000,102022101
74465,We Bought a Zoo,124.0,Long (120-149 min),6.5,909,120081841,50000000,70081841
13811,Knowing,121.0,Long (120-149 min),5.9,1486,155446362,50000000,105446362
6877,Failure to Launch,97.0,Standard (90-119 min),5.5,399,88715192,50000000,38715192
10320,The Ring Two,110.0,Standard (90-119 min),5.4,632,161451538,50000000,111451538
50646,"Crazy, Stupid, Love.",118.0,Standard (90-119 min),7.0,2443,142851197,50000000,92851197
8920,Garfield,80.0,Short (<90 min),5.2,820,200804534,50000000,150804534
13673,Christmas with the Kranks,99.0,Standard (90-119 min),5.2,193,0,60000000,-60000000
60308,Moneyball,133.0,Long (120-149 min),7.0,1381,110206216,50000000,60206216
6950,Outbreak,127.0,Long (120-149 min),6.3,513,189859560,50000000,139859560
225574,Non-Stop,106.0,Standard (90-119 min),6.8,2268,222809600,50000000,172809600
13836,Race to Witch Mountain,98.0,Standard (90-119 min),5.5,509,106303988,50000000,56303988
752,V for Vendetta,132.0,Long (120-149 min),7.7,4442,132511035,54000000,78511035
6038,Shanghai Knights,115.0,Standard (90-119 min),6.0,692,88323487,50000000,38323487
9975,Curious George,86.0,Short (<90 min),6.2,106,69834815,50000000,19834815
11451,Herbie Fully Loaded,101.0,Standard (90-119 min),5.1,542,66002004,50000000,16002004
12103,Don't Say a Word,113.0,Standard (90-119 min),6.0,220,100020092,50000000,50020092
60304,Hansel & Gretel: Witch Hunters,88.0,Short (<90 min),5.7,3239,224803475,50000000,174803475
2251,Unfaithful,124.0,Long (120-149 min),6.3,276,119137784,50000000,69137784
46529,I Am Number Four,109.0,Standard (90-119 min),5.9,1567,144492830,50000000,94492830
231,Syriana,128.0,Long (120-149 min),6.3,451,94000000,50000000,44000000
300671,13 Hours: The Secret Soldiers of Benghazi,144.0,Long (120-149 min),7.0,938,69411370,50000000,19411370
228326,The Book of Life,95.0,Standard (90-119 min),7.3,755,97437106,50000000,47437106
9754,Firewall,105.0,Standard (90-119 min),5.6,267,82800000,45000000,37800000
66,Absolute Power,121.0,Long (120-149 min),6.4,223,50068310,50000000,68310
4421,G.I. Jane,125.0,Long (120-149 min),6.0,395,48169156,50000000,-1830844
2649,The Game,129.0,Long (120-149 min),7.5,1506,109423648,50000000,59423648
588,Silent Hill,125.0,Long (120-149 min),6.3,1067,97607453,50000000,47607453
10393,The Replacements,118.0,Standard (90-119 min),6.1,203,0,0,0
71552,American Reunion,113.0,Standard (90-119 min),6.1,1611,234989584,50000000,184989584
9631,The Negotiator,140.0,Long (120-149 min),6.8,582,44547681,50000000,-5452319
216282,Into the Storm,89.0,Short (<90 min),5.8,817,160602194,50000000,110602194
306,Beverly Hills Cop III,104.0,Standard (90-119 min),5.5,434,119208989,50000000,69208989
928,Gremlins 2: The New Batch,106.0,Standard (90-119 min),6.2,652,41482207,50000000,-8517793
205587,The Judge,141.0,Long (120-149 min),7.2,1417,83719388,50000000,33719388
6623,The Peacemaker,124.0,Long (120-149 min),5.8,255,0,50000000,-50000000
1577,Resident Evil: Apocalypse,94.0,Standard (90-119 min),6.1,1267,129394835,45000000,84394835
9801,Bridget Jones: The Edge of Reason,108.0,Standard (90-119 min),6.1,750,40203020,50000000,-9796980
2116,Out of Time,105.0,Standard (90-119 min),6.1,298,55495563,50000000,5495563
9624,On Deadly Ground,102.0,Standard (90-119 min),4.5,104,49000000,50000000,-1000000
14199,The Adventures of Sharkboy and Lavagirl,92.0,Standard (90-119 min),4.4,269,69425966,50000000,19425966
1907,The Beach,119.0,Standard (90-119 min),6.3,1233,144056873,40000000,104056873
4599,Raising Helen,119.0,Standard (90-119 min),5.9,189,49718611,50000000,-281389
22832,Ninja Assassin,99.0,Standard (90-119 min),6.2,371,60462347,40000000,20462347
10390,For Love of the Game,137.0,Long (120-149 min),6.3,88,0,50000000,-50000000
9879,Striptease,115.0,Standard (90-119 min),4.4,205,113309743,50000000,63309743
38579,Marmaduke,87.0,Short (<90 min),5.0,149,83761844,50000000,33761844
44603,Hereafter,129.0,Long (120-149 min),5.8,510,105197635,50000000,55197635
11892,Murder by Numbers,120.0,Long (120-149 min),6.0,268,56714147,50000000,6714147
9691,Assassins,132.0,Long (120-149 min),6.0,387,30303072,50000000,-19696928
1248,Hannibal Rising,121.0,Long (120-149 min),6.0,654,82169884,50000000,32169884
12220,The Story of Us,95.0,Standard (90-119 min),5.9,75,58900031,50000000,8900031
72710,The Host,125.0,Long (120-149 min),6.0,1817,63327201,44000000,19327201
10782,Basic,98.0,Standard (90-119 min),6.2,286,42792561,50000000,-7207439
9573,Blood Work,110.0,Standard (90-119 min),6.1,206,26199517,50000000,-23800483
4959,The International,118.0,Standard (90-119 min),6.0,368,60161391,50000000,10161391
10061,Escape from L.A.,97.0,Standard (90-119 min),5.6,373,42277365,50000000,-7722635
10386,The Iron Giant,86.0,Short (<90 min),7.6,1436,23159305,70000000,-46840695
421,The Life Aquatic with Steve Zissou,119.0,Standard (90-119 min),7.1,775,34808403,50000000,-15191597
316152,Free State of Jones,139.0,Long (120-149 min),6.6,428,25035950,50000000,-24964050
11615,The Life of David Gale,130.0,Long (120-149 min),7.3,480,38955598,50000000,-11044402
13498,Man of the House,100.0,Standard (90-119 min),5.4,120,0,40000000,-40000000
241554,Run All Night,114.0,Standard (90-119 min),6.3,1148,71561644,50000000,21561644
2252,Eastern Promises,100.0,Standard (90-119 min),7.2,848,55112356,51500000,3612356
11968,Into the Blue,110.0,Standard (90-119 min),5.8,458,44434439,50000000,-5565561
10047,The Messenger: The Story of Joan of Arc,148.0,Long (120-149 min),6.2,367,66976317,60000000,6976317
38319,Your Highness,102.0,Standard (90-119 min),5.2,501,26121638,49900000,-23778362
69668,Dream House,84.0,Short (<90 min),5.8,391,38502340,50000000,-11497660
9770,Mad City,114.0,Standard (90-119 min),5.9,81,10541523,50000000,-39458477
11212,Baby's Day Out,99.0,Standard (90-119 min),5.8,274,16671505,50000000,-33328495
10533,The Scarlet Letter,135.0,Long (120-149 min),5.5,108,10382407,50000000,-39617593
38363,Fair Game,108.0,Standard (90-119 min),6.5,235,24188922,22000000,2188922
9923,Domino,127.0,Long (120-149 min),6.0,444,22944502,50000000,-27055498
11863,Jade,95.0,Standard (90-119 min),5.2,44,9851610,50000000,-40148390
18501,Gamer,95.0,Standard (90-119 min),5.6,760,40828540,50000000,-9171460
109491,Beautiful Creatures,124.0,Long (120-149 min),5.6,984,60052138,60000000,52138
9275,Death to Smoochy,109.0,Standard (90-119 min),5.9,132,0,55000000,-55000000
329833,Zoolander 2,100.0,Standard (90-119 min),4.7,797,55969000,50000000,5969000
12634,The Big Bounce,88.0,Short (<90 min),5.0,76,6808550,50000000,-43191450
10416,What Planet Are You From?,105.0,Standard (90-119 min),5.4,37,0,60000000,-60000000
47327,Drive Angry,105.0,Standard (90-119 min),5.3,600,28931401,50000000,-21068599
15268,Street Fighter: The Legend of Chun-Li,97.0,Standard (90-119 min),3.9,112,12764201,50000000,-37235799
10796,The One,87.0,Short (<90 min),5.7,437,72700000,49000000,23700000
9548,The Adventures of Ford Fairlane,104.0,Standard (90-119 min),6.2,71,20423389,49000000,-28576611
18947,The Boat That Rocked,116.0,Standard (90-119 min),7.2,666,36348784,50000000,-13651216
1900,Traffic,147.0,Long (120-149 min),6.9,562,207515725,48000000,159515725
89,Indiana Jones and the Last Crusade,127.0,Long (120-149 min),7.6,3152,474171806,48000000,426171806
96724,Anna Karenina,130.0,Long (120-149 min),6.5,639,68929150,0,68929150
198184,Chappie,120.0,Long (120-149 min),6.6,3062,104399548,49000000,55399548
9481,The Bone Collector,118.0,Standard (90-119 min),6.5,826,151493655,73000000,78493655
4547,Panic Room,111.0,Standard (90-119 min),6.5,1267,196397415,48000000,148397415
53953,The Tooth Fairy,0.0,Short (<90 min),4.3,13,0,0,0
6415,Three Kings,114.0,Standard (90-119 min),6.6,692,108000000,75000000,33000000
181283,Child 44,137.0,Long (120-149 min),6.1,547,3324330,50000000,-46675670
9896,Rat Race,112.0,Standard (90-119 min),6.0,518,85498534,48000000,37498534
167,K-PAX,120.0,Long (120-149 min),7.1,695,50315140,48000000,2315140
11232,Kate & Leopold,118.0,Standard (90-119 min),6.0,418,0,0,0
1636,Bedazzled,93.0,Standard (90-119 min),5.6,512,90383208,48000000,42383208
2148,The Cotton Club,127.0,Long (120-149 min),6.6,68,25928721,58000000,-32071279
5176,3:10 to Yuma,122.0,Long (120-149 min),6.9,1188,70016220,55000000,15016220
260346,Taken 3,109.0,Standard (90-119 min),6.1,2200,325771424,48000000,277771424
1389,Out of Sight,123.0,Long (120-149 min),6.5,333,77745568,48000000,29745568
9894,The Cable Guy,96.0,Standard (90-119 min),5.7,594,102825796,47000000,55825796
7504,Earth,101.0,Standard (90-119 min),6.6,9,528972,0,528972
8592,Dick Tracy,103.0,Standard (90-119 min),5.9,251,103738726,47000000,56738726
913,The Thomas Crown Affair,113.0,Standard (90-119 min),6.6,339,124305181,48000000,76305181
11091,Riding in Cars with Boys,132.0,Long (120-149 min),6.5,103,35743308,48000000,-12256692
1368,First Blood,93.0,Standard (90-119 min),7.2,1488,125212904,15000000,110212904
593,Solaris,167.0,Very Long (150+ min),7.7,357,0,0,0
5393,Happily N'Ever After,75.0,Short (<90 min),4.6,104,38085778,47000000,-8914222
9095,Mary Reilly,104.0,Standard (90-119 min),5.7,74,12379402,47000000,-34620598
8874,My Best Friend's Wedding,105.0,Standard (90-119 min),6.3,584,299288605,38000000,261288605
11467,America's Sweethearts,102.0,Standard (90-119 min),5.5,252,0,0,0
320,Insomnia,118.0,Standard (90-119 min),6.8,1148,113714830,46000000,67714830
199,Star Trek: First Contact,111.0,Standard (90-119 min),7.0,661,150000000,46000000,104000000
20533,Jonah Hex,80.0,Short (<90 min),4.4,420,10539000,47000000,-36461000
10684,Courage Under Fire,117.0,Standard (90-119 min),6.2,232,100860818,46000000,54860818
1624,Liar Liar,86.0,Short (<90 min),6.4,1424,181000000,45000000,136000000
325789,The Infiltrator,127.0,Long (120-149 min),6.6,573,15436808,25000000,-9563192
113464,Inchon,140.0,Long (120-149 min),6.5,2,5200000,46000000,-40800000
888,The Flintstones,91.0,Standard (90-119 min),5.0,543,341631208,46000000,295631208
82675,Taken 2,91.0,Standard (90-119 min),6.1,2757,376141306,45000000,331141306
4256,Scary Movie 3,84.0,Short (<90 min),5.8,912,220673217,48000000,172673217
1493,Miss Congeniality,111.0,Standard (90-119 min),6.1,961,212000000,45000000,167000000
88751,Journey to the Center of the Earth,93.0,Standard (90-119 min),5.8,1309,101702060,45000000,56702060
11130,The Princess Diaries 2: Royal Engagement,113.0,Standard (90-119 min),6.0,697,95149435,40000000,55149435
9944,The Pelican Brief,141.0,Long (120-149 min),6.3,371,195268056,45000000,150268056
10731,The Client,119.0,Standard (90-119 min),6.4,278,117615211,45000000,72615211
7350,The Bucket List,97.0,Standard (90-119 min),7.0,1111,175372502,45000000,130372502
9869,Patriot Games,117.0,Standard (90-119 min),6.3,433,178051587,45000000,133051587
4379,Monster-in-Law,101.0,Standard (90-119 min),5.6,406,154749918,43000000,111749918
146233,Prisoners,153.0,Very Long (150+ min),7.9,3085,122126687,46000000,76126687
2034,Training Day,122.0,Long (120-149 min),7.3,1634,104876233,45000000,59876233
926,Galaxy Quest,102.0,Standard (90-119 min),6.9,710,90683916,45000000,45683916
4248,Scary Movie 2,83.0,Short (<90 min),5.4,982,141220678,45000000,96220678
64328,The Muppets,103.0,Standard (90-119 min),6.5,501,165184237,45000000,120184237
36647,Blade,120.0,Long (120-149 min),6.5,1905,131183530,45000000,86183530
7214,Coach Carter,136.0,Long (120-149 min),7.3,496,76669806,30000000,46669806
1537,Changing Lanes,89.0,Short (<90 min),5.9,299,94935764,45000000,49935764
9360,Anaconda,89.0,Short (<90 min),4.7,610,136885767,45000000,91885767
6282,Coyote Ugly,100.0,Standard (90-119 min),5.8,575,113916474,45000000,68916474
508,Love Actually,135.0,Long (120-149 min),7.0,1869,244931766,40000000,204931766
9487,A Bug's Life,95.0,Standard (90-119 min),6.8,2303,363258859,120000000,243258859
768,From Hell,122.0,Long (120-149 min),6.6,741,74558115,35000000,39558115
2636,The Specialist,110.0,Standard (90-119 min),5.5,313,170362582,45000000,125362582
10478,Tin Cup,135.0,Long (120-149 min),5.9,150,53854588,45000000,8854588
27983,"Yours, Mine and Ours",111.0,Standard (90-119 min),6.2,26,0,0,0
9981,Kicking & Screaming,95.0,Standard (90-119 min),5.6,176,56070433,45000000,11070433
7453,The Hitchhiker's Guide to the Galaxy,109.0,Standard (90-119 min),6.6,1315,104478416,50000000,54478416
15045,Fat Albert,93.0,Standard (90-119 min),4.3,69,0,0,0
7737,Resident Evil: Extinction,94.0,Standard (90-119 min),6.1,1292,148412065,45000000,103412065
232672,Blended,117.0,Standard (90-119 min),6.6,1006,123494610,40000000,83494610
17379,Last Holiday,112.0,Standard (90-119 min),6.4,119,38399961,45000000,-6600039
8987,The River Wild,111.0,Standard (90-119 min),6.1,210,0,45000000,-45000000
11359,The Indian in the Cupboard,96.0,Standard (90-119 min),5.9,134,0,45000000,-45000000
82525,Savages,131.0,Long (120-149 min),6.2,766,82966152,45000000,37966152
9759,Cellular,94.0,Standard (90-119 min),6.1,537,56422687,25000000,31422687
9486,Johnny English,88.0,Short (<90 min),6.0,852,160583018,40000000,120583018
9906,The Ant Bully,88.0,Short (<90 min),5.5,366,55181129,50000000,5181129
841,Dune,137.0,Long (120-149 min),6.5,562,30925690,40000000,-9074310
4688,Across the Universe,133.0,Long (120-149 min),7.1,410,0,0,0
4148,Revolutionary Road,119.0,Standard (90-119 min),6.7,796,75225693,35000000,40225693
2207,16 Blocks,105.0,Standard (90-119 min),6.2,661,65664721,55000000,10664721
9381,Babylon A.D.,101.0,Standard (90-119 min),5.4,676,72108608,70000000,2108608
9625,The Glimmer Man,92.0,Standard (90-119 min),4.7,100,0,45000000,-45000000
9304,Multiplicity,117.0,Standard (90-119 min),5.5,154,0,45000000,-45000000
20856,Aliens in the Attic,86.0,Short (<90 min),5.3,244,57881056,45000000,12881056
5955,The Pledge,123.0,Long (120-149 min),6.5,215,29400000,35000000,-5600000
9899,The Producers,134.0,Long (120-149 min),6.1,151,38058335,45000000,-6941665
9826,The Phantom,100.0,Standard (90-119 min),4.7,136,17300889,45000000,-27699111
21355,All the Pretty Horses,117.0,Standard (90-119 min),5.8,60,0,57000000,-57000000
10858,Nixon,192.0,Very Long (150+ min),7.1,71,13681765,44000000,-30318235
11439,The Ghost Writer,128.0,Long (120-149 min),6.7,670,60222298,45000000,15222298
9457,Deep Rising,106.0,Standard (90-119 min),6.0,154,11203026,45000000,-33796974
12412,Miracle at St. Anna,160.0,Very Long (150+ min),6.3,90,9323833,45000000,-35676167
1494,Curse of the Golden Flower,114.0,Standard (90-119 min),6.6,203,0,110,-110
13184,Bangkok Dangerous,99.0,Standard (90-119 min),5.0,332,42487390,45000000,-2512610
2185,Big Trouble,85.0,Short (<90 min),6.3,80,8493890,40000000,-31506110
6639,Love in the Time of Cholera,139.0,Long (120-149 min),6.4,81,4607608,45000000,-40392392
38153,Shadow Conspiracy,103.0,Standard (90-119 min),4.0,11,2154540,45000000,-42845460
58233,Johnny English Reborn,101.0,Standard (90-119 min),6.0,1007,160078586,45000000,115078586
116977,Foodfight!,87.0,Short (<90 min),2.3,28,73706,65000000,-64926294
68734,Argo,120.0,Long (120-149 min),7.1,3423,232324128,44500000,187824128
5503,The Fugitive,130.0,Long (120-149 min),7.2,1220,368875760,44000000,324875760
27573,The Bounty Hunter,110.0,Standard (90-119 min),5.5,858,136000000,40000000,96000000
819,Sleepers,147.0,Long (120-149 min),7.3,715,165615285,44000000,121615285
1369,Rambo: First Blood Part II,96.0,Standard (90-119 min),6.3,864,300400432,44000000,256400432
9623,The Juror,118.0,Standard (90-119 min),5.5,89,0,44000000,-44000000
10895,Pinocchio,88.0,Short (<90 min),6.9,1355,84300000,2600000,81700000
10935,Heaven's Gate,219.0,Very Long (150+ min),6.4,55,3484331,44000000,-40515669
834,Underworld: Evolution,106.0,Standard (90-119 min),6.4,1528,111340801,50000000,61340801
228066,Victor Frankenstein,109.0,Standard (90-119 min),5.6,685,34227298,40000000,-5772702
711,Finding Forrester,136.0,Long (120-149 min),7.0,302,80049764,43000000,37049764
10468,28 Days,103.0,Standard (90-119 min),6.0,208,0,43000000,-43000000
10027,Unleashed,103.0,Standard (90-119 min),6.6,518,50871113,45000000,5871113
11812,The Sweetest Thing,84.0,Short (<90 min),5.3,280,68696770,43000000,25696770
37233,The Firm,154.0,Very Long (150+ min),6.6,501,270248367,42000000,228248367
37950,Charlie St. Cloud,99.0,Standard (90-119 min),6.8,566,48190704,44000000,4190704
27582,The Mechanic,93.0,Standard (90-119 min),6.3,1045,51070807,40000000,11070807
64688,21 Jump Street,109.0,Standard (90-119 min),6.7,4074,201585328,42000000,159585328
509,Notting Hill,124.0,Long (120-149 min),7.0,1262,363889678,42000000,321889678
7443,Chicken Run,84.0,Short (<90 min),6.5,1150,224834564,45000000,179834564
5966,Along Came Polly,90.0,Standard (90-119 min),5.8,773,171963386,42000000,129963386
11066,Boomerang,117.0,Standard (90-119 min),5.4,134,70100000,40000000,30100000
136795,The Heat,117.0,Standard (90-119 min),6.5,1575,158674180,43000000,115674180
8095,Cleopatra,248.0,Very Long (150+ min),6.7,146,71000000,31115000,39885000
87826,Here Comes the Boom,105.0,Standard (90-119 min),6.0,593,73100172,0,73100172
11560,High Crimes,115.0,Standard (90-119 min),6.1,184,63781810,42000000,21781810
25189,The Mirror Has Two Faces,126.0,Long (120-149 min),6.5,47,0,42000000,-42000000
2637,The Mothman Prophecies,119.0,Standard (90-119 min),6.1,305,55157539,32000000,23157539
18480,Brüno,83.0,Short (<90 min),5.4,518,0,42000000,-42000000
709,Licence to Kill,133.0,Long (120-149 min),5.9,541,156167015,32000000,124167015
49730,Red Riding Hood,100.0,Standard (90-119 min),5.6,922,89162162,42000000,47162162
2749,15 Minutes,120.0,Long (120-149 min),5.7,191,56359980,60000000,-3640020
9607,Super Mario Bros.,104.0,Standard (90-119 min),4.0,232,20915465,48000000,-27084535
1830,Lord of War,122.0,Long (120-149 min),7.0,1335,24127895,42000000,-17872105
79,Hero,99.0,Standard (90-119 min),7.2,635,177394432,31000000,146394432
54054,One for the Money,91.0,Standard (90-119 min),5.3,388,36893721,40000000,-3106279
228967,The Interview,112.0,Standard (90-119 min),6.1,2304,12342632,44000000,-31657368
46528,The Warrior's Way,100.0,Standard (90-119 min),6.3,136,11087569,42000000,-30912431
27936,Micmacs,100.0,Standard (90-119 min),6.8,148,14000000,33000000,-19000000
65,8 Mile,110.0,Standard (90-119 min),6.8,1626,215000000,41000000,174000000
280391,Why I Did (Not) Eat My Father,100.0,Standard (90-119 min),5.3,125,0,0,0
9476,A Knight's Tale,132.0,Long (120-149 min),6.6,907,117487473,65000000,52487473
10610,The Medallion,88.0,Short (<90 min),5.3,281,0,41000000,-41000000
745,The Sixth Sense,107.0,Standard (90-119 min),7.7,3147,672806292,40000000,632806292
49527,Man on a Ledge,102.0,Standard (90-119 min),6.2,925,46221189,42000000,4221189
73937,The Big Year,100.0,Standard (90-119 min),5.6,248,7448385,41000000,-33551615
1885,The Karate Kid,126.0,Long (120-149 min),6.9,891,90815558,8000000,82815558
168672,American Hustle,138.0,Long (120-149 min),6.8,2807,251171807,40000000,211171807
18240,The Proposal,108.0,Standard (90-119 min),6.7,1804,317375031,40000000,277375031
10398,Double Jeopardy,105.0,Standard (90-119 min),6.2,278,177841558,70000000,107841558
165,Back to the Future Part II,108.0,Standard (90-119 min),7.4,3829,332000000,40000000,292000000
240832,Lucy,89.0,Short (<90 min),6.3,5878,126546825,40000000,86546825
216015,Fifty Shades of Grey,125.0,Long (120-149 min),5.2,3254,571006128,40000000,531006128
12279,Spy Kids 3-D: Game Over,84.0,Short (<90 min),4.7,511,197011982,38000000,159011982
1645,A Time to Kill,149.0,Long (120-149 min),7.0,509,152266007,40000000,112266007
11007,Cheaper by the Dozen,98.0,Standard (90-119 min),6.0,699,190212113,40000000,150212113
193756,Lone Survivor,121.0,Long (120-149 min),7.4,1526,149295601,40000000,109295601
11287,A League of Their Own,128.0,Long (120-149 min),6.7,354,107458785,40000000,67458785
259693,The Conjuring 2,134.0,Long (120-149 min),7.0,1949,320170008,40000000,280170008
37799,The Social Network,120.0,Long (120-149 min),7.1,3391,224920315,40000000,184920315
10184,He's Just Not That Into You,129.0,Long (120-149 min),6.2,959,177259441,40000000,137259441
4257,Scary Movie 4,83.0,Short (<90 min),5.3,750,178262620,45000000,133262620
4234,Scream 3,116.0,Standard (90-119 min),5.7,736,161834276,40000000,121834276
196,Back to the Future Part III,118.0,Standard (90-119 min),7.1,2900,244527583,40000000,204527583
257091,Get Hard,100.0,Standard (90-119 min),5.9,944,111811453,40000000,71811453
6114,Dracula,128.0,Long (120-149 min),7.1,1056,215862692,40000000,175862692
24803,Julie & Julia,123.0,Long (120-149 min),6.6,560,129540499,40000000,89540499
109410,42,128.0,Long (120-149 min),6.8,787,95020213,40000000,55020213
1213,The Talented Mr. Ripley,139.0,Long (120-149 min),7.0,767,128798265,40000000,88798265
100042,Dumb and Dumber To,110.0,Standard (90-119 min),5.4,1127,169837010,40000000,129837010
9036,Eight Below,120.0,Long (120-149 min),6.7,542,120455994,40000000,80455994
257211,The Intern,121.0,Long (120-149 min),7.1,1881,194564672,35000000,159564672
323675,Ride Along 2,102.0,Standard (90-119 min),6.1,555,124827316,40000000,84827316
9361,The Last of the Mohicans,112.0,Standard (90-119 min),7.1,732,75505856,40000000,35505856
1677,Ray,152.0,Very Long (150+ min),7.2,467,124731534,40000000,84731534
187,Sin City,124.0,Long (120-149 min),7.2,2691,158733820,40000000,118733820
7461,Vantage Point,90.0,Standard (90-119 min),6.2,716,151161491,40000000,111161491
16538,"I Love You, Man",105.0,Standard (90-119 min),6.5,515,91636986,41000000,50636986
9889,Shallow Hal,114.0,Standard (90-119 min),5.7,731,141069860,40000000,101069860
820,JFK,189.0,Very Long (150+ min),7.5,502,205405498,40000000,165405498
11565,Big Momma's House 2,99.0,Standard (90-119 min),5.4,371,138259062,40000000,98259062
6073,The Mexican,123.0,Long (120-149 min),5.8,441,147845033,57000000,90845033
16996,17 Again,102.0,Standard (90-119 min),6.1,1350,136267476,20000000,116267476
193610,The Other Woman,109.0,Standard (90-119 min),6.2,1437,196781193,40000000,156781193
19912,The Final Destination,82.0,Short (<90 min),5.4,831,186167139,40000000,146167139
296098,Bridge of Spies,141.0,Long (120-149 min),7.2,2583,165478348,40000000,125478348
8007,Behind Enemy Lines,106.0,Standard (90-119 min),6.0,457,91753202,40000000,51753202
32823,Get Him to the Greek,109.0,Standard (90-119 min),5.9,612,90029656,40000000,50029656
4380,Shall We Dance?,107.0,Standard (90-119 min),5.9,297,170128460,50000000,120128460
11551,Small Soldiers,110.0,Standard (90-119 min),6.2,511,54682547,40000000,14682547
10336,Spawn,96.0,Standard (90-119 min),5.0,336,87840042,40000000,47840042
11362,The Count of Monte Cristo,131.0,Long (120-149 min),7.3,453,75395048,35000000,40395048
50348,The Lincoln Lawyer,119.0,Standard (90-119 min),7.0,902,85412898,40000000,45412898
48138,Unknown,113.0,Standard (90-119 min),6.5,1265,130786397,30000000,100786397
1124,The Prestige,130.0,Long (120-149 min),8.0,4391,109676311,40000000,69676311
227159,Horrible Bosses 2,108.0,Standard (90-119 min),6.1,1536,107670357,42000000,65670357
68179,Escape from Planet Earth,89.0,Short (<90 min),5.7,332,74597643,40000000,34597643
1579,Apocalypto,139.0,Long (120-149 min),7.3,1221,120175290,40000000,80175290
708,The Living Daylights,130.0,Long (120-149 min),6.2,440,191185897,40000000,151185897
34851,Predators,107.0,Standard (90-119 min),6.0,1206,126248813,40000000,86248813
9930,Legal Eagles,116.0,Standard (90-119 min),5.8,51,0,0,0
1586,Secret Window,96.0,Standard (90-119 min),6.4,972,92913171,40000000,52913171
2044,The Lake House,99.0,Standard (90-119 min),6.5,670,114830111,40000000,74830111
9913,The Skeleton Key,104.0,Standard (90-119 min),6.4,573,91974818,43000000,48974818
71864,The Odd Life of Timothy Green,105.0,Standard (90-119 min),6.5,386,51854875,0,51854875
10761,Made of Honor,101.0,Standard (90-119 min),6.0,394,84601681,40000000,44601681
209451,Jersey Boys,134.0,Long (120-149 min),6.8,255,67347013,40000000,27347013
11975,The Rainmaker,135.0,Long (120-149 min),6.7,235,45916769,40000000,5916769
4970,Gothika,98.0,Standard (90-119 min),5.8,629,141591324,40000000,101591324
11831,Amistad,155.0,Very Long (150+ min),6.8,316,74000000,36000000,38000000
9096,Medicine Man,106.0,Standard (90-119 min),5.8,114,0,40000000,-40000000
440,Aliens vs Predator: Requiem,94.0,Standard (90-119 min),4.9,740,41797066,40000000,1797066
11011,Ri¢hie Ri¢h,95.0,Standard (90-119 min),5.4,415,0,40000000,-40000000
10641,Autumn in New York,103.0,Standard (90-119 min),5.7,135,0,65000000,-65000000
11172,Music and Lyrics,96.0,Standard (90-119 min),6.2,554,145896422,40000000,105896422
39513,Paul,104.0,Standard (90-119 min),6.5,1789,97552050,40000000,57552050
82687,The Guilt Trip,95.0,Standard (90-119 min),5.4,284,41863726,40000000,1863726
41446,Scream 4,111.0,Standard (90-119 min),6.1,902,97138686,40000000,57138686
8224,8MM,123.0,Long (120-149 min),6.1,474,96618699,40000000,56618699
10537,The Doors,140.0,Long (120-149 min),6.7,275,34416893,38000000,-3583107
225886,Sex Tape,97.0,Standard (90-119 min),5.3,1695,126069509,40000000,86069509
10385,Hanging Up,94.0,Standard (90-119 min),5.0,40,36037909,40000000,-3962091
55779,Final Destination 5,92.0,Standard (90-119 min),5.9,866,157887643,47000000,110887643
10154,Mickey Blue Eyes,102.0,Standard (90-119 min),5.3,140,0,0,0
10647,Pay It Forward,122.0,Long (120-149 min),7.0,432,55707411,40000000,15707411
11431,Fever Pitch,103.0,Standard (90-119 min),5.9,182,50451307,30000000,20451307
8457,Drillbit Taylor,102.0,Standard (90-119 min),5.5,275,0,40000000,-40000000
188161,A Million Ways to Die in the West,116.0,Standard (90-119 min),5.8,1468,0,0,0
8850,The Shadow,108.0,Standard (90-119 min),5.4,138,48063435,25000000,23063435
64685,Extremely Loud & Incredibly Close,129.0,Long (120-149 min),6.9,708,55247881,40000000,15247881
38357,Morning Glory,102.0,Standard (90-119 min),6.1,412,58785180,40000000,18785180
10060,Get Rich or Die Tryin',117.0,Standard (90-119 min),6.3,186,46442528,40000000,6442528
11398,The Art of War,117.0,Standard (90-119 min),5.6,135,30199105,40000000,-9800895
1833,Rent,135.0,Long (120-149 min),6.7,155,31670620,40000000,-8329380
10391,Bless the Child,107.0,Standard (90-119 min),4.9,71,0,40000000,-40000000
8970,The Out-of-Towners,90.0,Standard (90-119 min),5.0,45,29000000,75000000,-46000000
9306,The Island of Dr. Moreau,96.0,Standard (90-119 min),4.6,147,49627779,40000000,9627779
11370,The Musketeer,104.0,Standard (90-119 min),5.2,56,27053815,40000000,-12946185
12184,The Other Boleyn Girl,115.0,Standard (90-119 min),6.4,477,0,35000000,-35000000
1921,Sweet November,119.0,Standard (90-119 min),6.4,278,65754228,40000000,25754228
1683,The Reaping,99.0,Standard (90-119 min),5.4,205,62771059,40000000,22771059
203,Mean Streets,110.0,Standard (90-119 min),7.2,345,3000000,500000,2500000
11858,Renaissance Man,128.0,Long (120-149 min),5.9,81,24332324,40000000,-15667676
62835,Colombiana,108.0,Standard (90-119 min),6.5,824,60965854,40000000,20965854
18937,Quest for Camelot,86.0,Short (<90 min),6.9,190,38172500,40000000,-1827500
13536,City By The Sea,108.0,Standard (90-119 min),5.7,92,22433915,40000000,-17566085
15556,At First Sight,128.0,Long (120-149 min),5.9,48,0,0,0
10718,Torque,84.0,Short (<90 min),4.7,119,46546197,40000000,6546197
11062,City Hall,111.0,Standard (90-119 min),6.0,67,0,0,0
10802,Showgirls,128.0,Long (120-149 min),4.9,256,20350754,45000000,-24649246
1887,Marie Antoinette,123.0,Long (120-149 min),6.5,642,60474340,40000000,20474340
6071,Kiss of Death,101.0,Standard (90-119 min),5.7,81,0,40000000,-40000000
10461,Get Carter,102.0,Standard (90-119 min),4.8,145,19412993,63600000,-44187007
80278,The Impossible,113.0,Standard (90-119 min),7.0,2025,180274123,42000000,138274123
12704,Ishtar,107.0,Standard (90-119 min),4.2,28,14375181,55000000,-40624819
10315,Fantastic Mr. Fox,87.0,Short (<90 min),7.5,1176,46471023,40000000,6471023
16643,Life or Something Like It,103.0,Standard (90-119 min),5.7,124,16872671,40000000,-23127329
2687,Memoirs of an Invisible Man,99.0,Standard (90-119 min),5.7,125,14358033,40000000,-25641967
194,Amélie,122.0,Long (120-149 min),7.8,3310,173921954,10000000,163921954
11025,New York Minute,91.0,Standard (90-119 min),5.5,185,0,0,0
8849,Alfie,103.0,Standard (90-119 min),5.6,248,13395939,60000000,-46604061
78698,Big Miracle,107.0,Standard (90-119 min),6.6,152,24719215,40000000,-15280785
30943,The Deep End of the Ocean,106.0,Standard (90-119 min),5.9,54,28121100,38000000,-9878900
9544,FearDotCom,101.0,Standard (90-119 min),3.2,105,18902015,40000000,-21097985
24418,Cirque du Freak: The Vampire's Assistant,109.0,Standard (90-119 min),5.5,348,28169671,40000000,-11830329
7288,Duplex,89.0,Short (<90 min),5.9,482,19322135,40000000,-20677865
14655,Soul Men,103.0,Standard (90-119 min),6.3,47,0,0,0
24575,Raise the Titanic,115.0,Standard (90-119 min),5.2,21,0,0,0
10366,Universal Soldier: The Return,82.0,Short (<90 min),4.2,135,10667893,45000000,-34332107
19898,Pandorum,108.0,Standard (90-119 min),6.5,774,20645327,33000000,-12354673
4965,Impostor,102.0,Standard (90-119 min),6.1,135,0,40000000,-40000000
15074,Extreme Ops,93.0,Standard (90-119 min),5.0,28,10959475,40000000,-29040525
56715,Just Visiting,88.0,Short (<90 min),4.8,171,0,0,0
1272,Sunshine,107.0,Standard (90-119 min),7.0,1182,32017803,50000000,-17982197
72358,A Thousand Words,91.0,Standard (90-119 min),6.0,373,22044277,40000000,-17955723
20542,Delgo,94.0,Standard (90-119 min),5.4,15,0,40000000,-40000000
266396,The Gunman,115.0,Standard (90-119 min),5.5,392,13644292,40000000,-26355708
9978,Stormbreaker,93.0,Standard (90-119 min),5.1,213,23937870,40000000,-16062130
8271,Disturbia,105.0,Standard (90-119 min),6.6,1006,117760134,20000000,97760134
10428,Hackers,107.0,Standard (90-119 min),6.2,398,7563728,20000000,-12436272
5353,The Hunting Party,101.0,Standard (90-119 min),6.6,96,0,0,0
11934,The Hudsucker Proxy,111.0,Standard (90-119 min),7.1,275,0,30000000,-30000000
14392,The Warlords,126.0,Long (120-149 min),6.3,83,0,40000000,-40000000
19495,Nomad: The Warrior,112.0,Standard (90-119 min),4.3,17,0,25000000,-25000000
110415,Snowpiercer,126.0,Long (120-149 min),6.7,2854,86758912,39200000,47558912
77459,A Monster in Paris,90.0,Standard (90-119 min),6.5,313,0,25000000,-25000000
26486,The Last Shot,90.0,Standard (90-119 min),5.9,15,0,0,0
9495,The Crow,102.0,Standard (90-119 min),7.3,953,94000000,15000000,79000000
256040,Baahubali: The Beginning,159.0,Very Long (150+ min),7.5,135,100000000,40000000,60000000
24420,The Time Traveler's Wife,107.0,Standard (90-119 min),6.7,798,101229792,39000000,62229792
1257,Because I Said So,102.0,Standard (90-119 min),5.8,191,69485490,0,69485490
62214,Frankenweenie,87.0,Short (<90 min),6.6,932,35287788,39000000,-3712212
16320,Serenity,119.0,Standard (90-119 min),7.4,1264,38869464,39000000,-130536
8842,Against the Ropes,106.0,Standard (90-119 min),4.5,32,6614280,39000000,-32385720
9531,Superman III,125.0,Long (120-149 min),5.3,490,75850624,39000000,36850624
64807,Grudge Match,113.0,Standard (90-119 min),6.0,433,44907260,40000000,4907260
12289,Red Cliff,150.0,Very Long (150+ min),7.1,205,127814609,80341000,47473609
11529,Sweet Home Alabama,108.0,Standard (90-119 min),6.0,394,180622424,30000000,150622424
20943,The Ugly Truth,96.0,Standard (90-119 min),6.4,972,205298907,38000000,167298907
9099,Sgt. Bilko,90.0,Standard (90-119 min),5.5,94,0,0,0
9488,Spy Kids 2: The Island of Lost Dreams,100.0,Standard (90-119 min),5.3,521,119723358,38000000,81723358
193,Star Trek: Generations,118.0,Standard (90-119 min),6.4,452,120000000,38000000,82000000
44865,The Grandmaster,130.0,Long (120-149 min),6.3,273,64076736,3860000,60216736
55787,Water for Elephants,120.0,Long (120-149 min),6.7,850,114156230,38000000,76156230
257932,Dragon Nest: Warriors' Dawn,88.0,Short (<90 min),6.8,19,0,40000000,-40000000
10400,The Hurricane,146.0,Long (120-149 min),7.2,396,73956241,50000000,23956241
1957,Enough,114.0,Standard (90-119 min),6.2,264,51801187,38000000,13801187
10833,Heartbreakers,123.0,Long (120-149 min),5.7,254,0,35000000,-35000000
256961,Paul Blart: Mall Cop 2,94.0,Standard (90-119 min),5.0,567,107597242,38000000,69597242
5852,Angel Eyes,102.0,Standard (90-119 min),5.6,88,29700000,53000000,-23300000
12312,Joe Somebody,99.0,Standard (90-119 min),5.5,40,0,38000000,-38000000
622,The Ninth Gate,133.0,Long (120-149 min),6.3,756,58401898,38000000,20401898
11306,Extreme Measures,118.0,Standard (90-119 min),5.7,80,17380126,38000000,-20619874
12508,Rock Star,105.0,Standard (90-119 min),6.0,190,16991902,57000000,-40008098
25793,Precious,110.0,Standard (90-119 min),6.9,417,47536959,10000000,37536959
10534,White Squall,129.0,Long (120-149 min),6.3,86,10300000,38000000,-27700000
1091,The Thing,109.0,Standard (90-119 min),7.8,1588,19629760,15000000,4629760
87421,Riddick,119.0,Standard (90-119 min),6.2,2035,98337295,38000000,60337295
10871,Switchback,118.0,Standard (90-119 min),5.8,52,6482195,37000000,-30517805
13503,Texas Rangers,110.0,Standard (90-119 min),5.4,19,0,0,0
13600,City of Ember,90.0,Standard (90-119 min),6.2,605,17869048,55000000,-37130952
68722,The Master,137.0,Long (120-149 min),7.0,701,28258060,32000000,-3741940
14324,Virgin Territory,93.0,Standard (90-119 min),4.3,75,5410749,38000000,-32589251
14325,The Express,130.0,Long (120-149 min),7.1,71,9793496,40000000,-30206504
299687,The 5th Wave,112.0,Standard (90-119 min),5.6,1945,109906372,38000000,71906372
312221,Creed,133.0,Long (120-149 min),7.3,1915,173567581,37000000,136567581
23168,The Town,125.0,Long (120-149 min),7.0,1468,154026136,37000000,117026136
76494,What to Expect When You're Expecting,110.0,Standard (90-119 min),5.8,594,79700000,40000000,39700000
4944,Burn After Reading,96.0,Standard (90-119 min),6.5,1222,163720069,37000000,126720069
10488,Nim's Island,96.0,Standard (90-119 min),5.6,330,100076342,37000000,63076342
96721,Rush,123.0,Long (120-149 min),7.7,2277,90247624,38000000,52247624
334,Magnolia,188.0,Very Long (150+ min),7.5,825,48451803,37000000,11451803
23742,Cop Out,107.0,Standard (90-119 min),5.3,511,55583804,30000000,25583804
259694,How to Be Single,110.0,Standard (90-119 min),5.9,1201,112343513,38000000,74343513
62837,Dolphin Tale,113.0,Standard (90-119 min),6.7,163,95404397,37000000,58404397
8966,Twilight,122.0,Long (120-149 min),5.8,3561,392616625,37000000,355616625
8470,John Q,116.0,Standard (90-119 min),7.0,594,102244770,36000000,66244770
11001,Blue Streak,93.0,Standard (90-119 min),6.1,352,117758500,65000000,52758500
138832,We're the Millers,110.0,Standard (90-119 min),6.8,2972,269994119,37000000,232994119
16911,The Inhabited Island,115.0,Standard (90-119 min),5.3,23,21834845,36500000,-14665155
2163,Breakdown,95.0,Standard (90-119 min),6.6,198,50159144,36000000,14159144
36670,Never Say Never Again,134.0,Long (120-149 min),5.8,338,160000000,36000000,124000000
23048,Hot Tub Time Machine,101.0,Standard (90-119 min),6.0,894,64572262,36000000,28572262
227735,Dolphin Tale 2,107.0,Standard (90-119 min),6.7,96,52424533,36000000,16424533
2155,Reindeer Games,124.0,Long (120-149 min),5.4,173,32168970,42000000,-9831030
8409,A Man Apart,109.0,Standard (90-119 min),5.8,258,44350926,36000000,8350926
222936,Aloha,105.0,Standard (90-119 min),5.2,692,26250020,37000000,-10749980
31908,Ghosts of Mississippi,130.0,Long (120-149 min),6.2,40,0,0,0
10219,Snow Falling on Cedars,127.0,Long (120-149 min),6.3,32,0,0,0
48171,The Rite,114.0,Standard (90-119 min),5.8,556,96047633,37000000,59047633
782,Gattaca,106.0,Standard (90-119 min),7.5,1808,12532777,36000000,-23467223
75531,Isn't She Great,95.0,Standard (90-119 min),4.6,14,3003296,36000000,-32996704
11802,Space Chimps,81.0,Short (<90 min),5.2,99,63800345,37000000,26800345
9776,Head of State,95.0,Standard (90-119 min),5.3,71,0,0,0
18785,The Hangover,100.0,Standard (90-119 min),7.2,6173,459270619,35000000,424270619
365222,Ip Man 3,105.0,Standard (90-119 min),6.5,379,156844753,36000000,120844753
817,Austin Powers: The Spy Who Shagged Me,95.0,Standard (90-119 min),6.2,1011,310940086,33000000,277940086
268,Batman,126.0,Long (120-149 min),7.0,2096,411348924,35000000,376348924
45054,There Be Dragons,112.0,Standard (90-119 min),5.9,27,0,0,0
943,Lethal Weapon 3,118.0,Standard (90-119 min),6.4,811,321731527,35000000,286731527
22881,The Blind Side,129.0,Long (120-149 min),7.2,1597,309208309,29000000,280208309
10054,Spy Kids,88.0,Short (<90 min),5.5,867,147934180,35000000,112934180
51540,Horrible Bosses,98.0,Standard (90-119 min),6.5,2277,117000000,35000000,82000000
44264,True Grit,110.0,Standard (90-119 min),7.2,1668,252276927,38000000,214276927
350,The Devil Wears Prada,109.0,Standard (90-119 min),7.0,3088,326551094,35000000,291551094
152,Star Trek: The Motion Picture,132.0,Long (120-149 min),6.2,530,139000000,35000000,104000000
109431,Identity Thief,111.0,Standard (90-119 min),5.6,1645,173965010,35000000,138965010
1598,Cape Fear,128.0,Long (120-149 min),7.0,675,182300000,35000000,147300000
8065,21,123.0,Long (120-149 min),6.5,1375,69823199,35000000,34823199
271718,Trainwreck,125.0,Long (120-149 min),5.9,1181,140795793,35000000,105795793
11638,Guess Who,105.0,Standard (90-119 min),5.5,225,68915888,35000000,33915888
409,The English Patient,162.0,Very Long (150+ min),7.0,542,231976425,27000000,204976425
2118,L.A. Confidential,138.0,Long (120-149 min),7.7,1310,126216940,35000000,91216940
11459,Sky High,100.0,Standard (90-119 min),5.8,550,86369815,35000000,51369815
10806,In & Out,90.0,Standard (90-119 min),6.3,177,0,35000000,-35000000
9348,Species,108.0,Standard (90-119 min),5.5,453,113374103,35000000,78374103
377,A Nightmare on Elm Street,91.0,Standard (90-119 min),7.2,1180,25504513,1800000,23704513
8843,The Cell,107.0,Standard (90-119 min),6.0,436,104155843,33000000,71155843
9313,The Man in the Iron Mask,132.0,Long (120-149 min),6.3,1018,0,0,0
39486,Secretariat,123.0,Long (120-149 min),6.8,103,60251371,35000000,25251371
1273,TMNT,90.0,Standard (90-119 min),6.0,345,95608995,34000000,61608995
13920,Radio,109.0,Standard (90-119 min),6.8,141,52277485,32000000,20277485
50544,Friends with Benefits,109.0,Standard (90-119 min),6.5,2237,150483765,35000000,115483765
325133,Neighbors 2: Sorority Rising,91.0,Standard (90-119 min),5.6,1462,108758521,35000000,73758521
140823,Saving Mr. Banks,125.0,Long (120-149 min),7.3,1226,112544580,35000000,77544580
1883,Malcolm X,202.0,Very Long (150+ min),7.2,370,48169908,34000000,14169908
89492,This Is 40,134.0,Long (120-149 min),5.6,896,88058786,35000000,53058786
22949,Old Dogs,88.0,Short (<90 min),5.2,210,92219310,35000000,57219310
12437,Underworld: Rise of the Lycans,92.0,Standard (90-119 min),6.2,1428,91353501,35000000,56353501
2959,License to Wed,91.0,Standard (90-119 min),5.2,253,69307224,35000000,34307224
9957,The Benchwarmers,80.0,Short (<90 min),5.2,242,0,0,0
11648,Must Love Dogs,98.0,Standard (90-119 min),5.8,140,58405313,30000000,28405313
9366,Donnie Brasco,127.0,Long (120-149 min),7.4,1147,41954997,35000000,6954997
1576,Resident Evil,100.0,Standard (90-119 min),6.4,2065,102984862,33000000,69984862
609,Poltergeist,114.0,Standard (90-119 min),7.0,794,122200000,10700000,111500000
5516,The Ladykillers,104.0,Standard (90-119 min),6.0,415,0,0,0
13051,Max Payne,100.0,Standard (90-119 min),5.2,613,85416905,35000000,50416905
49530,In Time,109.0,Standard (90-119 min),6.7,3417,173930596,40000000,133930596
34806,The Back-Up Plan,106.0,Standard (90-119 min),5.7,458,77477008,35000000,42477008
49022,Something Borrowed,112.0,Standard (90-119 min),5.9,296,59901913,35000000,24901913
11469,Black Knight,95.0,Standard (90-119 min),5.1,287,0,0,0
23479,The Bad News Bears,102.0,Standard (90-119 min),6.9,97,35323292,35000000,323292
11667,Street Fighter,102.0,Standard (90-119 min),4.1,325,99423521,35000000,64423521
423,The Pianist,150.0,Very Long (150+ min),8.0,1864,120072577,35000000,85072577
2447,The Nativity Story,101.0,Standard (90-119 min),6.4,35,0,35000000,-35000000
10066,House of Wax,113.0,Standard (90-119 min),5.5,677,68766121,40000000,28766121
2288,Closer,104.0,Standard (90-119 min),6.7,811,115505027,27000000,88505027
88794,J. Edgar,137.0,Long (120-149 min),6.0,741,84606030,35000000,49606030
13515,Mirrors,110.0,Standard (90-119 min),6.0,485,72436439,35000000,37436439
11979,Queen of the Damned,101.0,Standard (90-119 min),5.4,239,45479110,35000000,10479110
169,Predator 2,108.0,Standard (90-119 min),5.9,730,57120318,35000000,22120318
8090,Untraceable,101.0,Standard (90-119 min),5.9,238,32483410,35000000,-2516590
11622,Blast from the Past,112.0,Standard (90-119 min),6.3,245,40263020,35000000,5263020
3604,Flash Gordon,111.0,Standard (90-119 min),6.1,233,27107960,35000000,-7892040
9541,Jersey Girl,102.0,Standard (90-119 min),5.8,325,36098382,35000000,1098382
94348,Alex Cross,101.0,Standard (90-119 min),5.1,300,30353232,45000000,-14646768
8197,Midnight in the Garden of Good and Evil,155.0,Very Long (150+ min),6.3,157,25105255,35000000,-9894745
336004,Heist,93.0,Standard (90-119 min),5.6,318,4100000,8900000,-4800000
35019,Nanny McPhee and the Big Bang,109.0,Standard (90-119 min),6.0,436,93246388,35000000,58246388
10410,Hoffa,140.0,Long (120-149 min),6.1,81,0,35000000,-35000000
8836,The X Files: I Want to Believe,104.0,Standard (90-119 min),5.5,523,68369434,30000000,38369434
14442,Ella Enchanted,96.0,Standard (90-119 min),5.9,437,27388767,31000000,-3611233
321741,Concussion,123.0,Long (120-149 min),7.0,823,50363790,35000000,15363790
59965,Abduction,106.0,Standard (90-119 min),5.6,961,82087155,35000000,47087155
14175,Valiant,76.0,Short (<90 min),5.2,235,19478106,35000000,-15521894
11004,Wonder Boys,111.0,Standard (90-119 min),6.9,161,0,35000000,-35000000
11918,Superhero Movie,85.0,Short (<90 min),4.9,379,25871834,35000000,-9128166
98357,Broken City,109.0,Standard (90-119 min),5.7,593,19701164,56000000,-36298836
10012,Cursed,97.0,Standard (90-119 min),5.1,167,19294901,35000000,-15705099
49526,Premium Rush,91.0,Standard (90-119 min),6.2,832,31083599,35000000,-3916401
268920,Hot Pursuit,87.0,Short (<90 min),5.4,647,51680201,35000000,16680201
9093,The Four Feathers,132.0,Long (120-149 min),6.5,159,29882645,35000000,-5117355
119283,Parker,118.0,Standard (90-119 min),5.7,1455,46216641,35000000,11216641
11823,Wimbledon,98.0,Standard (90-119 min),6.0,293,41512007,31000000,10512007
35169,Furry Vengeance,92.0,Standard (90-119 min),4.6,149,39340177,35000000,4340177
118957,Bait,93.0,Standard (90-119 min),5.3,191,0,30000000,-30000000
849,Krull,117.0,Standard (90-119 min),5.8,129,16519460,27000000,-10480540
4515,Lions for Lambs,92.0,Standard (90-119 min),6.0,216,63215872,35000000,28215872
18886,Flight of the Intruder,115.0,Standard (90-119 min),5.7,31,0,35000000,-35000000
6575,Walk Hard: The Dewey Cox Story,96.0,Standard (90-119 min),6.6,212,18317151,35000000,-16682849
6440,The Shipping News,111.0,Standard (90-119 min),6.4,108,0,0,0
13496,American Outlaws,94.0,Standard (90-119 min),5.7,55,13678913,35000000,-21321087
18320,The Young Victoria,105.0,Standard (90-119 min),7.0,322,27409889,35000000,-7590111
22787,Whiteout,101.0,Standard (90-119 min),5.3,220,12206028,40000000,-27793972
8967,The Tree of Life,139.0,Long (120-149 min),6.5,987,54674226,32000000,22674226
37498,Knock Off,91.0,Standard (90-119 min),4.7,64,0,33000000,-33000000
144336,Sabotage,110.0,Standard (90-119 min),5.5,555,17508518,35000000,-17491482
9616,The Order,102.0,Standard (90-119 min),4.8,91,11560806,35000000,-23439194
13056,Punisher: War Zone,102.0,Standard (90-119 min),5.6,294,10089373,20500000,-10410627
14113,Zoom,83.0,Short (<90 min),4.9,135,12506188,35000000,-22493812
285783,The Walk,123.0,Long (120-149 min),6.9,1121,61181942,35000000,26181942
49478,Warriors of Virtue,103.0,Standard (90-119 min),4.7,9,0,0,0
9726,A Good Year,118.0,Standard (90-119 min),6.5,357,42064105,35000000,7064105
20763,Radio Flyer,114.0,Standard (90-119 min),6.6,53,4651977,35000000,-30348023
9702,Bound by Honor,180.0,Very Long (150+ min),7.7,115,0,35000000,-35000000
9311,Smilla's Sense of Snow,121.0,Long (120-149 min),6.6,60,0,35000000,-35000000
9280,Femme Fatale,114.0,Standard (90-119 min),6.2,142,16838910,35000000,-18161090
26843,Lion of the Desert,173.0,Very Long (150+ min),7.4,34,0,35000000,-35000000
11876,The Horseman on the Roof,135.0,Long (120-149 min),6.7,25,15000000,35000000,-20000000
22267,Ride with the Devil,138.0,Long (120-149 min),6.6,49,635096,38000000,-37364904
45958,Biutiful,148.0,Long (120-149 min),7.0,291,25147786,0,25147786
1969,Bandidas,93.0,Standard (90-119 min),5.8,307,10496317,35000000,-24503683
310706,Black Water Transit,100.0,Standard (90-119 min),0.0,0,0,0,0
198663,The Maze Runner,113.0,Standard (90-119 min),7.0,5371,348319861,34000000,314319861
239573,Unfinished Business,91.0,Standard (90-119 min),5.0,320,14431253,35000000,-20568747
10436,The Age of Innocence,139.0,Long (120-149 min),7.0,169,32255440,34000000,-1744560
1381,The Fountain,96.0,Standard (90-119 min),6.8,827,15304890,35000000,-19695110
2162,Chill Factor,101.0,Standard (90-119 min),5.3,29,11263966,70000000,-58736034
127493,Stolen,96.0,Standard (90-119 min),5.1,344,2106557,35000000,-32893443
12429,Ponyo,100.0,Standard (90-119 min),7.5,926,187479518,41677699,145801819
228205,The Longest Ride,128.0,Long (120-149 min),7.3,1064,63013281,34000000,29013281
2900,The Astronaut's Wife,109.0,Standard (90-119 min),5.4,254,19598588,75000000,-55401412
21311,I Dreamed of Africa,114.0,Standard (90-119 min),5.3,18,0,34000000,-34000000
77875,Playing for Keeps,106.0,Standard (90-119 min),5.4,240,0,35000000,-35000000
192136,Mandela: Long Walk to Freedom,141.0,Long (120-149 min),6.5,224,27330000,35000000,-7670000
18254,Reds,195.0,Very Long (150+ min),7.1,67,40382659,32000000,8382659
881,A Few Good Men,138.0,Long (120-149 min),7.1,877,243240178,40000000,203240178
10877,Exit Wounds,101.0,Standard (90-119 min),5.3,110,79958599,50000000,29958599
9600,Big Momma's House,98.0,Standard (90-119 min),5.6,506,173959438,30000000,143959438
202575,Thunder and the House of Magic,85.0,Short (<90 min),6.3,121,0,34000000,-34000000
71469,The Darkest Hour,89.0,Short (<90 min),4.8,469,64626786,30000000,34626786
85446,Step Up Revolution,99.0,Standard (90-119 min),6.7,663,140470746,33000000,107470746
326,Snakes on a Plane,105.0,Standard (90-119 min),5.1,497,62022014,33000000,29022014
10685,The Watcher,96.0,Standard (90-119 min),4.9,110,0,33000000,-33000000
7220,The Punisher,124.0,Long (120-149 min),6.1,766,54700105,33000000,21700105
9763,Goal!: The Dream Begins,118.0,Standard (90-119 min),6.6,238,27610873,30000000,-2389127
72387,Safe,94.0,Standard (90-119 min),6.3,799,40346186,30000000,10346186
12596,Pushing Tin,124.0,Long (120-149 min),5.7,116,0,33000000,-33000000
1892,Return of the Jedi,135.0,Long (120-149 min),7.9,4665,572700000,32350000,540350000
13460,Doomsday,108.0,Standard (90-119 min),5.8,363,22211426,30000000,-7788574
8055,The Reader,124.0,Long (120-149 min),7.2,813,113019290,32000000,81019290
50647,Wanderlust,98.0,Standard (90-119 min),5.3,394,24159934,35000000,-10840066
10719,Elf,97.0,Standard (90-119 min),6.4,987,173398518,32000000,141398518
9294,Phenomenon,123.0,Long (120-149 min),6.2,323,152036382,32000000,120036382
11888,Snow Dogs,99.0,Standard (90-119 min),5.3,185,0,33000000,-33000000
9647,Scrooged,101.0,Standard (90-119 min),6.7,390,60328000,0,60328000
9353,Nacho Libre,92.0,Standard (90-119 min),5.6,359,80197993,32000000,48197993
55721,Bridesmaids,125.0,Long (120-149 min),6.5,1661,288383523,32500000,255883523
109414,This Is the End,107.0,Standard (90-119 min),6.3,2359,126041322,32000000,94041322
10307,Stigmata,103.0,Standard (90-119 min),6.0,242,50041732,29000000,21041732
11978,Men of Honor,129.0,Long (120-149 min),7.0,544,48814909,32000000,16814909
22907,Takers,107.0,Standard (90-119 min),6.0,394,69055695,32000000,37055695
87567,The Big Wedding,90.0,Standard (90-119 min),5.7,414,21819348,35000000,-13180652
38322,"Big Mommas: Like Father, Like Son",107.0,Standard (90-119 min),5.3,313,83615414,32000000,51615414
45612,Source Code,93.0,Standard (90-119 min),7.1,2699,147332697,32000000,115332697
7305,Alive,120.0,Long (120-149 min),6.7,374,36733909,32000000,4733909
3594,The Number 23,101.0,Standard (90-119 min),6.3,1018,77566815,30000000,47566815
157841,The Young and Prodigious T.S. Spivet,105.0,Standard (90-119 min),6.7,232,9494789,33000000,-23505211
11519,1941,113.0,Standard (90-119 min),5.6,143,31755742,35000000,-3244258
12920,Dreamer: Inspired By a True Story,106.0,Standard (90-119 min),6.3,67,0,0,0
59,A History of Violence,96.0,Standard (90-119 min),6.9,832,60740827,32000000,28740827
9335,Transporter 2,87.0,Short (<90 min),6.2,1061,85167639,32000000,53167639
12106,The Quick and the Dead,107.0,Standard (90-119 min),6.3,427,18552460,32000000,-13447540
11141,Laws of Attraction,90.0,Standard (90-119 min),5.6,104,30016165,28000000,2016165
8649,Bringing Out the Dead,121.0,Long (120-149 min),6.6,225,0,32000000,-32000000
31867,Repo Men,111.0,Standard (90-119 min),6.2,620,18409891,32000000,-13590109
10253,Dragon Wars: D-War,90.0,Standard (90-119 min),4.0,104,53587404,70000000,-16412596
3587,Bogus,110.0,Standard (90-119 min),5.4,44,0,32000000,-32000000
124459,The Incredible Burt Wonderstone,100.0,Standard (90-119 min),5.3,724,27437881,30000000,-2562119
24662,Cats Don't Dance,75.0,Short (<90 min),7.1,24,3566637,32000000,-28433363
32274,Cradle Will Rock,132.0,Long (120-149 min),7.2,18,0,0,0
182,The Good German,108.0,Standard (90-119 min),5.9,86,5914908,32000000,-26085092
5494,George and the Dragon,93.0,Standard (90-119 min),5.0,13,0,32000000,-32000000
28,Apocalypse Now,153.0,Very Long (150+ min),8.0,2055,89460381,31500000,57960381
38073,Going the Distance,102.0,Standard (90-119 min),6.0,262,42045846,32000000,10045846
2054,Mr. Holland's Opus,137.0,Long (120-149 min),6.9,113,106269971,0,106269971
302156,Criminal,113.0,Standard (90-119 min),5.7,557,14708696,31500000,-16791304
606,Out of Africa,161.0,Very Long (150+ min),7.0,279,128499205,31000000,97499205
87502,Flight,138.0,Long (120-149 min),6.5,2415,161772375,31000000,130772375
698,Moonraker,126.0,Long (120-149 min),5.9,541,210308099,34000000,176308099
120467,The Grand Budapest Hotel,99.0,Standard (90-119 min),8.0,4519,174600318,30000000,144600318
11313,Hearts in Atlantis,101.0,Standard (90-119 min),6.4,131,24185781,31000000,-6814219
6488,Arachnophobia,103.0,Standard (90-119 min),6.2,433,53208180,31000000,22208180
10559,Frequency,118.0,Standard (90-119 min),7.0,462,68106245,31000000,37106245
296099,Vacation,99.0,Standard (90-119 min),6.2,1195,104384188,31000000,73384188
8012,Get Shorty,105.0,Standard (90-119 min),6.4,302,115101622,30250000,84851622
1574,Chicago,113.0,Standard (90-119 min),6.9,677,306776732,45000000,261776732
9032,Big Daddy,93.0,Standard (90-119 min),6.1,875,234801895,34200000,200601895
2770,American Pie 2,108.0,Standard (90-119 min),6.0,1344,287553595,30000000,257553595
862,Toy Story,81.0,Short (<90 min),7.7,5269,373554033,30000000,343554033
1637,Speed,116.0,Standard (90-119 min),6.8,1783,350448145,30000000,320448145
72570,The Vow,104.0,Standard (90-119 min),7.0,1293,196114570,30000000,166114570
27569,Extraordinary Measures,105.0,Standard (90-119 min),6.0,89,15134293,31000000,-15865707
10637,Remember the Titans,113.0,Standard (90-119 min),7.4,821,136706683,30000000,106706683
1669,The Hunt for Red October,134.0,Long (120-149 min),7.2,957,199200000,30000000,169200000
132363,The Butler,132.0,Long (120-149 min),7.2,1101,115922175,25000000,90922175
9472,DodgeBall: A True Underdog Story,92.0,Standard (90-119 min),6.2,981,167722310,20000000,147722310
2907,The Addams Family,99.0,Standard (90-119 min),6.7,848,191502426,30000000,161502426
9273,Ace Ventura: When Nature Calls,90.0,Standard (90-119 min),6.1,1099,212385533,30000000,182385533
9880,The Princess Diaries,115.0,Standard (90-119 min),6.5,1023,165335153,37000000,128335153
2925,The First Wives Club,102.0,Standard (90-119 min),6.5,166,116400000,26000000,90400000
807,Se7en,127.0,Long (120-149 min),8.1,5765,327311859,33000000,294311859
17654,District 9,112.0,Standard (90-119 min),7.3,3382,210819611,30000000,180819611
11836,The SpongeBob SquarePants Movie,87.0,Short (<90 min),6.7,574,140161792,30000000,110161792
322,Mystic River,138.0,Long (120-149 min),7.6,1422,156822020,25000000,131822020
70,Million Dollar Baby,132.0,Long (120-149 min),7.7,2439,216763646,30000000,186763646
9535,Analyze This,103.0,Standard (90-119 min),6.4,503,176885658,80000000,96885658
11036,The Notebook,123.0,Long (120-149 min),7.7,3067,115603229,29000000,86603229
6557,27 Dresses,111.0,Standard (90-119 min),6.1,978,160259319,30000000,130259319
18126,Hannah Montana: The Movie,102.0,Standard (90-119 min),6.0,449,155545279,35000000,120545279
16340,Rugrats in Paris: The Movie,78.0,Short (<90 min),6.0,100,103,30,73
10333,The Prince of Tides,132.0,Long (120-149 min),5.9,56,74787599,30000000,44787599
4476,Legends of the Fall,133.0,Long (120-149 min),7.2,619,160638883,30000000,130638883
22947,Up in the Air,109.0,Standard (90-119 min),6.7,1205,163670000,25000000,138670000
2755,About Schmidt,125.0,Long (120-149 min),6.7,362,105834556,30000000,75834556
82654,Warm Bodies,97.0,Standard (90-119 min),6.4,2652,116980662,35000000,81980662
59967,Looper,118.0,Standard (90-119 min),6.6,4697,47042000,30000000,17042000
16300,Down to Earth,87.0,Short (<90 min),4.9,95,0,0,0
9598,Babe,89.0,Short (<90 min),6.0,733,254134910,30000000,224134910
82696,Hope Springs,100.0,Standard (90-119 min),5.8,284,114281051,30000000,84281051
9870,Forgetting Sarah Marshall,111.0,Standard (90-119 min),6.4,1172,105173115,30000000,75173115
8292,Four Brothers,109.0,Standard (90-119 min),6.7,607,92374674,45000000,47374674
8780,Baby Mama,99.0,Standard (90-119 min),5.8,205,63833449,30000000,33833449
9715,Hope Floats,114.0,Standard (90-119 min),5.8,81,0,0,0
10521,Bride Wars,89.0,Short (<90 min),5.9,856,114663461,30000000,84663461
10762,Without a Paddle,95.0,Standard (90-119 min),5.3,214,69631118,19000000,50631118
10096,13 Going on 30,98.0,Standard (90-119 min),6.3,1204,96455697,37000000,59455697
59436,Midnight in Paris,94.0,Standard (90-119 min),7.4,1990,151119219,30000000,121119219
227783,The Nut Job,85.0,Short (<90 min),5.5,319,0,0,0
4133,Blow,124.0,Long (120-149 min),7.4,1317,83282296,53000000,30282296
10207,Message in a Bottle,131.0,Long (120-149 min),5.8,196,118880016,80000000,38880016
172,Star Trek V: The Final Frontier,107.0,Standard (90-119 min),5.6,376,70200000,30000000,40200000
21972,Like Mike,99.0,Standard (90-119 min),5.7,100,0,30000000,-30000000
36593,The Naked Gun 33⅓: The Final Insult,83.0,Short (<90 min),6.3,521,51132598,30000000,21132598
707,A View to a Kill,131.0,Long (120-149 min),6.0,506,152427960,30000000,122427960
533,The Curse of the Were-Rabbit,85.0,Short (<90 min),6.8,643,192452832,30000000,162452832
6023,P.S. I Love You,126.0,Long (120-149 min),6.9,977,156835339,30000000,126835339
6439,Racing Stripes,102.0,Standard (90-119 min),5.1,123,93772522,30000000,63772522
4347,Atonement,123.0,Long (120-149 min),7.4,1049,129266061,30000000,99266061
37056,Letters to Juliet,105.0,Standard (90-119 min),6.6,796,0,30000000,-30000000
4105,Black Rain,125.0,Long (120-149 min),6.2,243,45892212,30000000,15892212
76489,The Three Stooges,92.0,Standard (90-119 min),4.9,140,54819301,30000000,24819301
3933,Corpse Bride,77.0,Short (<90 min),7.2,1894,117195061,40000000,77195061
9918,Glory Road,118.0,Standard (90-119 min),7.2,144,42647449,0,42647449
273481,Sicario,121.0,Long (120-149 min),7.2,2416,84025816,30000000,54025816
307081,Southpaw,123.0,Long (120-149 min),7.3,2067,91709827,30000000,61709827
16871,Drag Me to Hell,99.0,Standard (90-119 min),6.2,966,90810892,30000000,60810892
293863,The Age of Adaline,112.0,Standard (90-119 min),7.4,1990,65663276,25000000,40663276
13156,Secondhand Lions,111.0,Standard (90-119 min),6.9,260,0,0,0
41233,Step Up 3D,107.0,Standard (90-119 min),6.6,582,159291809,30000000,129291809
9266,Blue Crush,104.0,Standard (90-119 min),5.6,159,51842679,25000000,26842679
1262,Stranger Than Fiction,113.0,Standard (90-119 min),7.1,721,53653224,30000000,23653224
4513,30 Days of Night,113.0,Standard (90-119 min),6.2,767,75505973,30000000,45505973
22970,The Cabin in the Woods,95.0,Standard (90-119 min),6.5,2263,66486080,30000000,36486080
7278,Meet the Spartans,84.0,Short (<90 min),3.7,359,84646831,30000000,54646831
9013,Midnight Run,126.0,Long (120-149 min),7.2,238,38413606,30000000,8413606
865,The Running Man,101.0,Standard (90-119 min),6.4,703,38122105,27000000,11122105
10776,Little Shop of Horrors,94.0,Standard (90-119 min),6.6,384,38748395,25000000,13748395
50456,Hanna,111.0,Standard (90-119 min),6.5,1263,63782078,30000000,33782078
9823,Mortal Kombat: Annihilation,95.0,Standard (90-119 min),3.8,221,51376861,30000000,21376861
59861,Larry Crowne,98.0,Standard (90-119 min),5.7,359,36160375,30000000,6160375
133805,Carrie,100.0,Standard (90-119 min),5.8,1463,82394288,30000000,52394288
12763,Take the Lead,108.0,Standard (90-119 min),6.6,162,34742066,30000000,4742066
9766,Gridiron Gang,125.0,Long (120-149 min),6.5,206,41480851,30000000,11480851
14034,What's the Worst That Could Happen?,94.0,Standard (90-119 min),5.1,66,0,45000000,-45000000
12244,9,79.0,Short (<90 min),6.6,1262,48428063,30000000,18428063
109421,Side Effects,106.0,Standard (90-119 min),6.4,1323,63372757,30000000,33372757
11137,The Prince & Me,111.0,Standard (90-119 min),5.9,278,0,0,0
51162,Winnie the Pooh,63.0,Short (<90 min),6.8,258,14460000,30000000,-15540000
10152,Dumb and Dumberer: When Harry Met Lloyd,85.0,Short (<90 min),4.1,210,39267515,19000000,20267515
9452,Bulworth,108.0,Standard (90-119 min),6.3,66,29202884,30000000,-797116
239566,Get on Up,139.0,Long (120-149 min),6.4,158,31911598,0,31911598
53113,One True Thing,127.0,Long (120-149 min),6.2,27,0,0,0
9271,Virtuosity,106.0,Standard (90-119 min),5.4,163,24048000,30000000,-5952000
4474,My Super Ex-Girlfriend,95.0,Standard (90-119 min),4.8,442,60896147,0,60896147
184346,Deliver Us from Evil,118.0,Standard (90-119 min),5.9,690,0,30000000,-30000000
48340,Sanctum,108.0,Standard (90-119 min),5.8,339,108609310,30000000,78609310
14846,Little Black Book,111.0,Standard (90-119 min),5.2,112,22034832,35000000,-12965168
72207,The Five-Year Engagement,124.0,Long (120-149 min),5.7,457,53909751,30000000,23909751
16232,Mr. 3000,104.0,Standard (90-119 min),5.0,66,21800302,30000000,-8199698
43539,The Next Three Days,133.0,Long (120-149 min),6.9,905,51148651,30000000,21148651
9920,Ultraviolet,87.0,Short (<90 min),4.8,458,31070211,30000000,1070211
8978,Assault on Precinct 13,109.0,Standard (90-119 min),6.0,311,35294470,30000000,5294470
11702,The Replacement Killers,87.0,Short (<90 min),6.0,127,19204929,30000000,-10795071
18550,Fled,98.0,Standard (90-119 min),5.2,47,17193231,25000000,-7806769
8869,Eight Legged Freaks,99.0,Standard (90-119 min),5.4,295,0,0,0
43347,Love & Other Drugs,112.0,Standard (90-119 min),6.6,1233,102820008,30000000,72820008
3489,88 Minutes,108.0,Standard (90-119 min),5.7,313,16930884,30000000,-13069116
9701,North Country,126.0,Long (120-149 min),6.8,125,25224242,35000000,-9775758
2122,The Whole Ten Yards,98.0,Standard (90-119 min),5.5,278,26155781,40000000,-13844219
37707,Splice,104.0,Standard (90-119 min),5.5,671,0,26000000,-26000000
10658,Howard the Duck,110.0,Standard (90-119 min),5.1,221,37962774,37000000,962774
13150,Pride and Glory,130.0,Long (120-149 min),6.3,240,31148328,30000000,1148328
9042,The Cave,97.0,Standard (90-119 min),5.1,202,15007991,30000000,-14992009
17813,Alex & Emma,96.0,Standard (90-119 min),5.0,68,15368897,30000000,-14631103
11208,Wicker Park,114.0,Standard (90-119 min),6.7,157,13001257,30000000,-16998743
58151,Fright Night,106.0,Standard (90-119 min),6.0,603,24922237,17000000,7922237
11400,The New World,135.0,Long (120-149 min),6.4,330,30536013,30000000,536013
10350,Wing Commander,100.0,Standard (90-119 min),4.0,72,0,30000000,-30000000
28902,In Dreams,100.0,Standard (90-119 min),5.4,44,0,0,0
14164,Dragonball Evolution,85.0,Short (<90 min),2.9,462,0,100000000,-100000000
76640,The Last Stand,107.0,Standard (90-119 min),5.7,1266,0,30000000,-30000000
11058,Godsend,102.0,Standard (90-119 min),4.7,114,30114487,25000000,5114487
14844,Chasing Liberty,111.0,Standard (90-119 min),6.1,152,12,23000000,-22999988
57089,Hoodwinked Too! Hood VS. Evil,86.0,Short (<90 min),4.8,131,13521829,30000000,-16478171
1947,An Unfinished Life,108.0,Standard (90-119 min),6.7,161,18618284,30000000,-11381716
8054,The Imaginarium of Doctor Parnassus,123.0,Long (120-149 min),6.3,869,64352607,30000000,34352607
46829,Barney's Version,134.0,Long (120-149 min),7.2,129,8454301,30000000,-21545699
146238,Runner Runner,91.0,Standard (90-119 min),5.5,543,62616646,30000000,32616646
9989,Antitrust,108.0,Standard (90-119 min),5.8,153,18195610,30000000,-11804390
9665,Glory,122.0,Long (120-149 min),7.4,383,26828365,18000000,8828365
311,Once Upon a Time in America,229.0,Very Long (150+ min),8.2,1069,0,30000000,-30000000
102362,Dead Man Down,118.0,Standard (90-119 min),5.9,638,18074539,0,18074539
11162,The Merchant of Venice,138.0,Long (120-149 min),6.7,144,0,0,0
6016,The Good Thief,108.0,Standard (90-119 min),6.0,31,0,0,0
17186,Supercross,80.0,Short (<90 min),5.4,29,3102550,0,3102550
13967,Miss Potter,92.0,Standard (90-119 min),6.3,141,35078241,30000000,5078241
2008,The Promise,98.0,Standard (90-119 min),5.0,29,0,0,0
9053,DOA: Dead or Alive,87.0,Short (<90 min),5.0,205,480314,21000000,-20519686
4512,The Assassination of Jesse James by the Coward Robert Ford,160.0,Very Long (150+ min),7.0,776,14711793,30000000,-15288207
76349,1911,125.0,Long (120-149 min),5.0,41,108348,30000000,-29891652
31203,Little Nicholas,91.0,Standard (90-119 min),5.9,306,0,0,0
265208,Wild Card,92.0,Standard (90-119 min),5.4,656,0,30000000,-30000000
45610,Machine Gun Preacher,129.0,Long (120-149 min),6.4,286,2527904,30000000,-27472096
50135,Animals United,93.0,Standard (90-119 min),5.5,90,0,0,0
1874,Goodbye Bafana,140.0,Long (120-149 min),7.0,38,0,30000000,-30000000
271331,United Passions,110.0,Standard (90-119 min),3.0,16,0,27000000,-27000000
215211,Grace of Monaco,103.0,Standard (90-119 min),5.8,195,0,30000000,-30000000
367961,Savva. Heart of the Warrior,85.0,Short (<90 min),6.4,7,0,30000000,-30000000
10955,Ripley's Game,110.0,Standard (90-119 min),6.6,69,0,30000000,-30000000
223702,Sausage Party,83.0,Short (<90 min),5.6,2238,140752617,19000000,121752617
254470,Pitch Perfect 2,115.0,Standard (90-119 min),6.8,1940,287506194,29000000,258506194
69,Walk the Line,136.0,Long (120-149 min),7.3,718,186438883,28000000,158438883
4967,Keeping the Faith,127.0,Long (120-149 min),5.9,159,37036004,30000000,7036004
9449,The Borrowers,86.0,Short (<90 min),5.8,135,0,29000000,-29000000
11499,Frost/Nixon,122.0,Long (120-149 min),7.2,328,0,0,0
4912,Confessions of a Dangerous Mind,113.0,Standard (90-119 min),6.6,275,33013805,30000000,3013805
12771,Serving Sara,100.0,Standard (90-119 min),5.0,85,16930185,29000000,-12069815
323676,The Boss,91.0,Standard (90-119 min),5.5,431,78636257,29000000,49636257
12506,Cry Freedom,157.0,Very Long (150+ min),6.9,51,0,0,0
24071,Mumford,112.0,Standard (90-119 min),6.3,26,0,0,0
11249,Seed of Chucky,87.0,Short (<90 min),4.9,287,24829644,12000000,12829644
9667,The Jacket,103.0,Standard (90-119 min),6.8,455,21126225,29000000,-7873775
812,Aladdin,90.0,Standard (90-119 min),7.4,3416,504050219,28000000,476050219
277216,Straight Outta Compton,147.0,Long (120-149 min),7.7,1355,201634991,28000000,173634991
87,Indiana Jones and the Temple of Doom,118.0,Standard (90-119 min),7.1,2781,333000000,28000000,305000000
14444,The Rugrats Movie,79.0,Short (<90 min),5.7,147,100491683,30000000,70491683
2043,Along Came a Spider,104.0,Standard (90-119 min),6.1,400,105178561,60000000,45178561
315664,Florence Foster Jenkins,110.0,Standard (90-119 min),6.6,392,48902953,29000000,19902953
1428,Once Upon a Time in Mexico,102.0,Standard (90-119 min),6.2,594,98185582,29000000,69185582
562,Die Hard,131.0,Long (120-149 min),7.5,3948,140767956,28000000,112767956
15373,Role Models,99.0,Standard (90-119 min),6.4,564,92380927,28000000,64380927
318846,The Big Short,130.0,Long (120-149 min),7.3,2607,133346506,28000000,105346506
26320,Taking Woodstock,120.0,Long (120-149 min),6.2,127,0,0,0
14292,Miracle,135.0,Long (120-149 min),7.0,159,64445708,28000000,36445708
924,Dawn of the Dead,101.0,Standard (90-119 min),6.8,1016,102356381,28000000,74356381
2018,The Wedding Planner,103.0,Standard (90-119 min),5.5,427,94728529,35000000,59728529
192577,Space Pirate Captain Harlock,115.0,Standard (90-119 min),6.5,356,17137302,30000000,-12862698
9428,The Royal Tenenbaums,110.0,Standard (90-119 min),7.4,1286,71441250,21000000,50441250
2832,Identity,90.0,Standard (90-119 min),7.1,1061,90259536,30000000,60259536
137093,Last Vegas,105.0,Standard (90-119 min),6.4,799,134402450,28000000,106402450
699,For Your Eyes Only,127.0,Long (120-149 min),6.3,490,195312802,28000000,167312802
9778,Serendipity,90.0,Standard (90-119 min),6.6,521,77516304,28000000,49516304
8831,Timecop,99.0,Standard (90-119 min),5.5,282,101646581,27000000,74646581
9398,Zoolander,89.0,Short (<90 min),6.1,1337,60780981,28000000,32780981
112949,Safe Haven,115.0,Standard (90-119 min),6.9,823,97594140,28000000,69594140
10439,Hocus Pocus,96.0,Standard (90-119 min),6.4,471,39514713,28000000,11514713
3638,No Reservations,104.0,Standard (90-119 min),6.1,327,92601050,28000000,64601050
23483,Kick-Ass,117.0,Standard (90-119 min),7.1,4645,96188903,28000000,68188903
62206,30 Minutes or Less,83.0,Short (<90 min),5.6,531,40547440,28000000,12547440
10577,Dracula 2000,99.0,Standard (90-119 min),4.6,148,33000337,28000000,5000337
218778,"Alexander and the Terrible, Horrible, No Good, Very Bad Day",81.0,Short (<90 min),6.1,493,100654149,28000000,72654149
4348,Pride & Prejudice,135.0,Long (120-149 min),7.7,1358,121147947,28000000,93147947
78,Blade Runner,117.0,Standard (90-119 min),7.9,3509,33139618,28000000,5139618
11780,Rob Roy,139.0,Long (120-149 min),6.5,148,31596911,28000000,3596911
192102,3 Days to Kill,113.0,Standard (90-119 min),6.0,883,52597999,28000000,24597999
2001,We Own the Night,117.0,Standard (90-119 min),6.5,323,54926886,21000000,33926886
10383,Lost Souls,97.0,Standard (90-119 min),4.5,38,0,0,0
11516,Winged Migration,98.0,Standard (90-119 min),7.0,49,20217080,35866397,-15649317
10025,Just My Luck,103.0,Standard (90-119 min),5.8,491,38159905,28000000,10159905
15198,"Mystery, Alaska",119.0,Standard (90-119 min),6.0,69,8888143,28000000,-19111857
23172,The Spy Next Door,94.0,Standard (90-119 min),5.5,345,45236543,28000000,17236543
17834,A Simple Wish,86.0,Short (<90 min),5.5,46,8345056,28000000,-19654944
10016,Ghosts of Mars,98.0,Standard (90-119 min),4.8,296,14010832,28000000,-13989168
10317,Our Brand Is Crisis,108.0,Standard (90-119 min),5.8,195,7002261,28000000,-20997739
58431,Pride and Prejudice and Zombies,108.0,Standard (90-119 min),5.5,640,16374328,28000000,-11625672
9746,Kundun,134.0,Long (120-149 min),6.8,91,5684789,28000000,-22315211
13092,How to Lose Friends & Alienate People,110.0,Standard (90-119 min),6.2,244,17286299,27000000,-9713701
59859,Kick-Ass 2,103.0,Standard (90-119 min),6.3,2224,60700000,28000000,32700000
13495,Alatriste,145.0,Long (120-149 min),5.6,61,23321954,24000000,-678046
254473,Brick Mansions,90.0,Standard (90-119 min),5.7,615,68896829,28000000,40896829
700,Octopussy,131.0,Long (120-149 min),6.2,527,187500000,27500000,160000000
4964,Knocked Up,129.0,Long (120-149 min),6.2,1214,219076518,30000000,189076518
10024,My Sister's Keeper,109.0,Standard (90-119 min),7.1,598,95714875,30000000,65714875
13490,Welcome Home Roscoe Jenkins,114.0,Standard (90-119 min),5.7,57,43650785,35000000,8650785
15927,A Passage to India,163.0,Very Long (150+ min),6.9,67,27187653,8000000,19187653
1259,Notes on a Scandal,92.0,Standard (90-119 min),6.9,235,49469904,15000000,34469904
5125,Rendition,120.0,Long (120-149 min),6.2,205,24748670,27500000,-2751330
174,Star Trek VI: The Undiscovered Country,113.0,Standard (90-119 min),6.7,413,96900000,27000000,69900000
9583,Divine Secrets of the Ya-Ya Sisterhood,116.0,Standard (90-119 min),5.6,65,0,27000000,-27000000
9437,Kiss the Girls,115.0,Standard (90-119 min),6.2,345,60527873,27000000,33527873
525,The Blues Brothers,133.0,Long (120-149 min),7.5,1065,115229890,27000000,88229890
10188,The Sisterhood of the Traveling Pants 2,117.0,Standard (90-119 min),6.0,238,44352417,27000000,17352417
63574,Joyful Noise,117.0,Standard (90-119 min),6.7,33,0,0,0
245,About a Boy,101.0,Standard (90-119 min),6.6,607,129000000,27000000,102000000
9825,Lake Placid,82.0,Short (<90 min),5.5,247,56870414,27000000,29870414
186,Lucky Number Slevin,110.0,Standard (90-119 min),7.4,1323,56308881,27000000,29308881
9549,The Right Stuff,193.0,Very Long (150+ min),7.3,235,21500000,27000000,-5500000
61891,Anonymous,130.0,Long (120-149 min),6.3,288,15395087,30000000,-14604913
34584,The NeverEnding Story,102.0,Standard (90-119 min),7.0,1002,20158808,27000000,-6841192
2666,Dark City,100.0,Standard (90-119 min),7.2,828,27200316,27000000,200316
12783,The Duchess,110.0,Standard (90-119 min),6.7,396,0,0,0
13155,Return to Oz,109.0,Standard (90-119 min),6.7,120,11137801,25000000,-13862199
42807,The Newton Boys,113.0,Standard (90-119 min),5.9,44,76000000,27000000,49000000
28355,Case 39,109.0,Standard (90-119 min),6.1,563,29000000,27000000,2000000
8080,Suspect Zero,99.0,Standard (90-119 min),5.5,98,13000000,27000000,-14000000
5126,Martian Child,106.0,Standard (90-119 min),6.8,79,0,0,0
56288,Spy Kids: All the Time in the World,89.0,Short (<90 min),4.4,222,85564310,27000000,58564310
303858,Money Monster,98.0,Standard (90-119 min),6.5,1068,93282604,27000000,66282604
1613,The 51st State,93.0,Standard (90-119 min),5.9,173,14,28,-14
31582,Flawless,112.0,Standard (90-119 min),5.9,56,4488529,0,4488529
16617,Mindhunters,106.0,Standard (90-119 min),6.3,333,21148829,27000000,-5851171
8944,What Just Happened,104.0,Standard (90-119 min),5.2,127,6673422,25000000,-18326578
41488,The Statement,120.0,Long (120-149 min),5.9,23,0,0,0
37028,The Magic Flute,133.0,Long (120-149 min),6.9,6,0,0,0
14560,Paul Blart: Mall Cop,91.0,Standard (90-119 min),5.2,788,183293131,26000000,157293131
10330,Freaky Friday,97.0,Standard (90-119 min),6.0,879,110230332,26000000,84230332
6957,The 40 Year Old Virgin,116.0,Standard (90-119 min),6.2,1983,109449237,26000000,83449237
1934,Shakespeare in Love,122.0,Long (120-149 min),6.8,796,289317794,25000000,264317794
169917,A Walk Among the Tombstones,113.0,Standard (90-119 min),6.2,1131,53181600,28000000,25181600
951,Kindergarten Cop,111.0,Standard (90-119 min),5.8,628,201957688,15000000,186957688
10189,Pineapple Express,111.0,Standard (90-119 min),6.6,1148,101624843,27000000,74624843
9454,Ever After: A Cinderella Story,121.0,Long (120-149 min),6.8,399,65705772,26000000,39705772
2055,Open Range,139.0,Long (120-149 min),7.0,262,68296293,22000000,46296293
1551,Flatliners,115.0,Standard (90-119 min),6.3,404,61489265,26000000,35489265
5902,A Bridge Too Far,175.0,Very Long (150+ min),6.9,207,50750000,22000000,28750000
11460,Red Eye,85.0,Short (<90 min),6.2,455,57891803,26000000,31891803
9358,Final Destination 2,90.0,Standard (90-119 min),5.9,1023,90426405,26000000,64426405
134,"O Brother, Where Art Thou?",106.0,Standard (90-119 min),7.3,1112,71868327,26000000,45868327
22894,Legion,100.0,Standard (90-119 min),5.2,629,67918658,26000000,41918658
134374,Pain & Gain,130.0,Long (120-149 min),6.1,1573,86175291,25000000,61175291
1901,In Good Company,109.0,Standard (90-119 min),5.9,194,0,0,0
15028,Clockstoppers,94.0,Standard (90-119 min),4.9,89,38793283,26000000,12793283
11509,Silverado,127.0,Long (120-149 min),7.1,146,0,26000000,-26000000
7445,Brothers,104.0,Standard (90-119 min),6.8,633,43318349,26000000,17318349
17047,Agent Cody Banks 2: Destination London,100.0,Standard (90-119 min),5.2,144,28818995,26000000,2818995
62838,New Year's Eve,118.0,Standard (90-119 min),5.7,718,142044638,56000000,86044638
2057,Original Sin,118.0,Standard (90-119 min),5.8,198,35402320,42000000,-6597680
70436,The Raven,111.0,Standard (90-119 min),6.1,426,29657751,26000000,3657751
16784,Welcome to Mooseport,110.0,Standard (90-119 min),4.8,54,14000000,30000000,-16000000
8011,Highlander: The Final Dimension,99.0,Standard (90-119 min),4.5,110,36800000,26000000,10800000
31640,Blood and Wine,101.0,Standard (90-119 min),5.5,34,0,26000000,-26000000
9092,Snow White: A Tale of Terror,100.0,Standard (90-119 min),6.0,62,0,26000000,-26000000
2779,The Curse of the Jade Scorpion,103.0,Standard (90-119 min),6.5,165,0,0,0
316002,Accidental Love,100.0,Standard (90-119 min),3.9,95,0,26000000,-26000000
36355,Flipper,95.0,Standard (90-119 min),5.3,84,20080020,25530000,-5449980
238615,Self/less,116.0,Standard (90-119 min),6.3,1091,30523226,26000000,4523226
1985,The Constant Gardener,129.0,Long (120-149 min),6.8,417,82466670,25000000,57466670
615,The Passion of the Christ,127.0,Long (120-149 min),6.9,864,611899420,30000000,581899420
788,Mrs. Doubtfire,125.0,Long (120-149 min),7.0,1591,441286195,25000000,416286195
380,Rain Man,133.0,Long (120-149 min),7.6,1709,412800000,25000000,387800000
13223,Gran Torino,116.0,Standard (90-119 min),7.8,3086,269958228,33000000,236958228
10523,W.,131.0,Long (120-149 min),6.1,143,29506464,25100000,4406464
8681,Taken,93.0,Standard (90-119 min),7.2,4369,226830568,25000000,201830568
239571,The Best of Me,117.0,Standard (90-119 min),7.2,765,35926213,26000000,9926213
619,The Bodyguard,129.0,Long (120-149 min),6.1,661,411006740,25000000,386006740
424,Schindler's List,195.0,Very Long (150+ min),8.3,4329,321365567,22000000,299365567
50014,The Help,146.0,Long (120-149 min),7.8,1910,124272124,25000000,99272124
162903,The Fifth Estate,128.0,Long (120-149 min),5.7,364,8555008,28000000,-19444992
11024,Scooby-Doo 2: Monsters Unleashed,93.0,Standard (90-119 min),5.4,500,181466833,0,181466833
208763,Forbidden Kingdom,127.0,Long (120-149 min),4.9,71,0,26000000,-26000000
6466,Freddy vs. Jason,97.0,Standard (90-119 min),5.8,594,114908830,30000000,84908830
254024,The Face of an Angel,100.0,Standard (90-119 min),4.7,64,0,0,0
12589,Jimmy Neutron: Boy Genius,83.0,Short (<90 min),5.6,231,80936232,25000000,55936232
7191,Cloverfield,85.0,Short (<90 min),6.4,2251,170764026,25000000,145764026
1497,Teenage Mutant Ninja Turtles II: The Secret of the Ooze,88.0,Short (<90 min),5.8,286,78000000,25000000,53000000
117,The Untouchables,119.0,Standard (90-119 min),7.6,1384,76270454,25000000,51270454
6977,No Country for Old Men,122.0,Long (120-149 min),7.7,3003,171600000,25000000,146600000
168530,Ride Along,99.0,Standard (90-119 min),6.1,853,153997819,25000000,128997819
634,Bridget Jones's Diary,97.0,Standard (90-119 min),6.5,1356,281929795,25000000,256929795
392,Chocolat,121.0,Long (120-149 min),6.8,951,152500343,25000000,127500343
10327,"Legally Blonde 2: Red, White & Blonde",95.0,Standard (90-119 min),5.1,377,124914842,45000000,79914842
88042,Parental Guidance,104.0,Standard (90-119 min),5.7,210,119772232,25000000,94772232
41630,No Strings Attached,107.0,Standard (90-119 min),6.1,1331,147780440,25000000,122780440
11969,Tombstone,130.0,Long (120-149 min),7.4,626,56505065,25000000,31505065
2085,Romeo Must Die,115.0,Standard (90-119 min),6.0,330,91036760,25000000,66036760
794,The Omen,111.0,Standard (90-119 min),7.2,476,60922980,2800000,58122980
9286,Final Destination 3,93.0,Standard (90-119 min),5.8,974,117719158,25000000,92719158
77877,The Lucky One,101.0,Standard (90-119 min),6.8,946,99357138,25000000,74357138
1265,Bridge to Terabithia,96.0,Standard (90-119 min),7.0,1113,137587063,60000000,77587063
866,Finding Neverland,106.0,Standard (90-119 min),7.2,1223,116766556,25000000,91766556
175555,A Madea Christmas,100.0,Standard (90-119 min),7.0,35,0,0,0
75174,The Grey,117.0,Standard (90-119 min),6.4,1451,77278331,25000000,52278331
11096,Hide and Seek,101.0,Standard (90-119 min),6.1,440,122644820,25000000,97644820
8699,Anchorman: The Legend of Ron Burgundy,94.0,Standard (90-119 min),6.7,1493,90574188,26000000,64574188
769,GoodFellas,145.0,Long (120-149 min),8.2,3128,46836394,25000000,21836394
10923,Agent Cody Banks,102.0,Standard (90-119 min),5.0,284,58795814,28000000,30795814
11283,Nanny McPhee,97.0,Standard (90-119 min),6.4,711,122489822,25000000,97489822
111,Scarface,170.0,Very Long (150+ min),8.0,2948,65884703,25000000,40884703
11676,Nothing to Lose,97.0,Standard (90-119 min),6.3,174,0,25000000,-25000000
746,The Last Emperor,163.0,Very Long (150+ min),7.4,355,43984230,23000000,20984230
77866,Contraband,109.0,Standard (90-119 min),6.1,770,63100000,25000000,38100000
9416,Money Talks,97.0,Standard (90-119 min),5.9,87,0,0,0
7345,There Will Be Blood,158.0,Very Long (150+ min),7.9,1537,77208711,25000000,52208711
14317,The Wild Thornberrys Movie,85.0,Short (<90 min),5.8,44,0,35000000,-35000000
20694,Rugrats Go Wild,84.0,Short (<90 min),5.6,61,0,0,0
12277,Undercover Brother,86.0,Short (<90 min),5.5,112,41604473,25000000,16604473
9779,The Sisterhood of the Traveling Pants,119.0,Standard (90-119 min),6.3,386,39053061,25000000,14053061
2140,Kiss of the Dragon,98.0,Standard (90-119 min),6.4,298,64437847,25000000,39437847
12620,The House Bunny,97.0,Standard (90-119 min),5.6,529,70442940,25000000,45442940
14177,Beauty Shop,105.0,Standard (90-119 min),5.4,115,36351350,25000000,11351350
198185,Million Dollar Arm,124.0,Long (120-149 min),6.6,259,38307627,25000000,13307627
227156,The Giver,94.0,Standard (90-119 min),6.4,1798,66980456,25000000,41980456
10735,What a Girl Wants,105.0,Standard (90-119 min),5.8,368,0,0,0
11351,Jeepers Creepers 2,104.0,Standard (90-119 min),5.5,299,63102666,17000000,46102666
10030,Good Luck Chuck,101.0,Standard (90-119 min),5.5,444,59192128,25000000,34192128
10623,Cradle 2 the Grave,101.0,Standard (90-119 min),5.8,236,56489558,25000000,31489558
590,The Hours,114.0,Standard (90-119 min),7.0,451,41597830,25000000,16597830
9655,She's the Man,105.0,Standard (90-119 min),6.4,671,33889159,20000000,13889159
1268,Mr. Bean's Holiday,90.0,Standard (90-119 min),6.1,663,229736344,25000000,204736344
11237,Anacondas: The Hunt for the Blood Orchid,97.0,Standard (90-119 min),4.9,199,70992898,20000000,50992898
190955,Blood Ties,128.0,Long (120-149 min),6.0,171,2415472,25500000,-23084528
5123,August Rush,114.0,Standard (90-119 min),7.1,797,66122026,25000000,41122026
4518,Elizabeth,124.0,Long (120-149 min),7.1,334,82150642,30000000,52150642
11932,Bride of Chucky,89.0,Short (<90 min),5.5,350,50671850,25000000,25671850
11165,Tora! Tora! Tora!,144.0,Long (120-149 min),6.9,147,29548291,25485000,4063291
6116,Spice World,93.0,Standard (90-119 min),4.7,123,100000000,25000000,75000000
57431,The Sitter,81.0,Short (<90 min),5.4,325,34942188,25000000,9942188
21724,Dance Flick,83.0,Short (<90 min),4.7,71,0,0,0
278,The Shawshank Redemption,142.0,Long (120-149 min),8.5,8205,28341469,25000000,3341469
9290,Crocodile Dundee in Los Angeles,92.0,Standard (90-119 min),4.7,146,39438674,21150000,18288674
11543,Kingpin,113.0,Standard (90-119 min),6.7,244,25023434,27000000,-1976566
284536,The Gambler,111.0,Standard (90-119 min),5.7,543,39171130,25000000,14171130
152737,August: Osage County,121.0,Long (120-149 min),6.9,483,74188937,25000000,49188937
13374,Ice Princess,98.0,Standard (90-119 min),5.9,185,27645491,25000000,2645491
8976,A Lot Like Love,107.0,Standard (90-119 min),6.5,318,42886719,30000000,12886719
319888,Eddie the Eagle,106.0,Standard (90-119 min),7.2,661,46152800,23000000,23152800
9469,He Got Game,136.0,Long (120-149 min),6.7,134,21567853,25000000,-3432147
1909,Don Juan DeMarco,97.0,Standard (90-119 min),6.2,183,22200000,25000000,-2800000
22971,Dear John,115.0,Standard (90-119 min),6.6,1262,114977104,25000000,89977104
34813,The Losers,97.0,Standard (90-119 min),6.2,515,23580000,25000000,-1420000
46261,Don't Be Afraid of the Dark,99.0,Standard (90-119 min),5.4,341,36993168,25000000,11993168
10431,War,103.0,Standard (90-119 min),6.0,414,40452643,25000000,15452643
8051,Punch-Drunk Love,95.0,Standard (90-119 min),6.9,530,17000000,25000000,-8000000
9352,EuroTrip,93.0,Standard (90-119 min),6.5,656,20796847,25000000,-4203153
10167,Half Past Dead,98.0,Standard (90-119 min),4.6,82,0,13000000,-13000000
18147,Unaccompanied Minors,90.0,Standard (90-119 min),5.4,66,0,26000000,-26000000
17170,"Bright Lights, Big City",107.0,Standard (90-119 min),4.7,28,0,0,0
18975,The Adventures of Pinocchio,90.0,Standard (90-119 min),5.0,54,0,0,0
15487,The Greatest Game Ever Played,120.0,Long (120-149 min),6.9,110,15431177,25000000,-9568823
22825,The Box,115.0,Standard (90-119 min),5.4,597,33333531,30000000,3333531
11152,The Ruins,91.0,Standard (90-119 min),5.6,265,0,8000000,-8000000
1831,The Next Best Thing,108.0,Standard (90-119 min),4.3,29,24362772,25000000,-637228
43931,My Soul to Take,107.0,Standard (90-119 min),5.2,147,19829957,25000000,-5170043
10591,The Girl Next Door,108.0,Standard (90-119 min),6.3,824,30411183,25000000,5411183
10861,Maximum Risk,100.0,Standard (90-119 min),5.2,101,51702483,25000000,26702483
12770,Stealing Harvard,85.0,Short (<90 min),4.4,46,0,0,0
276907,Legend,131.0,Long (120-149 min),6.7,973,42972994,25000000,17972994
10074,Hot Rod,88.0,Short (<90 min),6.3,313,14334401,0,14334401
65055,Shark Night,91.0,Standard (90-119 min),4.9,132,10126458,28000000,-17873542
10397,Angela's Ashes,145.0,Long (120-149 min),7.0,59,13,25,-12
200505,Draft Day,109.0,Standard (90-119 min),6.5,304,28831145,25000000,3831145
11954,Lifeforce,116.0,Standard (90-119 min),6.2,135,0,25000000,-25000000
60309,The Conspirator,122.0,Long (120-149 min),6.2,137,15478800,25000000,-9521200
9787,Lords of Dogtown,107.0,Standard (90-119 min),7.0,210,13411957,25000000,-11588043
293646,The 33,120.0,Long (120-149 min),6.0,378,24902723,25000000,-97277
6978,Big Trouble in Little China,99.0,Standard (90-119 min),7.1,705,11000000,25000000,-14000000
133698,Fly Me to the Moon,104.0,Standard (90-119 min),5.6,194,0,0,0
59440,Warrior,140.0,Long (120-149 min),7.7,1272,23057115,25000000,-1942885
1770,Michael Collins,132.0,Long (120-149 min),6.7,97,16900000,28000000,-11100000
10655,Gettysburg,254.0,Very Long (150+ min),6.6,90,25000000,0,25000000
8988,Stop-Loss,113.0,Standard (90-119 min),6.1,82,11207130,25000000,-13792870
15992,Abandon,99.0,Standard (90-119 min),4.6,45,10719357,25000000,-14280643
17707,Brokedown Palace,100.0,Standard (90-119 min),6.2,111,13000000,25000000,-12000000
77883,The Possession,92.0,Standard (90-119 min),5.8,498,85446075,14000000,71446075
40001,Mrs. Winterbourne,105.0,Standard (90-119 min),5.3,25,10070000,25000000,-14930000
64639,Straw Dogs,110.0,Standard (90-119 min),5.5,144,10324441,25000000,-14675559
9903,The Hoax,116.0,Standard (90-119 min),6.4,60,11772461,25000000,-13227539
21338,Stone Cold,92.0,Standard (90-119 min),5.7,34,0,0,0
20766,The Road,111.0,Standard (90-119 min),6.8,1087,27635305,32000000,-4364695
24264,Sheena,117.0,Standard (90-119 min),5.0,22,5778353,25000000,-19221647
19803,Underclassman,95.0,Standard (90-119 min),5.5,28,0,0,0
20309,Say It Isn't So,95.0,Standard (90-119 min),4.8,47,0,25000000,-25000000
9912,The World's Fastest Indian,127.0,Long (120-149 min),7.3,166,0,25000000,-25000000
9067,Tank Girl,98.0,Standard (90-119 min),5.5,138,4064495,25000000,-20935505
27360,King's Ransom,95.0,Standard (90-119 min),5.1,14,0,0,0
8338,Blindness,121.0,Long (120-149 min),6.4,387,19844979,25000000,-5155021
168705,BloodRayne,95.0,Standard (90-119 min),3.5,118,2405420,25000000,-22594580
72113,Carnage,80.0,Short (<90 min),7.0,738,27603069,25000000,2603069
9729,Where the Truth Lies,107.0,Standard (90-119 min),5.9,66,0,25000000,-25000000
94352,Cirque du Soleil: Worlds Away,91.0,Standard (90-119 min),6.1,58,34153101,0,34153101
22256,Without Limits,117.0,Standard (90-119 min),6.2,19,777423,25000000,-24222577
12404,Me and Orson Welles,114.0,Standard (90-119 min),6.6,49,2336172,25000000,-22663828
152742,The Best Offer,124.0,Long (120-149 min),7.7,704,19255873,13500000,5755873
11699,The Bad Lieutenant: Port of Call - New Orleans,122.0,Long (120-149 min),6.0,326,10589102,25000000,-14410898
49953,A Turtle's Tale: Sammy's Adventures,88.0,Short (<90 min),5.6,151,0,0,0
48034,Little White Lies,154.0,Very Long (150+ min),7.1,380,48531470,25000000,23531470
39845,Love Ranch,117.0,Standard (90-119 min),6.0,21,0,0,0
25353,The True Story of Puss 'n Boots,82.0,Short (<90 min),3.8,7,0,0,0
36696,Space Dogs,85.0,Short (<90 min),6.3,10,6500000,25000000,-18500000
109091,The Counselor,117.0,Standard (90-119 min),5.0,712,71009334,25000000,46009334
38543,Ironclad,121.0,Long (120-149 min),6.2,227,0,25000000,-25000000
33157,Waterloo,128.0,Long (120-149 min),7.0,31,3052000,25000000,-21948000
290864,Kung Fu Jungle,100.0,Standard (90-119 min),6.5,114,0,25000000,-25000000
242166,Red Sky,100.0,Standard (90-119 min),4.1,26,0,25000000,-25000000
859,Dangerous Liaisons,119.0,Standard (90-119 min),7.0,257,34670720,14000000,20670720
83770,On the Road,137.0,Long (120-149 min),5.5,301,8784318,25000000,-16215682
168,Star Trek IV: The Voyage Home,119.0,Standard (90-119 min),6.9,477,133000000,24000000,109000000
1246,Rocky Balboa,102.0,Standard (90-119 min),6.5,835,155721132,24000000,131721132
4233,Scream 2,120.0,Long (120-149 min),6.1,840,172363301,24000000,148363301
174751,Jane Got a Gun,98.0,Standard (90-119 min),5.4,285,1397284,25000000,-23602716
184098,Think Like a Man Too,105.0,Standard (90-119 min),6.4,225,70181428,24000000,46181428
2069,The Whole Nine Yards,98.0,Standard (90-119 min),6.2,531,106371651,41300000,65071651
1788,Footloose,107.0,Standard (90-119 min),6.4,505,80035402,8200000,71835402
11635,Old School,91.0,Standard (90-119 min),6.6,541,87055349,24000000,63055349
177,The Fisher King,137.0,Long (120-149 min),7.2,341,41895491,24000000,17895491
3600,I Still Know What You Did Last Summer,100.0,Standard (90-119 min),5.1,374,40002112,65000000,-24997888
2621,Return to Me,115.0,Standard (90-119 min),6.1,67,36609995,24000000,12609995
10358,Zack and Miri Make a Porno,102.0,Standard (90-119 min),6.1,721,42105111,24000000,18105111
10480,Nurse Betty,108.0,Standard (90-119 min),5.9,111,0,24000000,-24000000
10313,The Men Who Stare at Goats,93.0,Standard (90-119 min),5.9,742,68729358,24000000,44729358
18828,Double Take,88.0,Short (<90 min),5.5,24,0,0,0
3558,"Girl, Interrupted",127.0,Long (120-149 min),7.6,721,0,40000000,-40000000
13476,Win a Date with Tad Hamilton!,95.0,Standard (90-119 min),5.5,160,16980098,17000000,-19902
10208,Muppets from Space,87.0,Short (<90 min),5.8,92,16290976,24000000,-7709024
24961,The Wiz,134.0,Long (120-149 min),5.9,58,21049053,24000000,-2950947
20697,Ready to Rumble,107.0,Standard (90-119 min),4.7,49,12372410,24000000,-11627590
20761,Play It to the Bone,124.0,Long (120-149 min),5.7,53,8434146,24000000,-15565854
70868,I Don't Know How She Does It,89.0,Short (<90 min),5.0,141,30551495,24000000,6551495
43593,Piranha 3D,88.0,Short (<90 min),5.3,581,83188165,24000000,59188165
6478,Beyond the Sea,118.0,Standard (90-119 min),6.5,55,0,23000000,-23000000
40688,Meet the Deedles,93.0,Standard (90-119 min),4.1,19,4562146,24000000,-19437854
26672,The Thief and the Cobbler,72.0,Short (<90 min),6.8,26,669276,28000000,-27330724
45881,The Bridge of San Luis Rey,120.0,Long (120-149 min),5.4,15,0,0,0
41283,Faster,98.0,Standard (90-119 min),6.1,568,23081726,24000000,-918274
4935,Howl's Moving Castle,119.0,Standard (90-119 min),8.2,1991,234710455,24000000,210710455
19908,Zombieland,88.0,Short (<90 min),7.2,3550,102391382,23600000,78791382
10663,The Waterboy,90.0,Standard (90-119 min),5.9,512,185991646,23000000,162991646
1891,The Empire Strikes Back,124.0,Long (120-149 min),8.2,5879,538400000,18000000,520400000
9737,Bad Boys,118.0,Standard (90-119 min),6.5,1699,141407024,19000000,122407024
37137,The Naked Gun 2½: The Smell of Fear,85.0,Short (<90 min),6.6,546,86930411,23000000,63930411
9532,Final Destination,98.0,Standard (90-119 min),6.4,1378,53302314,23000000,30302314
10316,The Ides of March,101.0,Standard (90-119 min),6.5,910,75993061,12500000,63493061
2787,Pitch Black,108.0,Standard (90-119 min),6.7,1789,53187659,23000000,30187659
12658,Someone Like You...,97.0,Standard (90-119 min),6.0,118,0,23000000,-23000000
152601,Her,126.0,Long (120-149 min),7.9,4097,47351251,23000000,24351251
10866,Joy Ride,97.0,Standard (90-119 min),6.3,325,36642838,23000000,13642838
227707,The Adventurer: The Curse of the Midas Box,99.0,Standard (90-119 min),5.1,73,6399,25000000,-24993601
21349,Anywhere But Here,114.0,Standard (90-119 min),5.9,66,18653615,23000000,-4346385
19150,The Crew,88.0,Short (<90 min),6.4,11,0,0,0
70435,Haywire,93.0,Standard (90-119 min),5.6,505,33372606,23000000,10372606
580,Jaws: The Revenge,89.0,Short (<90 min),3.5,224,51881013,23000000,28881013
9819,Marvin's Room,98.0,Standard (90-119 min),6.6,124,0,0,0
13579,The Longshots,94.0,Standard (90-119 min),6.5,11,0,0,0
20024,The End of the Affair,102.0,Standard (90-119 min),6.6,55,10827816,23000000,-12172184
2453,Harley Davidson and the Marlboro Man,98.0,Standard (90-119 min),6.1,82,7434726,23000000,-15565274
6973,In the Valley of Elah,124.0,Long (120-149 min),6.6,261,29541790,23000000,6541790
11156,Coco Before Chanel,110.0,Standard (90-119 min),6.6,246,0,0,0
354110,Forsaken,90.0,Standard (90-119 min),5.8,101,0,11000000,-11000000
22215,Cheri,86.0,Short (<90 min),5.9,56,9366227,23000000,-13633773
11632,Vanity Fair,141.0,Long (120-149 min),5.5,73,16123851,23000000,-6876149
30596,Bodyguards and Assassins,139.0,Long (120-149 min),6.5,57,5837674,23000000,-17162326
3021,1408,104.0,Standard (90-119 min),6.5,1343,94679598,25000000,69679598
957,Spaceballs,96.0,Standard (90-119 min),6.7,902,38119483,22700000,15419483
256917,The Water Diviner,112.0,Standard (90-119 min),6.8,431,15520023,22500000,-6979977
251,Ghost,127.0,Long (120-149 min),6.9,1339,505000000,22000000,483000000
544,There's Something About Mary,119.0,Standard (90-119 min),6.5,1590,369884651,23000000,346884651
11395,The Santa Clause,97.0,Standard (90-119 min),6.3,489,189833357,22000000,167833357
14635,The Rookie,127.0,Long (120-149 min),6.5,110,75597042,20000000,55597042
13680,The Game Plan,110.0,Standard (90-119 min),6.0,428,147880543,22000000,125880543
688,The Bridges of Madison County,135.0,Long (120-149 min),7.3,385,182016617,24000000,158016617
11090,The Animal,84.0,Short (<90 min),4.6,304,84772742,22000000,62772742
783,Gandhi,191.0,Very Long (150+ min),7.4,716,77737889,22000000,55737889
228194,The Hundred-Foot Journey,122.0,Long (120-149 min),7.3,508,88880821,22000000,66880821
1642,The Net,114.0,Standard (90-119 min),5.6,354,110627965,22000000,88627965
10950,I Am Sam,132.0,Long (120-149 min),7.2,530,92542418,22000000,70542418
235260,Son of God,138.0,Long (120-149 min),5.9,83,67800064,22000000,45800064
277,Underworld,121.0,Long (120-149 min),6.6,2512,95708457,22000000,73708457
8999,Derailed,108.0,Standard (90-119 min),6.1,319,57479076,22000000,35479076
11323,The Informant!,108.0,Standard (90-119 min),6.0,301,35424826,22000000,13424826
10445,Shadowlands,131.0,Long (120-149 min),6.8,61,0,22000000,-22000000
11453,Deuce Bigalow: European Gigolo,83.0,Short (<90 min),4.7,225,22400154,22000000,400154
146239,Delivery Man,105.0,Standard (90-119 min),6.2,551,51164106,26000000,25164106
205588,Our Kind of Traitor,108.0,Standard (90-119 min),6.0,160,9930095,0,9930095
10878,Saving Silverman,90.0,Standard (90-119 min),5.4,154,19351569,22000000,-2648431
82650,Diary of a Wimpy Kid: Dog Days,94.0,Standard (90-119 min),6.0,223,77112176,22000000,55112176
10279,Summer of Sam,142.0,Long (120-149 min),6.3,112,0,0,0
2294,Jay and Silent Bob Strike Back,104.0,Standard (90-119 min),6.4,480,33788161,22000000,11788161
2176,The Glass House,106.0,Standard (90-119 min),5.4,201,23619609,30000000,-6380391
270487,"Hail, Caesar!",106.0,Standard (90-119 min),5.7,1309,63647656,22000000,41647656
19366,Josie and the Pussycats,98.0,Standard (90-119 min),5.3,72,0,22000000,-22000000
204082,Homefront,100.0,Standard (90-119 min),6.4,875,43058898,22000000,21058898
24100,The Little Vampire,95.0,Standard (90-119 min),6.1,77,13555988,22000000,-8444012
1599,I Heart Huckabees,106.0,Standard (90-119 min),6.2,239,0,22000000,-22000000
5550,RoboCop 3,104.0,Standard (90-119 min),4.2,305,10696210,22000000,-11303790
30379,Megiddo: The Omega Code 2,104.0,Standard (90-119 min),3.6,8,0,0,0
42586,Darling Lili,107.0,Standard (90-119 min),4.9,8,0,0,0
17709,Dudley Do-Right,77.0,Short (<90 min),3.8,48,0,70000000,-70000000
287948,The Transporter Refueled,96.0,Standard (90-119 min),5.2,559,72629670,25000000,47629670
7548,The Libertine,114.0,Standard (90-119 min),5.9,128,0,0,0
9075,Black Book,145.0,Long (120-149 min),7.2,277,26193068,21000000,5193068
11661,Joyeux Noël,116.0,Standard (90-119 min),7.2,212,17709155,22000000,-4290845
109513,Hit & Run,100.0,Standard (90-119 min),5.5,224,14400000,2000000,12400000
12085,Mad Money,104.0,Standard (90-119 min),5.9,140,0,0,0
204922,Before I Go to Sleep,92.0,Standard (90-119 min),6.2,659,15447154,22000000,-6552846
38985,Sorcerer,121.0,Long (120-149 min),7.4,98,12000000,22000000,-10000000
44113,Stone,105.0,Standard (90-119 min),5.2,192,9479718,22000000,-12520282
21494,Moliere,115.0,Standard (90-119 min),6.7,45,0,0,0
164457,Out of the Furnace,116.0,Standard (90-119 min),6.5,720,15400000,22000000,-6600000
4566,Michael Clayton,119.0,Standard (90-119 min),6.5,501,92991835,25000000,67991835
17795,My Fellow Americans,101.0,Standard (90-119 min),6.3,46,0,0,0
1073,Arlington Road,117.0,Standard (90-119 min),7.0,239,0,21500000,-21500000
153158,Underdogs,106.0,Standard (90-119 min),6.0,122,24000000,22000000,2000000
81836,To Rome with Love,111.0,Standard (90-119 min),5.6,546,73244881,17000000,56244881
10724,Firefox,136.0,Long (120-149 min),5.5,139,70687344,18000000,52687344
9473,"South Park: Bigger, Longer & Uncut",81.0,Short (<90 min),7.1,893,0,21000000,-21000000
2196,Death at a Funeral,90.0,Standard (90-119 min),6.9,497,46,9000000,-8999954
1499,Teenage Mutant Ninja Turtles III,96.0,Standard (90-119 min),5.1,184,42000000,21000000,21000000
20857,Hardball,106.0,Standard (90-119 min),6.3,123,40222729,32000000,8222729
82693,Silver Linings Playbook,122.0,Long (120-149 min),6.9,4742,205738714,21000000,184738714
1646,Freedom Writers,123.0,Long (120-149 min),7.5,356,41170784,21000000,20170784
44944,For Colored Girls,134.0,Long (120-149 min),7.0,22,37000000,0,37000000
4108,The Transporter,92.0,Standard (90-119 min),6.6,1692,43928932,21000000,22928932
8456,Never Back Down,115.0,Standard (90-119 min),6.4,497,41627431,20000000,21627431
7341,The Rage: Carrie 2,104.0,Standard (90-119 min),5.1,76,17762705,21000000,-3237295
19255,Away We Go,98.0,Standard (90-119 min),6.7,189,14899417,17000000,-2100583
10187,Swing Vote,120.0,Long (120-149 min),5.8,65,17600000,21000000,-3400000
31005,Moonlight Mile,117.0,Standard (90-119 min),6.5,52,10011050,21000000,-10988950
49517,Tinker Tailor Soldier Spy,127.0,Long (120-149 min),6.6,840,0,30000000,-30000000
44857,Molly,102.0,Standard (90-119 min),5.5,14,0,0,0
50780,The Beaver,91.0,Standard (90-119 min),6.3,276,970816,21000000,-20029184
16363,The Best Little Whorehouse in Texas,114.0,Standard (90-119 min),5.9,41,69701637,35000000,34701637
1946,eXistenZ,97.0,Standard (90-119 min),6.7,475,2856712,15000000,-12143288
85,Raiders of the Lost Ark,115.0,Standard (90-119 min),7.7,3854,389925971,18000000,371925971
772,Home Alone 2: Lost in New York,120.0,Long (120-149 min),6.3,2395,358991681,18000000,340991681
840,Close Encounters of the Third Kind,135.0,Long (120-149 min),7.2,1098,303788635,20000000,283788635
9682,Pulse,90.0,Standard (90-119 min),5.0,150,29907685,38000000,-8092315
96,Beverly Hills Cop II,100.0,Standard (90-119 min),6.1,613,299965036,20000000,279965036
10678,Bringing Down the House,105.0,Standard (90-119 min),5.4,183,132675402,20000000,112675402
274,The Silence of the Lambs,119.0,Standard (90-119 min),8.1,4443,272742922,19000000,253742922
8872,Wayne's World,94.0,Standard (90-119 min),6.5,728,121697323,20000000,101697323
16290,Jackass 3D,94.0,Standard (90-119 min),6.4,428,117224271,20000000,97224271
579,Jaws 2,116.0,Standard (90-119 min),5.9,406,187884007,20000000,167884007
14405,Beverly Hills Chihuahua,91.0,Standard (90-119 min),4.9,209,149281606,20000000,129281606
138843,The Conjuring,112.0,Standard (90-119 min),7.4,3092,318000141,13000000,305000141
11637,Are We There Yet?,95.0,Standard (90-119 min),5.2,221,97918663,32000000,65918663
226486,Tammy,97.0,Standard (90-119 min),5.0,500,100525432,20000000,80525432
1584,School of Rock,108.0,Standard (90-119 min),6.7,1414,131282949,35000000,96282949
9312,Mortal Kombat,101.0,Standard (90-119 min),5.4,442,122195920,18000000,104195920
12153,White Chicks,109.0,Standard (90-119 min),6.3,679,113086475,37000000,76086475
65057,The Descendants,115.0,Standard (90-119 min),6.7,934,177243185,20000000,157243185
8326,Holes,117.0,Standard (90-119 min),6.7,383,0,20000000,-20000000
35690,The Last Song,107.0,Standard (90-119 min),6.9,923,0,0,0
76203,12 Years a Slave,134.0,Long (120-149 min),7.9,3674,187000000,20000000,167000000
13497,Drumline,118.0,Standard (90-119 min),6.2,116,57588485,20000000,37588485
35688,Why Did I Get Married Too?,121.0,Long (120-149 min),6.1,29,60072596,20000000,40072596
162,Edward Scissorhands,105.0,Standard (90-119 min),7.5,3601,53000000,20000000,33000000
296096,Me Before You,110.0,Standard (90-119 min),7.6,2562,207945075,20000000,187945075
103370,Madea's Witness Protection,114.0,Standard (90-119 min),5.9,52,0,0,0
1051,The French Connection,104.0,Standard (90-119 min),7.4,422,41158757,1800000,39358757
376659,Bad Moms,100.0,Standard (90-119 min),6.3,1252,183936074,20000000,163936074
10073,Date Movie,83.0,Short (<90 min),3.6,222,48548426,20000000,28548426
16690,Return to Never Land,72.0,Short (<90 min),6.1,290,109862682,20000000,89862682
273895,Selma,127.0,Long (120-149 min),7.4,817,66787908,20000000,46787908
14873,The Jungle Book 2,72.0,Short (<90 min),5.6,269,135680000,20000000,115680000
8968,Boogeyman,89.0,Short (<90 min),4.6,191,67192859,20000000,47192859
9963,Premonition,96.0,Standard (90-119 min),5.8,381,84146832,20000000,64146832
15655,The Tigger Movie,77.0,Short (<90 min),6.3,143,45554533,30000000,15554533
21208,Orphan,123.0,Long (120-149 min),6.7,1261,41596251,20000000,21596251
272878,Max,111.0,Standard (90-119 min),6.8,276,43967255,20000000,23967255
9760,Epic Movie,86.0,Short (<90 min),3.2,326,86865564,20000000,66865564
314365,Spotlight,128.0,Long (120-149 min),7.8,2686,88346473,20000000,68346473
13279,Lakeview Terrace,110.0,Standard (90-119 min),5.9,292,27640028,20000000,7640028
1975,The Grudge 2,102.0,Standard (90-119 min),5.2,283,39143839,20000000,19143839
33644,How Stella Got Her Groove Back,124.0,Long (120-149 min),6.0,24,37672350,20000000,17672350
1649,Bill & Ted's Bogus Journey,98.0,Standard (90-119 min),5.9,308,0,0,0
9895,Man of the Year,115.0,Standard (90-119 min),5.8,129,41237648,20000000,21237648
9570,The Black Hole,98.0,Standard (90-119 min),6.1,131,35841901,20000000,15841901
27579,The American,104.0,Standard (90-119 min),5.8,481,65464324,20000000,45464324
16052,Selena,127.0,Long (120-149 min),7.0,114,60000000,20000000,40000000
40264,Vampires Suck,82.0,Short (<90 min),4.2,315,80547866,20000000,60547866
1164,Babel,143.0,Long (120-149 min),6.9,1055,135330182,25000000,110330182
239678,This Is Where I Leave You,103.0,Standard (90-119 min),6.5,505,41296320,19800000,21496320
14359,Doubt,104.0,Standard (90-119 min),7.0,435,50907234,20000000,30907234
3989,Team America: World Police,98.0,Standard (90-119 min),6.6,660,50907422,32000000,18907422
76617,Texas Chainsaw 3D,92.0,Standard (90-119 min),5.3,465,47241945,20000000,27241945
1710,Copycat,124.0,Long (120-149 min),6.4,194,0,0,0
4258,Scary Movie 5,86.0,Short (<90 min),4.6,793,78378744,20000000,58378744
20391,Paint Your Wagon,158.0,Very Long (150+ min),6.2,63,31678778,20000000,11678778
10139,Milk,128.0,Long (120-149 min),7.1,612,54586584,20000000,34586584
335778,Risen,107.0,Standard (90-119 min),5.7,295,46069568,20000000,26069568
9645,Ghost Ship,91.0,Standard (90-119 min),5.3,531,68349884,35000000,33349884
55465,A Very Harold & Kumar Christmas,108.0,Standard (90-119 min),6.0,328,35387212,19000000,16387212
617,Wild Things,108.0,Standard (90-119 min),6.3,444,67200000,20000000,47200000
19904,The Stepfather,101.0,Standard (90-119 min),5.4,167,0,0,0
48289,The Debt,113.0,Standard (90-119 min),6.3,257,45636368,20000000,25636368
243,High Fidelity,113.0,Standard (90-119 min),7.0,628,47126295,30000000,17126295
6933,One Missed Call,87.0,Short (<90 min),4.7,171,0,20000000,-20000000
17182,Eye for an Eye,101.0,Standard (90-119 min),5.8,63,0,20000000,-20000000
8848,The Bank Job,112.0,Standard (90-119 min),6.6,697,64822796,20000000,44822796
38,Eternal Sunshine of the Spotless Mind,108.0,Standard (90-119 min),7.9,3652,72258126,20000000,52258126
38303,You Again,105.0,Standard (90-119 min),6.0,368,32005248,20000000,12005248
1266,Street Kings,109.0,Standard (90-119 min),6.3,363,65569869,20000000,45569869
107985,The World's End,109.0,Standard (90-119 min),6.7,1778,46089287,20000000,26089287
14043,Nancy Drew,99.0,Standard (90-119 min),5.8,143,0,0,0
19901,Daybreakers,98.0,Standard (90-119 min),6.0,634,51416464,20000000,31416464
34016,She's Out of My League,104.0,Standard (90-119 min),5.9,525,49779728,20000000,29779728
59860,Monte Carlo,109.0,Standard (90-119 min),6.0,593,17425000,20000000,-2575000
10069,Stay Alive,100.0,Standard (90-119 min),5.3,155,27105095,9000000,18105095
9588,Quigley Down Under,119.0,Standard (90-119 min),6.5,119,0,0,0
12819,Alpha and Omega,88.0,Short (<90 min),5.3,124,39300000,20000000,19300000
9954,The Covenant,97.0,Standard (90-119 min),5.2,288,37597471,20000000,17597471
10115,Stick It,105.0,Standard (90-119 min),6.3,148,0,0,0
25132,Shorts,89.0,Short (<90 min),5.1,44,28972508,40000000,-11027492
577,To Die For,106.0,Standard (90-119 min),6.7,175,21284514,20000000,1284514
328387,Nerve,96.0,Standard (90-119 min),7.1,2181,83707310,20000000,63707310
12690,Appaloosa,115.0,Standard (90-119 min),6.3,299,20211394,20000000,211394
9945,Vampires,108.0,Standard (90-119 min),5.8,255,0,20000000,-20000000
539,Psycho,109.0,Standard (90-119 min),8.2,2320,32000000,806948,31193052
13596,My Best Friend's Girl,101.0,Standard (90-119 min),5.4,220,36620508,20000000,16620508
226857,Endless Love,103.0,Standard (90-119 min),6.7,542,34077920,20000000,14077920
13159,Georgia Rule,113.0,Standard (90-119 min),5.6,130,0,20000000,-20000000
47941,Under the Rainbow,98.0,Standard (90-119 min),4.9,7,2297493,20000000,-17702507
526,Ladyhawke,121.0,Long (120-149 min),6.8,260,18432000,20000000,-1568000
22796,Simon Birch,114.0,Standard (90-119 min),6.5,52,18253415,20000000,-1746585
2355,Reign Over Me,124.0,Long (120-149 min),7.1,334,22222308,20000000,2222308
5915,Into the Wild,148.0,Long (120-149 min),7.8,3045,56255142,15000000,41255142
9842,School for Scoundrels,100.0,Standard (90-119 min),5.6,111,17807569,20000000,-2192431
61012,Silent Hill: Revelation 3D,94.0,Standard (90-119 min),5.0,432,52302796,20000000,32302796
755,From Dusk Till Dawn,108.0,Standard (90-119 min),6.9,1603,25836616,19000000,6836616
13682,Pooh's Heffalump Movie,68.0,Short (<90 min),6.4,88,0,0,0
9089,Home for the Holidays,103.0,Standard (90-119 min),6.3,39,17519169,0,17519169
9470,Kung Fu Hustle,99.0,Standard (90-119 min),7.2,831,100914445,20000000,80914445
18357,The Country Bears,88.0,Short (<90 min),4.3,20,0,35000000,-35000000
7979,The Kite Runner,128.0,Long (120-149 min),7.3,394,73276047,20000000,53276047
470,21 Grams,124.0,Long (120-149 min),7.2,918,60427839,20000000,40427839
15644,Paparazzi,84.0,Short (<90 min),5.8,52,16605763,20000000,-3394237
9582,A Guy Thing,101.0,Standard (90-119 min),5.3,83,17432163,20000000,-2567837
10642,Loser,98.0,Standard (90-119 min),5.0,120,0,0,0
22074,Capitalism: A Love Story,120.0,Long (120-149 min),7.0,167,17436509,20000000,-2563491
2428,The Greatest Story Ever Told,199.0,Very Long (150+ min),6.5,41,15473333,20000000,-4526667
290751,Secret in Their Eyes,111.0,Standard (90-119 min),6.2,336,34854990,19500000,15354990
13805,Disaster Movie,87.0,Short (<90 min),3.0,240,14109284,25000000,-10890716
4597,Armored,88.0,Short (<90 min),5.5,208,22942221,20000000,2942221
9414,The Man Who Knew Too Little,97.0,Standard (90-119 min),6.5,125,13801755,20000000,-6198245
63492,What's Your Number?,106.0,Standard (90-119 min),6.2,671,30426096,20000000,10426096
81796,Lockout,95.0,Standard (90-119 min),5.8,715,32204030,20000000,12204030
10710,Envy,99.0,Standard (90-119 min),4.8,139,0,40000000,-40000000
15092,Crank: High Voltage,96.0,Standard (90-119 min),5.9,861,34560577,20000000,14560577
11382,Bullets Over Broadway,98.0,Standard (90-119 min),7.0,130,0,0,0
15005,One Night with the King,123.0,Long (120-149 min),6.1,12,13391174,20000000,-6608826
8198,The Quiet American,101.0,Standard (90-119 min),6.4,81,27674124,30000000,-2325876
6963,The Weather Man,101.0,Standard (90-119 min),6.0,289,12482775,20000000,-7517225
15070,Undisputed,96.0,Standard (90-119 min),6.1,139,12398628,20000000,-7601372
12797,Ghost Town,102.0,Standard (90-119 min),6.4,286,0,0,0
17134,12 Rounds,108.0,Standard (90-119 min),5.7,220,17280326,20000000,-2719674
41402,Let Me In,116.0,Standard (90-119 min),6.7,641,24145613,20000000,4145613
18885,3 Ninjas Kick Back,93.0,Standard (90-119 min),4.5,48,0,0,0
4953,Be Kind Rewind,102.0,Standard (90-119 min),6.2,424,0,0,0
10773,Mrs Henderson Presents,103.0,Standard (90-119 min),6.4,62,0,0,0
146198,Triple 9,115.0,Standard (90-119 min),5.6,797,12639297,20000000,-7360703
2639,Deconstructing Harry,96.0,Standard (90-119 min),7.3,187,10686841,20000000,-9313159
10563,Three to Tango,98.0,Standard (90-119 min),5.4,62,0,20000000,-20000000
295964,Burnt,100.0,Standard (90-119 min),6.3,950,36606743,20000000,16606743
5971,We're No Angels,106.0,Standard (90-119 min),5.6,105,0,20000000,-20000000
9716,Everyone Says I Love You,101.0,Standard (90-119 min),6.5,147,0,20000000,-20000000
11835,Death Sentence,105.0,Standard (90-119 min),6.5,297,16974459,20000000,-3025541
26171,Everybody's Fine,99.0,Standard (90-119 min),6.5,284,0,21000000,-21000000
31117,Superbabies: Baby Geniuses 2,88.0,Short (<90 min),1.9,35,9109322,0,9109322
9074,The Man,83.0,Short (<90 min),5.4,133,12382362,0,12382362
14396,Code Name: The Cleaner,84.0,Short (<90 min),4.7,78,10337477,20000000,-9662523
15673,Connie and Carla,98.0,Standard (90-119 min),6.4,24,11341016,20000000,-8658984
42618,Sweet Charity,149.0,Long (120-149 min),6.5,15,20000000,8000000,12000000
171274,Inherent Vice,148.0,Long (120-149 min),6.5,833,11110975,20000000,-8889025
24432,Doogal,85.0,Short (<90 min),3.2,18,0,0,0
109417,Battle of the Year,110.0,Standard (90-119 min),5.9,88,16549477,20000000,-3450523
13948,An American Carol,83.0,Short (<90 min),4.1,20,7000000,20000000,-13000000
106747,Machete Kills,107.0,Standard (90-119 min),5.3,631,15008161,12000000,3008161
10929,Willard,100.0,Standard (90-119 min),5.8,82,0,22000000,-22000000
14220,Strange Wilderness,87.0,Short (<90 min),4.7,69,6575282,0,6575282
46435,Topsy-Turvy,160.0,Very Long (150+ min),6.7,41,0,0,0
256962,Little Boy,106.0,Standard (90-119 min),7.0,185,6420319,20000000,-13579681
48231,A Dangerous Method,99.0,Standard (90-119 min),6.2,571,27462041,15000000,12462041
3509,A Scanner Darkly,100.0,Standard (90-119 min),6.8,532,7659918,8700000,-1040082
82684,Chasing Mavericks,117.0,Standard (90-119 min),7.0,216,0,0,0
12142,Alone in the Dark,96.0,Standard (90-119 min),3.1,173,10442808,20000000,-9557192
23367,Bandslam,111.0,Standard (90-119 min),5.4,126,5210988,20000000,-14789012
10740,Birth,100.0,Standard (90-119 min),5.9,179,0,20000000,-20000000
241239,A Most Violent Year,125.0,Long (120-149 min),6.5,546,12007070,20000000,-7992930
14582,Passchendaele,114.0,Standard (90-119 min),6.3,26,0,0,0
14914,Flash of Genius,119.0,Standard (90-119 min),6.3,59,0,0,0
3902,I'm Not There.,135.0,Long (120-149 min),6.6,195,4001121,20000000,-15998879
77948,The Cold Light of Day,93.0,Standard (90-119 min),4.8,271,16863583,20000000,-3136417
21755,The Brothers Bloom,114.0,Standard (90-119 min),6.8,203,5530764,20000000,-14469236
4960,"Synecdoche, New York",124.0,Long (120-149 min),7.4,278,0,21000000,-21000000
128,Princess Mononoke,134.0,Long (120-149 min),8.2,1983,159375308,26500000,132875308
14652,Bon voyage,114.0,Standard (90-119 min),5.7,20,0,0,0
40932,Can't Stop the Music,124.0,Long (120-149 min),4.9,9,0,0,0
16608,The Proposition,104.0,Standard (90-119 min),7.1,218,5048693,2000000,3048693
334531,My All American,118.0,Standard (90-119 min),6.8,36,0,20000000,-20000000
32316,Marci X,84.0,Short (<90 min),3.3,12,1675706,20000000,-18324294
7299,Equilibrium,107.0,Standard (90-119 min),6.9,1552,5359645,20000000,-14640355
13405,The Children of Huang Shi,125.0,Long (120-149 min),6.5,52,7400000,40000000,-32600000
19457,The Yards,115.0,Standard (90-119 min),6.0,97,0,0,0
112937,The Oogieloves in the Big Balloon Adventure,88.0,Short (<90 min),2.2,8,0,0,0
314385,By the Sea,122.0,Long (120-149 min),5.4,156,3727746,10000000,-6272254
8953,Steamboy,126.0,Long (120-149 min),6.4,102,0,20000000,-20000000
29078,The Game of Their Lives,101.0,Standard (90-119 min),5.8,14,0,0,0
46503,All Good Things,101.0,Standard (90-119 min),5.9,286,0,0,0
10448,Rapa Nui,107.0,Standard (90-119 min),6.2,33,305070,20000000,-19694930
13688,CJ7,86.0,Short (<90 min),6.1,107,47301471,0,47301471
10353,The Visitors II: The Corridors of Time,118.0,Standard (90-119 min),5.8,221,0,0,0
43935,Dylan Dog: Dead of Night,107.0,Standard (90-119 min),4.5,139,4634062,20000000,-15365938
11458,People I Know,100.0,Standard (90-119 min),5.5,48,0,20000000,-20000000
44638,The Tempest,110.0,Standard (90-119 min),6.0,31,346594,20000000,-19653406
241257,Regression,106.0,Standard (90-119 min),5.3,585,17671101,0,17671101
14538,Three Kingdoms: Resurrection of the Dragon,102.0,Standard (90-119 min),6.6,35,0,0,0
13250,Butterfly on a Wheel,95.0,Standard (90-119 min),6.3,130,0,20000000,-20000000
133931,Zambezia,83.0,Short (<90 min),5.3,68,0,20000000,-20000000
280871,Ramanujan,170.0,Very Long (150+ min),5.0,3,0,0,0
239897,Dwegons,98.0,Standard (90-119 min),0.5,1,0,0,0
184341,Hands of Stone,105.0,Standard (90-119 min),6.1,109,0,20000000,-20000000
334074,Survivor,96.0,Standard (90-119 min),5.4,404,0,20000000,-20000000
199373,The Frozen Ground,105.0,Standard (90-119 min),6.1,465,5496951,27220000,-21723049
14202,The Painted Veil,125.0,Long (120-149 min),7.1,312,0,19400000,-19400000
6968,The Baader Meinhof Complex,150.0,Very Long (150+ min),7.1,157,0,27000000,-27000000
581,Dances with Wolves,181.0,Very Long (150+ min),7.6,1046,424208848,22000000,402208848
52449,Bad Teacher,92.0,Standard (90-119 min),5.4,1584,216197492,20000000,196197492
12150,Sea of Love,113.0,Standard (90-119 min),6.7,141,110879513,19000000,91879513
11247,A Cinderella Story,95.0,Standard (90-119 min),6.1,713,70067909,19000000,51067909
4232,Scream,111.0,Standard (90-119 min),7.0,1476,173046663,14000000,159046663
9378,Thir13en Ghosts,91.0,Standard (90-119 min),5.4,440,0,0,0
694,The Shining,144.0,Long (120-149 min),8.1,3757,44017374,19000000,25017374
105,Back to the Future,116.0,Standard (90-119 min),8.0,6079,381109762,19000000,362109762
11377,House on Haunted Hill,93.0,Standard (90-119 min),5.5,209,40846082,19000000,21846082
26367,I Can Do Bad All By Myself,113.0,Standard (90-119 min),6.0,40,0,0,0
385383,Fight Valley,90.0,Standard (90-119 min),3.9,8,0,27000000,-27000000
41210,The Switch,101.0,Standard (90-119 min),5.9,583,49830607,19000000,30830607
12090,Just Married,95.0,Standard (90-119 min),5.3,404,101564935,18000000,83564935
62630,The Devil's Double,109.0,Standard (90-119 min),6.5,208,5728213,19100000,-13371787
16110,Thomas and the Magic Railroad,85.0,Short (<90 min),4.6,8,0,0,0
29427,The Crazies,101.0,Standard (90-119 min),6.2,633,54956140,20000000,34956140
129,Spirited Away,125.0,Long (120-149 min),8.3,3840,274925095,15000000,259925095
244114,Firestorm,110.0,Standard (90-119 min),5.9,43,0,0,0
2669,The Bounty,132.0,Long (120-149 min),6.5,108,8613462,25000000,-16386538
203833,The Book Thief,131.0,Long (120-149 min),7.4,1486,76586316,0,76586316
13523,Sex Drive,109.0,Standard (90-119 min),6.0,342,18755936,19000000,-244064
25195,Leap Year,100.0,Standard (90-119 min),6.4,465,29922472,19000000,10922472
17277,The Fall of the Roman Empire,188.0,Very Long (150+ min),6.0,33,4750000,19000000,-14250000
50725,Take Me Home Tonight,97.0,Standard (90-119 min),6.2,208,6928068,19000000,-12071932
82631,Won't Back Down,121.0,Long (120-149 min),5.8,40,5310554,0,5310554
73191,The Nutcracker,93.0,Standard (90-119 min),5.6,5,2119994,19000000,-16880006
22479,Kansas City,116.0,Standard (90-119 min),6.1,12,0,18000000,-18000000
340611,Indignation,110.0,Standard (90-119 min),6.8,69,0,0,0
10065,The Amityville Horror,90.0,Standard (90-119 min),6.0,588,108047131,19000000,89047131
2757,Adaptation.,114.0,Standard (90-119 min),7.3,638,32801173,19000000,13801173
11683,Land of the Dead,93.0,Standard (90-119 min),6.0,381,46770602,15000000,31770602
244339,Out of Inferno,107.0,Standard (90-119 min),5.8,11,0,0,0
1878,Fear and Loathing in Las Vegas,118.0,Standard (90-119 min),7.2,1301,10680275,18500000,-7819725
23082,The Invention of Lying,100.0,Standard (90-119 min),6.0,518,31912793,18500000,13412793
195589,Neighbors,96.0,Standard (90-119 min),6.2,2713,268157400,18000000,250157400
854,The Mask,101.0,Standard (90-119 min),6.6,2472,351583407,23000000,328583407
2280,Big,104.0,Standard (90-119 min),6.9,993,151668774,18000000,133668774
496,Borat: Cultural Learnings of America for Make Benefit Glorious Nation of Kazakhstan,82.0,Short (<90 min),6.5,1579,261572744,18000000,243572744
8835,Legally Blonde,96.0,Standard (90-119 min),6.1,882,141774679,18000000,123774679
157,Star Trek III: The Search for Spock,105.0,Standard (90-119 min),6.4,434,87000000,18000000,69000000
8643,The Exorcism of Emily Rose,122.0,Long (120-149 min),6.3,659,144216468,19000000,125216468
10402,Deuce Bigalow: Male Gigolo,88.0,Short (<90 min),5.5,308,65535067,17000000,48535067
218043,Left Behind,110.0,Standard (90-119 min),3.7,392,19682924,16000000,3682924
9043,The Family Stone,103.0,Standard (90-119 min),6.2,249,0,0,0
21301,Barbershop 2:  Back in Business,106.0,Standard (90-119 min),5.6,74,65070412,18000000,47070412
10147,Bad Santa,91.0,Standard (90-119 min),6.5,656,76488889,23000000,53488889
816,Austin Powers: International Man of Mystery,94.0,Standard (90-119 min),6.5,1013,67683989,16500000,51183989
302688,My Big Fat Greek Wedding 2,94.0,Standard (90-119 min),5.5,322,88923251,18000000,70923251
60307,Diary of a Wimpy Kid: Rodrick Rules,99.0,Standard (90-119 min),6.3,238,72417394,21000000,51417394
106,Predator,107.0,Standard (90-119 min),7.3,2093,98235548,18000000,80235548
279,Amadeus,160.0,Very Long (150+ min),7.8,1076,51973029,18000000,33973029
8617,Prom Night,88.0,Short (<90 min),4.8,167,14796236,0,14796236
10625,Mean Girls,97.0,Standard (90-119 min),6.9,2320,129042871,17000000,112042871
10934,Under the Tuscan Sun,113.0,Standard (90-119 min),6.4,172,0,0,0
5279,Gosford Park,137.0,Long (120-149 min),6.8,246,87754044,19800000,67954044
10013,Peggy Sue Got Married,103.0,Standard (90-119 min),5.9,136,41382841,18000000,23382841
194662,Birdman,119.0,Standard (90-119 min),7.4,4535,103215094,18000000,85215094
160588,Blue Jasmine,98.0,Standard (90-119 min),7.0,1098,99206215,18000000,81206215
9829,United 93,111.0,Standard (90-119 min),6.9,367,76286096,15000000,61286096
10028,Honey,94.0,Standard (90-119 min),6.0,303,62646763,18000000,44646763
10535,Spy Hard,81.0,Short (<90 min),4.9,147,0,18000000,-18000000
790,The Fog,89.0,Short (<90 min),6.4,311,21378361,1000000,20378361
43959,Soul Surfer,106.0,Standard (90-119 min),6.9,342,47088990,18000000,29088990
10364,Catch-22,121.0,Long (120-149 min),6.7,72,24911670,18000000,6911670
16991,Observe and Report,86.0,Short (<90 min),5.6,225,24007324,0,24007324
9610,Conan the Destroyer,103.0,Standard (90-119 min),5.8,383,100000000,18000000,82000000
1578,Raging Bull,129.0,Long (120-149 min),7.7,938,23000000,18000000,5000000
25643,Love Happens,109.0,Standard (90-119 min),5.6,180,36133014,18000000,18133014
11904,Young Sherlock Holmes,109.0,Standard (90-119 min),6.7,167,0,18000000,-18000000
28665,Fame,107.0,Standard (90-119 min),5.5,135,0,0,0
44115,127 Hours,94.0,Standard (90-119 min),7.0,2606,35692920,18000000,17692920
10569,Small Time Crooks,94.0,Standard (90-119 min),6.4,155,0,0,0
10560,Center Stage,115.0,Standard (90-119 min),6.8,90,17200925,18000000,-799075
333348,Love the Coopers,107.0,Standard (90-119 min),5.4,167,24000000,17000000,7000000
20483,Catch That Kid,92.0,Standard (90-119 min),4.9,76,16702864,18000000,-1297136
11457,Life as a House,125.0,Long (120-149 min),7.2,120,0,18000000,-18000000
321697,Steve Jobs,122.0,Long (120-149 min),6.8,1573,34441873,30000000,4441873
19840,"I Love You, Beth Cooper",102.0,Standard (90-119 min),5.1,197,0,18000000,-18000000
22327,Youth in Revolt,87.0,Short (<90 min),5.9,319,0,18000000,-18000000
38665,The Legend of the Lone Ranger,98.0,Standard (90-119 min),3.7,14,2945600,18000000,-15054400
2575,The Tailor of Panama,109.0,Standard (90-119 min),6.2,92,28008462,21000000,7008462
11644,Blow Out,108.0,Standard (90-119 min),7.3,236,12000000,18000000,-6000000
146227,Getaway,90.0,Standard (90-119 min),4.9,246,10501938,18000000,-7498062
68924,The Ice Storm,112.0,Standard (90-119 min),6.9,176,8038061,18000000,-9961939
253235,And So It Goes,94.0,Standard (90-119 min),5.7,164,25312387,18000000,7312387
22102,Troop Beverly Hills,105.0,Standard (90-119 min),5.6,56,0,0,0
18701,Being Julia,104.0,Standard (90-119 min),6.4,23,0,0,0
10068,Nine 1/2 Weeks,117.0,Standard (90-119 min),5.8,177,6735922,17000000,-10264078
848,Dragonslayer,108.0,Standard (90-119 min),6.5,67,14110013,18000000,-3889987
36811,The Last Station,112.0,Standard (90-119 min),6.7,55,0,0,0
522,Ed Wood,127.0,Long (120-149 min),7.3,630,5887457,18000000,-12112543
130150,Labor Day,111.0,Standard (90-119 min),6.7,299,20275812,18000000,2275812
12246,Mongol: The Rise of Genghis Khan,120.0,Long (120-149 min),6.5,158,26527510,18000000,8527510
13809,RockNRolla,114.0,Standard (90-119 min),6.9,836,25739015,18000000,7739015
27380,Megaforce,99.0,Standard (90-119 min),3.5,15,0,0,0
10549,Hamlet,242.0,Very Long (150+ min),7.3,117,0,0,0
33870,Mao's Last Dancer,117.0,Standard (90-119 min),6.8,28,20719451,25000000,-4280549
245703,Midnight Special,112.0,Standard (90-119 min),6.2,694,6212282,18000000,-11787718
10739,Anything Else,108.0,Standard (90-119 min),6.2,149,0,0,0
127560,The Railway Man,116.0,Standard (90-119 min),6.7,273,22309223,18000000,4309223
37903,The White Ribbon,144.0,Long (120-149 min),7.2,255,0,15238800,-15238800
396152,Restoration,90.0,Standard (90-119 min),5.3,11,0,0,0
10017,The Wraith,93.0,Standard (90-119 min),5.9,108,3500000,2700000,800000
11468,Salton Sea,103.0,Standard (90-119 min),7.0,104,676698,18000000,-17323302
193613,Metallica: Through the Never,93.0,Standard (90-119 min),6.7,83,7972967,18000000,-10027033
17436,The Informers,98.0,Standard (90-119 min),4.4,60,382174,18000000,-17617826
43434,Carlos,338.0,Very Long (150+ min),6.7,50,871279,18000000,-17128721
31166,I Come with the Rain,114.0,Standard (90-119 min),5.6,20,0,18000000,-18000000
69848,One Man's Hero,121.0,Long (120-149 min),9.3,2,0,0,0
8408,Day of the Dead,96.0,Standard (90-119 min),6.9,270,34000000,3500000,30500000
332411,I Am Wrath,92.0,Standard (90-119 min),4.5,179,0,18000000,-18000000
9389,Renaissance,105.0,Standard (90-119 min),6.7,77,1831348,18000000,-16168652
9626,Red Sonja,89.0,Short (<90 min),5.0,206,6948633,17900000,-10951367
75638,Red Lights,119.0,Standard (90-119 min),6.0,376,13551174,14000000,-448826
8363,Superbad,113.0,Standard (90-119 min),7.0,2100,121463226,20000000,101463226
15670,Madea Goes to Jail,103.0,Standard (90-119 min),6.4,52,90508336,0,90508336
290555,Wolves,90.0,Standard (90-119 min),5.7,82,0,18000000,-18000000
8328,Step Up 2: The Streets,98.0,Standard (90-119 min),6.5,640,150816700,23000000,127816700
10982,Hoodwinked!,80.0,Short (<90 min),5.9,479,51053787,15000000,36053787
205,Hotel Rwanda,121.0,Long (120-149 min),7.5,793,38000000,17500000,20500000
1620,Hitman,89.0,Short (<90 min),5.9,966,99965753,24000000,75965753
175541,Black Nativity,93.0,Standard (90-119 min),5.8,16,7018189,17500000,-10481811
241254,The Prince,93.0,Standard (90-119 min),4.6,218,266586800,18000000,248586800
31932,City of Ghosts,116.0,Standard (90-119 min),5.4,18,0,0,0
1933,The Others,101.0,Standard (90-119 min),7.4,1660,0,0,0
679,Aliens,137.0,Long (120-149 min),7.7,3220,183316455,18500000,164816455
11113,My Fair Lady,170.0,Very Long (150+ min),7.4,352,72070731,17000000,55070731
3597,I Know What You Did Last Summer,100.0,Standard (90-119 min),5.6,687,125586134,17000000,108586134
193893,Let's Be Cops,104.0,Standard (90-119 min),6.4,1219,136621271,17000000,119621271
9675,Sideways,126.0,Long (120-149 min),6.9,478,109502303,16000000,93502303
9988,Beerfest,110.0,Standard (90-119 min),5.8,172,19179969,17500000,1679969
948,Halloween,91.0,Standard (90-119 min),7.4,1035,70000000,300000,69700000
21765,Good Boy!,87.0,Short (<90 min),4.7,30,0,17000000,-17000000
146304,The Best Man Holiday,123.0,Long (120-149 min),6.7,110,71625195,17000000,54625195
7516,Smokin' Aces,109.0,Standard (90-119 min),6.4,534,57103895,17000000,40103895
41439,Saw: The Final Chapter,90.0,Standard (90-119 min),5.8,730,136150434,20000000,116150434
2752,40 Days and 40 Nights,94.0,Standard (90-119 min),5.2,297,0,17000000,-17000000
9429,A Night at the Roxbury,81.0,Short (<90 min),5.9,198,30331165,17000000,13331165
38117,Beastly,86.0,Short (<90 min),6.0,849,43165571,17000000,26165571
9792,The Hills Have Eyes,107.0,Standard (90-119 min),6.1,705,69623713,15000000,54623713
13778,Dickie Roberts: Former Child Star,98.0,Standard (90-119 min),5.1,64,0,0,0
228203,"McFarland, USA",128.0,Long (120-149 min),7.4,213,45710059,0,45710059
41382,Lottery Ticket,99.0,Standard (90-119 min),5.6,54,0,0,0
13960,ATL,105.0,Standard (90-119 min),6.0,32,21170563,20000000,1170563
114150,Pitch Perfect,112.0,Standard (90-119 min),7.3,2247,115350426,17000000,98350426
26602,Summer Catch,108.0,Standard (90-119 min),4.8,63,19693891,34000000,-14306109
10223,A Simple Plan,121.0,Long (120-149 min),6.9,187,0,0,0
16028,They,89.0,Short (<90 min),4.6,74,0,17000000,-17000000
15639,Larry the Cable Guy: Health Inspector,89.0,Short (<90 min),3.3,17,0,0,0
16112,The Adventures of Elmo in Grouchland,73.0,Short (<90 min),6.3,14,0,0,0
26390,Brooklyn's Finest,133.0,Long (120-149 min),6.2,293,29536299,17000000,12536299
27759,55 Days at Peking,154.0,Very Long (150+ min),6.3,36,10000000,17000000,-7000000
109428,Evil Dead,91.0,Standard (90-119 min),6.4,1723,97542952,17000000,80542952
23049,My Life in Ruins,95.0,Standard (90-119 min),5.6,101,20455276,17000000,3455276
9310,American Dreamz,107.0,Standard (90-119 min),4.9,95,7314027,17000000,-9685973
11411,Superman IV: The Quest for Peace,90.0,Standard (90-119 min),4.1,318,19300000,17000000,2300000
16988,How She Move,94.0,Standard (90-119 min),3.0,6,0,0,0
7304,Running Scared,122.0,Long (120-149 min),7.0,331,9500000,17000000,-7500000
24747,Bobby Jones: Stroke of Genius,120.0,Long (120-149 min),5.5,19,0,0,0
58048,Shanghai Surprise,97.0,Standard (90-119 min),2.9,15,0,17000000,-17000000
1491,The Illusionist,110.0,Standard (90-119 min),7.1,1615,86915017,40000000,46915017
2989,Roar,102.0,Standard (90-119 min),5.6,19,2000000,17000000,-15000000
10629,Veronica Guerin,98.0,Standard (90-119 min),6.8,59,1569918,17000000,-15430082
255343,Escobar: Paradise Lost,120.0,Long (120-149 min),6.1,271,3758328,17000000,-13241672
4723,Southland Tales,144.0,Long (120-149 min),5.2,153,374743,17000000,-16625257
10800,Dragon Hunters,80.0,Short (<90 min),6.5,129,0,15000000,-15000000
25763,Damnation Alley,91.0,Standard (90-119 min),5.0,27,8720000,17000000,-8280000
79694,The Apparition,82.0,Short (<90 min),4.5,140,9627492,17000000,-7372508
4032,My Girl,102.0,Standard (90-119 min),7.0,428,0,16500000,-16500000
18615,Fur: An Imaginary Portrait of Diane Arbus,122.0,Long (120-149 min),5.8,73,2281089,16800000,-14518911
10673,Wall Street,126.0,Long (120-149 min),7.0,546,43848069,15000000,28848069
4584,Sense and Sensibility,136.0,Long (120-149 min),7.2,352,135000000,16500000,118500000
2977,Becoming Jane,120.0,Long (120-149 min),6.9,317,37311672,16500000,20811672
10760,Sydney White,108.0,Standard (90-119 min),6.0,236,13620075,16500000,-2879925
11093,House of Sand and Fog,126.0,Long (120-149 min),7.0,199,16942795,16500000,442795
207,Dead Poets Society,129.0,Long (120-149 min),8.1,2705,235860116,16400000,219460116
8467,Dumb and Dumber,107.0,Standard (90-119 min),6.5,1859,247275374,16000000,231275374
639,When Harry Met Sally...,96.0,Standard (90-119 min),7.3,950,92823546,16000000,76823546
24226,The Verdict,129.0,Long (120-149 min),7.4,131,53977250,16000000,37977250
9285,Road Trip,93.0,Standard (90-119 min),5.9,542,119754278,16000000,103754278
14709,Varsity Blues,106.0,Standard (90-119 min),6.0,122,0,0,0
74643,The Artist,100.0,Standard (90-119 min),7.3,1049,133432856,15000000,118432856
13788,The Unborn,87.0,Short (<90 min),4.8,365,76514050,16000000,60514050
83666,Moonrise Kingdom,94.0,Standard (90-119 min),7.6,1662,68263166,16000000,52263166
10781,The Texas Chainsaw Massacre: The Beginning,91.0,Standard (90-119 min),5.9,402,0,16000000,-16000000
318850,The Young Messiah,120.0,Long (120-149 min),6.4,30,6490401,18500000,-12009599
13908,The Master of Disguise,80.0,Short (<90 min),3.7,78,0,0,0
1417,Pan's Labyrinth,118.0,Standard (90-119 min),7.6,3041,83258226,19000000,64258226
39180,See Spot Run,94.0,Standard (90-119 min),4.8,44,0,0,0
16161,Baby Boy,130.0,Long (120-149 min),7.4,55,29381649,16000000,13381649
49950,The Roommate,91.0,Standard (90-119 min),5.3,224,40492759,16000000,24492759
10956,Joe Dirt,91.0,Standard (90-119 min),5.5,242,30987695,17700000,13287695
9594,Double Impact,110.0,Standard (90-119 min),5.3,215,30102717,15000000,15102717
4638,Hot Fuzz,121.0,Long (120-149 min),7.4,2199,80573774,12000000,68573774
13972,The Women,114.0,Standard (90-119 min),4.6,96,50007546,16000000,34007546
5038,Vicky Cristina Barcelona,96.0,Standard (90-119 min),6.7,1020,96408652,15000000,81408652
13491,Arn: The Knight Templar,139.0,Long (120-149 min),6.4,76,0,25000000,-25000000
10571,Boys and Girls,94.0,Standard (90-119 min),5.4,103,20627372,16000000,4627372
10994,White Oleander,109.0,Standard (90-119 min),7.2,108,0,0,0
19994,Jennifer's Body,100.0,Standard (90-119 min),5.3,837,31556061,16000000,15556061
25166,Drowning Mona,96.0,Standard (90-119 min),5.4,43,15427192,16000000,-572808
30890,Radio Days,90.0,Standard (90-119 min),7.0,127,0,16000000,-16000000
23169,Remember Me,113.0,Standard (90-119 min),6.9,948,0,20000000,-20000000
17403,How to Deal,99.0,Standard (90-119 min),5.7,42,0,0,0
12120,My Stepmother is an Alien,108.0,Standard (90-119 min),5.3,131,13854000,20000000,-6146000
9800,Philadelphia,125.0,Long (120-149 min),7.6,988,206678440,26000000,180678440
1090,The Thirteenth Floor,100.0,Standard (90-119 min),6.8,378,18564088,16000000,2564088
18475,The Cookout,97.0,Standard (90-119 min),4.6,10,12,16000000,-15999988
40160,Meteor,107.0,Standard (90-119 min),5.1,36,0,0,0
18074,Duets,112.0,Standard (90-119 min),5.5,34,0,0,0
9689,Hollywood Ending,112.0,Standard (90-119 min),6.4,113,0,16000000,-16000000
9781,Detroit Rock City,95.0,Standard (90-119 min),6.7,100,4217115,6500000,-2282885
8009,Highlander,116.0,Standard (90-119 min),6.8,624,5900000,16000000,-10100000
3877,Things We Lost in the Fire,113.0,Standard (90-119 min),6.7,90,2849142,16000000,-13150858
8854,Steel,97.0,Standard (90-119 min),4.3,48,1686429,16000000,-14313571
152599,The Immigrant,117.0,Standard (90-119 min),6.2,250,5867686,16000000,-10132314
18840,The White Countess,135.0,Long (120-149 min),6.9,21,0,0,0
68727,Trance,101.0,Standard (90-119 min),6.5,956,24261569,20000000,4261569
12657,Soul Plane,86.0,Short (<90 min),4.7,108,14822346,16000000,-1177654
8265,Welcome to the Sticks,106.0,Standard (90-119 min),6.8,615,53191886,11000000,42191886
12410,Good,96.0,Standard (90-119 min),6.3,29,0,0,0
34647,Enter the Void,161.0,Very Long (150+ min),7.2,387,754249,13000000,-12245751
73935,Vamps,93.0,Standard (90-119 min),4.8,91,0,16000000,-16000000
28178,Hachi: A Dog's Tale,93.0,Standard (90-119 min),7.7,1717,47801389,16000000,31801389
185567,Zulu,110.0,Standard (90-119 min),6.7,172,0,16000000,-16000000
264656,The Homesman,122.0,Long (120-149 min),6.4,258,3442853,16000000,-12557147
35696,Juwanna Mann,91.0,Standard (90-119 min),4.2,20,0,15600000,-15600000
16351,Ararat,115.0,Standard (90-119 min),5.7,16,0,0,0
38717,Madison,99.0,Standard (90-119 min),5.3,3,0,0,0
18777,Slow Burn,93.0,Standard (90-119 min),5.5,16,1237615,15500000,-14262385
2110,Wasabi,94.0,Standard (90-119 min),6.2,283,0,15300000,-15300000
9035,Slither,95.0,Standard (90-119 min),6.3,317,0,15500000,-15500000
90,Beverly Hills Cop,105.0,Standard (90-119 min),6.8,961,316360478,15000000,301360478
771,Home Alone,103.0,Standard (90-119 min),7.1,2414,476684675,18000000,458684675
12154,Three Men and a Baby,102.0,Standard (90-119 min),5.8,253,0,0,0
9576,Tootsie,116.0,Standard (90-119 min),6.9,421,177200000,21000000,156200000
744,Top Gun,110.0,Standard (90-119 min),6.7,1698,356830601,15000000,341830601
146,"Crouching Tiger, Hidden Dragon",120.0,Long (120-149 min),7.2,927,213525736,17000000,196525736
14,American Beauty,122.0,Long (120-149 min),7.9,3313,356296601,15000000,341296601
45269,The King's Speech,118.0,Standard (90-119 min),7.6,2752,414211549,15000000,399211549
9493,Twins,107.0,Standard (90-119 min),5.7,559,216614388,15000000,201614388
22556,The Yellow Handkerchief,102.0,Standard (90-119 min),6.4,52,317000,15000000,-14683000
873,The Color Purple,154.0,Very Long (150+ min),7.7,338,146292009,15000000,131292009
33196,Tidal Wave,120.0,Long (120-149 min),6.5,48,11301649,16000000,-4698351
205596,The Imitation Game,113.0,Standard (90-119 min),8.0,5723,233555708,14000000,219555708
10765,Private Benjamin,109.0,Standard (90-119 min),6.0,102,0,0,0
16769,Coal Miner's Daughter,125.0,Long (120-149 min),7.2,67,67182787,15000000,52182787
33217,Diary of a Wimpy Kid,92.0,Standard (90-119 min),5.9,355,75700498,15000000,60700498
132232,Mama,100.0,Standard (90-119 min),6.0,1401,146497771,15000000,131497771
11153,National Lampoon's Vacation,98.0,Standard (90-119 min),7.1,410,61399552,15000000,46399552
208134,Bad Grandpa,92.0,Standard (90-119 min),6.0,680,151831537,15000000,136831537
1165,The Queen,103.0,Standard (90-119 min),6.8,338,123384128,15000000,108384128
4011,Beetlejuice,92.0,Standard (90-119 min),7.1,1444,73326666,15000000,58326666
17202,Why Did I Get Married?,113.0,Standard (90-119 min),6.1,33,55184721,15000000,40184721
9587,Little Women,115.0,Standard (90-119 min),7.0,215,0,18000000,-18000000
65086,The Woman in Black,95.0,Standard (90-119 min),6.1,1206,127730736,17000000,110730736
10053,When a Stranger Calls,87.0,Short (<90 min),5.4,268,66966987,15000000,51966987
11870,Big Fat Liar,88.0,Short (<90 min),5.6,197,52970014,15000000,37970014
11778,The Deer Hunter,183.0,Very Long (150+ min),7.8,921,50000000,15000000,35000000
586,Wag the Dog,97.0,Standard (90-119 min),6.7,270,64256513,15000000,49256513
18736,The Lizzie McGuire Movie,94.0,Standard (90-119 min),5.7,280,55534455,17000000,38534455
134411,Snitch,112.0,Standard (90-119 min),5.8,1138,42930462,35000000,7930462
287903,Krampus,98.0,Standard (90-119 min),5.9,584,61548707,15000000,46548707
9276,The Faculty,104.0,Standard (90-119 min),6.2,492,40283321,15000000,25283321
15765,What's Love Got to Do with It,118.0,Standard (90-119 min),6.9,72,0,0,0
2142,Cop Land,104.0,Standard (90-119 min),6.6,382,44862187,15000000,29862187
11397,Not Another Teen Movie,89.0,Short (<90 min),5.5,431,66468332,16000000,50468332
77016,End of Watch,109.0,Standard (90-119 min),7.2,1170,48126384,7000000,41126384
11478,The Skulls,106.0,Standard (90-119 min),5.8,156,35007180,15000000,20007180
266856,The Theory of Everything,123.0,Long (120-149 min),7.8,3311,123726688,15000000,108726688
13411,Malibu's Most Wanted,86.0,Short (<90 min),4.7,77,0,0,0
10564,Where the Heart Is,120.0,Long (120-149 min),6.9,155,33771174,15000000,18771174
947,Lawrence of Arabia,216.0,Very Long (150+ min),7.8,851,69995385,15000000,54995385
24150,Halloween II,105.0,Standard (90-119 min),5.1,267,39421467,15000000,24421467
228970,Wild,115.0,Standard (90-119 min),7.0,951,52501541,15000000,37501541
18405,The Last House on the Left,110.0,Standard (90-119 min),6.2,440,32721635,15000000,17721635
6961,The Wedding Date,88.0,Short (<90 min),6.2,230,47175038,15000000,32175038
11442,Halloween: Resurrection,94.0,Standard (90-119 min),4.5,228,37664855,13000000,24664855
2493,The Princess Bride,98.0,Standard (90-119 min),7.6,1486,30857814,16000000,14857814
14047,The Great Debaters,126.0,Long (120-149 min),6.9,151,30226144,15000000,15226144
64690,Drive,100.0,Standard (90-119 min),7.4,3725,78054825,15000000,63054825
11132,Confessions of a Teenage Drama Queen,89.0,Short (<90 min),5.1,221,29331068,15000000,14331068
17127,The Object of My Affection,111.0,Standard (90-119 min),5.6,72,46905889,15000000,31905889
1562,28 Weeks Later,100.0,Standard (90-119 min),6.5,1197,64238440,15000000,49238440
232679,When the Game Stands Tall,115.0,Standard (90-119 min),6.3,130,30127963,15000000,15127963
17880,Because of Winn-Dixie,106.0,Standard (90-119 min),6.1,61,32645546,14000000,18645546
14736,Love & Basketball,124.0,Long (120-149 min),7.4,88,27728118,20000000,7728118
9434,Grosse Pointe Blank,107.0,Standard (90-119 min),6.9,275,28084357,0,28084357
23706,All About Steve,99.0,Standard (90-119 min),4.7,295,40105542,15000000,25105542
11531,Book of Shadows: Blair Witch 2,90.0,Standard (90-119 min),4.3,212,0,0,0
9100,The Craft,101.0,Standard (90-119 min),6.3,380,24769466,15000000,9769466
116,Match Point,124.0,Long (120-149 min),7.3,1105,85306374,15000000,70306374
38843,Ramona and Beezus,103.0,Standard (90-119 min),6.1,245,0,0,0
1245,The Remains of the Day,134.0,Long (120-149 min),7.5,202,23237911,11500000,11737911
4995,Boogie Nights,155.0,Very Long (150+ min),7.5,796,43101594,15000000,28101594
10413,Nowhere to Run,94.0,Standard (90-119 min),5.5,119,0,0,0
14012,Flicka,95.0,Standard (90-119 min),6.1,52,21000000,15000000,6000000
9793,The Hills Have Eyes 2,89.0,Short (<90 min),5.2,351,0,15000000,-15000000
12212,Urban Legends: Final Cut,97.0,Standard (90-119 min),4.4,100,38574362,14000000,24574362
13768,Tuck Everlasting,90.0,Standard (90-119 min),6.4,128,0,0,0
8975,The Marine,92.0,Standard (90-119 min),5.0,163,22165608,20000000,2165608
342521,Keanu,94.0,Standard (90-119 min),6.0,421,20566327,15000000,5566327
45272,Country Strong,117.0,Standard (90-119 min),5.9,80,20529194,15000000,5529194
9424,Disturbing Behavior,84.0,Short (<90 min),5.5,104,17507368,15000000,2507368
97367,The Place Beyond the Pines,140.0,Long (120-149 min),6.8,1653,35485608,15000000,20485608
254904,The November Man,108.0,Standard (90-119 min),6.0,639,32556119,15000000,17556119
18681,Eye of the Beholder,109.0,Standard (90-119 min),5.3,42,0,15000000,-15000000
12162,The Hurt Locker,131.0,Long (120-149 min),7.2,1840,42000000,15000000,27000000
11495,Firestarter,114.0,Standard (90-119 min),5.9,173,17080167,15000000,2080167
64689,Killing Them Softly,97.0,Standard (90-119 min),5.8,742,37930465,15000000,22930465
157849,A Most Wanted Man,121.0,Long (120-149 min),6.5,541,31554855,15000000,16554855
13166,Freddy Got Fingered,87.0,Short (<90 min),4.6,115,0,0,0
15511,VeggieTales: The Pirates Who Don't Do Anything,85.0,Short (<90 min),5.9,25,0,0,0
37003,U2 3D,85.0,Short (<90 min),6.7,10,22730842,15000000,7730842
12211,Highlander: Endgame,87.0,Short (<90 min),4.4,104,15843608,25000000,-9156392
13816,Idlewild,121.0,Long (120-149 min),5.1,17,0,0,0
51828,One Day,107.0,Standard (90-119 min),7.0,978,59389433,15000000,44389433
22798,Whip It,111.0,Standard (90-119 min),6.7,357,16633035,15000000,1633035
7501,Knockaround Guys,92.0,Standard (90-119 min),5.9,97,12000000,15000000,-3000000
10743,Confidence,97.0,Standard (90-119 min),6.4,126,0,0,0
37718,The Muse,97.0,Standard (90-119 min),5.3,31,0,0,0
15237,De-Lovely,125.0,Long (120-149 min),6.3,32,0,20000000,-20000000
9686,New York Stories,124.0,Long (120-149 min),6.2,64,0,15000000,-15000000
17644,Barney's Great Adventure,76.0,Short (<90 min),2.9,8,0,0,0
97430,The Man with the Iron Fists,96.0,Standard (90-119 min),5.2,358,15608545,15000000,608545
12257,Home Fries,93.0,Standard (90-119 min),4.8,32,10443316,15000000,-4556684
13539,Here On Earth,96.0,Standard (90-119 min),5.4,48,0,0,0
68,Brazil,132.0,Long (120-149 min),7.5,861,0,15000000,-15000000
14024,Raise Your Voice,103.0,Standard (90-119 min),6.0,211,14867514,15000000,-132486
115,The Big Lebowski,117.0,Standard (90-119 min),7.8,2926,46189568,15000000,31189568
7874,Black Snake Moan,116.0,Standard (90-119 min),6.6,243,10903846,15000000,-4096154
4911,Dark Blue,118.0,Standard (90-119 min),6.5,85,9237470,15000000,-5762530
1988,A Mighty Heart,100.0,Standard (90-119 min),6.7,95,18928871,16000000,2928871
16222,Whatever It Takes,94.0,Standard (90-119 min),5.0,37,9902115,15000000,-5097885
9557,Boat Trip,94.0,Standard (90-119 min),4.7,146,8586376,20000000,-11413624
9026,The Importance of Being Earnest,97.0,Standard (90-119 min),6.7,127,0,0,0
57943,The Love Letter,98.0,Standard (90-119 min),4.7,3,0,0,0
18276,Hoot,91.0,Standard (90-119 min),5.5,44,0,0,0
8321,In Bruges,107.0,Standard (90-119 min),7.4,1388,34533783,15000000,19533783
72359,Peeples,95.0,Standard (90-119 min),5.6,26,0,15,-15
10186,The Rocker,102.0,Standard (90-119 min),5.6,156,8762890,15000000,-6237110
25704,Post Grad,89.0,Short (<90 min),5.0,100,6405245,15000000,-8594755
133694,Promised Land,106.0,Standard (90-119 min),6.0,243,8138788,15000000,-6861212
19265,Whatever Works,92.0,Standard (90-119 min),6.8,350,35097815,15000000,20097815
36047,The In Crowd,105.0,Standard (90-119 min),4.7,15,5217498,15000000,-9782502
8053,The Three Burials of Melquiades Estrada,121.0,Long (120-149 min),7.0,177,12036149,15000000,-2963851
2290,Jakob the Liar,120.0,Long (120-149 min),6.0,90,0,0,0
5236,Kiss Kiss Bang Bang,103.0,Standard (90-119 min),7.2,886,15785148,15000000,785148
6552,Idle Hands,92.0,Standard (90-119 min),6.1,182,4152230,25000000,-20847770
1018,Mulholland Drive,147.0,Long (120-149 min),7.6,1477,20117339,15000000,5117339
10075,Blood and Chocolate,98.0,Standard (90-119 min),5.4,87,0,0,0
38031,You Will Meet a Tall Dark Stranger,98.0,Standard (90-119 min),5.8,251,0,22000000,-22000000
42188,Never Let Me Go,104.0,Standard (90-119 min),6.8,737,9455232,15000000,-5544768
112430,The Company,276.0,Very Long (150+ min),7.0,12,0,0,0
6687,Transsiberian,111.0,Standard (90-119 min),6.5,195,5926410,15000000,-9073590
13853,The Clan of the Cave Bear,98.0,Standard (90-119 min),4.8,27,0,15000000,-15000000
31306,Crazy in Alabama,111.0,Standard (90-119 min),6.5,12,0,0,0
8461,Funny Games,112.0,Standard (90-119 min),6.3,545,7938872,15000000,-7061128
331592,Listening,100.0,Standard (90-119 min),5.5,31,0,0,0
47692,Felicia's Journey,116.0,Standard (90-119 min),6.6,23,0,0,0
19,Metropolis,153.0,Very Long (150+ min),8.0,657,650422,92620000,-91969578
10045,District B13,84.0,Short (<90 min),6.5,565,9584131,12000000,-2415869
400,Things to Do in Denver When You're Dead,116.0,Standard (90-119 min),6.7,85,529766,8000000,-7470234
253450,The Assassin,105.0,Standard (90-119 min),6.6,157,632542,15000000,-14367458
9104,Buffalo Soldiers,98.0,Standard (90-119 min),6.5,93,0,15000000,-15000000
11190,The Return,105.0,Standard (90-119 min),7.4,100,0,0,0
16353,Ong Bak 2,98.0,Standard (90-119 min),6.0,152,8936663,8500000,436663
23759,Centurion,97.0,Standard (90-119 min),5.9,386,6814789,12000000,-5185211
24206,Silent Trigger,93.0,Standard (90-119 min),5.0,22,76382,15000000,-14923618
10185,The Midnight Meat Train,98.0,Standard (90-119 min),6.0,290,3533227,15000000,-11466773
75033,Winnie Mandela,107.0,Standard (90-119 min),5.2,5,0,15000000,-15000000
74536,The Son of No One,90.0,Standard (90-119 min),4.8,92,0,15000000,-15000000
31668,All The Queen's Men,99.0,Standard (90-119 min),6.1,7,23000,15000000,-14977000
13501,The Good Night,93.0,Standard (90-119 min),5.7,41,20380,15000000,-14979620
15208,Bathory: Countess of Blood,141.0,Long (120-149 min),5.6,31,0,0,0
172391,Khumba,85.0,Short (<90 min),5.8,72,27187375,20000000,7187375
262543,Automata,110.0,Standard (90-119 min),5.6,670,0,7000000,-7000000
9288,Dungeons & Dragons: Wrath of the Dragon God,105.0,Standard (90-119 min),4.8,36,0,0,0
20083,Shinjuku Incident,119.0,Standard (90-119 min),6.7,65,0,15000000,-15000000
40880,Pandaemonium,124.0,Long (120-149 min),4.5,2,0,0,0
137,Groundhog Day,101.0,Standard (90-119 min),7.4,2301,70906973,14600000,56306973
264999,Magic Mike XXL,115.0,Standard (90-119 min),6.3,706,122513057,14800000,107713057
454,Romeo + Juliet,120.0,Long (120-149 min),6.7,1374,147298761,14500000,132798761
53457,Sarah's Key,111.0,Standard (90-119 min),7.2,196,17511906,10000000,7511906
288980,Freedom,98.0,Standard (90-119 min),5.8,9,0,14500000,-14500000
33,Unforgiven,131.0,Long (120-149 min),7.7,1113,159157447,14000000,145157447
1951,Manderlay,139.0,Long (120-149 min),6.9,78,674918,14200000,-13525082
12405,Slumdog Millionaire,120.0,Long (120-149 min),7.6,2827,377910544,15000000,362910544
10998,Fatal Attraction,119.0,Standard (90-119 min),6.6,291,320145693,14000000,306145693
114,Pretty Woman,119.0,Standard (90-119 min),7.0,1746,463000000,14000000,449000000
9396,Crocodile Dundee II,110.0,Standard (90-119 min),5.5,303,239606210,0,239606210
319910,Broken Horses,101.0,Standard (90-119 min),5.0,10,0,0,0
2604,Born on the Fourth of July,145.0,Long (120-149 min),6.7,395,161001698,14000000,147001698
864,Cool Runnings,98.0,Standard (90-119 min),6.8,491,154864401,14000000,140864401
14435,My Bloody Valentine,101.0,Standard (90-119 min),5.3,299,100734718,15000000,85734718
1931,Stomp the Yard,114.0,Standard (90-119 min),6.1,88,75511123,13000000,62511123
691,The Spy Who Loved Me,125.0,Long (120-149 min),6.6,507,185438673,14000000,171438673
9877,Urban Legend,99.0,Standard (90-119 min),5.6,290,72527595,14000000,58527595
62008,Good Deeds,111.0,Standard (90-119 min),6.2,45,0,0,0
12227,White Fang,107.0,Standard (90-119 min),6.5,135,34793160,14000000,20793160
13824,Superstar,81.0,Short (<90 min),5.1,83,0,0,0
71688,The Iron Lady,105.0,Standard (90-119 min),6.2,527,114956699,13000000,101956699
15173,Jonah: A VeggieTales Movie,82.0,Short (<90 min),6.4,22,0,0,0
8291,Poetic Justice,109.0,Standard (90-119 min),6.9,47,27515786,14000000,13515786
13950,All About the Benjamins,95.0,Standard (90-119 min),5.8,48,25482931,14000000,11482931
12158,Vampire in Brooklyn,100.0,Standard (90-119 min),4.5,111,19800000,14000000,5800000
11586,Exorcist II: The Heretic,118.0,Standard (90-119 min),4.5,133,30749142,14000000,16749142
10008,An American Haunting,83.0,Short (<90 min),5.3,142,0,0,0
2830,My Boss's Daughter,83.0,Short (<90 min),4.4,180,0,14000000,-14000000
12403,A Perfect Getaway,98.0,Standard (90-119 min),6.2,351,22852638,14000000,8852638
34563,Our Family Wedding,103.0,Standard (90-119 min),5.7,39,21409028,14000000,7409028
14557,Dead Man on Campus,96.0,Standard (90-119 min),5.6,49,0,0,0
10368,Tea with Mussolini,117.0,Standard (90-119 min),5.8,32,21001563,12000000,9001563
10280,Thinner,92.0,Standard (90-119 min),5.5,124,0,0,0
12637,"New York, New York",155.0,Very Long (150+ min),6.1,67,0,0,0
34152,Crooklyn,115.0,Standard (90-119 min),6.7,31,0,0,0
14434,I Think I Love My Wife,90.0,Standard (90-119 min),5.0,55,13196245,11000000,2196245
11470,Jason X,91.0,Standard (90-119 min),4.5,291,16951798,11000000,5951798
10741,Bobby,120.0,Long (120-149 min),6.4,119,0,0,0
24940,Head Over Heels,86.0,Short (<90 min),5.3,73,10424470,14000000,-3575530
82679,Fun Size,87.0,Short (<90 min),5.5,134,11417362,14000000,-2582638
2013,The Diving Bell and the Butterfly,112.0,Standard (90-119 min),7.4,283,19777647,14000000,5777647
1440,Little Children,136.0,Long (120-149 min),6.9,240,14821658,26000000,-11178342
18041,Gossip,90.0,Standard (90-119 min),5.5,68,5108820,14000000,-8891180
28029,A Walk on the Moon,107.0,Standard (90-119 min),6.2,21,0,14000000,-14000000
1123,Catch a Fire,101.0,Standard (90-119 min),6.4,25,4291965,0,4291965
14033,Soul Survivors,84.0,Short (<90 min),4.4,49,0,0,0
87729,Jefferson in Paris,139.0,Long (120-149 min),5.2,10,2474000,14000000,-11526000
16899,Easy Virtue,93.0,Standard (90-119 min),6.3,108,0,0,0
41317,Caravans,127.0,Long (120-149 min),5.8,1,0,0,0
245700,Mr. Turner,150.0,Very Long (150+ min),6.3,204,5405500,0,5405500
37842,Wild Grass,104.0,Standard (90-119 min),5.8,22,0,0,0
9045,Amen.,132.0,Long (120-149 min),7.1,75,0,0,0
44092,Reign of Assassins,117.0,Standard (90-119 min),6.7,57,0,12000000,-12000000
16005,The Lucky Ones,113.0,Standard (90-119 min),6.3,55,0,0,0
44754,Margaret,149.0,Long (120-149 min),6.1,86,46495,14000000,-13953505
23988,Stan Helsing,90.0,Standard (90-119 min),4.0,97,0,108,-108
43949,Flipped,89.0,Short (<90 min),7.4,418,1755212,14000000,-12244788
142,Brokeback Mountain,134.0,Long (120-149 min),7.5,1480,178043761,14000000,164043761
9603,Clueless,97.0,Standard (90-119 min),6.9,803,0,12000000,-12000000
10712,Far from Heaven,107.0,Standard (90-119 min),6.9,144,29027914,13500000,15527914
243938,Hot Tub Time Machine 2,93.0,Standard (90-119 min),5.0,354,12314651,14000000,-1685349
10876,Quills,124.0,Long (120-149 min),6.8,128,7060876,13500000,-6439124
86838,Seven Psychopaths,110.0,Standard (90-119 min),6.7,1206,19422261,15000000,4422261
25208,The Caveman's Valentine,105.0,Standard (90-119 min),6.0,27,0,0,0
613,Downfall,156.0,Very Long (150+ min),7.7,1037,92180910,18339750,73841160
1913,The Sea Inside,125.0,Long (120-149 min),7.2,219,38535221,12806000,25729221
97370,Under the Skin,108.0,Standard (90-119 min),6.0,1102,5380251,13300000,-7919749
801,"Good Morning, Vietnam",121.0,Long (120-149 min),7.1,642,123922370,13000000,110922370
70829,The Last Godfather,100.0,Standard (90-119 min),4.7,7,16700000,13400000,3300000
54518,Justin Bieber: Never Say Never,105.0,Standard (90-119 min),4.8,154,98441954,13000000,85441954
44214,Black Swan,108.0,Standard (90-119 min),7.3,4430,327803731,13000000,314803731
240,The Godfather: Part II,200.0,Very Long (150+ min),8.3,3338,47542841,13000000,34542841
9816,Save the Last Dance,112.0,Standard (90-119 min),6.3,352,91038276,13000000,78038276
10131,A Nightmare on Elm Street 4: The Dream Master,99.0,Standard (90-119 min),5.8,281,72500000,7000000,65500000
339984,Miracles from Heaven,117.0,Standard (90-119 min),6.7,186,77000000,16000000,61000000
8859,"Dude, Where’s My Car?",83.0,Short (<90 min),5.2,509,73180723,13000000,60180723
11967,Young Guns,107.0,Standard (90-119 min),6.6,258,44726644,13000000,31726644
239563,St. Vincent,102.0,Standard (90-119 min),7.1,763,54837234,13000000,41837234
222899,About Last Night,100.0,Standard (90-119 min),6.0,210,49002684,12500000,36502684
4951,10 Things I Hate About You,97.0,Standard (90-119 min),7.3,1701,53478166,16000000,37478166
10985,The New Guy,88.0,Short (<90 min),5.7,151,0,13000000,-13000000
9644,National Lampoon's Loaded Weapon 1,84.0,Short (<90 min),5.7,157,0,0,0
332567,The Shallows,86.0,Short (<90 min),6.2,1567,119100758,17000000,102100758
1954,The Butterfly Effect,113.0,Standard (90-119 min),7.3,2060,96060858,13000000,83060858
15489,Snow Day,89.0,Short (<90 min),4.8,51,0,0,0
15250,This Christmas,117.0,Standard (90-119 min),7.1,29,0,13000000,-13000000
22345,Baby Geniuses,97.0,Standard (90-119 min),3.3,75,36450736,12000000,24450736
9448,The Big Hit,91.0,Standard (90-119 min),6.1,109,27007143,13000000,14007143
38223,Harriet the Spy,100.0,Standard (90-119 min),5.7,46,0,12000000,-12000000
11186,Child's Play 2,84.0,Short (<90 min),5.8,308,35763605,13000000,22763605
136835,No Good Deed,83.0,Short (<90 min),5.6,181,53830415,13200000,40630415
5876,The Mist,126.0,Long (120-149 min),6.7,1399,57096190,18000000,39096190
264660,Ex Machina,108.0,Standard (90-119 min),7.6,4737,36869414,15000000,21869414
492,Being John Malkovich,112.0,Standard (90-119 min),7.3,1101,22863596,13000000,9863596
25462,Two Can Play That Game,90.0,Standard (90-119 min),6.6,17,0,6000000,-6000000
238603,Earth to Echo,89.0,Short (<90 min),5.7,290,45300000,13000000,32300000
10691,Crazy/Beautiful,99.0,Standard (90-119 min),6.6,96,16929123,13000000,3929123
1251,Letters from Iwo Jima,141.0,Long (120-149 min),7.2,541,68673228,19000000,49673228
5172,The Astronaut Farmer,104.0,Standard (90-119 min),6.2,123,11130889,13000000,-1869111
58680,Woo,84.0,Short (<90 min),5.5,10,8026971,13000000,-4973029
264644,Room,117.0,Standard (90-119 min),8.1,2757,35401758,6000000,29401758
14577,Dirty Work,82.0,Short (<90 min),6.5,66,0,0,0
11592,Serial Mom,95.0,Standard (90-119 min),6.4,135,7820688,13000000,-5179312
16406,Dick,94.0,Standard (90-119 min),5.7,67,27500000,13000000,14500000
19052,Light It Up,99.0,Standard (90-119 min),6.6,7,0,0,0
3682,54,106.0,Standard (90-119 min),5.5,135,16757163,13000000,3757163
9683,Bubble Boy,84.0,Short (<90 min),5.1,163,0,0,0
2084,Birthday Girl,93.0,Standard (90-119 min),6.1,103,0,13000000,-13000000
107811,21 & Over,93.0,Standard (90-119 min),5.7,737,48065672,13000000,35065672
2266,"Paris, je t'aime",120.0,Long (120-149 min),6.8,207,4857367,13000000,-8142633
13074,Resurrecting the Champ,112.0,Standard (90-119 min),5.9,60,0,0,0
144340,Admission,107.0,Standard (90-119 min),5.4,304,18000000,13000000,5000000
48217,The Widow of Saint-Pierre,112.0,Standard (90-119 min),6.7,11,0,0,0
28211,Chloe,96.0,Standard (90-119 min),5.9,498,8459458,15000000,-6540542
47502,Faithful,91.0,Standard (90-119 min),4.8,4,9789900,13000000,-3210100
9950,Find Me Guilty,125.0,Long (120-149 min),6.5,138,2636637,13000000,-10363363
84892,The Perks of Being a Wallflower,102.0,Standard (90-119 min),7.7,2968,33400000,13000000,20400000
24227,Excessive Force,87.0,Short (<90 min),4.5,10,1200000,3000000,-1800000
9672,Infamous,110.0,Standard (90-119 min),6.4,60,1151330,13000000,-11848670
44853,The Claim,120.0,Long (120-149 min),5.6,17,0,0,0
157544,The Vatican Tapes,91.0,Standard (90-119 min),4.6,243,1784763,13000000,-11215237
59678,Attack the Block,88.0,Short (<90 min),6.3,733,3964682,14350531,-10385849
79777,In the Land of Blood and Honey,127.0,Long (120-149 min),5.8,45,303877,10000000,-9696123
158011,The Call,94.0,Standard (90-119 min),6.6,1257,68572378,13000000,55572378
407887,Operation Chromite,110.0,Standard (90-119 min),5.8,29,0,0,0
17043,The Crocodile Hunter: Collision Course,90.0,Standard (90-119 min),5.3,34,33082548,0,33082548
8952,I Love You Phillip Morris,98.0,Standard (90-119 min),6.4,503,10652035,13000000,-2347965
62204,Quest for Fire,100.0,Standard (90-119 min),7.1,109,55260558,12000000,43260558
13435,Antwone Fisher,120.0,Long (120-149 min),6.7,137,23367586,12500000,10867586
17187,The Emperor's Club,108.0,Standard (90-119 min),6.9,96,0,0,0
319,True Romance,120.0,Long (120-149 min),7.5,749,12281551,12500000,-218449
59457,Womb,111.0,Standard (90-119 min),5.9,92,0,3100000,-3100000
9504,Glengarry Glen Ross,100.0,Standard (90-119 min),7.5,323,10725228,12500000,-1774772
37414,The Killer Inside Me,109.0,Standard (90-119 min),6.0,173,0,13000000,-13000000
6217,Cat People,118.0,Standard (90-119 min),6.0,94,0,0,0
26688,Sorority Row,101.0,Standard (90-119 min),5.4,177,27206120,12500000,14706120
43867,The Prisoner of Zenda,101.0,Standard (90-119 min),8.4,11,0,0,0
6615,Lars and the Real Girl,106.0,Standard (90-119 min),7.1,509,11293663,12000000,-706337
14574,The Boy in the Striped Pyjamas,94.0,Standard (90-119 min),7.7,1451,20416563,12500000,7916563
16,Dancer in the Dark,140.0,Long (120-149 min),7.6,377,40031879,12800000,27231879
39780,Oscar and Lucinda,132.0,Long (120-149 min),6.2,25,0,0,0
21612,The Funeral,99.0,Standard (90-119 min),7.3,31,1227324,12500000,-11272676
36691,Solitary Man,90.0,Standard (90-119 min),5.8,84,5024782,15000000,-9975218
23631,Machete,105.0,Standard (90-119 min),6.3,1150,31327899,20000000,11327899
45324,Casino Jack,108.0,Standard (90-119 min),6.0,94,1083683,12500000,-11416317
12144,The Land Before Time,69.0,Short (<90 min),7.0,640,84460846,12300000,72160846
11658,Tae Guk Gi: The Brotherhood of War,140.0,Long (120-149 min),7.4,133,15,0,15
56601,The Perfect Game,118.0,Standard (90-119 min),6.3,30,3878993,12500000,-8621007
9552,The Exorcist,122.0,Long (120-149 min),7.5,2005,441306145,8000000,433306145
578,Jaws,124.0,Long (120-149 min),7.5,2542,470654000,7000000,463654000
2105,American Pie,95.0,Standard (90-119 min),6.4,2296,235483004,11000000,224483004
126319,Ernest & Celestine,78.0,Short (<90 min),7.6,142,8109160,12516654,-4407494
10136,The Golden Child,94.0,Standard (90-119 min),5.6,304,79817939,25000000,54817939
67660,Think Like a Man,122.0,Long (120-149 min),6.9,281,96070507,12000000,84070507
10611,Barbershop,102.0,Standard (90-119 min),6.2,137,75781642,12000000,63781642
154,Star Trek II: The Wrath of Khan,113.0,Standard (90-119 min),7.3,675,96800000,12000000,84800000
3049,Ace Ventura: Pet Detective,86.0,Short (<90 min),6.4,1648,107217396,15000000,92217396
860,WarGames,114.0,Standard (90-119 min),7.0,504,79567667,12000000,67567667
9281,Witness,113.0,Standard (90-119 min),7.0,375,68706993,12000000,56706993
75674,Act of Valor,110.0,Standard (90-119 min),6.3,417,81272766,12000000,69272766
9762,Step Up,104.0,Standard (90-119 min),6.7,1060,114194847,12000000,102194847
3179,Beavis and Butt-Head Do America,81.0,Short (<90 min),6.5,168,0,12000000,-12000000
184,Jackie Brown,154.0,Very Long (150+ min),7.3,1514,39673162,12000000,27673162
13335,Harold & Kumar Escape from Guantanamo Bay,107.0,Standard (90-119 min),6.2,497,43493123,12000000,31493123
76726,Chronicle,84.0,Short (<90 min),6.6,1935,145000000,15000000,130000000
10269,Yentl,132.0,Long (120-149 min),6.2,51,30400000,12000000,18400000
36819,Time Bandits,116.0,Standard (90-119 min),6.6,249,42365581,5000000,37365581
17130,Crossroads,93.0,Standard (90-119 min),4.7,158,61141030,12000000,49141030
57214,Project X,88.0,Short (<90 min),6.5,1564,100000000,12000000,88000000
11202,Patton,172.0,Very Long (150+ min),7.3,323,89800000,12000000,77800000
9357,One Hour Photo,96.0,Standard (90-119 min),6.6,435,52223306,12000000,40223306
13812,Quarantine,89.0,Short (<90 min),5.5,339,40855419,12000000,28855419
9030,The Eye,98.0,Standard (90-119 min),5.5,281,56309766,12000000,44309766
19084,Johnson Family Vacation,97.0,Standard (90-119 min),4.7,30,31179516,12000000,19179516
8386,How High,93.0,Standard (90-119 min),6.3,218,31155435,12000000,19155435
10437,The Muppet Christmas Carol,85.0,Short (<90 min),7.2,212,27281507,0,27281507
1360,Frida,123.0,Long (120-149 min),7.3,383,56298474,12000000,44298474
101267,Katy Perry: Part of Me,93.0,Standard (90-119 min),6.5,85,32726956,12000000,20726956
222935,The Fault in Our Stars,125.0,Long (120-149 min),7.6,3759,307166834,12000000,295166834
10220,Rounders,121.0,Long (120-149 min),6.9,439,22921898,12000000,10921898
284296,Top Five,102.0,Standard (90-119 min),6.3,210,25434291,0,25434291
31915,Prophecy,102.0,Standard (90-119 min),5.4,25,54000000,12000000,42000000
11601,Stir of Echoes,99.0,Standard (90-119 min),6.5,330,21133087,12000000,9133087
205220,Philomena,98.0,Standard (90-119 min),7.4,579,100129872,12000000,88129872
11354,The Upside of Anger,118.0,Standard (90-119 min),6.4,72,0,0,0
16241,The Boys from Brazil,125.0,Long (120-149 min),6.6,101,0,0,0
14191,Aquamarine,104.0,Standard (90-119 min),5.8,364,23006849,12000000,11006849
286565,Paper Towns,109.0,Standard (90-119 min),6.1,1937,85512300,12000000,73512300
26710,My Baby's Daddy,86.0,Short (<90 min),4.3,15,51,0,51
129670,Nebraska,115.0,Standard (90-119 min),7.4,636,17654912,12000000,5654912
9059,Tales from the Crypt: Demon Knight,92.0,Standard (90-119 min),6.7,94,0,0,0
34549,Max Keeble's Big Move,86.0,Short (<90 min),5.4,33,17292381,12000000,5292381
57157,Young Adult,94.0,Standard (90-119 min),5.6,364,22939027,12000000,10939027
1948,Crank,88.0,Short (<90 min),6.6,1151,42931041,12000000,30931041
28353,Def Jam's How to Be a Player,93.0,Standard (90-119 min),5.3,8,13960203,0,13960203
46889,Living Out Loud,100.0,Standard (90-119 min),5.3,11,12902790,12000000,902790
38093,Just Wright,100.0,Standard (90-119 min),6.1,99,21520719,0,21520719
14976,Rachel Getting Married,113.0,Standard (90-119 min),6.1,163,0,0,0
11027,The Postman Always Rings Twice,122.0,Long (120-149 min),6.4,110,0,12000000,-12000000
3635,Girl with a Pearl Earring,101.0,Standard (90-119 min),6.4,377,31466789,0,31466789
387,Das Boot,149.0,Long (120-149 min),7.9,613,85000000,14000000,71000000
6020,Sorority Boys,93.0,Standard (90-119 min),4.6,47,0,12000000,-12000000
122906,About Time,123.0,Long (120-149 min),7.8,2067,87100449,0,87100449
9550,House of Flying Daggers,119.0,Standard (90-119 min),7.1,439,92863945,0,92863945
60599,Arbitrage,100.0,Standard (90-119 min),6.1,294,35485056,12000000,23485056
227719,Project Almanac,106.0,Standard (90-119 min),6.4,933,32248241,12000000,20248241
14299,Cadillac Records,109.0,Standard (90-119 min),6.9,86,0,12000000,-12000000
19419,Screwed,81.0,Short (<90 min),4.9,23,0,0,0
12088,Fortress,95.0,Standard (90-119 min),5.7,168,6739141,8000000,-1260859
14799,For Your Consideration,86.0,Short (<90 min),5.9,43,5542025,12000000,-6457975
9466,Celebrity,113.0,Standard (90-119 min),6.0,111,0,0,0
7510,Running with Scissors,116.0,Standard (90-119 min),5.8,78,6754898,12000000,-5245102
31246,From Justin to Kelly,90.0,Standard (90-119 min),3.0,23,4922166,12000000,-7077834
61752,Girl 6,108.0,Standard (90-119 min),5.7,16,4939939,12000000,-7060061
10944,In the Cut,119.0,Standard (90-119 min),4.6,89,23,12000000,-11999977
10362,Two Lovers,110.0,Standard (90-119 min),6.6,154,3148182,12000000,-8851818
14778,Last Orders,109.0,Standard (90-119 min),6.0,22,0,0,0
1255,The Host,119.0,Standard (90-119 min),6.7,537,88489643,11000000,77489643
45226,The Pursuit of D.B. Cooper,100.0,Standard (90-119 min),6.8,4,0,0,0
10212,Ravenous,100.0,Standard (90-119 min),6.9,141,0,12000000,-12000000
8669,Charlie Bartlett,97.0,Standard (90-119 min),6.5,225,0,12000000,-12000000
179144,The Great Beauty,142.0,Long (120-149 min),7.3,720,8371085,12400000,-4028915
16857,The Dangerous Lives of Altar Boys,104.0,Standard (90-119 min),6.4,53,0,0,0
86825,Stoker,99.0,Standard (90-119 min),6.5,882,12077441,12000000,77441
844,2046,129.0,Long (120-149 min),6.9,206,19271312,12000000,7271312
8060,Married Life,90.0,Standard (90-119 min),6.1,38,0,12000000,-12000000
15907,Duma,100.0,Standard (90-119 min),6.9,41,0,12000000,-12000000
38448,Ondine,111.0,Standard (90-119 min),6.5,84,1644755,12000000,-10355245
327,Brother,114.0,Standard (90-119 min),6.8,107,15250000,12000000,3250000
9260,Welcome to Collinwood,86.0,Short (<90 min),6.2,50,0,1200000,-1200000
61337,Critical Care,107.0,Standard (90-119 min),6.1,9,0,0,0
13079,The Life Before Her Eyes,90.0,Standard (90-119 min),6.1,88,0,8000000,-8000000
89325,Darling Companion,103.0,Standard (90-119 min),5.3,22,0,0,0
4170,Trade,120.0,Long (120-149 min),6.8,67,0,12000000,-12000000
41508,Fateless,140.0,Long (120-149 min),6.5,28,0,0,0
12479,Breakfast of Champions,110.0,Standard (90-119 min),5.2,28,0,12000000,-12000000
44555,"A Woman, a Gun and a Noodle Shop",95.0,Standard (90-119 min),4.8,13,0,0,0
10133,Cypher,95.0,Standard (90-119 min),6.7,192,0,7500000,-7500000
21345,City of Life and Death,132.0,Long (120-149 min),7.6,55,10652498,12000000,-1347502
173931,Legend of a Rabbit,89.0,Short (<90 min),3.0,3,2570000,19000000,-16430000
61984,Space Battleship Yamato,131.0,Long (120-149 min),6.3,59,11212294,12000000,-787706
50601,5 Days of War,113.0,Standard (90-119 min),5.8,62,17479,20000000,-19982521
26466,Triangle,99.0,Standard (90-119 min),6.9,612,0,12000000,-12000000
345003,10 Days in a Madhouse,111.0,Standard (90-119 min),4.3,5,0,1200000,-1200000
236751,Heaven is for Real,99.0,Standard (90-119 min),6.0,229,101332962,12000000,89332962
107,Snatch,103.0,Standard (90-119 min),7.7,2912,83557872,10000000,73557872
357837,Dancin' It's On,89.0,Short (<90 min),4.3,2,0,0,0
8913,Pet Sematary,103.0,Standard (90-119 min),6.4,407,57469467,11500000,45969467
13889,Madadayo,134.0,Long (120-149 min),7.5,20,0,0,0
18530,The Cry of the Owl,101.0,Standard (90-119 min),5.5,29,0,11500000,-11500000
358451,A Tale of Three Cities,130.0,Long (120-149 min),6.3,5,0,0,0
927,Gremlins,106.0,Standard (90-119 min),6.9,1596,153083102,11000000,142083102
11,Star Wars,121.0,Long (120-149 min),8.1,6624,775398007,11000000,764398007
291870,Dirty Grandpa,102.0,Standard (90-119 min),5.7,1406,94073028,11500000,82573028
907,Doctor Zhivago,197.0,Very Long (150+ min),7.4,247,111858363,11000000,100858363
206563,Trash,112.0,Standard (90-119 min),7.1,242,0,0,0
11887,High School Musical 3: Senior Year,116.0,Standard (90-119 min),6.2,821,0,0,0
45317,The Fighter,116.0,Standard (90-119 min),7.2,1486,93617009,25000000,68617009
12094,Jackass Number Two,95.0,Standard (90-119 min),6.4,298,72778712,11000000,61778712
10377,My Cousin Vinny,120.0,Long (120-149 min),7.3,384,64088552,11000000,53088552
249164,If I Stay,106.0,Standard (90-119 min),7.3,1368,78874843,11000000,67874843
256092,Drive Hard,96.0,Standard (90-119 min),3.9,74,0,12000000,-12000000
9942,Major League,107.0,Standard (90-119 min),6.6,217,49797148,11000000,38797148
10748,St. Trinian's,101.0,Standard (90-119 min),5.6,142,0,0,0
1817,Phone Booth,81.0,Short (<90 min),6.7,1062,97837138,13000000,84837138
10229,A Walk to Remember,101.0,Standard (90-119 min),7.5,1018,41227069,11000000,30227069
687,Dead Man Walking,122.0,Long (120-149 min),7.3,337,39363635,11000000,28363635
796,Cruel Intentions,97.0,Standard (90-119 min),6.6,827,75902208,10500000,65402208
22804,Saw VI,90.0,Standard (90-119 min),6.0,722,68233629,11000000,57233629
10156,History of the World: Part I,92.0,Standard (90-119 min),6.5,204,31672907,11000000,20672907
12837,The Secret Life of Bees,114.0,Standard (90-119 min),7.4,158,38105395,11000000,27105395
17708,Corky Romano,86.0,Short (<90 min),4.1,54,23978402,11000000,12978402
13937,Raising Cain,91.0,Standard (90-119 min),5.9,65,37170057,12000000,25170057
28932,F.I.S.T.,145.0,Long (120-149 min),6.4,29,11,11,0
31909,Invaders from Mars,100.0,Standard (90-119 min),5.5,57,4884663,12000000,-7115337
167073,Brooklyn,111.0,Standard (90-119 min),7.2,1213,62076141,11000000,51076141
3175,Barry Lyndon,184.0,Very Long (150+ min),7.7,505,20000000,11000000,9000000
14369,Out Cold,89.0,Short (<90 min),5.8,53,14782676,24000000,-9217324
16888,The Ladies Man,84.0,Short (<90 min),5.7,34,13700000,24000000,-10300000
121826,Quartet,98.0,Standard (90-119 min),6.3,139,59520298,11000000,48520298
10646,Tomcats,95.0,Standard (90-119 min),4.9,74,23430766,11000000,12430766
12149,Frailty,100.0,Standard (90-119 min),7.0,334,13110448,11000000,2110448
304357,Woman in Gold,120.0,Long (120-149 min),7.3,440,61619773,11000000,50619773
11184,Kinsey,118.0,Standard (90-119 min),6.6,131,0,0,0
766,Army of Darkness,81.0,Short (<90 min),7.3,838,0,11000000,-11000000
20009,Slackers,86.0,Short (<90 min),5.4,60,6413915,14000000,-7586085
1587,What's Eating Gilbert Grape,118.0,Standard (90-119 min),7.5,919,30000000,11000000,19000000
30973,The Visual Bible: The Gospel of John,125.0,Long (120-149 min),8.2,12,4069090,10000000,-5930910
11109,Vera Drake,125.0,Long (120-149 min),6.8,80,0,11000000,-11000000
9027,The Guru,91.0,Standard (90-119 min),5.1,75,0,0,0
63020,The Perez Family,113.0,Standard (90-119 min),6.6,9,2832826,11000000,-8167174
86829,Inside Llewyn Davis,105.0,Standard (90-119 min),7.2,834,32935319,11000000,21935319
11065,O,95.0,Standard (90-119 min),5.8,75,16017403,0,16017403
13888,Return to the Blue Lagoon,98.0,Standard (90-119 min),5.1,153,2807854,11000000,-8192146
42345,The Molly Maguires,124.0,Long (120-149 min),5.9,16,2200000,11000000,-8800000
13994,Romance & Cigarettes,105.0,Standard (90-119 min),6.0,33,2945242,0,2945242
1590,Copying Beethoven,104.0,Standard (90-119 min),6.2,42,0,11000000,-11000000
62728,Brighton Rock,111.0,Standard (90-119 min),5.6,35,0,0,0
11917,Saw V,92.0,Standard (90-119 min),5.9,820,113857533,10800000,103057533
45138,Machine Gun McCain,116.0,Standard (90-119 min),7.3,6,0,0,0
80271,LOL,97.0,Standard (90-119 min),5.9,881,0,11000000,-11000000
4657,Jindabyne,123.0,Long (120-149 min),5.7,25,0,0,0
14395,Kabhi Alvida Naa Kehna,193.0,Very Long (150+ min),6.1,42,17000000,7400000,9600000
24137,An Ideal Husband,97.0,Standard (90-119 min),6.3,46,18535191,14000000,4535191
190847,The Last Days on Mars,98.0,Standard (90-119 min),5.2,302,0,0,0
11056,Darkness,102.0,Standard (90-119 min),5.6,112,0,0,0
62,2001: A Space Odyssey,149.0,Long (120-149 min),7.9,2998,68700000,10500000,58200000
601,E.T. the Extra-Terrestrial,115.0,Standard (90-119 min),7.3,3269,792910554,10500000,782410554
13067,In the Land of Women,97.0,Standard (90-119 min),5.8,160,17500000,10000000,7500000
25379,The Blue Butterfly,97.0,Standard (90-119 min),6.8,6,0,0,0
88641,There Goes My Baby,99.0,Standard (90-119 min),8.5,2,123509,10500000,-10376491
58051,Housefull,135.0,Long (120-149 min),5.2,29,0,0,0
14877,September Dawn,110.0,Standard (90-119 min),5.0,16,0,11000000,-11000000
96399,For Greater Glory - The True Story of Cristiada,145.0,Long (120-149 min),6.4,35,9622846,12000000,-2377154
304410,The Bélier Family,105.0,Standard (90-119 min),7.0,766,0,11000000,-11000000
489,Good Will Hunting,126.0,Long (120-149 min),7.9,2811,225933435,10000000,215933435
373314,Misconduct,106.0,Standard (90-119 min),5.3,149,0,11000000,-11000000
214,Saw III,108.0,Standard (90-119 min),6.1,1071,163876815,10000000,153876815
10890,Stripes,106.0,Standard (90-119 min),6.5,249,85300000,10000000,75300000
1588,Bring It On,98.0,Standard (90-119 min),5.8,568,90449929,28000000,62449929
316727,The Purge: Election Year,105.0,Standard (90-119 min),6.1,1306,118587880,10000000,108587880
10314,She's All That,95.0,Standard (90-119 min),5.7,418,103166989,10000000,93166989
663,Saw IV,93.0,Standard (90-119 min),5.9,903,139352633,10000000,129352633
11804,White Noise,101.0,Standard (90-119 min),5.6,261,91196419,10000000,81196419
16781,Madea's Family Reunion,110.0,Standard (90-119 min),6.0,77,57231524,6000000,51231524
11873,The Color of Money,119.0,Standard (90-119 min),6.7,291,52293982,13800000,38493982
9289,The Longest Day,178.0,Very Long (150+ min),7.2,234,50100000,10000000,40100000
10414,The Mighty Ducks,101.0,Standard (90-119 min),6.4,198,50752337,10000000,40752337
1970,The Grudge,92.0,Standard (90-119 min),5.8,865,183474602,10000000,173474602
9614,Happy Gilmore,92.0,Standard (90-119 min),6.5,755,41205099,12000000,29205099
8922,Jeepers Creepers,90.0,Standard (90-119 min),6.1,720,59217789,10000000,49217789
1648,Bill & Ted's Excellent Adventure,90.0,Standard (90-119 min),6.7,454,40485039,10000000,30485039
17917,Oliver!,153.0,Very Long (150+ min),7.0,103,37402877,10000000,27402877
74534,The Best Exotic Marigold Hotel,124.0,Long (120-149 min),6.9,459,136836156,10000000,126836156
19405,Recess: School's Out,83.0,Short (<90 min),6.6,67,44460850,10000000,34460850
9355,Mad Max Beyond Thunderdome,107.0,Standard (90-119 min),5.9,748,36230219,12305523,23924696
10999,Commando,90.0,Standard (90-119 min),6.4,742,57500000,10000000,47500000
321258,The Boy,97.0,Standard (90-119 min),5.8,1102,64188367,10000000,54188367
44040,Devil,80.0,Short (<90 min),5.8,816,33583175,10000000,23583175
10426,Friday After Next,85.0,Short (<90 min),6.0,100,33526835,20000000,13526835
280092,Insidious: Chapter 3,97.0,Standard (90-119 min),6.2,983,104303851,10000000,94303851
13938,The Last Dragon,108.0,Standard (90-119 min),6.4,69,25754284,10000000,15754284
10163,The Lawnmower Man,108.0,Standard (90-119 min),5.4,197,32101000,10000000,22101000
12182,Nick and Norah's Infinite Playlist,89.0,Short (<90 min),6.4,379,32973937,9000000,23973937
1832,Dogma,130.0,Long (120-149 min),6.8,823,30652890,10000000,20652890
9034,The Banger Sisters,98.0,Standard (90-119 min),5.5,62,0,10000000,-10000000
15301,Twilight Zone: The Movie,101.0,Standard (90-119 min),6.2,161,29450919,10000000,19450919
10135,Road House,114.0,Standard (90-119 min),6.3,252,30050028,15000000,15050028
26352,A Low Down Dirty Shame,100.0,Standard (90-119 min),6.0,31,29392418,10000000,19392418
20616,Swimfan,84.0,Short (<90 min),5.0,70,34411240,8500000,25911240
9794,Employee of the Month,103.0,Standard (90-119 min),5.3,153,38368909,12000000,26368909
15037,Can't Hardly Wait,100.0,Standard (90-119 min),6.1,122,25605015,10000000,15605015
227,The Outsiders,91.0,Standard (90-119 min),6.9,291,33697647,10000000,23697647
294272,Pete's Dragon,102.0,Standard (90-119 min),6.2,679,143695338,65000000,78695338
11336,The Dead Zone,103.0,Standard (90-119 min),6.9,311,20766616,10000000,10766616
283445,Sinister 2,97.0,Standard (90-119 min),5.4,581,52882018,10000000,42882018
88036,Sparkle,116.0,Standard (90-119 min),5.8,36,24637469,14000000,10637469
10984,Valentine,96.0,Standard (90-119 min),5.0,114,0,0,0
22824,The Fourth Kind,98.0,Standard (90-119 min),5.8,441,42333295,10000000,32333295
9526,A Prairie Home Companion,105.0,Standard (90-119 min),6.4,81,0,10000000,-10000000
39349,Sugar Hill,123.0,Long (120-149 min),5.2,13,0,0,0
15983,Invasion U.S.A.,107.0,Standard (90-119 min),5.3,49,0,0,0
14544,Roll Bounce,112.0,Standard (90-119 min),6.1,27,0,0,0
11545,Rushmore,93.0,Standard (90-119 min),7.5,676,17096053,9000000,8096053
42684,Skyline,100.0,Standard (90-119 min),4.7,507,66821036,10000000,56821036
268238,The Second Best Exotic Marigold Hotel,122.0,Long (120-149 min),6.3,272,85978266,10000000,75978266
8359,Kit Kittredge: An American Girl,101.0,Standard (90-119 min),6.4,34,0,0,0
15648,The Perfect Man,100.0,Standard (90-119 min),5.5,203,0,0,0
41823,Mo' Better Blues,129.0,Long (120-149 min),6.3,47,16153593,10000000,6153593
11891,Kung Pow: Enter the Fist,81.0,Short (<90 min),6.1,159,0,0,0
9362,Tremors,96.0,Standard (90-119 min),6.6,864,48572000,11000000,37572000
9902,Wrong Turn,84.0,Short (<90 min),6.0,635,28650575,12600000,16050575
14729,The Long Riders,99.0,Standard (90-119 min),6.6,50,15795189,10000000,5795189
9455,The Corruptor,110.0,Standard (90-119 min),6.0,57,15156200,25000000,-9843800
103731,Mud,130.0,Long (120-149 min),7.0,1068,21587700,10000000,11587700
10090,Reno 911!: Miami,84.0,Short (<90 min),5.6,72,20342161,10000000,10342161
164558,One Direction: This Is Us,92.0,Standard (90-119 min),8.0,201,0,10000000,-10000000
19905,"The Goods: Live Hard, Sell Hard",90.0,Standard (90-119 min),5.4,58,0,10000000,-10000000
17710,Hey Arnold! The Movie,76.0,Short (<90 min),5.6,62,0,0,0
75900,My Week with Marilyn,99.0,Standard (90-119 min),6.6,406,35057696,6400000,28657696
9515,The Matador,96.0,Standard (90-119 min),6.2,136,17297244,10000000,7297244
27322,Love Jones,104.0,Standard (90-119 min),8.1,12,0,10000000,-10000000
328425,The Gift,108.0,Standard (90-119 min),6.7,1049,58978653,5000000,53978653
14120,End of the Spear,108.0,Standard (90-119 min),6.1,15,0,0,0
10050,Get Over It,87.0,Short (<90 min),5.5,75,0,10000000,-10000000
1542,Office Space,89.0,Short (<90 min),7.4,1050,12827813,10000000,2827813
10490,Drop Dead Gorgeous,98.0,Standard (90-119 min),6.4,86,10571408,10000000,571408
87093,Big Eyes,105.0,Standard (90-119 min),6.8,1196,28883511,10000000,18883511
10029,Very Bad Things,100.0,Standard (90-119 min),6.2,179,9898412,30000000,-20101588
9893,Sleepover,89.0,Short (<90 min),5.3,101,0,0,0
11507,Body Double,114.0,Standard (90-119 min),6.4,137,8801940,10000000,-1198060
37931,MacGruber,90.0,Standard (90-119 min),5.1,179,6110000,10000000,-3890000
3472,Dirty Pretty Things,97.0,Standard (90-119 min),6.8,131,0,0,0
87818,Movie 43,90.0,Standard (90-119 min),4.4,797,32438988,6000000,26438988
13160,Over Her Dead Body,95.0,Standard (90-119 min),5.3,145,0,10000000,-10000000
88005,Seeking a Friend for the End of the World,101.0,Standard (90-119 min),6.3,700,9636289,10000000,-363711
52067,Cedar Rapids,87.0,Short (<90 min),5.9,135,6861102,0,6861102
73,American History X,119.0,Standard (90-119 min),8.2,3016,23875127,20000000,3875127
134597,The Collection,94.0,Standard (90-119 min),5.9,289,6842058,0,6842058
24034,Teacher's Pet,74.0,Short (<90 min),5.5,2,0,10000000,-10000000
14283,The Red Violin,131.0,Long (120-149 min),7.3,99,9495408,18000000,-8504592
404,The Straight Story,112.0,Standard (90-119 min),7.7,306,0,10000000,-10000000
13201,Deuces Wild,96.0,Standard (90-119 min),5.5,34,0,0,0
209403,Bad Words,88.0,Short (<90 min),6.4,334,7800000,9500000,-1700000
7942,"Run, Fatboy, Run",100.0,Standard (90-119 min),6.2,238,33000000,10000000,23000000
73247,Heartbeeps,79.0,Short (<90 min),3.8,6,2154696,10000000,-7845304
253331,Black or White,121.0,Long (120-149 min),6.5,115,21571189,9000000,12571189
34043,On the Line,85.0,Short (<90 min),4.1,10,0,0,0
9952,Rescue Dawn,126.0,Long (120-149 min),6.9,336,7177143,10000000,-2822857
256924,Danny Collins,107.0,Standard (90-119 min),6.6,183,10835752,10000000,835752
82532,"Jeff, Who Lives at Home",83.0,Short (<90 min),6.1,217,4417580,10000000,-5582420
41110,I Am Love,120.0,Long (120-149 min),6.9,73,0,0,0
134371,Atlas Shrugged Part II,112.0,Standard (90-119 min),5.4,41,0,0,0
2088,Romeo Is Bleeding,100.0,Standard (90-119 min),5.7,36,3275585,11500000,-8224415
10388,The Limey,89.0,Short (<90 min),6.6,105,3193102,10000000,-6806898
1640,Crash,112.0,Standard (90-119 min),7.2,1149,98410061,6500000,91910061
25520,The House of Mirth,140.0,Long (120-149 min),6.4,25,5164404,10000000,-4835596
27342,Malone,92.0,Standard (90-119 min),6.8,15,0,0,0
13689,Peaceful Warrior,120.0,Long (120-149 min),7.3,90,0,0,0
67911,Bucky Larson: Born to Be a Star,97.0,Standard (90-119 min),4.4,51,0,10000000,-10000000
24664,Bamboozled,135.0,Long (120-149 min),6.3,24,0,0,0
329440,The Forest,95.0,Standard (90-119 min),4.8,448,40055439,10000000,30055439
47890,Sphinx,118.0,Standard (90-119 min),6.0,2,439564,14000000,-13560436
252512,While We're Young,97.0,Standard (90-119 min),5.8,383,7587485,10000000,-2412515
55720,A Better Life,98.0,Standard (90-119 min),7.0,54,1759252,10000000,-8240748
9613,Spider,98.0,Standard (90-119 min),6.4,168,0,0,0
29076,Gun Shy,101.0,Standard (90-119 min),5.4,24,1631839,10000000,-8368161
29339,Nicholas Nickleby,132.0,Long (120-149 min),6.8,49,0,0,0
68812,The Iceman,105.0,Standard (90-119 min),6.4,365,1969193,20000000,-18030807
32740,Krrish,154.0,Very Long (150+ min),5.5,46,0,0,0
14195,Cecil B. Demented,87.0,Short (<90 min),6.2,51,0,10000000,-10000000
73567,Killer Joe,102.0,Standard (90-119 min),6.5,425,3665069,10000000,-6334931
41479,The Joneses,96.0,Standard (90-119 min),6.1,210,7022728,10000000,-2977272
15394,Owning Mahowny,104.0,Standard (90-119 min),6.8,37,0,0,0
10071,The Brothers Solomon,93.0,Standard (90-119 min),4.9,46,0,0,0
1989,My Blueberry Nights,111.0,Standard (90-119 min),6.0,190,21786738,10000000,11786738
91076,Illuminata,119.0,Standard (90-119 min),6.3,7,0,0,0
12779,Swept Away,89.0,Short (<90 min),4.8,50,598645,10000000,-9401355
13191,"War, Inc.",106.0,Standard (90-119 min),5.6,86,1296184,5000000,-3703816
11770,Shaolin Soccer,113.0,Standard (90-119 min),6.6,491,42776760,0,42776760
12703,The Brown Bunny,93.0,Standard (90-119 min),5.5,62,0,10000000,-10000000
64559,The Swindle,105.0,Standard (90-119 min),6.4,5,0,0,0
222649,Rosewater,103.0,Standard (90-119 min),6.5,98,0,0,0
115872,The Chambermaid on the Titanic,100.0,Standard (90-119 min),5.3,3,0,0,0
101173,Coriolanus,123.0,Long (120-149 min),5.9,131,1072602,7700000,-6627398
25350,Imaginary Heroes,111.0,Standard (90-119 min),6.3,29,0,10000000,-10000000
10034,High Heels and Low Lifes,86.0,Short (<90 min),6.4,12,0,0,0
20178,World's Greatest Dad,99.0,Standard (90-119 min),6.5,177,295750,10000000,-9704250
5072,Severance,96.0,Standard (90-119 min),6.4,169,0,0,0
18191,Edmond,82.0,Short (<90 min),6.0,50,0,10000000,-10000000
31007,Welcome to the Rileys,110.0,Standard (90-119 min),6.4,139,42145,0,42145
11546,Police Academy: Mission to Moscow,83.0,Short (<90 min),4.1,178,126247,0,126247
41894,Blood Done Sign My Name,0.0,Short (<90 min),6.0,5,0,0,0
184374,Cinco de Mayo: La Batalla,125.0,Long (120-149 min),5.8,14,0,10000000,-10000000
268171,Elsa & Fred,104.0,Standard (90-119 min),6.2,31,0,10000000,-10000000
78149,"An Alan Smithee Film: Burn, Hollywood, Burn",86.0,Short (<90 min),3.0,9,45779,10000000,-9954221
24663,The Open Road,90.0,Standard (90-119 min),4.8,19,0,0,0
39037,The Good Guy,90.0,Standard (90-119 min),5.4,59,0,3200000,-3200000
22805,Motherhood,90.0,Standard (90-119 min),4.7,44,0,0,0
39055,Free Style,94.0,Standard (90-119 min),5.8,4,140987,0,140987
245846,Strangerland,111.0,Standard (90-119 min),5.1,83,17472,10000000,-9982528
25186,Janky Promoters,85.0,Short (<90 min),7.0,5,9069,10000000,-9990931
15017,Blonde Ambition,93.0,Standard (90-119 min),3.9,29,0,10000000,-10000000
12245,The Oxford Murders,107.0,Standard (90-119 min),5.7,188,0,14100000,-14100000
49787,The Reef,94.0,Standard (90-119 min),5.4,130,0,0,0
16358,Eulogy,91.0,Standard (90-119 min),6.4,34,0,0,0
7006,White Noise 2: The Light,99.0,Standard (90-119 min),5.6,80,0,0,0
66767,Beat the World,91.0,Standard (90-119 min),4.3,16,0,10000000,-10000000
17622,Fifty Dead Men Walking,117.0,Standard (90-119 min),6.1,35,0,0,0
283671,Jungle Shuffle,85.0,Short (<90 min),6.5,1,0,0,0
18516,Adam Resurrected,106.0,Standard (90-119 min),6.4,22,0,10000000,-10000000
217708,Of Horses and Men,85.0,Short (<90 min),6.9,26,11,10,1
42057,It's a Wonderful Afterlife,99.0,Standard (90-119 min),4.3,9,0,0,0
17577,The Devil's Tomb,90.0,Standard (90-119 min),4.0,53,0,10000000,-10000000
14608,Partition,116.0,Standard (90-119 min),6.4,6,0,0,0
34417,Good Intentions,85.0,Short (<90 min),5.0,6,0,0,0
15067,"The Good, The Bad, The Weird",130.0,Long (120-149 min),7.1,193,0,10000000,-10000000
78383,Nurse 3-D,99.0,Standard (90-119 min),4.9,119,10000000,10,9999990
43090,Gunless,89.0,Short (<90 min),6.7,27,0,10000000,-10000000
16614,Adventureland,107.0,Standard (90-119 min),6.4,737,17164377,9500000,7664377
9700,The Lost City,144.0,Long (120-149 min),6.0,24,4386236,9600000,-5213764
10471,Next Friday,98.0,Standard (90-119 min),6.4,135,59827328,11000000,48827328
250066,American Heist,94.0,Standard (90-119 min),4.3,158,0,10000000,-10000000
667,You Only Live Twice,117.0,Standard (90-119 min),6.5,531,111584787,9500000,102084787
208869,Plastic,102.0,Standard (90-119 min),6.1,86,0,10,-10
86837,Amour,127.0,Long (120-149 min),7.5,400,19839492,8900000,10939492
10306,Poltergeist III,98.0,Standard (90-119 min),4.5,123,14144000,10500000,3644000
106845,Re-Kill,87.0,Short (<90 min),4.9,34,0,9500000,-9500000
11576,"It's a Mad, Mad, Mad, Mad World",163.0,Very Long (150+ min),7.0,140,60000000,9400000,50600000
219,Volver,121.0,Long (120-149 min),7.3,406,85582407,12899867,72682540
11827,Heavy Metal,90.0,Standard (90-119 min),6.2,148,0,9300000,-9300000
22820,Gentlemen Broncos,89.0,Short (<90 min),6.2,51,0,10000000,-10000000
31174,Richard III,104.0,Standard (90-119 min),6.9,49,0,0,0
244316,Into the Grizzly Maze,94.0,Standard (90-119 min),5.1,74,0,10000000,-10000000
37737,Kites,131.0,Long (120-149 min),6.0,40,0,0,0
62215,Melancholia,136.0,Long (120-149 min),7.0,885,21817298,7400000,14417298
66125,Red Dog,92.0,Standard (90-119 min),7.1,83,0,0,0
132316,Jab Tak Hai Jaan,176.0,Very Long (150+ min),7.3,66,0,0,0
348,Alien,117.0,Standard (90-119 min),7.9,4470,104931801,11000000,93931801
30497,The Texas Chain Saw Massacre,83.0,Short (<90 min),7.2,590,30859000,85000,30774000
27586,The Runaways,106.0,Standard (90-119 min),6.3,254,2995811,10000000,-7004189
14811,Fiddler on the Roof,181.0,Very Long (150+ min),7.4,134,83304330,9000000,74304330
660,Thunderball,130.0,Long (120-149 min),6.5,562,141195658,5500000,135695658
68684,Detention,93.0,Standard (90-119 min),5.7,129,0,10000000,-10000000
40794,Loose Cannons,110.0,Standard (90-119 min),7.0,118,8220215,7000000,1220215
9400,Set It Off,118.0,Standard (90-119 min),6.9,66,41590886,9000000,32590886
16162,The Best Man,120.0,Long (120-149 min),6.8,38,34573780,9000000,25573780
10585,Child's Play,87.0,Short (<90 min),6.3,581,44196684,9000000,35196684
2359,Sicko,123.0,Long (120-149 min),7.3,235,24538513,9000000,15538513
238636,The Purge: Anarchy,104.0,Standard (90-119 min),6.6,1954,108782847,9000000,99782847
10472,Down to You,91.0,Standard (90-119 min),4.9,70,0,9000000,-9000000
11282,Harold & Kumar Go to White Castle,88.0,Short (<90 min),6.6,693,23936908,9000000,14936908
6521,The Contender,126.0,Long (120-149 min),6.7,60,0,9000000,-9000000
14181,Boiler Room,118.0,Standard (90-119 min),6.5,201,28780255,26000000,2780255
1621,Trading Places,116.0,Standard (90-119 min),7.1,738,90400000,40600000,49800000
9656,Black Christmas,84.0,Short (<90 min),4.8,119,21510851,9000000,12510851
16428,Breakin' All the Rules,85.0,Short (<90 min),5.8,21,0,0,0
10705,Henry V,137.0,Long (120-149 min),7.4,71,0,9000000,-9000000
8272,The Savages,114.0,Standard (90-119 min),6.8,110,0,0,0
24621,Chasing Papi,80.0,Short (<90 min),6.3,16,6126237,0,6126237
1619,The Way of the Gun,119.0,Standard (90-119 min),6.4,100,19125401,8500000,10625401
9685,Igby Goes Down,97.0,Standard (90-119 min),6.5,95,4777465,9000000,-4222535
14425,PCU,79.0,Short (<90 min),6.0,41,4350774,9000000,-4649226
14624,The Ultimate Gift,114.0,Standard (90-119 min),6.8,78,0,0,0
10179,The Ice Pirates,91.0,Standard (90-119 min),5.7,49,0,9000000,-9000000
15568,Gracie,97.0,Standard (90-119 min),6.0,17,2955039,9000000,-6044961
14057,Trust the Man,103.0,Standard (90-119 min),5.5,29,0,9000000,-9000000
12621,Hamlet 2,92.0,Standard (90-119 min),6.1,56,0,0,0
1808,Velvet Goldmine,119.0,Standard (90-119 min),6.9,116,1053788,0,1053788
293670,The Wailing,156.0,Very Long (150+ min),7.2,250,0,0,0
67675,Glee: The Concert Movie,84.0,Short (<90 min),6.8,79,18663238,9000000,9663238
27329,The Legend of Suriyothai,185.0,Very Long (150+ min),5.1,6,0,0,0
29514,Two Evil Eyes,120.0,Long (120-149 min),6.0,35,0,9000000,-9000000
250349,Barbecue,98.0,Standard (90-119 min),5.8,214,14348529,6000000,8348529
12454,All or Nothing,128.0,Long (120-149 min),7.0,33,0,9000000,-9000000
39806,Princess Kaiulani,130.0,Long (120-149 min),4.8,14,771499,9000000,-8228501
15699,Opal Dream,86.0,Short (<90 min),6.1,7,140666,5000000,-4859334
8883,Flame & Citron,130.0,Long (120-149 min),6.8,68,0,6500000,-6500000
17926,Undiscovered,97.0,Standard (90-119 min),4.5,12,1046166,9000000,-7953834
291081,Red Riding: In the Year of Our Lord 1974,102.0,Standard (90-119 min),7.0,54,0,0,0
41248,The Girl on the Train,105.0,Standard (90-119 min),5.6,10,0,0,0
25968,Veronika Decides to Die,103.0,Standard (90-119 min),5.8,75,0,9000000,-9000000
9671,Crocodile Dundee,97.0,Standard (90-119 min),6.3,503,328203506,5000000,323203506
52010,"Ultramarines: A Warhammer 40,000 Movie",76.0,Short (<90 min),5.2,27,0,0,0
11588,The I Inside,90.0,Standard (90-119 min),5.9,62,0,8800000,-8800000
43418,Beneath Hill 60,122.0,Long (120-149 min),7.3,40,0,7347125,-7347125
71157,Polisse,127.0,Long (120-149 min),7.9,285,20374201,0,20374201
13483,Awake,84.0,Short (<90 min),6.3,395,14373825,86000000,-71626175
333355,Star Wars: Clone Wars: Volume 1,69.0,Short (<90 min),8.0,27,0,0,0
327833,Skin Trade,96.0,Standard (90-119 min),5.6,61,0,9000000,-9000000
1547,The Lost Boys,97.0,Standard (90-119 min),6.8,538,32222567,8500000,23722567
25196,Crazy Heart,112.0,Standard (90-119 min),6.8,274,39462438,7000000,32462438
16323,The Rose,125.0,Long (120-149 min),6.8,28,29174648,9250000,19924648
175528,Baggage Claim,96.0,Standard (90-119 min),5.6,85,22456509,8500000,13956509
8069,Barbarella,98.0,Standard (90-119 min),5.7,146,2500000,9000000,-6500000
71805,Shipwrecked,92.0,Standard (90-119 min),6.1,14,0,0,0
9451,Election,99.0,Standard (90-119 min),6.7,270,0,0,0
16727,The Namesake,122.0,Long (120-149 min),6.8,50,20138836,12000000,8138836
272693,The DUFF,100.0,Standard (90-119 min),6.8,1322,43528634,8500000,35028634
10696,Glitter,104.0,Standard (90-119 min),3.4,38,5271666,22000000,-16728334
150202,The Haunting in Connecticut 2: Ghosts of Georgia,101.0,Standard (90-119 min),5.6,175,0,0,0
19644,Silmido,135.0,Long (120-149 min),6.6,28,0,8000000,-8000000
29963,Bright Star,119.0,Standard (90-119 min),6.8,107,4440055,8500000,-4059945
26022,My Name Is Khan,145.0,Long (120-149 min),7.7,232,42345360,12000000,30345360
152747,All Is Lost,106.0,Standard (90-119 min),6.6,671,6108720,9000000,-2891280
62676,Limbo,126.0,Long (120-149 min),7.0,17,1997807,8000000,-6002193
20360,Namastey London,128.0,Long (120-149 min),6.6,29,0,0,0
1116,The Wind That Shakes the Barley,124.0,Long (120-149 min),7.1,154,22889018,6500000,16389018
185008,Yeh Jawaani Hai Deewani,159.0,Very Long (150+ min),7.2,79,46000000,7700000,38300000
11620,Quo Vadis,171.0,Very Long (150+ min),7.0,63,30000000,8250000,21750000
14353,Repo! The Genetic Opera,98.0,Standard (90-119 min),6.7,100,188126,0,188126
11818,Valley of the Wolves: Iraq,122.0,Long (120-149 min),4.3,7,0,10000000,-10000000
680,Pulp Fiction,154.0,Very Long (150+ min),8.3,8428,213928762,8000000,205928762
11176,The Muppet Movie,97.0,Standard (90-119 min),7.0,164,76657000,0,76657000
242582,Nightcrawler,117.0,Standard (90-119 min),7.6,3395,38697217,8500000,30197217
11217,Club Dread,104.0,Standard (90-119 min),5.1,107,5001655,8500000,-3498345
15121,The Sound of Music,174.0,Very Long (150+ min),7.4,941,286214286,8200000,278014286
2619,Splash,111.0,Standard (90-119 min),6.1,321,69821334,8000000,61821334
773,Little Miss Sunshine,102.0,Standard (90-119 min),7.5,1686,100523181,8000000,92523181
235,Stand by Me,89.0,Short (<90 min),7.8,1522,52287414,8000000,44287414
170,28 Days Later,113.0,Standard (90-119 min),7.1,1777,82719885,5000000,77719885
14114,You Got Served,95.0,Standard (90-119 min),4.8,75,0,0,0
10734,Escape from Alcatraz,111.0,Standard (90-119 min),7.2,561,43000000,8000000,35000000
37964,Brown Sugar,109.0,Standard (90-119 min),7.0,31,27362712,8000000,19362712
28121,A Thin Line Between Love and Hate,108.0,Standard (90-119 min),5.7,15,0,0,0
40807,50/50,100.0,Standard (90-119 min),7.0,1261,39187783,8000000,31187783
10885,Shutter,85.0,Short (<90 min),5.3,180,0,0,0
225565,That Awkward Moment,94.0,Standard (90-119 min),6.1,1004,26049082,8000000,18049082
16471,Modern Problems,89.0,Short (<90 min),5.6,23,0,0,0
385736,Kicks,80.0,Short (<90 min),7.5,18,0,0,0
11971,Much Ado About Nothing,111.0,Standard (90-119 min),7.2,189,0,8000000,-8000000
668,On Her Majesty's Secret Service,142.0,Long (120-149 min),6.5,456,81974493,6500000,75474493
11596,New Nightmare,112.0,Standard (90-119 min),6.4,291,18090181,14000000,4090181
14429,Drive Me Crazy,91.0,Standard (90-119 min),5.8,62,22593409,8000000,14593409
13751,Akeelah and the Bee,112.0,Standard (90-119 min),6.7,81,18948425,8000000,10948425
9490,Half Baked,82.0,Short (<90 min),6.4,177,17460020,8000000,9460020
14536,New in Town,97.0,Standard (90-119 min),5.2,99,29010817,8000000,21010817
1359,American Psycho,102.0,Standard (90-119 min),7.3,2066,34266564,7000000,27266564
9962,The Good Girl,93.0,Standard (90-119 min),6.1,181,16856124,8000000,8856124
15049,Bon Cop Bad Cop,116.0,Standard (90-119 min),6.5,42,12671300,8000000,4671300
22821,The Boondock Saints II: All Saints Day,118.0,Standard (90-119 min),5.9,261,10629321,8000000,2629321
42819,The City of Your Final Destination,114.0,Standard (90-119 min),5.7,9,0,0,0
209263,Enough Said,93.0,Standard (90-119 min),6.6,348,25288872,0,25288872
37735,Easy A,92.0,Standard (90-119 min),6.7,2210,74952305,8000000,66952305
59930,The Inkwell,110.0,Standard (90-119 min),3.9,5,8880705,0,8880705
10873,Shadow of the Vampire,92.0,Standard (90-119 min),6.6,148,8279017,8000000,279017
51588,Prom,104.0,Standard (90-119 min),5.7,134,10130000,8000000,2130000
23570,The Pallbearer,97.0,Standard (90-119 min),4.6,30,0,8000000,-8000000
19489,Held Up,89.0,Short (<90 min),4.9,11,0,0,0
14629,Woman on Top,92.0,Standard (90-119 min),5.5,46,0,8000000,-8000000
8293,Howards End,140.0,Long (120-149 min),6.9,95,25966555,0,25966555
291270,Anomalisa,90.0,Standard (90-119 min),7.0,459,5659286,8000000,-2340714
44009,Another Year,129.0,Long (120-149 min),7.0,97,18124262,8000000,10124262
1958,8 Women,111.0,Standard (90-119 min),6.9,196,0,8000000,-8000000
13154,Showdown in Little Tokyo,79.0,Short (<90 min),5.7,95,2275557,8000000,-5724443
26618,Clay Pigeons,104.0,Standard (90-119 min),6.3,39,0,0,0
43923,It's Kind of a Funny Story,101.0,Standard (90-119 min),6.9,672,6491240,8000000,-1508760
46138,Made in Dagenham,113.0,Standard (90-119 min),6.6,94,0,7200000,-7200000
45791,When Did You Last See Your Father?,92.0,Standard (90-119 min),6.9,13,92,0,92
26306,Prefontaine,106.0,Standard (90-119 min),6.7,21,589304,8000000,-7410696
110683,The Wicked Lady,98.0,Standard (90-119 min),4.3,4,0,0,0
26963,The Secret of Kells,75.0,Short (<90 min),7.3,181,0,0,0
198277,Begin Again,104.0,Standard (90-119 min),7.3,1254,63464861,8000000,55464861
7870,Down in the Valley,112.0,Standard (90-119 min),5.9,63,852872,8000000,-7147128
13072,Brooklyn Rules,99.0,Standard (90-119 min),5.8,18,458232,8000000,-7541768
153397,Restless,180.0,Very Long (150+ min),4.9,8,0,0,0
30141,The Singing Detective,109.0,Standard (90-119 min),5.9,41,0,0,0
17044,The Land Girls,111.0,Standard (90-119 min),7.0,3,0,0,0
10288,Fido,91.0,Standard (90-119 min),6.6,135,426224,8000000,-7573776
12183,The Wendell Baker Story,99.0,Standard (90-119 min),5.2,16,0,0,0
44147,Wild Target,98.0,Standard (90-119 min),6.4,215,3453043,8000000,-4546957
12192,Pathology,95.0,Standard (90-119 min),5.6,144,0,8000000,-8000000
36597,Wuthering Heights,142.0,Long (120-149 min),6.9,37,0,0,0
13197,10th & Wolf,107.0,Standard (90-119 min),6.3,24,143451,8000000,-7856549
10913,Dear Wendy,105.0,Standard (90-119 min),5.6,33,0,0,0
251321,Aloft,112.0,Standard (90-119 min),5.1,41,53086,8000000,-7946914
149,Akira,124.0,Long (120-149 min),7.8,773,553171,8000000,-7446829
10425,The Death and Life of Bobby Z,97.0,Standard (90-119 min),5.8,103,413454,22000000,-21586546
49081,The Rocket: The Legend of Rocket Richard,124.0,Long (120-149 min),6.1,17,2019009,8000000,-5980991
256687,Swelter,96.0,Standard (90-119 min),4.6,21,0,0,0
220488,My Lucky Star,114.0,Standard (90-119 min),4.3,8,0,0,0
1544,Imagine Me & You,93.0,Standard (90-119 min),7.0,177,2455831,0,2455831
374461,Mr. Church,104.0,Standard (90-119 min),7.0,129,0,8000000,-8000000
302,Swimming Pool,102.0,Standard (90-119 min),6.4,153,22441323,7800000,14641323
182873,Green Street Hooligans: Underground,90.0,Standard (90-119 min),5.4,33,0,0,0
21512,The Blood of Heroes,100.0,Standard (90-119 min),5.9,31,882290,0,882290
389425,Code of Honor,106.0,Standard (90-119 min),4.1,16,0,8000000,-8000000
403,Driving Miss Daisy,99.0,Standard (90-119 min),7.0,350,145793296,7500000,138293296
29461,Soul Food,114.0,Standard (90-119 min),6.6,19,0,0,0
33542,Rumble in the Bronx,91.0,Standard (90-119 min),6.5,240,32392047,7500000,24892047
283708,Far from Men,110.0,Standard (90-119 min),6.6,43,0,7700000,-7700000
9388,Thank You for Smoking,92.0,Standard (90-119 min),7.1,664,24793509,6500000,18293509
1691,Hostel: Part II,93.0,Standard (90-119 min),5.6,453,35619521,10200000,25419521
24684,An Education,100.0,Standard (90-119 min),6.8,409,26096852,7500000,18596852
2610,Shopgirl,104.0,Standard (90-119 min),5.7,75,11588205,10284523,1303682
11308,The Hotel New Hampshire,109.0,Standard (90-119 min),5.8,26,0,7500000,-7500000
11022,Narc,105.0,Standard (90-119 min),6.8,142,12633747,6500000,6133747
34341,Men with Brooms,102.0,Standard (90-119 min),4.5,7,4245870,7500000,-3254130
15365,Witless Protection,97.0,Standard (90-119 min),4.0,26,0,0,0
36046,The Work and the Glory,110.0,Standard (90-119 min),6.1,7,3347647,7500000,-4152353
12569,Extract,92.0,Standard (90-119 min),5.7,192,10848783,8000000,2848783
24356,Masked and Anonymous,112.0,Standard (90-119 min),5.2,13,0,0,0
55903,Betty Fisher and Other Stories,103.0,Standard (90-119 min),7.0,3,0,0,0
2577,Code 46,92.0,Standard (90-119 min),6.2,116,0,7500000,-7500000
103903,Outside Bet,101.0,Standard (90-119 min),5.8,2,0,7500000,-7500000
73873,Albert Nobbs,113.0,Standard (90-119 min),6.2,132,5634828,8000000,-2365172
312113,Black November,95.0,Standard (90-119 min),6.4,4,0,12500000,-12500000
14165,Ta Ra Rum Pum,156.0,Very Long (150+ min),6.0,13,0,0,0
2011,Persepolis,95.0,Standard (90-119 min),7.7,450,0,7300000,-7300000
45650,The Hole,92.0,Standard (90-119 min),5.6,244,0,0,0
7735,The Wave,107.0,Standard (90-119 min),7.5,841,19000000,7500000,11500000
301365,The Neon Demon,117.0,Standard (90-119 min),6.4,887,1333124,7000000,-5666876
25941,Harry Brown,103.0,Standard (90-119 min),6.7,348,10329747,7300000,3029747
29064,The Omega Code,100.0,Standard (90-119 min),4.4,17,2400000,0,2400000
7326,Juno,96.0,Standard (90-119 min),7.0,2244,231411584,7500000,223911584
326284,Pound of Flesh,104.0,Standard (90-119 min),5.5,63,0,7500000,-7500000
681,Diamonds Are Forever,120.0,Long (120-149 min),6.3,553,116019547,7200000,108819547
238,The Godfather,175.0,Very Long (150+ min),8.4,5893,245066411,6000000,239066411
535,Flashdance,95.0,Standard (90-119 min),6.1,302,92921203,4000000,88921203
19913,(500) Days of Summer,95.0,Standard (90-119 min),7.2,2904,60722734,7500000,53222734
713,The Piano,121.0,Long (120-149 min),7.1,281,116700000,7000000,109700000
77930,Magic Mike,110.0,Standard (90-119 min),6.1,1040,167221571,7000000,160221571
10727,Darkness Falls,86.0,Short (<90 min),4.9,161,0,0,0
253,Live and Let Die,121.0,Long (120-149 min),6.4,533,161777836,7000000,154777836
17908,My Dog Skip,95.0,Standard (90-119 min),6.5,69,0,7000000,-7000000
8390,"Definitely, Maybe",112.0,Standard (90-119 min),6.7,620,55447968,0,55447968
57119,Jumping the Broom,112.0,Standard (90-119 min),6.0,56,37710610,6600000,31110610
3291,"Good Night, and Good Luck.",93.0,Standard (90-119 min),6.8,273,54600000,7000000,47600000
398,Capote,114.0,Standard (90-119 min),6.8,384,49084830,7000000,42084830
8068,Desperado,104.0,Standard (90-119 min),6.8,881,25405445,7000000,18405445
10803,Logan's Run,119.0,Standard (90-119 min),6.6,269,25000000,9000000,16000000
682,The Man with the Golden Gun,125.0,Long (120-149 min),6.3,524,97572000,7000000,90572000
10117,Action Jackson,96.0,Standard (90-119 min),4.9,50,20256975,7000000,13256975
9392,The Descent,99.0,Standard (90-119 min),6.8,1005,0,0,0
24977,Michael Jordan to the Max,46.0,Short (<90 min),7.5,10,21268532,0,21268532
79316,Devil's Due,89.0,Short (<90 min),4.4,216,36433975,7000000,29433975
2074,Flirting with Disaster,92.0,Standard (90-119 min),6.3,66,14702438,7000000,7702438
1696,The Devil's Rejects,107.0,Standard (90-119 min),6.6,322,0,0,0
308639,Dope,103.0,Standard (90-119 min),7.2,691,17986781,700000,17286781
22314,In Too Deep,97.0,Standard (90-119 min),6.2,17,14011454,7000000,7011454
2662,House of 1000 Corpses,89.0,Short (<90 min),6.0,306,16829545,7000000,9829545
77156,Alien Zone,90.0,Standard (90-119 min),4.0,3,0,0,0
12573,A Serious Man,105.0,Standard (90-119 min),6.6,483,31430334,7000000,24430334
44718,Get Low,103.0,Standard (90-119 min),6.5,100,0,7500000,-7500000
11342,Warlock,103.0,Standard (90-119 min),5.8,95,0,7000000,-7000000
241771,Beyond the Lights,116.0,Standard (90-119 min),7.0,139,14618727,7000000,7618727
34653,A Single Man,101.0,Standard (90-119 min),7.3,463,0,7000000,-7000000
11051,The Last Temptation of Christ,164.0,Very Long (150+ min),7.0,201,8373585,7000000,1373585
14578,Outside Providence,96.0,Standard (90-119 min),5.6,30,7292175,7000000,292175
57825,Bride & Prejudice,111.0,Standard (90-119 min),6.5,110,0,7000000,-7000000
9555,Rabbit-Proof Fence,94.0,Standard (90-119 min),6.8,84,0,0,0
15581,Who's Your Caddy?,93.0,Standard (90-119 min),3.8,18,0,0,0
13006,Split Second,90.0,Standard (90-119 min),5.7,63,5,7,-2
16651,The Other Side of Heaven,113.0,Standard (90-119 min),6.7,14,4720371,7000000,-2279629
4251,Veer-Zaara,192.0,Very Long (150+ min),7.4,64,29385320,7000000,22385320
12400,Redbelt,99.0,Standard (90-119 min),6.4,76,0,7000000,-7000000
39053,Cyrus,91.0,Standard (90-119 min),6.1,133,0,7000000,-7000000
104896,A Dog Of Flanders,96.0,Standard (90-119 min),6.4,6,0,0,0
14112,Auto Focus,104.0,Standard (90-119 min),6.1,56,2062066,7000000,-4937934
12271,Factory Girl,90.0,Standard (90-119 min),6.2,81,0,7000000,-7000000
71859,We Need to Talk About Kevin,112.0,Standard (90-119 min),7.4,677,6038942,7000000,-961058
226354,The Christmas Candle,100.0,Standard (90-119 min),5.8,8,0,0,0
48620,The Mighty Macs,102.0,Standard (90-119 min),5.0,15,0,7000000,-7000000
33676,Losin' It,100.0,Standard (90-119 min),4.5,31,1246141,7000000,-5753859
37080,Mother and Child,125.0,Long (120-149 min),6.7,46,0,7000000,-7000000
25388,March or Die,107.0,Standard (90-119 min),6.2,16,0,0,0
11687,The Visitors,107.0,Standard (90-119 min),7.1,420,0,0,0
39210,Somewhere,98.0,Standard (90-119 min),6.0,208,0,8000000,-8000000
30128,I Hope They Serve Beer in Hell,106.0,Standard (90-119 min),5.7,20,1429299,7000000,-5570701
31535,Chairman of the Board,95.0,Standard (90-119 min),2.7,13,0,0,0
44835,Hesher,106.0,Standard (90-119 min),6.7,212,382946,7000000,-6617054
192134,Dom Hemingway,93.0,Standard (90-119 min),5.8,212,523511,0,523511
1956,Gerry,103.0,Standard (90-119 min),6.2,68,0,3500000,-3500000
24985,The Heart of Me,96.0,Standard (90-119 min),7.7,5,0,7000000,-7000000
306745,Freeheld,103.0,Standard (90-119 min),7.1,164,573335,7000000,-6426665
47088,The Extra Man,108.0,Standard (90-119 min),5.9,29,453079,7000000,-6546921
110402,Hard to Be a God,170.0,Very Long (150+ min),6.7,41,1310673,7000000,-5689327
27004,Ca$h,108.0,Standard (90-119 min),6.0,73,46488,7000000,-6953512
15013,Wah-Wah,120.0,Long (120-149 min),6.3,8,0,0,0
8374,The Boondock Saints,108.0,Standard (90-119 min),7.2,837,30471,6000000,-5969529
277519,Z Storm,92.0,Standard (90-119 min),5.8,5,0,0,0
78381,Twixt,84.0,Short (<90 min),5.0,85,0,7000000,-7000000
164372,The Snow Queen,76.0,Short (<90 min),5.1,47,12400000,7000000,5400000
294512,Alpha and Omega: The Legend of the Saw Tooth Cave,53.0,Short (<90 min),6.5,4,0,0,0
8879,Pale Rider,115.0,Standard (90-119 min),7.0,251,41410568,0,41410568
13001,Stargate: The Ark of Truth,97.0,Standard (90-119 min),6.9,140,8900000,7000000,1900000
9571,Dazed and Confused,102.0,Standard (90-119 min),7.4,583,7993039,6900000,1093039
13649,High School Musical 2,104.0,Standard (90-119 min),6.1,843,7000000,0,7000000
325373,Two Lovers and a Bear,96.0,Standard (90-119 min),6.8,27,0,0,0
334527,Criminal Activities,94.0,Standard (90-119 min),5.8,110,0,7000000,-7000000
2211,Aimee & Jaguar,125.0,Long (120-149 min),6.3,20,0,0,0
13919,The Chumscrubber,108.0,Standard (90-119 min),6.7,62,0,0,0
14576,Shade,101.0,Standard (90-119 min),6.1,73,0,6800000,-6800000
82505,House at the End of the Street,101.0,Standard (90-119 min),5.6,555,44287131,6900000,37387131
46738,Incendies,130.0,Long (120-149 min),7.9,479,7103838,6800000,303838
38970,"Remember Me, My Love",125.0,Long (120-149 min),5.8,44,0,0,0
41009,Perrier’s Bounty,88.0,Short (<90 min),5.1,24,0,0,0
7347,Elite Squad,115.0,Standard (90-119 min),7.8,504,0,4000000,-4000000
250546,Annabelle,99.0,Standard (90-119 min),5.6,1517,255273813,6500000,248773813
38415,Bran Nue Dae,82.0,Short (<90 min),5.2,6,7,7,0
650,Boyz n the Hood,112.0,Standard (90-119 min),7.4,364,57504069,6500000,51004069
16620,La Bamba,108.0,Standard (90-119 min),6.8,116,54215416,6500000,47715416
25113,The Four Seasons,107.0,Standard (90-119 min),6.3,16,0,0,0
11033,Dressed to Kill,105.0,Standard (90-119 min),6.8,157,31899000,6500000,25399000
34723,The Adventures of Huck Finn,108.0,Standard (90-119 min),6.2,42,0,6500000,-6500000
9430,Go,98.0,Standard (90-119 min),7.0,196,28451622,6500000,21951622
8998,Friends with Money,88.0,Short (<90 min),5.1,128,13368437,6500000,6868437
10514,The Andromeda Strain,131.0,Long (120-149 min),7.0,190,12376563,6500000,5876563
10496,Bats,91.0,Standard (90-119 min),4.1,35,10,0,10
1591,Nowhere in Africa,140.0,Long (120-149 min),7.0,32,0,0,0
76025,Shame,100.0,Standard (90-119 min),7.0,875,17693675,6500000,11193675
4836,Layer Cake,105.0,Standard (90-119 min),7.0,559,11850214,6500000,5350214
14631,The Work and the Glory II: American Zion,100.0,Standard (90-119 min),8.0,6,2025032,6500000,-4474968
87499,The East,116.0,Standard (90-119 min),6.5,305,2401510,6500000,-4098490
18923,A Home at the End of the World,96.0,Standard (90-119 min),6.8,45,1548955,6500000,-4951045
26665,Aberdeen,113.0,Standard (90-119 min),7.0,6,0,0,0
28089,The Messenger,113.0,Standard (90-119 min),7.1,119,1521261,6500000,-4978739
62255,Tracker,102.0,Standard (90-119 min),6.0,16,0,6500000,-6500000
5708,Control,121.0,Long (120-149 min),7.5,200,8159508,0,8159508
218,The Terminator,108.0,Standard (90-119 min),7.3,4128,78371200,6400000,71971200
338,"Good bye, Lenin!",121.0,Long (120-149 min),7.4,586,79384880,4800000,74584880
21641,The Damned United,97.0,Standard (90-119 min),7.2,152,0,10000000,-10000000
10925,The Return of the Living Dead,91.0,Standard (90-119 min),7.3,267,14237000,4000000,10237000
2293,Mallrats,94.0,Standard (90-119 min),6.8,392,2122561,6000000,-3877439
621,Grease,110.0,Standard (90-119 min),7.2,1581,181813770,6000000,175813770
792,Platoon,120.0,Long (120-149 min),7.5,1205,138530565,6000000,132530565
1777,Fahrenheit 9/11,122.0,Long (120-149 min),6.8,397,119114517,6000000,113114517
642,Butch Cassidy and the Sundance Kid,110.0,Standard (90-119 min),7.4,650,102308889,6000000,96308889
433,Mary Poppins,139.0,Long (120-149 min),7.4,1183,102272727,6000000,96272727
16619,Ordinary People,124.0,Long (120-149 min),7.4,145,0,6000000,-6000000
1725,West Side Story,152.0,Very Long (150+ min),7.0,389,43656822,6000000,37656822
11977,Caddyshack,98.0,Standard (90-119 min),6.6,365,39846344,6000000,33846344
20322,The Brothers,106.0,Standard (90-119 min),6.5,10,0,0,0
16158,The Wood,106.0,Standard (90-119 min),7.1,34,25059640,6000000,19059640
629,The Usual Suspects,106.0,Standard (90-119 min),8.1,3254,23341568,6000000,17341568
10160,A Nightmare on Elm Street 5: The Dream Child,89.0,Short (<90 min),5.5,245,22168359,8000000,14168359
11452,National Lampoon’s Van Wilder,92.0,Standard (90-119 min),5.9,858,38275483,5000000,33275483
12163,The Wrestler,109.0,Standard (90-119 min),7.3,1000,44703995,6000000,38703995
32275,Duel in the Sun,144.0,Long (120-149 min),6.2,37,20400000,6000000,14400000
13785,Best in Show,90.0,Standard (90-119 min),6.7,166,0,0,0
1103,Escape from New York,99.0,Standard (90-119 min),6.9,703,50244700,6000000,44244700
36739,School Daze,121.0,Long (120-149 min),6.2,26,0,0,0
14144,Daddy Day Camp,89.0,Short (<90 min),4.4,91,18197398,6000000,12197398
10622,Mr. Nice Guy,113.0,Standard (90-119 min),6.3,128,18814720,12716953,6097767
13370,A Mighty Wind,91.0,Standard (90-119 min),6.6,74,18750246,6000000,12750246
11191,Mystic Pizza,104.0,Standard (90-119 min),5.9,123,0,0,0
10215,Sliding Doors,99.0,Standard (90-119 min),6.5,354,58000000,6000000,52000000
25066,Tales from the Hood,98.0,Standard (90-119 min),5.4,32,12000000,6000000,6000000
1523,The Last King of Scotland,121.0,Long (120-149 min),7.4,558,48027970,6000000,42027970
11361,Halloween 5: The Revenge of Michael Myers,96.0,Standard (90-119 min),5.2,183,11642254,5000000,6642254
92591,Bernie,100.0,Standard (90-119 min),6.5,320,9206470,5000000,4206470
57612,Dolphins and Whales: Tribes of the Ocean,42.0,Short (<90 min),8.0,3,7518876,6000000,1518876
12509,Pollock,122.0,Long (120-149 min),6.6,91,0,0,0
15256,200 Cigarettes,101.0,Standard (90-119 min),6.1,44,6852450,6000000,852450
83686,The Words,96.0,Standard (90-119 min),6.4,379,13231461,6000000,7231461
80304,Casa De Mi Padre,84.0,Short (<90 min),5.5,103,0,0,0
28053,City Island,104.0,Standard (90-119 min),6.9,113,6670712,6000000,670712
67913,The Guard,96.0,Standard (90-119 min),6.8,372,19560274,6000000,13560274
13991,College,94.0,Standard (90-119 min),4.8,48,6230276,7000000,-769724
1443,The Virgin Suicides,97.0,Standard (90-119 min),7.1,817,10409377,6000000,4409377
8545,Little Voice,97.0,Standard (90-119 min),6.6,61,0,0,0
19556,Miss March,89.0,Short (<90 min),5.4,77,0,0,0
231576,Wish I Was Here,120.0,Long (120-149 min),6.4,300,5483299,5500000,-16701
16172,Simply Irresistible,95.0,Standard (90-119 min),5.5,52,4398989,6000000,-1601011
13403,Hedwig and the Angry Inch,95.0,Standard (90-119 min),7.4,80,0,0,0
15797,Only the Strong,99.0,Standard (90-119 min),6.9,29,3283371,6000000,-2716629
347764,Goddess of Love,96.0,Standard (90-119 min),6.2,9,0,0,0
13537,Shattered Glass,94.0,Standard (90-119 min),6.6,111,2944752,6000000,-3055248
20794,Novocaine,95.0,Standard (90-119 min),6.0,44,2025238,6000000,-3974762
31064,The Business of Strangers,84.0,Short (<90 min),5.7,19,0,0,0
576,The Wild Bunch,145.0,Long (120-149 min),7.6,259,638641,6244087,-5605446
13990,The Wackness,99.0,Standard (90-119 min),6.2,94,2899975,6000000,-3100025
11583,The First Great Train Robbery,110.0,Standard (90-119 min),6.6,74,0,6000000,-6000000
18602,Morvern Callar,97.0,Standard (90-119 min),7.2,34,0,0,0
27549,Beastmaster 2: Through the Portal of Time,107.0,Standard (90-119 min),4.6,17,869325,6000000,-5130675
59728,The 5th Quarter,97.0,Standard (90-119 min),4.7,12,399611,6000000,-5600389
10930,The Flower of Evil,104.0,Standard (90-119 min),5.7,10,0,0,0
32395,The Greatest,99.0,Standard (90-119 min),6.2,34,0,6000000,-6000000
58882,Snow Flower and the Secret Fan,104.0,Standard (90-119 min),5.3,22,1332231,134005,1198226
7547,Come Early Morning,97.0,Standard (90-119 min),5.9,10,0,6000000,-6000000
35944,Lucky Break,107.0,Standard (90-119 min),6.5,11,0,0,0
42222,Julia,117.0,Standard (90-119 min),6.3,30,0,0,0
13827,"Surfer, Dude",85.0,Short (<90 min),4.7,25,69497,6000000,-5930503
44260,Lake of Fire,152.0,Very Long (150+ min),8.0,10,25,0,25
9282,11:14,86.0,Short (<90 min),6.8,206,0,6000000,-6000000
38940,Men of War,103.0,Standard (90-119 min),5.4,29,0,0,0
35689,Don McKay,87.0,Short (<90 min),5.4,21,0,0,0
97614,Deadfall,95.0,Standard (90-119 min),5.6,224,66351,12000000,-11933649
37206,A Shine of Rainbows,101.0,Standard (90-119 min),6.3,14,0,6000000,-6000000
58626,The Hit List,90.0,Standard (90-119 min),5.2,73,0,6000000,-6000000
183894,Emma,240.0,Very Long (150+ min),7.6,38,0,0,0
837,Videodrome,87.0,Short (<90 min),7.1,454,2120439,5952000,-3831561
1555,The Spanish Apartment,122.0,Long (120-149 min),7.0,266,3897799,5300000,-1402201
244783,Song One,86.0,Short (<90 min),5.5,87,32251,6000000,-5967749
16564,Winter in Wartime,103.0,Standard (90-119 min),6.8,66,530048,4000000,-3469952
168027,Freaky Deaky,90.0,Standard (90-119 min),4.9,18,0,0,0
3482,The Train,133.0,Long (120-149 min),7.2,72,6800000,5800000,1000000
135595,Trade Of Innocents,91.0,Standard (90-119 min),5.5,12,0,0,0
8982,The Protector,108.0,Standard (90-119 min),6.8,167,27165581,6000000,21165581
89861,Stiff Upper Lips,99.0,Standard (90-119 min),10.0,1,0,0,0
455,Bend It Like Beckham,112.0,Standard (90-119 min),6.2,578,76578641,3500159,73078482
57022,Sunshine State,141.0,Long (120-149 min),6.0,10,0,0,0
14351,Crossover,95.0,Standard (90-119 min),4.2,10,7000000,5800000,1200000
147767,Khiladi 786,139.0,Long (120-149 min),4.7,11,126,0,126
10664,[REC]²,85.0,Short (<90 min),6.4,489,18469680,5600000,12869680
55567,Standing Ovation,105.0,Standard (90-119 min),3.9,6,531826,0,531826
9277,The Sting,129.0,Long (120-149 min),7.9,622,159616327,5500000,154116327
9443,Chariots of Fire,123.0,Long (120-149 min),6.8,207,58972904,5500000,53472904
16186,Diary of a Mad Black Woman,116.0,Standard (90-119 min),6.4,71,0,0,0
7863,Shine,105.0,Standard (90-119 min),7.3,131,0,0,0
138697,Don Jon,90.0,Standard (90-119 min),5.9,1671,0,6000000,-6000000
11901,High Plains Drifter,105.0,Standard (90-119 min),7.4,278,15700000,5500000,10200000
1548,Ghost World,111.0,Standard (90-119 min),7.1,426,0,7000000,-7000000
11889,Iris,91.0,Standard (90-119 min),6.2,47,0,0,0
33155,Galaxina,95.0,Standard (90-119 min),3.3,16,4865000,5500000,-635000
5528,The Chorus,96.0,Standard (90-119 min),7.5,526,0,0,0
321,Mambo Italiano,92.0,Standard (90-119 min),5.6,28,3031801,4361898,-1330097
4997,Wonderland,104.0,Standard (90-119 min),6.2,73,2466444,5000000,-2533556
925,Do the Right Thing,120.0,Long (120-149 min),7.6,292,37295445,6500000,30795445
27451,Harvard Man,99.0,Standard (90-119 min),4.8,15,0,0,0
73532,Le Havre,93.0,Standard (90-119 min),6.8,97,0,3850000,-3850000
979,Irreversible,97.0,Standard (90-119 min),7.1,538,792,0,792
193722,R100,100.0,Standard (90-119 min),5.4,31,0,5500000,-5500000
7913,Rang De Basanti,157.0,Very Long (150+ min),7.2,97,11502151,2200000,9302151
253253,Animals,90.0,Standard (90-119 min),6.2,9,0,0,0
51995,Salvation Boulevard,96.0,Standard (90-119 min),5.6,28,0,8000000,-8000000
13173,The Ten,96.0,Standard (90-119 min),4.9,57,0,0,0
22908,A Room for Romeo Brass,90.0,Standard (90-119 min),7.3,18,0,0,0
70670,Headhunters,100.0,Standard (90-119 min),7.1,399,15699707,0,15699707
84204,Grabbers,94.0,Standard (90-119 min),6.0,140,0,0,0
25248,Saint Ralph,95.0,Standard (90-119 min),7.3,24,0,0,0
230266,Miss Julie,120.0,Long (120-149 min),5.9,45,5000000,5500000,-500000
16633,Somewhere in Time,103.0,Standard (90-119 min),7.2,102,0,5100000,-5100000
63006,Dum Maaro Dum,130.0,Long (120-149 min),5.4,7,0,0,0
91586,Insidious: Chapter 2,106.0,Standard (90-119 min),6.5,1211,0,5000000,-5000000
215,Saw II,92.0,Standard (90-119 min),6.3,1251,152925093,4000000,148925093
333371,10 Cloverfield Lane,103.0,Standard (90-119 min),6.8,2468,108286421,15000000,93286421
9012,Jackass: The Movie,87.0,Short (<90 min),6.1,345,64282312,5000000,59282312
345911,Lights Out,81.0,Short (<90 min),6.3,1129,44107032,4900000,39207032
72571,Paranormal Activity 3,83.0,Short (<90 min),5.9,669,205703818,5000000,200703818
242512,Ouija,89.0,Short (<90 min),4.9,983,103590271,5000000,98590271
10072,A Nightmare on Elm Street 3: Dream Warriors,96.0,Standard (90-119 min),6.5,354,44793222,5000000,39793222
211954,Instructions Not Included,115.0,Standard (90-119 min),7.5,205,99067206,5500000,93567206
82990,Paranormal Activity 4,95.0,Standard (90-119 min),5.2,563,142817992,5000000,137817992
29912,The Robe,135.0,Long (120-149 min),6.4,42,36000000,4100000,31900000
11843,The Return of the Pink Panther,113.0,Standard (90-119 min),6.7,137,41833347,5000000,36833347
11284,Freddy's Dead: The Final Nightmare,89.0,Short (<90 min),5.1,272,34872033,11000000,23872033
504,Monster,110.0,Standard (90-119 min),7.0,485,60378584,8000000,52378584
173,"20,000 Leagues Under the Sea",127.0,Long (120-149 min),6.8,157,28200000,5000000,23200000
227348,Paranormal Activity: The Marked Ones,84.0,Short (<90 min),5.2,449,86362372,5000000,81362372
1955,The Elephant Man,124.0,Long (120-149 min),7.9,719,26010864,5000000,21010864
152532,Dallas Buyers Club,117.0,Standard (90-119 min),7.9,2886,55198285,5000000,50198285
243940,The Lazarus Effect,83.0,Short (<90 min),5.1,505,64110728,3300000,60810728
77,Memento,113.0,Standard (90-119 min),8.1,4028,39723096,9000000,30723096
157547,Oculus,104.0,Standard (90-119 min),6.3,1050,44030246,5000000,39030246
2295,Clerks II,97.0,Standard (90-119 min),6.9,398,26888376,5000000,21888376
71,Billy Elliot,110.0,Standard (90-119 min),7.4,750,110000000,5000000,105000000
147773,The Way Way Back,103.0,Standard (90-119 min),7.1,688,23198652,4600000,18598652
16096,House Party 2,94.0,Standard (90-119 min),4.7,21,0,0,0
24266,The Man from Snowy River,104.0,Standard (90-119 min),6.8,37,20659423,3500000,17159423
16508,Doug's 1st Movie,77.0,Short (<90 min),5.4,22,0,0,0
2895,The Apostle,134.0,Long (120-149 min),6.1,38,0,5000000,-5000000
15660,Mommie Dearest,129.0,Long (120-149 min),6.5,54,0,0,0
59968,Our Idiot Brother,90.0,Standard (90-119 min),5.9,365,17273593,10000000,7273593
323677,Race,134.0,Long (120-149 min),7.1,478,24804129,5000000,19804129
19848,The Players Club,104.0,Standard (90-119 min),6.4,14,0,0,0
256274,"As Above, So Below",93.0,Standard (90-119 min),6.1,766,40100000,5000000,35100000
235271,Addicted,105.0,Standard (90-119 min),5.4,63,0,0,0
45153,Eve's Bayou,109.0,Standard (90-119 min),6.1,27,0,0,0
284293,Still Alice,99.0,Standard (90-119 min),7.5,1104,43884652,5000000,38884652
24973,The Egyptian,139.0,Long (120-149 min),6.0,11,15000000,5000000,10000000
21610,Nighthawks,99.0,Standard (90-119 min),6.4,86,19905359,5000000,14905359
10283,Friday the 13th Part VIII: Jason Takes Manhattan,100.0,Standard (90-119 min),4.8,191,14000000,5000000,9000000
8346,My Big Fat Greek Wedding,95.0,Standard (90-119 min),6.2,671,368744044,5000000,363744044
122081,Spring Breakers,94.0,Standard (90-119 min),5.0,1551,31724284,5000000,26724284
10987,Halloween: The Curse of Michael Myers,88.0,Short (<90 min),5.0,170,15116634,5000000,10116634
1391,Y Tu Mamá También,106.0,Standard (90-119 min),7.3,315,33616692,5000000,28616692
747,Shaun of the Dead,99.0,Standard (90-119 min),7.5,2420,30039392,4000000,26039392
14745,The Haunting of Molly Hartley,82.0,Short (<90 min),4.3,48,0,0,0
26748,Lone Star,135.0,Long (120-149 min),6.9,77,13269963,5000000,8269963
11357,Halloween 4: The Return of Michael Myers,88.0,Short (<90 min),5.9,209,17768757,5000000,12768757
24913,April Fool's Day,89.0,Short (<90 min),5.8,73,0,5000000,-5000000
13776,Diner,110.0,Standard (90-119 min),6.9,83,0,0,0
14854,Lone Wolf McQuade,107.0,Standard (90-119 min),5.5,67,12232628,5000000,7232628
50357,Apollo 18,86.0,Short (<90 min),5.0,356,25562924,5000000,20562924
13090,Sunshine Cleaning,102.0,Standard (90-119 min),6.5,255,16174377,5000000,11174377
192141,No Escape,103.0,Standard (90-119 min),6.7,777,54418872,5000000,49418872
16441,The Beastmaster,118.0,Standard (90-119 min),6.0,97,14056528,0,14056528
29996,Solomon and Sheba,139.0,Long (120-149 min),5.4,8,12200000,5000000,7200000
351819,Fifty Shades of Black,92.0,Standard (90-119 min),4.3,331,21164799,20000000,1164799
14834,Not Easily Broken,99.0,Standard (90-119 min),6.3,9,0,0,0
22649,A Farewell to Arms,89.0,Short (<90 min),6.2,28,25,4,21
378200,The Perfect Match,96.0,Standard (90-119 min),5.2,42,0,0,0
20455,Digimon: The Movie,82.0,Short (<90 min),6.2,72,0,5500000,-5500000
13193,Saved!,92.0,Standard (90-119 min),6.3,147,0,0,0
11042,The Barbarian Invasions,99.0,Standard (90-119 min),6.7,77,3432342,8000000,-4567658
10786,Robin and Marian,106.0,Standard (90-119 min),6.6,50,0,0,0
12484,The Forsaken,90.0,Standard (90-119 min),4.9,47,0,5000000,-5000000
17339,Force 10 from Navarone,118.0,Standard (90-119 min),6.4,91,7230000,5000000,2230000
11959,UHF,97.0,Standard (90-119 min),6.7,89,0,5000000,-5000000
9900,Grandma's Boy,94.0,Standard (90-119 min),6.6,220,6538177,0,6538177
14662,Slums of Beverly Hills,91.0,Standard (90-119 min),6.5,44,0,5000000,-5000000
335,Once Upon a Time in the West,175.0,Very Long (150+ min),8.1,1128,5321508,5000000,321508
15745,Made,94.0,Standard (90-119 min),6.3,55,5476060,5000000,476060
17431,Moon,97.0,Standard (90-119 min),7.6,1794,9760104,5000000,4760104
21014,Keeping Up with the Steins,90.0,Standard (90-119 min),5.2,18,0,0,0
78394,Sea Rex 3D: Journey to a Prehistoric World,41.0,Short (<90 min),5.9,11,4074023,5000000,-925977
10217,The Sweet Hereafter,112.0,Standard (90-119 min),6.8,103,3263585,5000000,-1736415
46332,Of Gods and Men,120.0,Long (120-149 min),6.5,91,41424067,4000000,37424067
13996,Bottle Shock,110.0,Standard (90-119 min),6.6,60,4040588,5000000,-959412
3028,Jekyll and Hyde ... Together Again,87.0,Short (<90 min),4.6,5,0,0,0
1024,Heavenly Creatures,99.0,Standard (90-119 min),7.0,294,3049135,5000000,-1950865
343795,90 Minutes in Heaven,121.0,Long (120-149 min),5.4,40,4842699,5000000,-157301
45658,Everything Must Go,97.0,Standard (90-119 min),6.0,208,2614773,5000000,-2385227
16148,Zero Effect,116.0,Standard (90-119 min),6.0,55,1980338,5000000,-3019662
4553,The Machinist,101.0,Standard (90-119 min),7.3,1247,8203235,5000000,3203235
36351,Light Sleeper,103.0,Standard (90-119 min),5.7,15,0,5000000,-5000000
245916,Kill the Messenger,112.0,Standard (90-119 min),6.6,355,2450846,5000000,-2549154
27585,Rabbit Hole,91.0,Standard (90-119 min),6.9,165,5129058,5000000,129058
1415,Party Monster,98.0,Standard (90-119 min),5.9,58,742898,5000000,-4257102
313922,Green Room,95.0,Standard (90-119 min),6.7,683,3220371,5000000,-1779629
14474,The Oh in Ohio,88.0,Short (<90 min),5.8,27,0,5000000,-5000000
199933,Atlas Shrugged Part III: Who is John Galt?,99.0,Standard (90-119 min),3.9,15,846704,5000000,-4153296
13685,Bottle Rocket,91.0,Standard (90-119 min),6.8,281,560069,7000000,-6439931
8744,Albino Alligator,97.0,Standard (90-119 min),5.6,45,0,6000000,-6000000
38428,"Gandhi, My Father",136.0,Long (120-149 min),6.0,2,0,0,0
8847,Standard Operating Procedure,117.0,Standard (90-119 min),6.6,14,0,0,0
39269,Out of the Blue,94.0,Standard (90-119 min),6.5,17,0,0,0
46838,Tucker and Dale vs Evil,89.0,Short (<90 min),7.3,847,5476793,5000000,476793
51384,"Lovely, Still",92.0,Standard (90-119 min),6.2,13,0,0,0
56930,Tycoon,128.0,Long (120-149 min),6.6,4,0,0,0
41730,Desert Blue,90.0,Standard (90-119 min),5.5,9,0,0,0
18442,Decoys,95.0,Standard (90-119 min),4.7,33,0,5000000,-5000000
298312,The Visit,94.0,Standard (90-119 min),6.0,1360,98450062,5000000,93450062
11600,Redacted,90.0,Standard (90-119 min),6.2,37,782102,5000000,-4217898
71547,Fascination,95.0,Standard (90-119 min),3.8,4,0,0,0
57876,Area 51,91.0,Standard (90-119 min),4.2,151,0,5000000,-5000000
77495,Sleep Tight,107.0,Standard (90-119 min),7.0,202,0,5000000,-5000000
13849,The Cottage,92.0,Standard (90-119 min),6.3,80,0,0,0
14849,Dead Like Me: Life After Death,87.0,Short (<90 min),5.8,65,0,0,0
12486,Farce of the Penguins,80.0,Short (<90 min),3.2,13,0,0,0
19615,Flying By,95.0,Standard (90-119 min),7.0,2,0,0,0
244403,Rudderless,105.0,Standard (90-119 min),7.4,105,0,5000000,-5000000
292481,Henry & Me,67.0,Short (<90 min),3.0,3,0,5000000,-5000000
340816,Christmas Eve,95.0,Standard (90-119 min),6.1,24,0,0,0
78814,We Have Your Husband,89.0,Short (<90 min),5.0,3,0,0,0
297596,Dying of the Light,94.0,Standard (90-119 min),4.5,118,0,15000000,-15000000
299552,Born Of War,109.0,Standard (90-119 min),4.1,7,0,0,0
11935,Capricorn One,123.0,Long (120-149 min),6.4,131,0,5000000,-5000000
113406,Should've Been Romeo,0.0,Short (<90 min),0.0,0,0,0,0
447027,Running Forever,88.0,Short (<90 min),0.0,0,0,0,0
290825,Yoga Hosers,88.0,Short (<90 min),4.7,102,0,5000000,-5000000
361159,Navy Seals vs. Zombies,97.0,Standard (90-119 min),3.5,36,0,0,0
12555,I Served the King of England,120.0,Long (120-149 min),7.0,22,0,0,0
31175,Soul Kitchen,99.0,Standard (90-119 min),7.1,116,17872796,5000000,12872796
12498,Sling Blade,135.0,Long (120-149 min),7.4,231,24475416,1000000,23475416
77949,The Awakening,107.0,Standard (90-119 min),6.3,458,209696,4798235,-4588539
1690,Hostel,94.0,Standard (90-119 min),5.7,887,80578934,4800000,75778934
8435,A Cock and Bull Story,94.0,Standard (90-119 min),6.2,43,0,0,0
64720,Take Shelter,120.0,Long (120-149 min),7.1,471,3099314,5000000,-1900686
49365,Lady in White,112.0,Standard (90-119 min),6.3,25,0,0,0
11404,Driving Lessons,98.0,Standard (90-119 min),6.3,47,0,0,0
300706,Let's Kill Ward's Wife,81.0,Short (<90 min),5.5,76,0,5000000,-5000000
16337,The Texas Chainsaw Massacre 2,101.0,Standard (90-119 min),5.9,139,8025872,4700000,3325872
11577,Pat Garrett & Billy the Kid,106.0,Standard (90-119 min),7.2,65,11000000,4638783,6361217
77987,Only God Forgives,90.0,Standard (90-119 min),5.6,862,10337387,4800000,5537387
40185,Camping Sauvage,80.0,Short (<90 min),4.8,4,0,0,0
68202,Without Men,83.0,Short (<90 min),4.6,8,0,4,-4
8981,Dear Frankie,105.0,Standard (90-119 min),7.0,46,0,0,0
10914,All Hat,89.0,Short (<90 min),1.0,1,0,0,0
50848,The Names of Love,100.0,Standard (90-119 min),7.3,93,0,4600000,-4600000
166624,Treading Water,92.0,Standard (90-119 min),5.6,6,0,4700000,-4700000
10822,Savage Grace,97.0,Standard (90-119 min),5.7,60,0,4600000,-4600000
10844,Out of the Blue,103.0,Standard (90-119 min),5.9,18,0,0,0
9336,Police Academy,96.0,Standard (90-119 min),6.5,602,146198896,4500000,141698896
5689,The Blue Lagoon,104.0,Standard (90-119 min),5.8,408,58853106,4500000,54353106
712,Four Weddings and a Funeral,117.0,Standard (90-119 min),6.6,632,254700832,6000000,248700832
13342,Fast Times at Ridgemont High,90.0,Standard (90-119 min),7.0,322,27092880,4500000,22592880
10339,Moby Dick,116.0,Standard (90-119 min),6.9,89,10400000,4500000,5900000
1429,25th Hour,135.0,Long (120-149 min),7.2,629,13060843,15000000,-1939157
9303,Bound,108.0,Standard (90-119 min),6.9,198,7011317,4500000,2511317
641,Requiem for a Dream,102.0,Standard (90-119 min),7.9,2443,7390108,4500000,2890108
27686,State Fair,96.0,Standard (90-119 min),6.2,19,0,0,0
65749,Tango,115.0,Standard (90-119 min),6.8,6,0,0,0
6106,Salvador,123.0,Long (120-149 min),7.0,71,0,4500000,-4500000
252680,Moms' Night Out,98.0,Standard (90-119 min),5.5,121,10429707,5000000,5429707
141,Donnie Darko,113.0,Standard (90-119 min),7.7,3452,1270522,6000000,-4729478
66607,Saving Private Perez,105.0,Standard (90-119 min),6.1,18,0,0,0
17139,Character,122.0,Long (120-149 min),7.7,25,0,4500000,-4500000
12079,Spun,101.0,Standard (90-119 min),6.6,132,0,2000000,-2000000
39800,Life During Wartime,97.0,Standard (90-119 min),6.3,30,744816,4500000,-3755184
4550,Sympathy for Lady Vengeance,115.0,Standard (90-119 min),7.4,356,23803308,0,23803308
62116,Mozart's Sister,120.0,Long (120-149 min),6.2,13,0,0,0
9991,Mean Machine,99.0,Standard (90-119 min),6.0,157,0,0,0
13807,Exiled,110.0,Standard (90-119 min),7.0,46,0,4500000,-4500000
68818,Blackthorn,98.0,Standard (90-119 min),6.6,73,623528,0,623528
12093,Lilya 4-ever,109.0,Standard (90-119 min),7.7,139,0,0,0
36419,After.Life,104.0,Standard (90-119 min),5.4,251,3606395,4500000,-893605
281730,Fugly,134.0,Long (120-149 min),5.3,2,0,0,0
510,One Flew Over the Cuckoo's Nest,133.0,Long (120-149 min),8.2,2919,108981275,3000000,105981275
362105,R.L. Stine's Monsterville: The Cabinet of Souls,85.0,Short (<90 min),6.9,35,0,4400000,-4400000
10970,Silent Movie,86.0,Short (<90 min),6.7,78,0,0,0
375290,Airlift,126.0,Long (120-149 min),7.3,57,32000000,4500000,27500000
17663,Anne of Green Gables,199.0,Very Long (150+ min),8.2,68,0,0,0
270938,Falcon Rising,103.0,Standard (90-119 min),5.5,71,0,0,0
116613,The Sweeney,112.0,Standard (90-119 min),5.7,109,6294161,3730500,2563661
11826,Sexy Beast,89.0,Short (<90 min),7.0,217,0,5000000,-5000000
29920,Easy Money,124.0,Long (120-149 min),6.5,63,0,0,0
1088,Whale Rider,101.0,Standard (90-119 min),7.1,111,41400000,8000000,33400000
26379,Paa,133.0,Long (120-149 min),6.6,19,0,3250000,-3250000
34069,Cargo,120.0,Long (120-149 min),5.9,140,0,0,0
10947,High School Musical,98.0,Standard (90-119 min),6.1,1000,0,4200000,-4200000
47452,Love and Death on Long Island,93.0,Standard (90-119 min),6.9,11,0,0,0
3040,Night Watch,114.0,Standard (90-119 min),6.3,210,32000000,4200000,27800000
11386,The Crying Game,112.0,Standard (90-119 min),6.9,176,62548947,3705538,58843409
10246,Porky's,94.0,Standard (90-119 min),6.1,183,125728258,4000000,121728258
29426,Survival of the Dead,90.0,Standard (90-119 min),4.6,116,0,4000000,-4000000
10331,Night of the Living Dead,96.0,Standard (90-119 min),7.5,580,30000000,114000,29886000
153,Lost in Translation,102.0,Standard (90-119 min),7.3,1895,119723856,4000000,115723856
703,Annie Hall,93.0,Standard (90-119 min),7.8,1010,38251425,4000000,34251425
27191,The Greatest Show on Earth,152.0,Very Long (150+ min),6.6,50,36000000,4000000,32000000
1365,Monster's Ball,111.0,Standard (90-119 min),6.5,250,44909486,4000000,40909486
287424,Maggie,95.0,Standard (90-119 min),5.2,593,187112,4000000,-3812888
451,Leaving Las Vegas,112.0,Standard (90-119 min),7.1,360,49800000,3600000,46200000
165864,Hansel and Gretel Get Baked,86.0,Short (<90 min),4.8,67,0,4500000,-4500000
987,The Front Page,105.0,Standard (90-119 min),6.9,68,0,4000000,-4000000
241251,The Boy Next Door,91.0,Standard (90-119 min),4.1,1022,52425855,4000000,48425855
40494,Trapeze,105.0,Standard (90-119 min),6.4,22,14400000,4000000,10400000
39781,The Kids Are All Right,106.0,Standard (90-119 min),6.5,506,34705850,3500000,31205850
8337,They Live,94.0,Standard (90-119 min),7.1,550,13008928,4000000,9008928
5925,The Great Escape,172.0,Very Long (150+ min),7.8,717,11744471,4000000,7744471
8357,What the #$*! Do We (K)now!?,109.0,Standard (90-119 min),5.8,34,10000000,0,10000000
146203,The Last Exorcism Part II,88.0,Short (<90 min),4.4,203,15179302,5000000,10179302
85350,Boyhood,164.0,Very Long (150+ min),7.5,1971,44349000,4000000,40349000
512,Scoop,96.0,Standard (90-119 min),6.4,420,31584901,4000000,27584901
13408,The Wash,93.0,Standard (90-119 min),5.3,26,10229331,7000000,3229331
47816,3 Strikes,82.0,Short (<90 min),5.9,15,9000000,6000000,3000000
10744,The Cooler,101.0,Standard (90-119 min),6.7,89,0,32000000,-32000000
11536,The Misfits,124.0,Long (120-149 min),6.8,72,8200000,4000000,4200000
9782,The Night Listener,91.0,Standard (90-119 min),5.5,57,0,0,0
18713,The Jerky Boys,82.0,Short (<90 min),4.8,10,0,0,0
6537,The Orphanage,105.0,Standard (90-119 min),7.1,633,44000000,0,44000000
184345,A Haunted House 2,87.0,Short (<90 min),5.4,346,0,0,0
1809,The Rules of Attraction,110.0,Standard (90-119 min),6.3,168,0,4000000,-4000000
2370,Topaz,143.0,Long (120-149 min),6.1,77,6000000,4000000,2000000
9809,Let's Go to Prison,84.0,Short (<90 min),5.5,69,4630045,4000000,630045
5,Four Rooms,98.0,Standard (90-119 min),6.5,530,4300000,4000000,300000
11013,Secretary,104.0,Standard (90-119 min),6.7,376,9304609,4000000,5304609
19153,The Real Cancun,96.0,Standard (90-119 min),3.3,8,0,0,0
10132,Talk Radio,110.0,Standard (90-119 min),6.7,46,3468572,4000000,-531428
16448,Waiting for Guffman,84.0,Short (<90 min),7.3,63,0,0,0
15122,Love Stinks,94.0,Standard (90-119 min),5.4,11,0,0,0
8141,You Kill Me,90.0,Standard (90-119 min),6.2,80,2426851,4000000,-1573149
1546,Thumbsucker,96.0,Standard (90-119 min),6.1,67,1919197,0,1919197
48572,Red State,88.0,Short (<90 min),5.9,316,1104682,4000000,-2895318
14517,Mirrormask,101.0,Standard (90-119 min),6.6,102,866999,4000000,-3133001
89708,Samsara,102.0,Standard (90-119 min),8.0,167,0,4000000,-4000000
27551,The Barbarians,87.0,Short (<90 min),5.1,8,0,0,0
64678,The Art of Getting By,83.0,Short (<90 min),6.5,415,1406224,0,1406224
309503,Zipper,103.0,Standard (90-119 min),5.5,58,0,0,0
14293,Poolhall Junkies,99.0,Standard (90-119 min),6.5,25,0,0,0
15059,The Loss of Sexual Innocence,106.0,Standard (90-119 min),5.2,9,0,4000000,-4000000
103328,Holy Motors,115.0,Standard (90-119 min),6.9,228,641100,0,641100
157847,Joe,118.0,Standard (90-119 min),6.5,338,2365467,4000000,-1634533
25719,Shooting Fish,109.0,Standard (90-119 min),7.0,23,302204,3000000,-2697796
48309,Prison,102.0,Standard (90-119 min),6.7,27,354704,1300000,-945296
27723,Psycho Beach Party,95.0,Standard (90-119 min),6.0,26,0,1500000,-1500000
20468,The Big Tease,87.0,Short (<90 min),5.8,6,0,0,0
242575,"Guten Tag, Ramón",119.0,Standard (90-119 min),8.1,18,0,4000000,-4000000
44945,Trust,104.0,Standard (90-119 min),6.6,307,120000,9500000,-9380000
29122,An Everlasting Piece,103.0,Standard (90-119 min),6.0,1,0,0,0
125123,Among Giants,93.0,Standard (90-119 min),4.5,2,0,0,0
111190,Adore,100.0,Standard (90-119 min),6.1,291,318982,16000000,-15681018
133575,The Velocity of Gary,100.0,Standard (90-119 min),4.2,5,0,4000000,-4000000
54580,Mondays in the Sun,113.0,Standard (90-119 min),7.1,36,146402,4000000,-3853598
52015,Stake Land,98.0,Standard (90-119 min),6.2,285,33245,650000,-616755
34941,The Last Time I Committed Suicide,92.0,Standard (90-119 min),6.7,7,0,0,0
227975,Futuro Beach,106.0,Standard (90-119 min),6.4,31,0,0,0
60422,Another Happy Day,119.0,Standard (90-119 min),6.2,37,355688,4000000,-3644312
81390,A Lonely Place to Die,99.0,Standard (90-119 min),6.2,157,25345000,4000000,21345000
10981,Nothing,90.0,Standard (90-119 min),5.8,38,0,0,0
225235,The Geographer Drank His Globe Away,120.0,Long (120-149 min),7.3,23,4037782,0,4037782
14902,1776,142.0,Long (120-149 min),7.1,20,0,0,0
121676,Inescapable,93.0,Standard (90-119 min),5.2,13,0,0,0
22301,Hell's Angels,127.0,Long (120-149 min),6.1,19,8000000,3950000,4050000
20065,Purple Violets,103.0,Standard (90-119 min),5.7,9,0,4000000,-4000000
257087,The Veil,93.0,Standard (90-119 min),4.5,118,0,4000000,-4000000
46420,The Loved Ones,84.0,Short (<90 min),6.6,207,0,0,0
114635,The Helpers,78.0,Short (<90 min),4.1,8,0,4000000,-4000000
158150,How to Fall in Love,0.0,Short (<90 min),5.2,20,0,4000000,-4000000
251979,The Perfect Wave,113.0,Standard (90-119 min),4.4,21,0,0,0
874,A Man for All Seasons,120.0,Long (120-149 min),7.5,89,28350000,3900000,24450000
10774,Network,121.0,Long (120-149 min),7.7,381,23689877,3800000,19889877
770,Gone with the Wind,238.0,Very Long (150+ min),7.7,970,400176459,4000000,396176459
266102,Desert Dancer,98.0,Standard (90-119 min),6.5,18,0,0,0
29715,Major Dundee,123.0,Long (120-149 min),6.2,38,14873,3800000,-3785127
25209,Annie Get Your Gun,107.0,Standard (90-119 min),7.3,22,8000000,3768785,4231215
37495,Four Lions,101.0,Standard (90-119 min),7.0,423,4270000,967686,3302314
29262,The House of Sand,115.0,Standard (90-119 min),6.7,9,0,0,0
34769,Defendor,101.0,Standard (90-119 min),6.5,195,44462,3500000,-3455538
35032,The Pirate,102.0,Standard (90-119 min),6.6,17,2956000,3700000,-744000
5178,The Good Heart,95.0,Standard (90-119 min),6.0,21,0,3800000,-3800000
8618,The History Boys,109.0,Standard (90-119 min),6.6,66,13401952,4000000,9401952
3116,Midnight Cowboy,113.0,Standard (90-119 min),7.4,299,44785053,3600000,41185053
9427,The Full Monty,91.0,Standard (90-119 min),6.8,363,257850122,3500000,254350122
813,Airplane!,88.0,Short (<90 min),7.1,1074,83453539,3500000,79953539
352978,Chain of Command,88.0,Short (<90 min),5.3,11,0,5000000,-5000000
10634,Friday,91.0,Standard (90-119 min),7.0,503,28215918,3500000,24715918
9516,Menace II Society,97.0,Standard (90-119 min),7.2,173,27900000,3500000,24400000
16288,Creepshow 2,92.0,Standard (90-119 min),5.9,129,14000000,3500000,10500000
23330,The Ballad of Cable Hogue,121.0,Long (120-149 min),6.9,47,5000000,3716946,1283054
18900,In Cold Blood,134.0,Long (120-149 min),7.4,82,13007551,3500000,9507551
27029,The Nun's Story,149.0,Long (120-149 min),7.4,46,12800000,3500000,9300000
26268,Harper,121.0,Long (120-149 min),6.2,35,12000000,3500000,8500000
573,Frenzy,116.0,Standard (90-119 min),7.1,158,12600000,3500000,9100000
310131,The Witch,92.0,Standard (90-119 min),6.3,1434,40423945,3500000,36923945
40505,I Got the Hook Up,93.0,Standard (90-119 min),5.4,8,0,0,0
11363,She's the One,96.0,Standard (90-119 min),5.7,70,9482579,3500000,5982579
3033,Gods and Monsters,105.0,Standard (90-119 min),6.8,81,6451628,10000000,-3548372
25376,The Secret in Their Eyes,129.0,Long (120-149 min),7.8,626,33965843,2000000,31965843
22007,Train,94.0,Standard (90-119 min),4.8,36,0,0,0
765,Evil Dead II,84.0,Short (<90 min),7.6,742,5923044,3600000,2323044
10615,Pootie Tang,81.0,Short (<90 min),5.4,43,0,0,0
205321,Sharknado,86.0,Short (<90 min),3.8,476,0,1000000,-1000000
89540,The Other Conquest,105.0,Standard (90-119 min),5.4,4,0,0,0
46146,Troll Hunter,103.0,Standard (90-119 min),6.7,583,4159678,3500000,659678
38007,Ira & Abby,104.0,Standard (90-119 min),5.8,9,0,0,0
14256,Winter Passing,98.0,Standard (90-119 min),6.7,28,113783,3500000,-3386217
540,D.E.B.S.,91.0,Standard (90-119 min),5.6,90,0,3500000,-3500000
370464,The Masked Saint,111.0,Standard (90-119 min),2.9,7,0,0,0
20055,The Betrayed,98.0,Standard (90-119 min),5.2,10,0,3500000,-3500000
224569,Taxman,104.0,Standard (90-119 min),2.0,1,0,0,0
395766,The Secret,200.0,Very Long (150+ min),0.0,0,0,0,0
39303,2:13,96.0,Standard (90-119 min),4.6,10,0,3500000,-3500000
142061,"Batman: The Dark Knight Returns, Part 2",78.0,Short (<90 min),7.9,419,0,3500000,-3500000
370662,Time to Choose,100.0,Standard (90-119 min),0.0,0,0,3500000,-3500000
252360,In the Name of the King III,85.0,Short (<90 min),3.3,19,0,3500000,-3500000
256740,Wicked Blood,92.0,Standard (90-119 min),5.3,37,0,3500000,-3500000
299145,Stranded,86.0,Short (<90 min),5.0,11,0,0,0
241766,Lords of London,90.0,Standard (90-119 min),3.6,6,0,3440000,-3440000
12535,High Anxiety,94.0,Standard (90-119 min),6.5,84,31063038,3400000,27663038
1667,March of the Penguins,80.0,Short (<90 min),6.9,358,127392239,8000000,119392239
50839,Margin Call,107.0,Standard (90-119 min),6.7,524,19504039,3500000,16004039
86549,August,100.0,Standard (90-119 min),6.2,15,0,0,0
13973,Choke,92.0,Standard (90-119 min),6.0,127,3830137,3000000,830137
244786,Whiplash,105.0,Standard (90-119 min),8.3,4254,13092000,3300000,9792000
598,City of God,130.0,Long (120-149 min),8.1,1814,30641770,3300000,27341770
11129,Human Traffic,99.0,Standard (90-119 min),6.8,97,4000000,600000,3400000
75861,To Write Love on Her Arms,118.0,Standard (90-119 min),6.8,47,0,3400000,-3400000
13551,The Dead Girl,85.0,Short (<90 min),6.4,66,0,0,0
103663,The Hunt,115.0,Standard (90-119 min),7.9,927,16800000,3800000,13000000
850,A Christmas Story,94.0,Standard (90-119 min),7.4,344,19294144,0,19294144
12586,Bella,91.0,Standard (90-119 min),6.7,37,0,0,0
11564,Class of 1984,98.0,Standard (90-119 min),6.2,66,0,4300000,-4300000
301748,The Opposite Sex,96.0,Standard (90-119 min),4.1,9,45000,3300000,-3255000
108346,Dreaming of Joseph Lees,92.0,Standard (90-119 min),8.0,1,7,2000000,-1999993
8841,The Class,128.0,Long (120-149 min),6.8,174,28814580,0,28814580
805,Rosemary's Baby,136.0,Long (120-149 min),7.5,863,33395426,3200000,30195426
11697,The Man Who Shot Liberty Valance,123.0,Long (120-149 min),7.4,265,8000000,3200000,4800000
22051,Adam,99.0,Standard (90-119 min),6.9,150,2277396,0,2277396
436,Maria Full of Grace,101.0,Standard (90-119 min),6.9,101,0,0,0
55347,Beginners,105.0,Standard (90-119 min),6.8,347,5332926,3200000,2132926
10070,Feast,95.0,Standard (90-119 min),6.1,160,658573,0,658573
8469,Animal House,109.0,Standard (90-119 min),7.0,418,141000000,2700000,138300000
658,Goldfinger,110.0,Standard (90-119 min),7.2,987,124881062,2500000,122381062
125490,Antiviral,110.0,Standard (90-119 min),5.7,112,0,2400000,-2400000
1585,It's a Wonderful Life,130.0,Long (120-149 min),8.0,1076,9644124,3180000,6464124
627,Trainspotting,93.0,Standard (90-119 min),7.8,2655,16491080,4000000,12491080
23618,The Original Kings of Comedy,115.0,Standard (90-119 min),6.3,15,0,0,0
41436,Paranormal Activity 2,91.0,Standard (90-119 min),5.7,722,177512032,3000000,174512032
10162,Waking Ned,91.0,Standard (90-119 min),7.4,54,0,0,0
1430,Bowling for Columbine,120.0,Long (120-149 min),7.3,453,35564473,4000000,31564473
259943,Coming Home,111.0,Standard (90-119 min),6.9,49,0,0,0
10014,A Nightmare on Elm Street Part 2: Freddy's Revenge,87.0,Short (<90 min),5.7,361,29999213,3000000,26999213
11257,A Room with a View,117.0,Standard (90-119 min),6.9,156,20966644,3000000,17966644
158015,The Purge,86.0,Short (<90 min),6.0,2428,89328627,3000000,86328627
82507,Sinister,110.0,Standard (90-119 min),6.7,1573,77712439,3000000,74712439
20337,Martin Lawrence Live: Runteldat,113.0,Standard (90-119 min),5.0,1,19184015,3000000,16184015
261,Cat on a Hot Tin Roof,108.0,Standard (90-119 min),7.6,165,17570324,3000000,14570324
1685,Beneath the Planet of the Apes,95.0,Standard (90-119 min),6.2,361,18999718,3000000,15999718
20737,Air Bud,98.0,Standard (90-119 min),5.3,106,23144499,3000000,20144499
10991,Pokémon: Spell of the Unknown,93.0,Standard (90-119 min),5.9,137,68411275,16000000,52411275
10225,Friday the 13th Part VI: Jason Lives,86.0,Short (<90 min),5.7,216,19472057,3000000,16472057
826,The Bridge on the River Kwai,161.0,Very Long (150+ min),7.7,542,33300000,3000000,30300000
34086,Spaced Invaders,100.0,Standard (90-119 min),4.7,25,15369573,3000000,12369573
5854,Family Plot,121.0,Long (120-149 min),6.7,86,7900000,2000000,5900000
284,The Apartment,125.0,Long (120-149 min),8.1,483,25000000,3000000,22000000
10285,Jason Goes to Hell: The Final Friday,87.0,Short (<90 min),4.2,193,15938065,3000000,12938065
5780,Torn Curtain,128.0,Long (120-149 min),6.4,120,13000000,3000000,10000000
292,Dave Chappelle's Block Party,100.0,Standard (90-119 min),6.4,28,11718595,3000000,8718595
223485,Slow West,84.0,Short (<90 min),6.6,367,229094,0,229094
29463,Krush Groove,97.0,Standard (90-119 min),7.0,11,0,3000000,-3000000
18065,Next Day Air,84.0,Short (<90 min),5.3,36,0,0,0
22013,Elmer Gantry,146.0,Long (120-149 min),7.3,41,10400000,3000000,7400000
821,Judgment at Nuremberg,186.0,Very Long (150+ min),7.6,155,10000000,3000000,7000000
53862,Trippin',94.0,Standard (90-119 min),4.5,4,9016377,0,9016377
3089,Red River,133.0,Long (120-149 min),7.3,82,9012000,3000000,6012000
30139,Phat Girlz,99.0,Standard (90-119 min),3.7,10,0,0,0
132344,Before Midnight,108.0,Standard (90-119 min),7.4,568,11176469,3000000,8176469
15582,Teen Wolf Too,95.0,Standard (90-119 min),3.8,46,0,0,0
15158,Phantasm II,97.0,Standard (90-119 min),6.3,94,7282851,3000000,4282851
44634,Woman Thou Art Loosed,94.0,Standard (90-119 min),5.0,3,6804016,3000000,3804016
30309,Real Women Have Curves,86.0,Short (<90 min),5.8,19,0,0,0
7509,Water,115.0,Standard (90-119 min),6.8,34,10422387,0,10422387
10557,East Is East,97.0,Standard (90-119 min),6.5,59,28200000,3800000,24400000
23531,Whipped,82.0,Short (<90 min),3.1,11,0,3000000,-3000000
28005,Kama Sutra - A Tale of Love,117.0,Standard (90-119 min),5.7,35,4109095,3000000,1109095
40247,Please Give,90.0,Standard (90-119 min),6.0,57,0,3000000,-3000000
252,Willy Wonka & the Chocolate Factory,100.0,Standard (90-119 min),7.4,798,4000000,3000000,1000000
24126,Warlock: The Armageddon,98.0,Standard (90-119 min),5.2,38,0,0,0
13982,8 Heads in a Duffel Bag,95.0,Standard (90-119 min),5.4,39,0,0,0
16642,Days of Heaven,94.0,Standard (90-119 min),7.6,234,0,0,0
17734,Thirteen Conversations About One Thing,104.0,Standard (90-119 min),6.4,25,0,0,0
18892,Jawbreaker,87.0,Short (<90 min),5.9,90,3076820,3000000,76820
549,Basquiat,108.0,Standard (90-119 min),6.6,94,3011195,2962051,49144
121986,Frances Ha,86.0,Short (<90 min),7.2,345,4069826,0,4069826
868,Tsotsi,94.0,Standard (90-119 min),6.9,94,9879971,3000000,6879971
10683,Happiness,139.0,Long (120-149 min),7.4,194,2807390,3000000,-192610
17995,DysFunktional Family,89.0,Short (<90 min),6.1,4,0,0,0
246403,Tusk,102.0,Standard (90-119 min),5.1,366,1826705,2800000,-973295
670,Oldboy,120.0,Long (120-149 min),8.0,1945,14980005,3000000,11980005
35691,Letters to God,110.0,Standard (90-119 min),6.5,37,0,0,0
49010,Hobo with a Shotgun,86.0,Short (<90 min),5.7,211,748453,3000000,-2251547
317930,Compadres,101.0,Standard (90-119 min),5.2,17,0,3000000,-3000000
11229,Freeway,110.0,Standard (90-119 min),6.5,95,0,3000000,-3000000
22488,Love's Abiding Joy,87.0,Short (<90 min),5.8,12,0,0,0
24469,Fish Tank,123.0,Long (120-149 min),6.9,250,2357852,3000000,-642148
82533,Damsels in Distress,99.0,Standard (90-119 min),5.6,67,0,0,0
50942,Creature,176.0,Very Long (150+ min),4.0,21,0,0,0
84174,Bachelorette,87.0,Short (<90 min),5.3,444,11947954,3000000,8947954
34099,Brave New Girl,120.0,Long (120-149 min),3.7,3,0,0,0
79940,Tim and Eric's Billion Dollar Movie,94.0,Standard (90-119 min),5.2,34,0,0,0
342,Summer Storm,98.0,Standard (90-119 min),6.7,59,0,2700000,-2700000
281230,Fort McCoy,0.0,Short (<90 min),6.3,2,0,0,0
38033,Chain Letter,96.0,Standard (90-119 min),3.9,37,0,0,0
100975,Just Looking,97.0,Standard (90-119 min),5.8,5,0,3000000,-3000000
38541,The Divide,112.0,Standard (90-119 min),5.7,197,22000,3000000,-2978000
39563,The Eclipse,88.0,Short (<90 min),6.1,15,0,0,0
234212,Demonic,83.0,Short (<90 min),4.9,148,3387000,3000000,387000
27404,My Big Fat Independent Movie,80.0,Short (<90 min),3.0,5,0,0,0
170480,The Deported,90.0,Standard (90-119 min),0.0,0,0,0,0
71866,Tanner Hall,96.0,Standard (90-119 min),5.4,32,0,0,0
192210,Open Road,85.0,Short (<90 min),5.2,18,0,3000000,-3000000
180296,They Came Together,84.0,Short (<90 min),5.3,171,0,0,0
157058,30 Nights of Paranormal Activity With the Devil Inside the Girl With the Dragon Tattoo,80.0,Short (<90 min),2.9,28,0,0,0
70006,Never Back Down 2: The Beatdown,90.0,Standard (90-119 min),5.8,136,0,3000000,-3000000
26039,Point Blank,92.0,Standard (90-119 min),7.1,95,3200000,2500000,700000
79587,Four Single Fathers,100.0,Standard (90-119 min),0.0,0,0,3,-3
176077,Enter the Dangerous Mind,88.0,Short (<90 min),4.8,14,0,0,0
260947,Something Wicked,95.0,Standard (90-119 min),4.6,16,0,3000000,-3000000
342502,AWOL-72,79.0,Short (<90 min),2.8,10,0,3000000,-3000000
191229,Iguana,88.0,Short (<90 min),6.0,1,0,0,0
43213,Chicago Overcoat,95.0,Standard (90-119 min),6.1,5,0,3200000,-3200000
44594,Barry Munday,95.0,Standard (90-119 min),6.3,22,0,0,0
666,Central Station,113.0,Standard (90-119 min),7.6,126,5596708,2900000,2696708
248,Pocketful of Miracles,136.0,Long (120-149 min),7.3,25,5000000,2900000,2100000
325173,Close Range,80.0,Short (<90 min),4.9,54,0,0,0
55831,Boynton Beach Club,105.0,Standard (90-119 min),6.8,3,0,0,0
351043,Amnesiac,90.0,Standard (90-119 min),4.1,52,0,3000000,-3000000
43942,Freakonomics,93.0,Standard (90-119 min),6.6,36,103735,3000000,-2896265
10226,High Tension,91.0,Standard (90-119 min),6.6,271,0,0,0
66942,Griff the Invisible,93.0,Standard (90-119 min),6.1,34,0,2902660,-2902660
356483,Unnatural,89.0,Short (<90 min),4.3,12,0,0,0
10476,Hustle & Flow,116.0,Standard (90-119 min),6.9,99,23563727,8000000,15563727
239,Some Like It Hot,122.0,Long (120-149 min),8.0,808,25000000,2883848,22116152
10281,Friday the 13th Part VII: The New Blood,88.0,Short (<90 min),5.3,192,19170001,2800000,16370001
630,The Wizard of Oz,102.0,Standard (90-119 min),7.4,1642,33754967,2777000,30977967
3034,Young Frankenstein,106.0,Standard (90-119 min),7.7,854,86273333,2800000,83473333
13025,Diary of the Dead,95.0,Standard (90-119 min),5.4,190,5364858,2000000,3364858
21461,Lage Raho Munna Bhai,144.0,Long (120-149 min),7.6,44,0,0,0
55306,Ulee's Gold,112.0,Standard (90-119 min),6.5,19,0,0,0
17264,The Black Stallion,118.0,Standard (90-119 min),7.0,59,37799643,2700000,35099643
346081,Sardaarji,0.0,Short (<90 min),9.5,2,0,0,0
16016,Journey to Saturn,90.0,Standard (90-119 min),4.9,10,0,0,0
15875,Donovan's Reef,109.0,Standard (90-119 min),6.0,30,6600000,2686000,3914000
5900,The Dress,103.0,Standard (90-119 min),7.0,3,0,0,0
43306,A Guy Named Joe,120.0,Long (120-149 min),6.0,8,5363000,2627000,2736000
11072,Blazing Saddles,93.0,Standard (90-119 min),7.2,609,119500000,2600000,116900000
9730,Friday the 13th: The Final Chapter,91.0,Standard (90-119 min),5.9,237,32980880,2600000,30380880
209274,Ida,80.0,Short (<90 min),7.1,260,10700000,2159280,8540720
26371,Maurice,134.0,Long (120-149 min),7.1,61,0,0,0
14137,Beer League,86.0,Short (<90 min),5.3,22,0,0,0
291,Riding Giants,105.0,Standard (90-119 min),7.6,23,3166000,2600000,566000
14139,Timecrimes,92.0,Standard (90-119 min),7.0,308,553198,2600000,-2046802
33106,Silver Medalist,99.0,Standard (90-119 min),7.4,13,0,0,0
8875,Timber Falls,97.0,Standard (90-119 min),5.2,38,0,2600000,-2600000
872,Singin' in the Rain,103.0,Standard (90-119 min),7.8,727,7200000,2540800,4659200
72914,"Fat, Sick & Nearly Dead",97.0,Standard (90-119 min),7.1,47,0,0,0
139038,A Haunted House,86.0,Short (<90 min),5.4,516,60141683,2500000,57641683
126509,2016: Obama's America,87.0,Short (<90 min),4.6,19,33400000,2500000,30900000
9591,That Thing You Do!,108.0,Standard (90-119 min),6.8,225,34585416,0,34585416
10676,Halloween III: Season of the Witch,98.0,Standard (90-119 min),5.0,229,14400000,2500000,11900000
1687,Escape from the Planet of the Apes,98.0,Standard (90-119 min),6.3,264,12348905,2500000,9848905
24748,Hud,112.0,Standard (90-119 min),7.5,66,10000000,2500000,7500000
181330,Kevin Hart: Let Me Explain,74.0,Short (<90 min),7.1,95,32230907,0,32230907
468,My Own Private Idaho,104.0,Standard (90-119 min),7.1,212,0,2500000,-2500000
401,Garden State,102.0,Standard (90-119 min),7.1,618,26781723,2500000,24281723
76,Before Sunrise,105.0,Standard (90-119 min),7.7,959,5535405,2500000,3035405
50538,Evil Words,100.0,Standard (90-119 min),6.9,8,0,0,0
25636,Jesus' Son,107.0,Standard (90-119 min),6.7,22,0,0,0
19316,Saving Face,91.0,Standard (90-119 min),6.8,32,0,0,0
21074,Brick Lane,102.0,Standard (90-119 min),5.2,15,0,0,0
84329,Robot & Frank,85.0,Short (<90 min),6.8,450,3325038,2500000,825038
20,My Life Without Me,106.0,Standard (90-119 min),7.2,77,9726954,0,9726954
157386,The Spectacular Now,95.0,Standard (90-119 min),6.8,1048,6854611,2500000,4354611
13007,Religulous,101.0,Standard (90-119 min),7.2,197,0,0,0
13518,Fuel,90.0,Standard (90-119 min),7.0,3,0,0,0
116584,Valley of the Heart's Delight,100.0,Standard (90-119 min),7.0,1,0,0,0
46849,Eye of the Dolphin,100.0,Standard (90-119 min),7.1,7,71904,2500000,-2428096
40428,8: The Mormon Proposition,80.0,Short (<90 min),5.5,6,0,0,0
17334,The Other End of the Line,106.0,Standard (90-119 min),6.1,50,0,14000000,-14000000
1698,Anatomy,103.0,Standard (90-119 min),6.1,61,0,0,0
20764,Sleep Dealer,90.0,Standard (90-119 min),6.0,40,107559,2500000,-2392441
45132,Super,96.0,Standard (90-119 min),6.6,441,324138,2500000,-2175862
76706,Christmas Mail,89.0,Short (<90 min),5.0,15,0,0,0
254472,Stung,87.0,Short (<90 min),4.9,63,0,2500000,-2500000
332285,Antibirth,94.0,Standard (90-119 min),4.8,40,0,35000000,-35000000
49471,Get on the Bus,120.0,Long (120-149 min),7.0,11,5731103,2400000,3331103
13569,Thr3e,101.0,Standard (90-119 min),4.8,21,0,0,0
7512,Idiocracy,84.0,Short (<90 min),6.3,664,495303,30000000,-29504697
356216,The Rise of the Krays,110.0,Standard (90-119 min),4.5,19,0,2500000,-2500000
11798,This Is England,101.0,Standard (90-119 min),7.4,363,8176544,2380000,5796544
146631,U.F.O.,101.0,Standard (90-119 min),3.1,47,0,2500000,-2500000
43546,Bathing Beauty,101.0,Standard (90-119 min),7.0,4,6892000,2361000,4531000
61038,Go for It!,105.0,Standard (90-119 min),4.6,5,0,2450000,-2450000
78373,"Dancer, Texas Pop. 81",97.0,Standard (90-119 min),10.0,1,565592,0,565592
17820,Show Boat,107.0,Standard (90-119 min),6.9,18,11000000,2300000,8700000
74457,Redemption Road,91.0,Standard (90-119 min),4.7,6,0,0,0
283384,The Calling,108.0,Standard (90-119 min),5.6,88,0,0,0
19933,The Brave Little Toaster,90.0,Standard (90-119 min),6.7,93,0,2000000,-2000000
756,Fantasia,124.0,Long (120-149 min),7.2,808,83320000,2280000,81040000
433715,8 Days,90.0,Standard (90-119 min),0.0,0,0,0,0
9728,Friday the 13th Part III,95.0,Standard (90-119 min),5.7,254,36690067,4000000,32690067
9731,Friday the 13th: A New Beginning,92.0,Standard (90-119 min),5.1,196,21930418,2200000,19730418
9916,The Last Sin Eater,117.0,Standard (90-119 min),6.2,11,0,0,0
309425,Do You Believe?,115.0,Standard (90-119 min),6.6,48,0,0,0
14156,Impact Point,90.0,Standard (90-119 min),5.7,5,0,0,0
43610,The Valley of Decision,119.0,Standard (90-119 min),5.8,4,9132000,2160000,6972000
360339,Eden,97.0,Standard (90-119 min),5.6,19,0,2300000,-2300000
31163,Chicken Tikka Masala,90.0,Standard (90-119 min),3.5,5,0,0,0
297621,There's Always Woodstock,90.0,Standard (90-119 min),5.4,12,0,0,0
16205,Jack Brooks: Monster Slayer,85.0,Short (<90 min),5.7,59,0,0,0
887,The Best Years of Our Lives,172.0,Very Long (150+ min),7.6,143,23650000,2100000,21550000
9517,Bully,113.0,Standard (90-119 min),6.7,125,480811,0,480811
6007,Elling,89.0,Short (<90 min),7.0,51,0,0,0
364083,Mi America,126.0,Long (120-149 min),0.0,0,3330,2100000,-2096670
8329,[REC],78.0,Short (<90 min),7.1,934,30448000,1500000,28948000
69640,Lies in Plain Sight,88.0,Short (<90 min),4.5,4,0,0,0
371085,Sharkskin,0.0,Short (<90 min),0.0,0,0,0,0
347548,Containment,77.0,Short (<90 min),5.1,36,0,0,0
322443,The Timber,81.0,Short (<90 min),4.1,15,0,0,0
657,From Russia with Love,115.0,Standard (90-119 min),6.9,760,78898765,2000000,76898765
28165,The Toxic Avenger Part II,96.0,Standard (90-119 min),5.3,39,0,0,0
11561,Sleeper,89.0,Short (<90 min),7.0,200,18344729,2000000,16344729
270303,It Follows,100.0,Standard (90-119 min),6.6,1832,14674076,2000000,12674076
11624,Everything You Always Wanted to Know About Sex *But Were Afraid to Ask,88.0,Short (<90 min),6.6,215,18016290,2000000,16016290
595,To Kill a Mockingbird,129.0,Long (120-149 min),8.0,657,13129846,2000000,11129846
8810,Mad Max 2: The Road Warrior,95.0,Standard (90-119 min),7.3,957,24600832,2000000,22600832
12207,The Legend of Drunken Master,102.0,Standard (90-119 min),7.2,242,0,0,0
226,Boys Don't Cry,118.0,Standard (90-119 min),7.2,353,11540607,2000000,9540607
92182,Silent House,85.0,Short (<90 min),5.2,125,13101672,2000000,11101672
582,The Lives of Others,137.0,Long (120-149 min),7.9,958,70000000,2000000,68000000
72213,Courageous,129.0,Long (120-149 min),6.8,77,34522221,1000000,33522221
990,The Hustler,134.0,Long (120-149 min),7.6,240,7600000,2000000,5600000
55604,Boom Town,119.0,Standard (90-119 min),6.5,8,9172000,2000000,7172000
9662,The Triplets of Belleville,80.0,Short (<90 min),7.3,231,1477676,8000000,-6522324
20862,Smoke Signals,89.0,Short (<90 min),6.6,24,0,0,0
2771,American Splendor,101.0,Standard (90-119 min),7.1,120,6003587,0,6003587
80,Before Sunset,80.0,Short (<90 min),7.6,718,15992615,2700000,13292615
55,Amores perros,154.0,Very Long (150+ min),7.6,521,20908467,2000000,18908467
11023,Thirteen,100.0,Standard (90-119 min),6.7,339,4601043,2000000,2601043
33667,Gentleman's Agreement,118.0,Standard (90-119 min),6.8,47,7800000,2000000,5800000
39013,Winter's Bone,100.0,Standard (90-119 min),6.8,565,13831503,2000000,11831503
11194,Touching the Void,106.0,Standard (90-119 min),7.6,138,13885802,0,13885802
43839,Alexander's Ragtime Band,106.0,Standard (90-119 min),4.8,6,4000000,2000000,2000000
1382,Me and You and Everyone We Know,90.0,Standard (90-119 min),7.0,107,0,0,0
44639,Inside Job,109.0,Standard (90-119 min),7.7,286,7871522,2000000,5871522
301351,We Are Your Friends,96.0,Standard (90-119 min),6.3,658,11122090,6000000,5122090
4816,Ghost Dog: The Way of the Samurai,116.0,Standard (90-119 min),7.2,298,0,0,0
7873,Harsh Times,120.0,Long (120-149 min),6.3,197,5967038,2000000,3967038
331190,Captive,97.0,Standard (90-119 min),5.6,92,2801508,2000000,801508
15186,Full Frontal,96.0,Standard (90-119 min),4.8,26,2506446,2000000,506446
17994,Witchboard,98.0,Standard (90-119 min),5.9,58,0,0,0
1378,Shortbus,101.0,Standard (90-119 min),6.3,140,5179037,2000000,3179037
8885,Waltz with Bashir,90.0,Standard (90-119 min),7.8,291,11125849,2000000,9125849
48382,"The Book of Mormon Movie, Volume 1: The Journey",120.0,Long (120-149 min),5.0,2,1672730,2000000,-327270
12901,No End in Sight,102.0,Standard (90-119 min),7.2,23,1431623,2000000,-568377
250124,The Diary of a Teenage Girl,98.0,Standard (90-119 min),6.8,279,1477002,2000000,-522998
14284,In the Shadow of the Moon,109.0,Standard (90-119 min),7.6,31,0,2000000,-2000000
57120,Meek's Cutoff,104.0,Standard (90-119 min),6.5,77,876302,0,876302
12228,Inside Deep Throat,92.0,Standard (90-119 min),6.8,31,653621,2000000,-1346379
22617,Dinner Rush,99.0,Standard (90-119 min),7.1,19,0,0,0
55561,Clockwatchers,96.0,Standard (90-119 min),5.6,13,0,0,0
42889,The Virginity Hit,120.0,Long (120-149 min),4.6,19,563706,2000000,-1436294
10656,Subway,104.0,Standard (90-119 min),6.3,86,390659,2000000,-1609341
24363,House of D,97.0,Standard (90-119 min),6.1,23,0,0,0
13121,Teeth,94.0,Standard (90-119 min),5.2,210,0,0,0
24746,Six-String Samurai,91.0,Standard (90-119 min),5.8,36,124494,2000000,-1875506
325140,Hum To Mohabbat Karega,0.0,Short (<90 min),0.0,0,0,0,0
12109,It's All Gone Pete Tong,90.0,Standard (90-119 min),7.1,52,120620,2000000,-1879380
27023,Saint John of Las Vegas,84.0,Short (<90 min),5.9,18,111731,3800000,-3688269
22913,24 7: Twenty Four Seven,96.0,Standard (90-119 min),6.3,10,0,0,0
273899,Stonewall,129.0,Long (120-149 min),5.2,32,187674,13500000,-13312326
20653,Roadside Romeo,93.0,Standard (90-119 min),6.7,3,1100000,7000000,-5900000
67373,This Thing of Ours,100.0,Standard (90-119 min),5.0,1,0,0,0
171759,The Lost Medallion: The Adventures of Billy Stone,97.0,Standard (90-119 min),5.6,13,0,0,0
206296,The Last Five Years,94.0,Standard (90-119 min),5.5,143,0,0,0
35219,The Missing Person,95.0,Standard (90-119 min),6.4,9,0,0,0
28260,Return of the Living Dead 3,97.0,Standard (90-119 min),5.9,88,54207,2000000,-1945793
7515,London,92.0,Standard (90-119 min),6.1,96,0,0,0
13075,Sherrybaby,96.0,Standard (90-119 min),6.3,41,622806,2000000,-1377194
335866,Circle,87.0,Short (<90 min),6.0,333,0,0,0
13510,Eden Lake,91.0,Standard (90-119 min),6.7,406,3983997,0,3983997
215881,Plush,98.0,Standard (90-119 min),5.4,40,0,0,0
18238,Lesbian Vampire Killers,86.0,Short (<90 min),5.3,124,0,0,0
22600,Gangster's Paradise: Jerusalema,120.0,Long (120-149 min),6.8,16,0,0,0
12612,Freeze Frame,99.0,Standard (90-119 min),6.9,18,0,0,0
50698,Grave Encounters,92.0,Standard (90-119 min),6.1,381,0,1000000,-1000000
115210,Stitches,86.0,Short (<90 min),5.5,92,95000,100000,-5000
34335,Nine Dead,98.0,Standard (90-119 min),5.2,84,0,2000000,-2000000
11302,Bananas,82.0,Short (<90 min),6.7,165,11833696,2000000,9833696
119458,Supercapitalist,103.0,Standard (90-119 min),3.5,2,0,0,0
20406,Rockaway,76.0,Short (<90 min),5.8,2,0,0,0
3766,The Lady from Shanghai,87.0,Short (<90 min),7.2,102,0,2300000,-2300000
18616,No Man's Land: The Rise of Reeker,88.0,Short (<90 min),4.4,27,0,2000000,-2000000
18808,Highway,97.0,Standard (90-119 min),5.6,37,0,14000000,-14000000
95755,Small Apartments,96.0,Standard (90-119 min),5.7,50,0,2000000,-2000000
198062,Coffee Town,87.0,Short (<90 min),6.7,45,0,0,0
188652,The Ghastly Love of Johnny X,106.0,Standard (90-119 min),6.6,8,0,0,0
174311,All Is Bright,107.0,Standard (90-119 min),5.3,36,0,0,0
12602,The Torture Chamber of Dr. Sadism,85.0,Short (<90 min),6.3,12,0,0,0
153795,Straight A's,88.0,Short (<90 min),5.2,46,0,7000000,-7000000
17768,A Funny Thing Happened on the Way to the Forum,99.0,Standard (90-119 min),6.1,24,0,0,0
13516,Slacker Uprising,102.0,Standard (90-119 min),5.9,10,0,0,0
98549,The Legend of Hell's Gate: An American Conspiracy,108.0,Standard (90-119 min),3.9,8,0,0,0
312793,The Walking Deceased,90.0,Standard (90-119 min),4.2,35,0,0,0
309919,The Curse of Downers Grove,89.0,Short (<90 min),4.4,24,0,2000000,-2000000
299553,Shark Lake,92.0,Standard (90-119 min),4.4,19,0,2000000,-2000000
21309,River's Edge,99.0,Standard (90-119 min),6.7,59,0,19000000,-19000000
32235,Northfork,103.0,Standard (90-119 min),6.7,24,0,0,0
329540,The Marine 4: Moving Target,90.0,Standard (90-119 min),5.8,49,0,1950000,-1950000
26388,Buried,94.0,Standard (90-119 min),6.6,827,19152480,1987650,17164830
49020,Submarine,97.0,Standard (90-119 min),7.4,443,864659,0,864659
159037,The Square,88.0,Short (<90 min),7.8,55,0,0,0
12838,One to Another,95.0,Standard (90-119 min),5.8,12,0,0,0
157293,ABCD (Any Body Can Dance),160.0,Very Long (150+ min),5.6,10,222000,0,222000
14048,Man on Wire,94.0,Standard (90-119 min),7.5,275,2957978,0,2957978
356987,Abandoned,82.0,Short (<90 min),5.8,27,0,0,0
295886,Brotherly Love,89.0,Short (<90 min),6.9,21,0,1900000,-1900000
38358,The Last Exorcism,87.0,Short (<90 min),5.6,328,67738090,1800000,65938090
33511,Nowhere Boy,98.0,Standard (90-119 min),7.2,244,0,0,0
702,A Streetcar Named Desire,125.0,Long (120-149 min),7.6,281,8000000,1800000,6200000
935,Dr. Strangelove or: How I Learned to Stop Worrying and Love the Bomb,95.0,Standard (90-119 min),8.0,1442,9440272,1800000,7640272
542,The Crime of Padre Amaro,118.0,Standard (90-119 min),6.2,36,0,1800000,-1800000
84175,Beasts of the Southern Wild,93.0,Standard (90-119 min),6.8,403,21107746,1800000,19307746
1705,Battle for the Planet of the Apes,93.0,Standard (90-119 min),5.5,215,8844595,1700000,7144595
62677,Songcatcher,109.0,Standard (90-119 min),5.6,9,0,0,0
50875,Higher Ground,109.0,Standard (90-119 min),5.3,14,841733,2000000,-1158267
260778,Vaalu,155.0,Very Long (150+ min),6.7,5,0,0,0
58492,The Greatest Movie Ever Sold,87.0,Short (<90 min),6.4,88,621951,0,621951
44562,Ed and His Dead Mother,93.0,Standard (90-119 min),5.5,12,0,0,0
37232,Travellers and Magicians,108.0,Standard (90-119 min),6.8,9,0,0,0
4929,Hang 'em High,114.0,Standard (90-119 min),6.7,192,6800000,1800000,5000000
36334,Deadline - U.S.A.,87.0,Short (<90 min),6.9,17,0,0,0
9783,Sublime,113.0,Standard (90-119 min),5.3,33,0,0,0
386826,A Beginner's Guide to Snuff,87.0,Short (<90 min),0.0,0,0,0,0
205126,Independence Daysaster,86.0,Short (<90 min),4.2,22,0,1800000,-1800000
98557,Dysfunctional Friends,101.0,Standard (90-119 min),5.0,4,0,1800000,-1800000
104,Run Lola Run,81.0,Short (<90 min),7.2,664,7267585,1530000,5737585
10894,May,93.0,Standard (90-119 min),6.3,152,150277,500000,-349723
246449,Against the Wild,90.0,Standard (90-119 min),4.9,19,0,1493619,-1493619
32579,Under the Same Moon,106.0,Standard (90-119 min),7.0,28,23311391,0,23311391
1688,Conquest of the Planet of the Apes,88.0,Short (<90 min),6.1,236,9700000,1700000,8000000
1999,In the Bedroom,130.0,Long (120-149 min),6.4,89,0,1700000,-1700000
43947,I Spit on Your Grave,108.0,Standard (90-119 min),6.3,519,572809,2000000,-1427191
24066,"Happy, Texas",98.0,Standard (90-119 min),5.5,39,1943649,1700000,243649
9709,My Summer of Love,86.0,Short (<90 min),6.0,59,0,0,0
191714,The Lunchbox,104.0,Standard (90-119 min),7.3,221,4235151,1000000,3235151
25312,Yes,100.0,Standard (90-119 min),5.9,7,0,0,0
34106,You Can't Take It With You,126.0,Long (120-149 min),7.2,79,7433101,1644736,5788365
11426,From Here to Eternity,118.0,Standard (90-119 min),7.2,133,30500000,1650000,28850000
13909,She Wore a Yellow Ribbon,103.0,Standard (90-119 min),7.1,61,5400000,1600000,3800000
206284,Grace Unplugged,102.0,Standard (90-119 min),6.0,24,0,0,0
27455,Foolish,84.0,Short (<90 min),6.3,3,6033999,0,6033999
66468,N-Secure,0.0,Short (<90 min),4.3,4,2592808,0,2592808
7973,Caramel,96.0,Standard (90-119 min),6.8,52,0,0,0
283686,Out of the Dark,92.0,Standard (90-119 min),4.6,55,0,0,0
15976,The Bubble,114.0,Standard (90-119 min),7.6,20,0,0,0
592,The Conversation,113.0,Standard (90-119 min),7.5,372,4420000,1600000,2820000
74084,Dil Jo Bhi Kahey...,0.0,Short (<90 min),0.0,0,0,0,0
1651,Mississippi Mermaid,123.0,Long (120-149 min),6.7,32,0,0,0
25428,I Love Your Work,111.0,Standard (90-119 min),6.5,2,0,0,0
298584,Cabin Fever,99.0,Standard (90-119 min),4.4,111,0,0,0
10758,Waitress,108.0,Standard (90-119 min),6.7,129,22179430,2000000,20179430
11690,Bloodsport,92.0,Standard (90-119 min),6.6,363,11806119,1500000,10306119
3083,Mr. Smith Goes to Washington,129.0,Long (120-149 min),7.9,241,9600000,1500000,8100000
9344,Kids,91.0,Standard (90-119 min),6.8,279,7412216,1500000,5912216
10707,The Squid and the Whale,81.0,Short (<90 min),6.9,226,11098131,1500000,9598131
15647,Kissing Jessica Stein,97.0,Standard (90-119 min),5.9,48,10013424,1000000,9013424
308529,Kickboxer: Vengeance,90.0,Standard (90-119 min),4.5,99,0,17000000,-17000000
4174,Spellbound,111.0,Standard (90-119 min),7.3,160,7000000,1500000,5500000
20156,Exotica,103.0,Standard (90-119 min),6.5,64,0,0,0
9464,Buffalo '66,110.0,Standard (90-119 min),7.1,166,2375097,1500000,875097
49018,Insidious,103.0,Standard (90-119 min),6.8,1737,97009150,1500000,95509150
13820,Repo Man,92.0,Standard (90-119 min),6.7,144,2300000,1500000,800000
18079,Nine Queens,114.0,Standard (90-119 min),7.4,153,0,1500000,-1500000
127918,The Gatekeepers,101.0,Standard (90-119 min),6.5,39,0,0,0
17113,The Ballad of Jack and Rose,111.0,Standard (90-119 min),6.5,43,712294,1500000,-787706
129139,The To Do List,104.0,Standard (90-119 min),5.5,342,3566225,1500000,2066225
507,Killing Zoe,96.0,Standard (90-119 min),6.1,111,418961,1500000,-1081039
4012,The Believer,98.0,Standard (90-119 min),6.8,151,416925,1500000,-1083075
14054,Snow Angels,106.0,Standard (90-119 min),6.5,48,414404,0,414404
323271,Unsullied,93.0,Standard (90-119 min),3.0,1,0,0,0
10972,Session 9,100.0,Standard (90-119 min),6.2,251,373967,1500000,-1126033
13066,I Want Someone to Eat Cheese With,80.0,Short (<90 min),5.7,12,0,0,0
66025,Mooz-lum,95.0,Standard (90-119 min),4.5,3,330048,0,330048
11908,Hatchet,83.0,Short (<90 min),5.7,159,0,0,0
3082,Modern Times,87.0,Short (<90 min),8.1,856,8500000,1,8499999
39541,Stolen Summer,91.0,Standard (90-119 min),6.4,9,0,0,0
1961,My Name Is Bruce,86.0,Short (<90 min),5.9,107,173066,1500000,-1326934
51820,The Salon,0.0,Short (<90 min),3.5,1,0,1500000,-1500000
291362,Road Hard,97.0,Standard (90-119 min),6.6,8,0,1500000,-1500000
30082,Forty Shades of Blue,108.0,Standard (90-119 min),6.0,2,0,1500000,-1500000
72913,Amigo,128.0,Long (120-149 min),6.0,2,0,1200000,-1200000
23963,Pontypool,93.0,Standard (90-119 min),6.6,183,32000,1500000,-1468000
29406,Trucker,90.0,Standard (90-119 min),6.8,16,0,2000000,-2000000
361505,Me You and Five Bucks,90.0,Standard (90-119 min),10.0,2,0,1,-1
104755,The Lords of Salem,101.0,Standard (90-119 min),5.1,242,1165882,1500000,-334118
253306,Housebound,109.0,Standard (90-119 min),6.5,358,0,0,0
29595,Wal-Mart: The High Cost of Low Price,98.0,Standard (90-119 min),6.9,24,0,0,0
46729,Fetching Cody,87.0,Short (<90 min),6.8,6,0,1,-1
294600,Last I Heard,98.0,Standard (90-119 min),6.0,1,0,0,0
137347,Closer to the Moon,112.0,Standard (90-119 min),6.4,13,0,9000000,-9000000
290370,Mutant World,85.0,Short (<90 min),2.6,9,1500000,0,1500000
426469,Growing Up Smith,102.0,Standard (90-119 min),7.4,7,0,0,0
356841,Checkmate,102.0,Standard (90-119 min),4.2,13,0,0,0
301325,#Horror,90.0,Standard (90-119 min),3.3,52,0,1500000,-1500000
347755,Wind Walkers,93.0,Standard (90-119 min),7.5,6,0,0,0
408,Snow White and the Seven Dwarfs,83.0,Short (<90 min),6.9,1914,184925486,1488423,183437063
44413,The Holy Girl,106.0,Standard (90-119 min),6.8,10,0,1400000,-1400000
39209,Shalako,113.0,Standard (90-119 min),5.4,12,2620000,1455000,1165000
48463,Incident at Loch Ness,94.0,Standard (90-119 min),5.9,18,0,1,-1
394047,The Dog Lover,101.0,Standard (90-119 min),5.3,6,0,2000000,-2000000
312791,GirlHouse,100.0,Standard (90-119 min),5.2,97,0,3150000,-3150000
266034,The Blue Room,75.0,Short (<90 min),6.2,32,0,0,0
280381,House at the End of the Drive,91.0,Standard (90-119 min),0.0,0,0,0,0
2661,Batman,105.0,Standard (90-119 min),6.1,203,0,1377800,-1377800
100,"Lock, Stock and Two Smoking Barrels",105.0,Standard (90-119 min),7.5,1648,3897569,1350000,2547569
218500,The Ballad of Gregorio Cortez,104.0,Standard (90-119 min),0.0,0,0,0,0
309,The Celebration,105.0,Standard (90-119 min),7.7,207,0,1300000,-1300000
27845,Trees Lounge,95.0,Standard (90-119 min),6.7,51,0,0,0
25784,Journey from the Fall,135.0,Long (120-149 min),5.0,1,639000,1300000,-661000
52790,The Basket,105.0,Standard (90-119 min),6.5,6,619042,0,619042
100275,Eddie: The Sleepwalking Cannibal,79.0,Short (<90 min),6.1,30,1632,0,1632
295914,Queen of the Mountains,135.0,Long (120-149 min),0.0,0,0,0,0
42033,Def-Con 4,88.0,Short (<90 min),2.8,10,0,0,0
19187,The Hebrew Hammer,85.0,Short (<90 min),5.9,18,0,1000000,-1000000
46415,Neal 'n' Nikki,122.0,Long (120-149 min),2.3,4,0,0,0
38570,The 41–Year–Old Virgin Who Knocked Up Sarah Marshall and Felt Superbad About It,82.0,Short (<90 min),3.2,34,0,0,0
27588,Forget Me Not,103.0,Standard (90-119 min),5.0,66,0,0,0
223,Rebecca,130.0,Long (120-149 min),7.7,336,6000000,1288000,4712000
9725,Friday the 13th Part 2,87.0,Short (<90 min),6.0,315,21722776,1250000,20472776
28580,The Lost Weekend,101.0,Standard (90-119 min),7.4,112,11000000,1250000,9750000
23730,C.H.U.D.,88.0,Short (<90 min),5.3,62,3412497,1250000,2162497
84197,Filly Brown,100.0,Standard (90-119 min),5.9,10,0,0,0
46256,The Lion of Judah,87.0,Short (<90 min),5.8,2,0,15000000,-15000000
19997,Niagara,92.0,Standard (90-119 min),6.7,79,8500000,1250000,7250000
43266,How Green Was My Valley,118.0,Standard (90-119 min),6.8,72,6000000,1250000,4750000
278316,Da Sweet Blood of Jesus,123.0,Long (120-149 min),4.1,13,0,0,0
1412,"Sex, Lies, and Videotape",100.0,Standard (90-119 min),6.7,185,0,1200000,-1200000
176,Saw,103.0,Standard (90-119 min),7.2,2184,103911669,1200000,102711669
39939,Super Troopers,100.0,Standard (90-119 min),6.6,362,18492362,3000000,15492362
357834,The Algerian,99.0,Standard (90-119 min),0.0,0,0,1,-1
215924,The Amazing Catfish,87.0,Short (<90 min),5.7,17,0,1300000,-1300000
480,Monsoon Wedding,114.0,Standard (90-119 min),6.8,57,0,0,0
14295,You Can Count on Me,111.0,Standard (90-119 min),6.8,88,0,0,0
11219,The Trouble with Harry,99.0,Standard (90-119 min),6.9,149,7000000,1200000,5800000
20770,But I'm a Cheerleader,85.0,Short (<90 min),6.5,101,0,0,0
176124,Home Run,114.0,Standard (90-119 min),6.3,24,2861020,1200000,1661020
500,Reservoir Dogs,99.0,Standard (90-119 min),8.0,3697,14661007,1200000,13461007
60400,The Blue Bird,88.0,Short (<90 min),6.4,8,0,0,0
429,"The Good, the Bad and the Ugly",161.0,Very Long (150+ min),8.1,2311,6000000,1200000,4800000
310569,The Second Mother,110.0,Standard (90-119 min),7.8,165,0,0,0
98369,Blue Like Jazz,106.0,Standard (90-119 min),5.8,25,0,1250000,-1250000
114065,Down & Out With The Dolls,88.0,Short (<90 min),0.0,0,0,0,0
89750,"Pink Ribbons, Inc.",97.0,Standard (90-119 min),6.8,6,25000,900000,-875000
49951,Certifiably Jonathan,85.0,Short (<90 min),0.0,0,0,1200000,-1200000
86331,Desire,103.0,Standard (90-119 min),4.1,140,0,1344000,-1344000
355629,The Blade of Don Juan,98.0,Standard (90-119 min),0.0,0,0,0,0
16433,Grand Theft Parsons,88.0,Short (<90 min),6.0,11,0,0,0
15544,Extreme Movie,88.0,Short (<90 min),3.9,44,0,0,0
43884,The Charge of the Light Brigade,115.0,Standard (90-119 min),6.8,18,2736000,1200000,1536000
107315,Below Zero,0.0,Short (<90 min),4.4,12,0,0,0
137955,Crowsnest,84.0,Short (<90 min),4.8,12,0,1200000,-1200000
13064,Airborne,91.0,Standard (90-119 min),6.1,20,2850263,2600000,250263
59917,Cotton Comes to Harlem,97.0,Standard (90-119 min),6.7,13,0,1200000,-1200000
157422,The Wicked Within,91.0,Standard (90-119 min),4.2,26,0,0,0
310933,Bleeding Hearts,0.0,Short (<90 min),2.0,1,0,0,0
7553,Waiting...,94.0,Standard (90-119 min),6.2,237,18637690,3000000,15637690
12877,Dead Man's Shoes,90.0,Standard (90-119 min),7.2,151,0,0,0
39895,From a Whisper to a Scream,99.0,Standard (90-119 min),6.8,15,1400000,1100000,300000
102840,Sex With Strangers,0.0,Short (<90 min),5.0,1,0,0,0
55616,Dracula: Pages from a Virgin's Diary,75.0,Short (<90 min),6.9,8,0,1596010,-1596010
29697,Faith Like Potatoes,97.0,Standard (90-119 min),6.0,9,0,0,0
50037,Beyond the Black Rainbow,110.0,Standard (90-119 min),5.7,77,0,1100000,-1100000
94329,The Raid,101.0,Standard (90-119 min),7.3,1055,4105187,1100000,3005187
53502,The Dead Undead,90.0,Standard (90-119 min),3.1,6,0,0,0
202604,The Vatican Exorcisms,0.0,Short (<90 min),4.4,11,0,0,0
289,Casablanca,102.0,Standard (90-119 min),7.9,1422,10462500,878000,9584500
27374,Lake Mungo,84.0,Short (<90 min),6.1,90,0,0,0
26815,Rocket Singh: Salesman of the Year,156.0,Very Long (150+ min),7.0,27,0,1250000,-1250000
811,Silent Running,89.0,Short (<90 min),6.3,177,0,1000000,-1000000
1366,Rocky,119.0,Standard (90-119 min),7.5,1791,117235147,1000000,116235147
244776,The Sleepwalker,92.0,Standard (90-119 min),4.1,7,0,0,0
5769,Tom Jones,128.0,Long (120-149 min),6.1,39,37600000,1000000,36600000
277685,Unfriended,82.0,Short (<90 min),5.5,1047,62882090,1000000,61882090
103,Taxi Driver,114.0,Standard (90-119 min),8.0,2535,28262574,1300000,26962574
11298,The Howling,91.0,Standard (90-119 min),6.4,161,17985893,1000000,16985893
646,Dr. No,110.0,Standard (90-119 min),6.9,940,59600000,950000,58650000
93856,Chernobyl Diaries,88.0,Short (<90 min),4.9,483,18112929,0,18112929
9003,Hellraiser,94.0,Standard (90-119 min),6.9,449,14564027,1000000,13564027
347126,God's Not Dead 2,121.0,Long (120-149 min),5.7,72,23507567,5000000,18507567
10092,Cry_Wolf,90.0,Standard (90-119 min),5.6,126,10047674,1000000,9047674
10643,Godzilla 2000,107.0,Standard (90-119 min),5.9,43,10037390,1000000,9037390
46705,Blue Valentine,112.0,Standard (90-119 min),6.9,890,16566240,3500000,13066240
546,Transamerica,103.0,Standard (90-119 min),6.9,144,13350369,1000000,12350369
76487,The Devil Inside,83.0,Short (<90 min),4.6,262,101758490,1000000,100758490
5722,Beyond the Valley of the Dolls,109.0,Standard (90-119 min),6.6,53,40000000,2090000,37910000
39833,Love Me Tender,89.0,Short (<90 min),5.5,21,9000000,1000000,8000000
1781,An Inconvenient Truth,100.0,Standard (90-119 min),6.7,251,46243000,1000000,45243000
18712,Sands of Iwo Jima,100.0,Standard (90-119 min),6.2,33,7800000,1000000,6800000
7944,Shine a Light,122.0,Long (120-149 min),7.2,44,0,0,0
171424,The Green Inferno,100.0,Standard (90-119 min),5.0,349,6833445,5000000,1833445
361475,Departure,109.0,Standard (90-119 min),7.5,12,0,0,0
113947,The Sessions,98.0,Standard (90-119 min),6.6,179,9138338,1000000,8138338
18570,"Food, Inc.",94.0,Standard (90-119 min),7.4,217,0,0,0
83860,October Baby,107.0,Standard (90-119 min),6.8,35,5355847,0,5355847
41469,Next Stop Wonderland,96.0,Standard (90-119 min),6.0,20,0,0,0
244772,The Skeleton Twins,90.0,Standard (90-119 min),6.7,292,5284309,0,5284309
50837,Martha Marcy May Marlene,101.0,Standard (90-119 min),6.7,277,3538446,0,3538446
248774,Obvious Child,83.0,Short (<90 min),6.7,187,3123963,0,3123963
10183,Frozen River,97.0,Standard (90-119 min),6.7,99,0,0,0
159014,20 Feet from Stardom,89.0,Short (<90 min),7.4,85,0,1000000,-1000000
32456,Two Girls and a Guy,84.0,Short (<90 min),5.4,24,2057193,1000000,1057193
49963,Walking and Talking,86.0,Short (<90 min),6.6,7,0,0,0
13508,Who Killed the Electric Car?,92.0,Standard (90-119 min),7.2,59,1678874,1000000,678874
22597,The Broken Hearts Club: A Romantic Comedy,94.0,Standard (90-119 min),6.3,25,1744858,1000000,744858
9707,Bubba Ho-tep,92.0,Standard (90-119 min),6.7,191,0,1000000,-1000000
37532,Slam,100.0,Standard (90-119 min),6.7,7,0,1,-1
26791,Brigham City,119.0,Standard (90-119 min),7.3,4,852206,1000000,-147794
56666,Fiza,170.0,Very Long (150+ min),6.1,7,623791,1000000,-376209
8675,Orgazmo,94.0,Standard (90-119 min),6.2,115,0,1000000,-1000000
13132,All the Real Girls,108.0,Standard (90-119 min),5.9,30,0,0,0
47686,Dream with the Fishes,97.0,Standard (90-119 min),7.7,10,0,0,0
46989,Blue Car,92.0,Standard (90-119 min),6.7,13,464000,1000000,-536000
192132,Palo Alto,100.0,Standard (90-119 min),6.4,348,0,0,0
24424,Ajami,120.0,Long (120-149 min),6.8,27,0,0,0
13198,Wristcutters: A Love Story,88.0,Short (<90 min),6.7,160,0,0,0
244267,I Origins,106.0,Standard (90-119 min),7.5,1063,336472,0,336472
21413,The Battle of Shaker Heights,79.0,Short (<90 min),5.6,17,0,1000000,-1000000
123678,The Act of Killing,115.0,Standard (90-119 min),7.5,210,444575,1000000,-555425
13362,Taxi to the Dark Side,106.0,Standard (90-119 min),6.6,53,274661,1000000,-725339
39183,Once in a Lifetime: The Extraordinary Story of the New York Cosmos,97.0,Standard (90-119 min),4.7,3,0,1000000,-1000000
62402,Guiana 1838,120.0,Long (120-149 min),2.8,3,0,0,0
206412,Lisa Picard Is Famous,90.0,Standard (90-119 min),4.0,1,0,0,0
201132,Antarctica: A Year on Ice,92.0,Standard (90-119 min),7.2,29,0,1000000,-1000000
251471,A LEGO Brickumentary,93.0,Standard (90-119 min),6.4,55,0,650000,-650000
112456,Hardflip,114.0,Standard (90-119 min),4.7,5,0,1000000,-1000000
20296,Chocolate: Deep Dark Secrets,200.0,Very Long (150+ min),3.4,6,0,0,0
25983,The House of the Devil,95.0,Standard (90-119 min),6.0,197,0,0,0
66195,The Perfect Host,93.0,Standard (90-119 min),6.2,135,14870,0,14870
16155,Safe Men,88.0,Short (<90 min),6.3,16,0,0,0
46727,Speedway Junky,104.0,Standard (90-119 min),5.2,7,0,1000000,-1000000
55180,The Last Big Thing,98.0,Standard (90-119 min),6.0,3,0,0,0
29015,The Specials,82.0,Short (<90 min),5.5,11,0,0,0
91122,16 to Life,118.0,Standard (90-119 min),4.4,5,0,0,0
18206,Alone With Her,78.0,Short (<90 min),6.2,20,10018,1000000,-989982
320146,Creative Control,97.0,Standard (90-119 min),5.4,25,0,1000000,-1000000
13856,Special,81.0,Short (<90 min),6.6,32,7202,1000000,-992798
219716,Sparkler,96.0,Standard (90-119 min),0.0,1,0,0,0
43630,The Helix... Loaded,97.0,Standard (90-119 min),4.8,2,0,0,0
56491,In Her Line of Fire,88.0,Short (<90 min),3.3,9,0,0,0
99826,The Jimmy Show,96.0,Standard (90-119 min),8.0,1,0,0,0
186935,Heli,105.0,Standard (90-119 min),6.2,32,0,1000000,-1000000
357441,Karachi se Lahore,0.0,Short (<90 min),8.0,1,0,0,0
19344,Loving Annabelle,76.0,Short (<90 min),6.4,55,0,900000,-900000
242083,Hits,96.0,Standard (90-119 min),4.9,23,0,1000000,-1000000
18869,Jimmy and Judy,99.0,Standard (90-119 min),5.4,8,0,0,0
26673,Frat Party,84.0,Short (<90 min),3.5,4,0,0,0
41830,The Party's Over,94.0,Standard (90-119 min),6.1,6,0,0,0
37694,Proud,87.0,Short (<90 min),5.5,3,0,0,0
63287,The Poker House,93.0,Standard (90-119 min),6.1,47,0,0,0
335874,Childless,90.0,Standard (90-119 min),4.5,2,0,0,0
34592,ZMD: Zombies of Mass Destruction,92.0,Standard (90-119 min),4.7,31,0,0,0
92635,Snow White: A Deadly Summer,85.0,Short (<90 min),4.8,11,0,1000000,-1000000
258755,Hidden Away,96.0,Standard (90-119 min),7.6,26,0,0,0
96534,My Last Day Without You,90.0,Standard (90-119 min),5.7,3,0,1000000,-1000000
21283,Steppin: The Movie,85.0,Short (<90 min),5.0,4,0,0,0
272724,Doc Holliday's Revenge,84.0,Short (<90 min),3.2,3,0,1000000,-1000000
84178,Black Rock,83.0,Short (<90 min),4.9,78,0,0,0
101179,Truth or Dare,95.0,Standard (90-119 min),5.7,117,0,0,0
52462,The Pet,94.0,Standard (90-119 min),5.3,3,0,0,0
269057,Bang Bang Baby,90.0,Standard (90-119 min),6.6,8,0,1000000,-1000000
287524,Fear Clinic,95.0,Standard (90-119 min),4.0,42,0,1,-1
206213,Zombie Hunter,93.0,Standard (90-119 min),3.5,34,0,0,0
248402,A Fine Step,90.0,Standard (90-119 min),4.1,7,0,0,0
29146,Charly,103.0,Standard (90-119 min),6.6,28,814666,950000,-135334
207769,Banshee Chapter,87.0,Short (<90 min),5.7,92,0,950000,-950000
271185,Ask Me Anything,100.0,Standard (90-119 min),5.5,155,0,950000,-950000
29731,And Then Came Love,90.0,Standard (90-119 min),5.0,1,0,0,0
292539,Food Chains,83.0,Short (<90 min),7.4,8,0,913000,-913000
654,On the Waterfront,108.0,Standard (90-119 min),8.0,357,9600000,910000,8690000
91070,L!fe Happens,100.0,Standard (90-119 min),5.3,66,30905,930000,-899095
2009,"4 Months, 3 Weeks and 2 Days",113.0,Standard (90-119 min),7.3,156,1185783,852510,333273
323270,The Horror Network Vol. 1,0.0,Short (<90 min),5.0,2,0,0,0
2652,Hard Candy,103.0,Standard (90-119 min),6.8,701,7022209,950000,6072209
9813,The Quiet,96.0,Standard (90-119 min),6.1,73,381420,900000,-518580
60421,Circumstance,107.0,Standard (90-119 min),7.4,23,0,0,0
157354,Fruitvale Station,85.0,Short (<90 min),7.3,390,17385830,0,17385830
127867,The Brass Teapot,100.0,Standard (90-119 min),5.8,160,0,0,0
3170,Bambi,70.0,Short (<90 min),6.8,1405,267447150,858000,266589150
14014,The Hammer,88.0,Short (<90 min),6.5,15,0,0,0
15708,Latter Days,107.0,Standard (90-119 min),6.7,56,819939,850000,-30061
146882,Elza,78.0,Short (<90 min),0.0,0,0,0,0
215918,1982,90.0,Standard (90-119 min),5.0,1,0,1000000,-1000000
84200,"For a Good Time, Call...",85.0,Short (<90 min),5.8,110,1243961,850000,393961
84184,Celeste & Jesse Forever,91.0,Standard (90-119 min),6.4,163,3094813,0,3094813
45767,Time Changer,95.0,Standard (90-119 min),5.2,9,0,0,0
14823,London to Brighton,85.0,Short (<90 min),6.5,34,0,0,0
367551,American Hero,86.0,Short (<90 min),5.0,62,0,0,0
343409,Windsor Drive,90.0,Standard (90-119 min),2.0,1,0,0,0
60243,A Separation,123.0,Long (120-149 min),7.7,469,0,800000,-800000
57294,Crying with Laughter,93.0,Standard (90-119 min),7.0,1,0,0,0
11446,Welcome to the Dollhouse,88.0,Short (<90 min),6.9,103,0,0,0
47889,Ruby in Paradise,114.0,Standard (90-119 min),5.6,10,1001437,800000,201437
25461,Raising Victor Vargas,88.0,Short (<90 min),7.8,13,2816116,800000,2016116
905,Pandora's Box,109.0,Standard (90-119 min),7.6,45,0,0,0
279759,Harrison Montgomery,0.0,Short (<90 min),0.0,0,0,0,0
78705,Live-In Maid,83.0,Short (<90 min),7.8,3,0,0,0
25212,Deterrence,101.0,Standard (90-119 min),6.1,7,0,0,0
26899,The Mudge Boy,94.0,Standard (90-119 min),7.3,23,62852,800000,-737148
146269,The Young Unknowns,87.0,Short (<90 min),0.0,0,0,0,0
292483,Not Cool,90.0,Standard (90-119 min),3.7,25,0,0,0
14451,Dead Snow,91.0,Standard (90-119 min),6.1,311,1984662,800000,1184662
10105,Saints and Soldiers,90.0,Standard (90-119 min),6.6,98,0,780000,-780000
211557,Vessel,14.0,Short (<90 min),5.9,8,0,0,0
838,American Graffiti,110.0,Standard (90-119 min),6.9,324,140000000,777000,139223000
40862,Iraq for Sale: The War Profiteers,75.0,Short (<90 min),8.0,6,0,0,0
13158,Aqua Teen Hunger Force Colon Movie Film for Theaters,86.0,Short (<90 min),6.5,35,0,0,0
84332,Safety Not Guaranteed,85.0,Short (<90 min),6.8,556,4007792,750000,3257792
74510,Kevin Hart: Laugh at My Pain,89.0,Short (<90 min),7.7,43,0,0,0
74725,Kill List,95.0,Standard (90-119 min),6.0,210,171760,500000,-328240
58428,The Innkeepers,102.0,Standard (90-119 min),5.4,219,78396,750000,-671604
8416,The Conformist,107.0,Standard (90-119 min),7.6,127,0,750000,-750000
36584,Interview with the Assassin,88.0,Short (<90 min),5.6,5,0,500000,-500000
13429,Donkey Punch,99.0,Standard (90-119 min),4.5,52,0,0,0
9022,All the Boys Love Mandy Lane,90.0,Standard (90-119 min),5.7,209,0,750000,-750000
22530,Bled,95.0,Standard (90-119 min),3.8,4,0,0,0
288,High Noon,85.0,Short (<90 min),7.6,334,8000000,730000,7270000
14275,Hoop Dreams,171.0,Very Long (150+ min),7.7,87,7830611,700000,7130611
2287,Rize,86.0,Short (<90 min),5.9,13,0,0,0
18734,L.I.E.,97.0,Standard (90-119 min),6.7,31,1667192,700000,967192
206197,The Sisterhood of Night,104.0,Standard (90-119 min),6.5,31,0,0,0
26837,B-Girl,84.0,Short (<90 min),5.5,7,0,0,0
7859,Half Nelson,107.0,Standard (90-119 min),6.5,240,4911725,700000,4211725
302579,Naturally Native,107.0,Standard (90-119 min),0.0,0,10508,700000,-689492
51955,Hav Plenty,92.0,Standard (90-119 min),0.0,0,0,0,0
376004,Adulterers,80.0,Short (<90 min),5.2,16,0,750000,-750000
158752,Escape from Tomorrow,90.0,Standard (90-119 min),4.8,87,0,650,-650
40658,Starsuckers,103.0,Standard (90-119 min),6.2,5,0,0,0
296943,The Hadza:  Last of the First,70.0,Short (<90 min),0.0,0,0,0,0
118612,After,90.0,Standard (90-119 min),5.6,63,0,0,0
138976,Treachery,68.0,Short (<90 min),4.8,5,0,625000,-625000
323967,Walter,87.0,Short (<90 min),5.3,26,0,700000,-700000
3080,Top Hat,101.0,Standard (90-119 min),7.4,59,3202000,609000,2593000
2667,The Blair Witch Project,81.0,Short (<90 min),6.3,1055,248000000,60000,247940000
9459,Woodstock,225.0,Very Long (150+ min),7.1,66,34505110,600000,33905110
11598,The Kentucky Fried Movie,83.0,Short (<90 min),6.4,66,0,600000,-600000
26916,Mercy Streets,106.0,Standard (90-119 min),5.5,2,0,0,0
181940,Carousel of Revenge,103.0,Standard (90-119 min),0.0,0,0,0,0
125263,Broken Vessels,90.0,Standard (90-119 min),6.0,2,0,0,0
263503,Water & Power,0.0,Short (<90 min),3.0,1,0,0,0
324322,They Will Have to Kill Us First,105.0,Standard (90-119 min),5.0,1,0,522360,-522360
331493,Light from the Darkroom,0.0,Short (<90 min),0.0,0,0,0,0
375950,The Country Doctor,102.0,Standard (90-119 min),6.0,63,0,0,0
278348,The Maid's Room,98.0,Standard (90-119 min),4.8,4,0,0,0
704,A Hard Day's Night,88.0,Short (<90 min),7.3,168,12299668,560000,11739668
70875,The Harvest (La Cosecha),80.0,Short (<90 min),0.0,0,0,56000,-56000
75986,Love Letters,98.0,Standard (90-119 min),4.6,4,0,550000,-550000
385636,Juliet and Alfa Romeo,83.0,Short (<90 min),6.0,1,0,0,0
14438,Fireproof,122.0,Long (120-149 min),7.0,100,33456317,500000,32956317
211086,Faith Connections,115.0,Standard (90-119 min),4.2,3,0,550000,-550000
23069,Benji,86.0,Short (<90 min),6.1,35,0,0,0
83,Open Water,79.0,Short (<90 min),5.4,315,54667954,130000,54537954
89857,High Road,87.0,Short (<90 min),5.8,22,0,0,0
30315,Kingdom of the Spiders,97.0,Standard (90-119 min),5.7,30,17000000,500000,16500000
14358,Mad Hot Ballroom,105.0,Standard (90-119 min),7.2,8,0,0,0
2056,The Station Agent,88.0,Short (<90 min),7.4,210,8679814,500000,8179814
41144,To Save A Life,120.0,Long (120-149 min),6.2,21,0,0,0
35199,Wordplay,94.0,Standard (90-119 min),7.3,10,0,0,0
14271,Beyond the Mat,102.0,Standard (90-119 min),7.8,17,500000,2053648,-1553648
16653,The Singles Ward,102.0,Standard (90-119 min),7.5,4,0,0,0
14757,Osama,83.0,Short (<90 min),6.3,32,0,46000,-46000
84401,Sholem Aleichem: Laughing In The Darkness,93.0,Standard (90-119 min),7.0,2,845188,500000,345188
23655,Groove,86.0,Short (<90 min),5.6,6,0,0,0
36825,The R.M.,101.0,Standard (90-119 min),4.8,4,0,0,0
33430,Twin Falls Idaho,111.0,Standard (90-119 min),7.0,11,0,0,0
12281,Mean Creek,90.0,Standard (90-119 min),6.9,106,603943,500000,103943
125052,Hurricane Streets,86.0,Short (<90 min),4.8,4,0,0,0
96238,Never Again,98.0,Standard (90-119 min),4.0,3,0,0,0
30246,Civil Brand,95.0,Standard (90-119 min),5.3,4,0,0,0
7301,Lonesome Jim,91.0,Standard (90-119 min),6.4,26,0,0,0
172533,Drinking Buddies,90.0,Standard (90-119 min),6.0,356,343341,0,343341
180383,Deceptive Practice: The Mysteries and Mentors of Ricky Jay,88.0,Short (<90 min),7.1,17,0,500000,-500000
346,Seven Samurai,207.0,Very Long (150+ min),8.2,878,271841,2000000,-1728159
84318,The Other Dream Team,89.0,Short (<90 min),6.9,7,0,0,0
45145,Johnny Suede,97.0,Standard (90-119 min),4.7,13,0,500000,-500000
13983,Finishing The Game,84.0,Short (<90 min),4.9,8,0,0,0
45649,Rubber,85.0,Short (<90 min),5.7,251,98017,500000,-401983
19844,Kiss the Bride,100.0,Standard (90-119 min),4.2,11,0,0,0
21801,The Slaughter Rule,112.0,Standard (90-119 min),6.2,9,0,0,0
43933,Monsters,94.0,Standard (90-119 min),6.2,587,4242978,500000,3742978
73511,The Californians,91.0,Standard (90-119 min),4.0,1,0,0,0
43653,The Living Wake,91.0,Standard (90-119 min),5.0,1,0,0,0
139715,Detention of the Dead,87.0,Short (<90 min),4.5,34,0,500000,-500000
45380,Crazy Stone,98.0,Standard (90-119 min),6.9,22,0,0,0
30867,Scott Walker: 30 Century Man,95.0,Standard (90-119 min),7.0,8,0,0,0
81220,Everything Put Together,87.0,Short (<90 min),5.0,2,0,500000,-500000
253626,Good Kill,104.0,Standard (90-119 min),5.9,208,316472,0,316472
294550,The Outrageous Sophie Tucker,96.0,Standard (90-119 min),0.0,0,0,0,0
90369,Now Is Good,103.0,Standard (90-119 min),7.3,371,0,0,0
117942,Girls Gone Dead,104.0,Standard (90-119 min),3.5,14,0,500000,-500000
380097,America Is Still the Place,0.0,Short (<90 min),0.0,0,0,0,0
322194,Subconscious,110.0,Standard (90-119 min),3.4,4,0,0,0
98568,Enter Nowhere,90.0,Standard (90-119 min),6.5,49,0,0,0
119657,El Rey de Najayo,101.0,Standard (90-119 min),0.0,0,0,500,-500
380733,Fight to the Finish,94.0,Standard (90-119 min),5.2,3,0,0,0
285743,Alleluia! The Devil's Carnival,0.0,Short (<90 min),6.0,2,0,0,0
362765,The Sound and the Shadow,90.0,Standard (90-119 min),0.0,0,0,0,0
379532,Rodeo Girl,108.0,Standard (90-119 min),5.5,1,0,0,0
253261,Born to Fly: Elizabeth Streb vs. Gravity,82.0,Short (<90 min),5.0,1,0,0,0
297100,The Little Ponderosa Zoo,84.0,Short (<90 min),2.0,1,0,500000,-500000
15239,The Toxic Avenger,82.0,Short (<90 min),6.3,113,0,0,0
94072,Straight Out of Brooklyn,0.0,Short (<90 min),4.3,4,0,0,0
4107,Bloody Sunday,107.0,Standard (90-119 min),7.2,53,773228,0,773228
325579,Diamond Ruff,0.0,Short (<90 min),2.4,4,0,0,0
15624,Conversations with Other Women,84.0,Short (<90 min),6.2,38,973525,450000,523525
17287,Poultrygeist: Night of the Chicken Dead,103.0,Standard (90-119 min),5.9,41,0,0,0
198370,Mutual Friends,0.0,Short (<90 min),0.0,0,0,0,0
3062,42nd Street,89.0,Short (<90 min),6.1,37,2281000,439000,1842000
328307,Rise of the Entrepreneur: The Search for a Better Way,0.0,Short (<90 min),8.0,1,0,0,0
15389,Metropolitan,98.0,Standard (90-119 min),7.0,38,0,225000,-225000
464,As It Is in Heaven,132.0,Long (120-149 min),6.9,42,0,0,0
308467,Roadside,90.0,Standard (90-119 min),4.2,5,0,0,0
8193,Napoleon Dynamite,95.0,Standard (90-119 min),6.7,554,46118097,400000,45718097
188166,Blue Ruin,90.0,Standard (90-119 min),6.9,462,258384,0,258384
23827,Paranormal Activity,86.0,Short (<90 min),5.9,1316,193355800,15000,193340800
1282,Dogtown and Z-Boys,91.0,Standard (90-119 min),7.2,52,0,0,0
762,Monty Python and the Holy Grail,91.0,Standard (90-119 min),7.8,1708,5028948,400000,4628948
64499,Quinceañera,90.0,Standard (90-119 min),7.0,7,0,0,0
281189,Gory Gory Hallelujah,0.0,Short (<90 min),1.0,1,0,0,0
1435,Tarnation,91.0,Standard (90-119 min),7.5,22,1162014,218,1161796
47546,I Want Your Money,92.0,Standard (90-119 min),3.8,5,0,0,0
189711,Love in the Time of Monsters,0.0,Short (<90 min),5.0,2,0,0,0
19204,The Beyond,87.0,Short (<90 min),6.6,117,0,0,0
9029,What Happens in Vegas,99.0,Standard (90-119 min),5.8,923,170000000,35000000,135000000
18045,The Dark Hours,80.0,Short (<90 min),5.5,22,0,500000,-500000
11240,My Beautiful Laundrette,97.0,Standard (90-119 min),6.6,51,2451545,860000,1591545
43743,Fabled,84.0,Short (<90 min),0.0,0,0,0,0
157909,Show Me,97.0,Standard (90-119 min),5.6,4,0,0,0
10238,Cries and Whispers,91.0,Standard (90-119 min),7.8,115,0,0,0
3059,Intolerance,197.0,Very Long (150+ min),7.4,60,8394751,385907,8008844
15800,Trekkies,86.0,Short (<90 min),6.3,22,0,0,0
65203,The Broadway Melody,100.0,Standard (90-119 min),5.0,19,4358000,379000,3979000
764,The Evil Dead,85.0,Short (<90 min),7.3,894,29400000,350000,29050000
103620,Maniac,89.0,Short (<90 min),6.0,316,31081,6000000,-5968919
319069,Censored Voices,84.0,Short (<90 min),5.1,8,0,0,0
14278,Murderball,88.0,Short (<90 min),6.9,23,1750211,300000,1450211
25678,American Ninja 2: The Confrontation,90.0,Standard (90-119 min),4.9,49,0,0,0
79161,51 Birch Street,90.0,Standard (90-119 min),6.8,6,0,0,0
371690,Rotor DR1,98.0,Standard (90-119 min),4.7,3,0,350000,-350000
389,12 Angry Men,96.0,Standard (90-119 min),8.2,2078,1000000,350000,650000
52032,My Dog Tulip,83.0,Short (<90 min),7.6,9,246574,0,246574
3078,It Happened One Night,105.0,Standard (90-119 min),7.7,275,4500000,325000,4175000
38810,Dogtooth,94.0,Standard (90-119 min),6.9,332,110197,0,110197
21525,Tupac: Resurrection,112.0,Standard (90-119 min),8.0,26,7808524,300000,7508524
55123,Tumbleweeds,102.0,Standard (90-119 min),6.2,11,1281176,312000,969176
11980,The Prophecy,98.0,Standard (90-119 min),6.4,138,16,8,8
11956,When the Cat's Away,91.0,Standard (90-119 min),6.1,16,0,0,0
1550,Pieces of April,81.0,Short (<90 min),6.4,64,0,300000,-300000
162396,The Big Swap,0.0,Short (<90 min),0.0,0,0,0,0
26518,Old Joy,73.0,Short (<90 min),6.3,36,0,300000,-300000
8942,Wendy and Lucy,80.0,Short (<90 min),6.4,64,0,200000,-200000
68412,3 Backyards,88.0,Short (<90 min),4.8,4,0,0,0
2786,Pierrot le Fou,110.0,Standard (90-119 min),7.6,127,0,300000,-300000
87943,Sisters in Law,104.0,Standard (90-119 min),7.3,2,0,0,0
73981,Ayurveda: Art of Being,101.0,Standard (90-119 min),5.5,3,2074000,300000,1774000
91721,Nothing But a Man,95.0,Standard (90-119 min),7.0,2,0,0,0
118452,"First Love, Last Rites",94.0,Standard (90-119 min),3.0,1,40542,300000,-259458
47534,Fighting Tommy Riley,0.0,Short (<90 min),5.3,4,0,0,0
40914,Royal Kill,90.0,Standard (90-119 min),2.8,6,0,0,0
365052,The Looking Glass,110.0,Standard (90-119 min),7.0,1,0,0,0
13282,Death Race 2000,80.0,Short (<90 min),5.9,124,8000000,300000,7700000
250184,Locker 13,90.0,Standard (90-119 min),6.8,3,0,0,0
426067,Midnight Cabaret,94.0,Standard (90-119 min),0.0,0,0,0,0
324352,Anderson's Cross,98.0,Standard (90-119 min),0.0,0,0,300000,-300000
318040,Bizarre,99.0,Standard (90-119 min),6.2,11,0,0,0
27420,Graduation Day,96.0,Standard (90-119 min),5.0,22,0,0,0
80468,Some Guy Who Kills People,97.0,Standard (90-119 min),5.7,45,0,300000,-300000
84188,Compliance,90.0,Standard (90-119 min),6.3,221,319285,0,319285
2255,Chasing Amy,113.0,Standard (90-119 min),6.7,433,12021272,250000,11771272
50035,Lovely & Amazing,91.0,Standard (90-119 min),6.3,23,4186931,250000,3936931
300327,Death Calls,0.0,Short (<90 min),0.0,0,0,0,0
14290,Better Luck Tomorrow,101.0,Standard (90-119 min),6.5,27,0,0,0
29371,The Incredibly True Adventure of Two Girls In Love,94.0,Standard (90-119 min),5.7,13,0,0,0
44490,Chuck & Buck,96.0,Standard (90-119 min),5.7,16,0,0,0
32222,American Desi,100.0,Standard (90-119 min),5.0,4,0,250000,-250000
378237,Amidst the Devil's Wings,90.0,Standard (90-119 min),0.0,0,0,300000,-300000
431,Cube,90.0,Standard (90-119 min),6.9,1069,501818,250000,251818
76996,Love and Other Catastrophes,78.0,Short (<90 min),5.8,9,0,0,0
51942,I Married a Strange Person!,72.0,Short (<90 min),7.5,12,203,250,-47
1424,November,73.0,Short (<90 min),4.9,11,0,0,0
60420,Like Crazy,90.0,Standard (90-119 min),6.4,381,3542353,250000,3292353
325123,Teeth and Blood,96.0,Standard (90-119 min),3.0,1,0,0,0
142132,Sugar Town,92.0,Standard (90-119 min),5.5,2,0,0,0
20520,The Motel,75.0,Short (<90 min),7.0,3,0,0,0
109729,The Canyons,99.0,Standard (90-119 min),4.1,75,56825,250000,-193175
78307,On the Outs,86.0,Short (<90 min),5.9,6,0,0,0
12247,Shotgun Stories,92.0,Standard (90-119 min),6.9,57,0,0,0
29917,Exam,101.0,Standard (90-119 min),6.6,523,0,0,0
70687,The Sticky Fingers of Time,90.0,Standard (90-119 min),4.8,3,0,250000,-250000
60463,Sunday School Musical,93.0,Standard (90-119 min),5.5,4,0,0,0
46252,Rust,94.0,Standard (90-119 min),0.0,0,0,0,0
24869,Ink,106.0,Standard (90-119 min),6.4,101,0,250000,-250000
77934,The Christmas Bunny,96.0,Standard (90-119 min),5.7,7,0,250000,-250000
34697,Butterfly,107.0,Standard (90-119 min),5.0,12,0,0,0
320435,UnDivided,0.0,Short (<90 min),0.0,0,0,0,0
150211,The Frozen,0.0,Short (<90 min),4.2,14,0,0,0
306667,Horse Camp,108.0,Standard (90-119 min),5.5,2,0,0,0
274758,Give Me Shelter,90.0,Standard (90-119 min),0.0,0,0,0,0
3060,The Big Parade,151.0,Very Long (150+ min),7.0,21,22000000,245000,21755000
40963,Little Big Top,0.0,Short (<90 min),10.0,1,0,0,0
173224,Along the Roadside,118.0,Standard (90-119 min),7.7,3,0,250,-250
18533,Bronson,92.0,Standard (90-119 min),6.9,733,2260712,230000,2030712
376010,Western Religion,106.0,Standard (90-119 min),0.0,0,0,0,0
139948,Burn,86.0,Short (<90 min),6.9,6,111300,225000,-113700
77332,Urbania,103.0,Standard (90-119 min),5.2,10,0,0,0
70478,The Stewardesses,69.0,Short (<90 min),4.3,5,27000000,100000,26900000
35073,"The Beast from 20,000 Fathoms",80.0,Short (<90 min),6.7,41,5000000,210000,4790000
9659,Mad Max,93.0,Standard (90-119 min),6.6,1213,100000000,400000,99600000
10218,Swingers,94.0,Standard (90-119 min),6.8,253,4505922,200000,4305922
391,A Fistful of Dollars,99.0,Standard (90-119 min),7.6,883,14500000,200000,14300000
43595,She Done Him Wrong,66.0,Short (<90 min),5.1,27,2200000,200000,2000000
194588,Short Cut to Nirvana: Kumbh Mela,85.0,Short (<90 min),0.0,0,0,0,0
54897,The Grace Card,101.0,Standard (90-119 min),6.5,10,2295733,200000,2095733
83588,Middle of Nowhere,101.0,Standard (90-119 min),6.6,7,0,0,0
53256,Three,119.0,Standard (90-119 min),6.3,31,2611555,0,2611555
40920,The Business of Fancydancing,103.0,Standard (90-119 min),8.0,2,0,200000,-200000
287815,Call + Response,86.0,Short (<90 min),8.0,1,0,0,0
54702,Malevolence,90.0,Standard (90-119 min),4.9,14,0,450000,-450000
176074,Reality Show,92.0,Standard (90-119 min),5.5,2,0,0,0
69270,Super Hybrid,95.0,Standard (90-119 min),4.6,24,0,13000000,-13000000
5759,Baghead,84.0,Short (<90 min),5.8,23,0,0,0
402515,American Beast,89.0,Short (<90 min),0.0,0,0,0,0
126141,The Case of the Grinning Cat,59.0,Short (<90 min),7.7,3,0,0,0
48035,Ordet,126.0,Long (120-149 min),7.8,65,0,0,0
14758,Good Dick,86.0,Short (<90 min),6.1,34,0,0,0
13363,The Man from Earth,87.0,Short (<90 min),7.7,687,0,0,0
37985,The Trials Of Darryl Hunt,106.0,Standard (90-119 min),6.8,4,0,0,0
25786,Samantha: An American Girl Holiday,86.0,Short (<90 min),4.6,9,0,0,0
36549,Yesterday Was a Lie,89.0,Short (<90 min),6.0,4,0,0,0
361398,Theresa Is a Mother,105.0,Standard (90-119 min),0.0,0,0,0,0
289180,H.,93.0,Standard (90-119 min),6.5,4,0,0,0
288927,Archaeology of a Woman,94.0,Standard (90-119 min),0.0,0,0,0,0
21334,Children of Heaven,89.0,Short (<90 min),7.8,112,900000,180000,720000
79120,Weekend,96.0,Standard (90-119 min),7.4,163,469947,8000,461947
27995,She's Gotta Have It,84.0,Short (<90 min),6.1,25,0,0,0
253290,Butterfly Girl,77.0,Short (<90 min),0.0,0,0,0,0
344466,The World Is Mine,104.0,Standard (90-119 min),0.0,0,0,0,0
55420,Another Earth,92.0,Standard (90-119 min),6.8,527,1776935,100000,1676935
5822,Sweet Sweetback's Baadasssss Song,97.0,Standard (90-119 min),4.6,18,15200000,150000,15050000
408429,Perfect Cowboy,109.0,Standard (90-119 min),5.0,1,0,200,-200
39141,Tadpole,78.0,Short (<90 min),5.5,19,2891288,150000,2741288
5723,Once,85.0,Short (<90 min),7.3,453,20710513,160000,20550513
28666,The Woman Chaser,90.0,Standard (90-119 min),4.9,4,0,0,0
30979,The Horse Boy,93.0,Standard (90-119 min),5.5,2,0,0,0
50497,When the Lights Went Out,86.0,Short (<90 min),5.8,49,0,0,0
354624,Heroes of Dirt,98.0,Standard (90-119 min),0.0,0,0,0,0
13187,A Charlie Brown Christmas,25.0,Short (<90 min),7.5,153,0,0,0
335244,Antarctic Edge: 70° South,72.0,Short (<90 min),0.0,0,0,0,0
178862,Aroused,73.0,Short (<90 min),7.2,11,0,0,0
331745,Top Spin,80.0,Short (<90 min),6.8,6,0,0,0
1779,Roger & Me,91.0,Standard (90-119 min),7.4,90,6706368,160000,6546368
282128,An American in Hollywood,89.0,Short (<90 min),0.0,0,0,0,0
86812,Sound of My Voice,85.0,Short (<90 min),6.3,108,0,0,0
38786,The Blood of My Brother: A Story of Death in Iraq,90.0,Standard (90-119 min),0.0,0,0,0,0
84355,Your Sister's Sister,90.0,Standard (90-119 min),6.5,137,3200000,125000,3075000
18632,A Dog's Breakfast,88.0,Short (<90 min),5.9,24,0,120000,-120000
40652,The Married Woman,95.0,Standard (90-119 min),7.1,20,0,120000,-120000
339408,The Birth of a Nation,120.0,Long (120-149 min),6.5,178,15861566,8500000,7361566
266857,The Work and The Story,70.0,Short (<90 min),0.0,0,0,0,0
18925,Facing the Giants,111.0,Standard (90-119 min),6.6,64,10178331,100000,10078331
299245,The Gallows,87.0,Short (<90 min),4.9,361,42664410,100000,42564410
985,Eraserhead,89.0,Short (<90 min),7.5,485,7000000,10000,6990000
34101,Hollywood Shuffle,78.0,Short (<90 min),5.7,19,0,0,0
9821,The Mighty,100.0,Standard (90-119 min),7.1,51,0,0,0
65448,Penitentiary,99.0,Standard (90-119 min),4.9,8,0,0,0
18841,The Lost Skeleton of Cadavra,90.0,Standard (90-119 min),6.5,30,0,0,0
272726,Dude Where's My Dog?,0.0,Short (<90 min),0.0,0,0,0,0
175291,Cheap Thrills,85.0,Short (<90 min),6.3,155,0,0,0
80215,Indie Game: The Movie,96.0,Standard (90-119 min),7.4,203,0,0,0
13538,Straightheads,88.0,Short (<90 min),5.2,40,0,0,0
51130,Open Secret,68.0,Short (<90 min),7.0,2,0,0,0
270554,Echo Dr.,85.0,Short (<90 min),5.0,1,0,0,0
72086,The Night Visitor,106.0,Standard (90-119 min),7.3,6,0,0,0
268917,The Past Is a Grotesque Animal,77.0,Short (<90 min),5.5,2,0,100,-100
64973,"Peace, Propaganda & the Promised Land",80.0,Short (<90 min),6.4,4,0,0,0
473,Pi,84.0,Short (<90 min),7.1,586,3221152,60000,3161152
90414,"I Love You, Don't Touch Me!",86.0,Short (<90 min),6.0,1,0,0,0
111794,20 Dates,87.0,Short (<90 min),3.7,3,0,0,0
360188,Queen Crab,90.0,Standard (90-119 min),3.3,3,0,75000,-75000
9372,Super Size Me,100.0,Standard (90-119 min),6.6,506,28575078,65000,28510078
85860,The FP,82.0,Short (<90 min),4.5,11,0,0,0
244534,Happy Christmas,82.0,Short (<90 min),5.2,58,0,0,0
33468,The Brain That Wouldn't Die,82.0,Short (<90 min),4.4,32,0,62000,-62000
294086,Tiger Orange,75.0,Short (<90 min),6.4,4,0,0,0
139998,Supporting Characters,87.0,Short (<90 min),6.7,10,0,0,0
74777,Absentia,92.0,Standard (90-119 min),5.8,121,0,70000,-70000
16388,The Brothers McMullen,98.0,Standard (90-119 min),6.3,23,0,0,0
159770,The Dirties,83.0,Short (<90 min),6.0,42,0,0,0
42109,Gabriela,99.0,Standard (90-119 min),6.0,2,0,0,0
47607,Tiny Furniture,99.0,Standard (90-119 min),5.6,59,416498,65000,351498
193603,Hayride,93.0,Standard (90-119 min),5.1,6,0,60000,-60000
84659,The Naked Ape,110.0,Standard (90-119 min),5.0,1,0,0,0
322745,Counting,111.0,Standard (90-119 min),8.3,3,0,50000,-50000
20981,The Call of Cthulhu,47.0,Short (<90 min),6.9,41,0,50000,-50000
174362,Bending Steel,93.0,Standard (90-119 min),5.0,1,0,0,0
242095,The Signal,95.0,Standard (90-119 min),5.8,631,600896,4000000,-3399104
250902,The Image Revolution,81.0,Short (<90 min),5.7,3,0,50000,-50000
158895,This Is Martin Bonner,83.0,Short (<90 min),6.6,4,0,0,0
222250,A True Story,96.0,Standard (90-119 min),6.8,2,0,0,0
18292,George Washington,89.0,Short (<90 min),6.4,36,0,0,0
125537,Smiling Fish & Goat On Fire,90.0,Standard (90-119 min),7.0,1,0,0,0
326576,Dawn of the Crescent Moon,95.0,Standard (90-119 min),2.0,1,0,0,0
228550,Raymond Did It,83.0,Short (<90 min),3.2,8,0,0,0
13963,The Last Waltz,117.0,Standard (90-119 min),7.9,64,321952,0,321952
290391,"Run, Hide, Die",75.0,Short (<90 min),3.5,2,0,50000,-50000
44770,The Exploding Girl,80.0,Short (<90 min),6.4,15,0,0,0
69382,The Legend of God's Gun,78.0,Short (<90 min),0.0,0,0,0,0
40769,Mutual Appreciation,109.0,Standard (90-119 min),6.1,8,0,500000,-500000
220490,Her Cry: La Llorona Investigation,89.0,Short (<90 min),0.0,0,0,0,0
42151,Down Terrace,89.0,Short (<90 min),6.3,26,10000,31192,-21192
2292,Clerks,92.0,Standard (90-119 min),7.4,755,3151130,27000,3124130
42497,Pink Narcissus,64.0,Short (<90 min),6.0,9,0,27000,-27000
33693,Funny Ha Ha,85.0,Short (<90 min),6.3,8,76901,0,76901
14585,In the Company of Men,97.0,Standard (90-119 min),6.8,44,0,0,0
185465,Manito,78.0,Short (<90 min),5.5,2,0,0,0
38780,Rampage,85.0,Short (<90 min),6.0,131,0,0,0
14022,Slacker,97.0,Standard (90-119 min),6.4,77,0,0,0
366967,Dutch Kills,90.0,Standard (90-119 min),0.0,0,0,0,0
255266,Dry Spell,90.0,Standard (90-119 min),6.0,1,0,22000,-22000
17345,Flywheel,120.0,Long (120-149 min),6.8,19,0,0,0
226458,Backmask,91.0,Standard (90-119 min),4.7,79,0,0,0
24055,The Puffy Chair,85.0,Short (<90 min),6.2,15,0,0,0
287625,Stories of Our Lives,60.0,Short (<90 min),0.0,0,0,0,0
44990,Breaking Upwards,88.0,Short (<90 min),5.6,12,0,0,0
86304,All Superheroes Must Die,78.0,Short (<90 min),4.2,13,0,0,0
692,Pink Flamingos,93.0,Standard (90-119 min),6.2,110,6000000,12000,5988000
39851,Clean,111.0,Standard (90-119 min),6.7,17,0,0,0
13898,The Circle,90.0,Standard (90-119 min),6.6,17,0,0,0
157185,Tin Can Man,84.0,Short (<90 min),2.0,1,0,13,-13
36095,Cure,111.0,Standard (90-119 min),7.4,63,99000,20000,79000
182291,On The Downlow,90.0,Standard (90-119 min),6.0,2,0,0,0
286939,Sanctuary: Quite a Conundrum,82.0,Short (<90 min),0.0,0,0,0,0
124606,Bang,98.0,Standard (90-119 min),6.0,1,0,0,0
14337,Primer,77.0,Short (<90 min),6.9,658,424760,7000,417760
67238,Cavite,80.0,Short (<90 min),7.5,2,0,0,0
9367,El Mariachi,81.0,Short (<90 min),6.6,238,2040920,220000,1820920
72766,Newlyweds,85.0,Short (<90 min),5.9,5,0,9000,-9000
231617,"Signed, Sealed, Delivered",120.0,Long (120-149 min),7.0,6,0,0,0
126186,Shanghai Calling,98.0,Standard (90-119 min),5.7,7,0,0,0
25975,My Date with Drew,90.0,Standard (90-119 min),6.3,16,0,0,0
